target_date,model,information_set,label,net_return,har_return,utility_gain_vs_har,cumulative_utility_gain_vs_har,return_gain_vs_har,cumulative_return_gain_vs_har
2011-03-31,Elastic Net,HAR+Option,Elastic Net | HAR+Option,0,0,0,0,0,0
2011-04-30,Elastic Net,HAR+Option,Elastic Net | HAR+Option,0,0,0,0,0,0
2011-05-31,Elastic Net,HAR+Option,Elastic Net | HAR+Option,0,0,0,0,0,0
2011-06-30,Elastic Net,HAR+Option,Elastic Net | HAR+Option,0,0,0,0,0,0
2011-07-31,Elastic Net,HAR+Option,Elastic Net | HAR+Option,0,0,0,0,0,0
2011-08-31,Elastic Net,HAR+Option,Elastic Net | HAR+Option,0,0,0,0,0,0
2011-09-30,Elastic Net,HAR+Option,Elastic Net | HAR+Option,0,0,0,0,0,0
2011-10-31,Elastic Net,HAR+Option,Elastic Net | HAR+Option,0,0,0,0,0,0
2011-11-30,Elastic Net,HAR+Option,Elastic Net | HAR+Option,0,0,0,0,0,0
2011-12-31,Elastic Net,HAR+Option,Elastic Net | HAR+Option,0,0,0,0,0,0
2012-01-31,Elastic Net,HAR+Option,Elastic Net | HAR+Option,0,0,0,0,0,0
2012-02-29,Elastic Net,HAR+Option,Elastic Net | HAR+Option,0,0,0,0,0,0
2012-03-31,Elastic Net,HAR+Option,Elastic Net | HAR+Option,0,0,0,0,0,0
2012-04-30,Elastic Net,HAR+Option,Elastic Net | HAR+Option,0,0,0,0,0,0
2012-05-31,Elastic Net,HAR+Option,Elastic Net | HAR+Option,0,0,0,0,0,0
2012-06-30,Elastic Net,HAR+Option,Elastic Net | HAR+Option,0,0,0,0,0,0
2012-07-31,Elastic Net,HAR+Option,Elastic Net | HAR+Option,0,0,0,0,0,0
2012-08-31,Elastic Net,HAR+Option,Elastic Net | HAR+Option,0,0,0,0,0,0
2012-09-30,Elastic Net,HAR+Option,Elastic Net | HAR+Option,0,0,0,0,0,0
2012-10-31,Elastic Net,HAR+Option,Elastic Net | HAR+Option,0,0,0,0,0,0
2012-11-30,Elastic Net,HAR+Option,Elastic Net | HAR+Option,0,0,0,0,0,0
2012-12-31,Elastic Net,HAR+Option,Elastic Net | HAR+Option,0,0,0,0,0,0
2013-01-31,Elastic Net,HAR+Option,Elastic Net | HAR+Option,0,0,0,0,0,0
2013-02-28,Elastic Net,HAR+Option,Elastic Net | HAR+Option,0,0,0,0,0,0
2013-03-31,Elastic Net,HAR+Option,Elastic Net | HAR+Option,0.370867506294296,0.175468308519445,0.0352688278794393,0.0352688278794393,0.195399197774851,0.195399197774851
2013-04-30,Elastic Net,HAR+Option,Elastic Net | HAR+Option,0.091801953247067,0.0266324791860234,0.0535920095524696,0.0888608374319088,0.0651694740610436,0.260568671835895
2013-05-31,Elastic Net,HAR+Option,Elastic Net | HAR+Option,0.184136813759375,0.0613932060556952,0.0775377470561933,0.166398584488102,0.12274360770368,0.383312279539574
2013-06-30,Elastic Net,HAR+Option,Elastic Net | HAR+Option,0.177166211354018,0.0902360828593094,0.0520621548010919,0.218460739289194,0.0869301284947084,0.470242408034283
2013-07-31,Elastic Net,HAR+Option,Elastic Net | HAR+Option,0.66752442702166,0.321858500552483,-0.167328022969877,0.0511327163193174,0.345665926469177,0.81590833450346
2013-08-31,Elastic Net,HAR+Option,Elastic Net | HAR+Option,0.331543065471178,0.124313791434207,0.0655289457550533,0.116661662074371,0.20722927403697,1.02313760854043
2013-09-30,Elastic Net,HAR+Option,Elastic Net | HAR+Option,0.749170176575956,0.48456903256479,-0.225072065213942,-0.108410403139572,0.264601144011166,1.2877387525516
2013-10-31,Elastic Net,HAR+Option,Elastic Net | HAR+Option,0.662061123280951,0.367611625275856,-0.160330437878022,-0.268740841017594,0.294449498005095,1.58218825055669
2013-11-30,Elastic Net,HAR+Option,Elastic Net | HAR+Option,0.317166202324998,0.0918904760444254,0.0870499158161869,-0.181690925201407,0.225275726280573,1.80746397683726
2013-12-31,Elastic Net,HAR+Option,Elastic Net | HAR+Option,0.25675609338437,0.0941149689448446,0.0770420282737539,-0.104648896927653,0.162641124439525,1.97010510127679
2014-01-31,Elastic Net,HAR+Option,Elastic Net | HAR+Option,0.24293942731218,0.0868676815613816,0.0788613888864179,-0.025787508041235,0.156071745750799,2.12617684702759
2014-02-28,Elastic Net,HAR+Option,Elastic Net | HAR+Option,0.668938405249488,0.457599014276071,-0.145783207253528,-0.171570715294763,0.211339390973417,2.337516238001
2014-03-31,Elastic Net,HAR+Option,Elastic Net | HAR+Option,0.165895554804438,0.0637548171737545,0.0669557500441634,-0.104614965250599,0.102140737630684,2.43965697563169
2014-04-30,Elastic Net,HAR+Option,Elastic Net | HAR+Option,0.176088181132803,0.0682841487204426,0.0682875485600853,-0.0363274166905141,0.10780403241236,2.54746100804405
2014-05-31,Elastic Net,HAR+Option,Elastic Net | HAR+Option,0.187634396962004,0.0818689488840123,0.0630092348801087,0.0266818181895947,0.105765448077991,2.65322645612204
2014-06-30,Elastic Net,HAR+Option,Elastic Net | HAR+Option,0.131507273399447,0.0221490103460841,0.0841528866068942,0.110834704796489,0.109358263053363,2.7625847191754
2014-07-31,Elastic Net,HAR+Option,Elastic Net | HAR+Option,0.0975966548330936,0.0332927377263201,0.0516788661328288,0.162513570929318,0.0643039171067735,2.82688863628218
2014-08-31,Elastic Net,HAR+Option,Elastic Net | HAR+Option,0.720127602320947,0.429362605345921,-0.210582278157592,-0.0480687072282741,0.290764996975026,3.1176536332572
2014-09-30,Elastic Net,HAR+Option,Elastic Net | HAR+Option,0.125703966141485,0.0272817679997234,0.0758364097839982,0.0277677025557241,0.0984221981417614,3.21607583139896
2014-10-31,Elastic Net,HAR+Option,Elastic Net | HAR+Option,-0.111818072438218,-0.057714677182973,-0.0678618412974407,-0.0400941387417167,-0.054103395255245,3.16197243614372
2014-11-30,Elastic Net,HAR+Option,Elastic Net | HAR+Option,0.385550437280607,0.0573494880625578,0.110160685358704,0.0700665466169878,0.328200949218049,3.49017338536177
2014-12-31,Elastic Net,HAR+Option,Elastic Net | HAR+Option,0.106806635269592,0.0399934587136626,0.0521009056593342,0.122167452276322,0.0668131765559296,3.5569865619177
2015-01-31,Elastic Net,HAR+Option,Elastic Net | HAR+Option,0.176880694004654,0.112965194580902,0.0361270323364516,0.158294484612774,0.0639154994237521,3.62090206134145
2015-02-28,Elastic Net,HAR+Option,Elastic Net | HAR+Option,0.765005165205334,0.764644667948708,-0.000466654596049554,0.157827830016724,0.000360497256625902,3.62126255859807
2015-03-31,Elastic Net,HAR+Option,Elastic Net | HAR+Option,0.225588117422631,0.0708223446123891,0.0859544814714058,0.24378231148813,0.154765772810242,3.77602833140832
2015-04-30,Elastic Net,HAR+Option,Elastic Net | HAR+Option,0.528268514612982,0.301817108353548,-0.0555096786953295,0.1882726327928,0.226451406259434,4.00247973766775
2015-05-31,Elastic Net,HAR+Option,Elastic Net | HAR+Option,0.582015221802251,0.304937161294748,-0.0915545085990337,0.0967181241937666,0.277078060507504,4.27955779817525
2015-06-30,Elastic Net,HAR+Option,Elastic Net | HAR+Option,0.432521919862705,0.177160629279991,0.021827306690457,0.118545430884224,0.255361290582714,4.53491908875797
2015-07-31,Elastic Net,HAR+Option,Elastic Net | HAR+Option,0.722758656367622,0.596706655346258,-0.123429863208355,-0.00488443232413175,0.126052001021365,4.66097108977933
2015-08-31,Elastic Net,HAR+Option,Elastic Net | HAR+Option,-1.00341488137694,-0.241669931735991,-2.18440055203609,-2.18928498436022,-0.761744949640951,3.89922614013838
2015-09-30,Elastic Net,HAR+Option,Elastic Net | HAR+Option,0.560980090597222,0.560562860300312,-0.000284682250690005,-2.18956966661091,0.000417230296909321,3.89964337043529
2015-10-31,Elastic Net,HAR+Option,Elastic Net | HAR+Option,0.730147480082286,0.730147480082286,0,-2.18956966661091,0,3.89964337043529
2015-11-30,Elastic Net,HAR+Option,Elastic Net | HAR+Option,0.197693507065587,0.111309619867665,0.0463445503067115,-2.1432251163042,0.0863838871979226,3.98602725763321
2015-12-31,Elastic Net,HAR+Option,Elastic Net | HAR+Option,0.251091734154489,0.126802388221017,0.0538370259802397,-2.08938809032396,0.124289345933472,4.11031660356669
2016-01-31,Elastic Net,HAR+Option,Elastic Net | HAR+Option,-0.491758116405914,-0.309060301179694,-0.402159478154934,-2.49154756847889,-0.18269781522622,3.92761878834047
2016-02-29,Elastic Net,HAR+Option,Elastic Net | HAR+Option,0.180886793278786,0.112811604373279,0.0380848280533936,-2.4534627404255,0.0680751889055073,3.99569397724597
2016-03-31,Elastic Net,HAR+Option,Elastic Net | HAR+Option,0.740821571562517,0.664228335607363,-0.0848327426477911,-2.53829548307329,0.0765932359551544,4.07228721320113
2016-04-30,Elastic Net,HAR+Option,Elastic Net | HAR+Option,0.189509425813959,0.100929666721317,0.0499892218208516,-2.48830626125244,0.0885797590926421,4.16086697229377
2016-05-31,Elastic Net,HAR+Option,Elastic Net | HAR+Option,0.492554096044716,0.300093812574928,-0.036369578307219,-2.52467583955966,0.192460283469788,4.35332725576356
2016-06-30,Elastic Net,HAR+Option,Elastic Net | HAR+Option,0.236214339187663,0.0910668676520279,0.0738914120547665,-2.45078442750489,0.145147471535635,4.49847472729919
2016-07-31,Elastic Net,HAR+Option,Elastic Net | HAR+Option,0.614806171771653,0.265927965261995,-0.112025212700538,-2.56280964020543,0.348878206509659,4.84735293380885
2016-08-31,Elastic Net,HAR+Option,Elastic Net | HAR+Option,0.169107980149157,0.0213272252703702,0.105566767260195,-2.45724287294523,0.147780754878787,4.99513368868764
2016-09-30,Elastic Net,HAR+Option,Elastic Net | HAR+Option,0.225040929408316,0.0917809713876799,0.0699304482204974,-2.38731242472474,0.133259958020636,5.12839364670827
2016-10-31,Elastic Net,HAR+Option,Elastic Net | HAR+Option,0.182946198110036,0.101343358246007,0.0468045871505224,-2.34050783757421,0.0816028398640297,5.2099964865723
2016-11-30,Elastic Net,HAR+Option,Elastic Net | HAR+Option,0.672845588117746,0.52721405579883,-0.11651825490758,-2.45702609248179,0.145631532318917,5.35562801889122
2016-12-31,Elastic Net,HAR+Option,Elastic Net | HAR+Option,0.358581951423735,0.0856585820767058,0.091057934541836,-2.36596815793996,0.272923369347029,5.62855138823825
2017-01-31,Elastic Net,HAR+Option,Elastic Net | HAR+Option,0.489814891794397,0.233463365641643,-0.0217687015374962,-2.38773685947745,0.256351526152754,5.884902914391
2017-02-28,Elastic Net,HAR+Option,Elastic Net | HAR+Option,0.19620059583138,0.0359892626174704,0.104412163042651,-2.2833246964348,0.160211333213909,6.04511424760491
2017-03-31,Elastic Net,HAR+Option,Elastic Net | HAR+Option,0.348472538105007,0.11482899815911,0.0712724234532162,-2.21205227298159,0.233643539945897,6.27875778755081
2017-04-30,Elastic Net,HAR+Option,Elastic Net | HAR+Option,0.177932001263249,0.0352047811794235,0.0970965894003451,-2.11495568358124,0.142727220083826,6.42148500763464
2017-05-31,Elastic Net,HAR+Option,Elastic Net | HAR+Option,0.119100597884397,-7.32413901954805e-05,0.097896418696413,-2.01705926488483,0.119173839274592,6.54065884690923
2017-06-30,Elastic Net,HAR+Option,Elastic Net | HAR+Option,0.110403666774949,0,0.0921202123189179,-1.92493905256591,0.110403666774949,6.65106251368418
2017-07-31,Elastic Net,HAR+Option,Elastic Net | HAR+Option,0.174638941947772,0.00557923525817179,0.123358258421744,-1.80158079414417,0.169059706689601,6.82012222037378
2017-08-31,Elastic Net,HAR+Option,Elastic Net | HAR+Option,0.0689912847673441,-8.2461143731794e-06,0.0618598349229417,-1.73972095922123,0.0689995308817173,6.8891217512555
2017-09-30,Elastic Net,HAR+Option,Elastic Net | HAR+Option,0.197123119173936,0.0133123215406859,0.125790338321162,-1.61393062090006,0.183810797633251,7.07293254888875
2017-10-31,Elastic Net,HAR+Option,Elastic Net | HAR+Option,0.119187371031011,-1.88543298554881e-05,0.0978977817741692,-1.51603283912589,0.119206225360866,7.19213877424961
2017-11-30,Elastic Net,HAR+Option,Elastic Net | HAR+Option,0.189953631013771,0.00674974978463467,0.129148647009395,-1.3868841921165,0.183203881229136,7.37534265547875
2017-12-31,Elastic Net,HAR+Option,Elastic Net | HAR+Option,0.238167940702158,0.0647889592540245,0.094589443342503,-1.292294748774,0.173378981448133,7.54872163692688
2018-01-31,Elastic Net,HAR+Option,Elastic Net | HAR+Option,0.0517880961025905,-0.000123708789449894,0.0478888175009406,-1.24440593127306,0.0519118048920404,7.60063344181892
2018-02-28,Elastic Net,HAR+Option,Elastic Net | HAR+Option,-0.361990328783294,-0.200849515807427,-0.297185518174707,-1.54159144944776,-0.161140812975867,7.43949262884305
2018-03-31,Elastic Net,HAR+Option,Elastic Net | HAR+Option,0.0923414923111373,0.059175218653565,0.0256284066082464,-1.51596304283952,0.0331662736575723,7.47265890250063
2018-04-30,Elastic Net,HAR+Option,Elastic Net | HAR+Option,0.306733153708344,0.306374719519571,2.87959540167804e-05,-1.5159342468855,0.000358434188772627,7.4730173366894
2018-05-31,Elastic Net,HAR+Option,Elastic Net | HAR+Option,0.268205384572299,0.170292435121228,0.0335110271699852,-1.48242321971551,0.0979129494510712,7.57093028614047
2018-06-30,Elastic Net,HAR+Option,Elastic Net | HAR+Option,0.167923628073224,0.11760425950779,0.0287679940490855,-1.45365522566643,0.0503193685654335,7.6212496547059
2018-07-31,Elastic Net,HAR+Option,Elastic Net | HAR+Option,0.512538785918786,0.317615814172277,-0.0478013307416683,-1.5014565564081,0.194922971746509,7.81617262645241
2018-08-31,Elastic Net,HAR+Option,Elastic Net | HAR+Option,0.263088487410714,0.0556704223697705,0.1082435306191,-1.393213025789,0.207418065040944,8.02359069149336
2018-09-30,Elastic Net,HAR+Option,Elastic Net | HAR+Option,0.200470186388039,0.04564206887423,0.0976704717448064,-1.29554255404419,0.154828117513809,8.17841880900717
2018-10-31,Elastic Net,HAR+Option,Elastic Net | HAR+Option,-0.839026902255628,-0.213329053676886,-1.61338313492774,-2.90892568897193,-0.625697848578742,7.55272096042842
2018-11-30,Elastic Net,HAR+Option,Elastic Net | HAR+Option,0.366534974055348,0.366310623909752,-2.22708793082005e-05,-2.90894795985124,0.000224350145595242,7.55294531057402
2018-12-31,Elastic Net,HAR+Option,Elastic Net | HAR+Option,-1.0417950388203,-0.92375982350094,-0.466042252413509,-3.37499021226475,-0.118035215319359,7.43491009525466
2019-01-31,Elastic Net,HAR+Option,Elastic Net | HAR+Option,0.644102296251811,0.643988887548928,-0.000105712422641457,-3.37509592468739,0.000113408702882678,7.43502350395754
2019-02-28,Elastic Net,HAR+Option,Elastic Net | HAR+Option,0.579088889179196,0.202713100948001,-0.0650012221810658,-3.44009714686846,0.376375788231195,7.81139929218874
2019-03-31,Elastic Net,HAR+Option,Elastic Net | HAR+Option,0.293757129545627,0.159858691078875,0.0427907633985994,-3.39730638346986,0.133898438466752,7.94529773065549
2019-04-30,Elastic Net,HAR+Option,Elastic Net | HAR+Option,0.462732099002357,0.21702687150704,-0.00482527124117349,-3.40213165471103,0.245705227495317,8.19100295815081
2019-05-31,Elastic Net,HAR+Option,Elastic Net | HAR+Option,-0.211929974169769,-0.0888921958813453,-0.178556515482911,-3.58068817019394,-0.123037778288424,8.06796517986238
2019-06-30,Elastic Net,HAR+Option,Elastic Net | HAR+Option,0.750994901673072,0.750632323973839,-0.000454107117637492,-3.58114227731158,0.000362577699232647,8.06832775756162
2019-07-31,Elastic Net,HAR+Option,Elastic Net | HAR+Option,0.743706044168984,0.445771835258862,-0.233645017625015,-3.81478729493659,0.297934208910122,8.36626196647174
2019-08-31,Elastic Net,HAR+Option,Elastic Net | HAR+Option,-0.17233759927153,-0.111307602738927,-0.0869962950753857,-3.90178359001198,-0.0610299965326039,8.30523196993913
2019-09-30,Elastic Net,HAR+Option,Elastic Net | HAR+Option,0.692210919011603,0.538832224746234,-0.129844990695499,-4.03162858070748,0.153378694265369,8.4586106642045
2019-10-31,Elastic Net,HAR+Option,Elastic Net | HAR+Option,0.563061874147927,0.460069038681871,-0.0550698951819166,-4.08669847588939,0.102992835466056,8.56160349967056
2019-11-30,Elastic Net,HAR+Option,Elastic Net | HAR+Option,0.663692189184048,0.163362896044419,-0.120370536130213,-4.20706901201961,0.500329293139629,9.06193279281019
2019-12-31,Elastic Net,HAR+Option,Elastic Net | HAR+Option,0.408847238957325,0.215810720241758,0.0121638219679247,-4.19490519005168,0.193036518715567,9.25496931152576
2020-01-31,Elastic Net,HAR+Option,Elastic Net | HAR+Option,0.419114571348888,0.220283944223246,0.00813261537402391,-4.18677257467766,0.198830627125642,9.4537999386514
2020-02-29,Elastic Net,HAR+Option,Elastic Net | HAR+Option,-0.28748389514997,-0.287883118818257,0.000743773863177311,-4.18602880081448,0.000399223668286319,9.45419916231968
2020-03-31,Elastic Net,HAR+Option,Elastic Net | HAR+Option,-0.360009837737291,-1.23379630045065,2.96275580432048,-1.223272996494,0.873786462713359,10.327985625033
2020-04-30,Elastic Net,HAR+Option,Elastic Net | HAR+Option,0.692541200640317,-0.001,-0.0258772712361808,-1.24915026773018,0.693541200640317,11.0215268256734
2020-05-31,Elastic Net,HAR+Option,Elastic Net | HAR+Option,0.664630571261885,0.142969477334992,-0.110279193282796,-1.35942946101298,0.521661093926894,11.5431879196003
2020-06-30,Elastic Net,HAR+Option,Elastic Net | HAR+Option,0.348241914885737,0.0552172423039941,0.115689441428303,-1.24374001958467,0.293024672581743,11.836212592182
2020-07-31,Elastic Net,HAR+Option,Elastic Net | HAR+Option,0.698964918188293,0.123989106969444,-0.134792176097481,-1.37853219568216,0.574975811218849,12.4111884034008
2020-08-31,Elastic Net,HAR+Option,Elastic Net | HAR+Option,0.799082647221521,0.0865067182061815,-0.233998568178286,-1.61253076386044,0.71257592901534,13.1237643324162
2020-09-30,Elastic Net,HAR+Option,Elastic Net | HAR+Option,0.0735202997212166,0.00958042005905899,0.0559697046282734,-1.55656105923217,0.0639398796621576,13.1877042120783
2020-10-31,Elastic Net,HAR+Option,Elastic Net | HAR+Option,0.610659825795554,0.0986448354903913,-0.0327469386024322,-1.5893079978346,0.512014990305163,13.6997192023835
2020-11-30,Elastic Net,HAR+Option,Elastic Net | HAR+Option,0.836864498815264,0.38708436873128,-0.37598169120786,-1.96528968904246,0.449780130083984,14.1494993324675
2020-12-31,Elastic Net,HAR+Option,Elastic Net | HAR+Option,0.706246164596764,0.0534405670833849,-0.0910860286827898,-2.05637571772525,0.652805597513379,14.8023049299809
2021-01-31,Elastic Net,HAR+Option,Elastic Net | HAR+Option,0.47174141033756,0.0429333584440178,0.0977630244535608,-1.95861269327169,0.428808051893542,15.2311129818744
2021-02-28,Elastic Net,HAR+Option,Elastic Net | HAR+Option,0.775680834324089,0.192346321147121,-0.263690961041357,-2.22230365431305,0.583334513176968,15.8144474950514
2021-03-31,Elastic Net,HAR+Option,Elastic Net | HAR+Option,0.582170688079271,0.094572953102839,-0.00737026492371806,-2.22967391923676,0.487597734976432,16.3020452300278
2021-04-30,Elastic Net,HAR+Option,Elastic Net | HAR+Option,0.378729273926027,0.023495589558332,0.140907954067932,-2.08876596516883,0.355233684367694,16.6572789143955
2021-05-31,Elastic Net,HAR+Option,Elastic Net | HAR+Option,0.378174082438137,0.0354126303404014,0.130119078737284,-1.95864688643155,0.342761452097736,17.0000403664932
2021-06-30,Elastic Net,HAR+Option,Elastic Net | HAR+Option,0.304464229190931,0.0176315172244177,0.148251317280724,-1.81039556915082,0.286832711966513,17.2868730784598
2021-07-31,Elastic Net,HAR+Option,Elastic Net | HAR+Option,0.151758806956455,0.0109648870553127,0.106428159790076,-1.70396740936075,0.140793919901142,17.4276669983609
2021-08-31,Elastic Net,HAR+Option,Elastic Net | HAR+Option,0.386450480662715,0.039264558089694,0.125482519849324,-1.57848488951142,0.347185922573021,17.7748529209339
2021-09-30,Elastic Net,HAR+Option,Elastic Net | HAR+Option,0.0822993089301749,0.0066310749489227,0.065574426338143,-1.51291046317328,0.0756682339812522,17.8505211549152
2021-10-31,Elastic Net,HAR+Option,Elastic Net | HAR+Option,0.756815608888232,0.116173641136147,-0.198268358690967,-1.71117882186425,0.640641967752085,18.4911631226673
2021-11-30,Elastic Net,HAR+Option,Elastic Net | HAR+Option,0.205780728768418,0.0155813858895752,0.127044949759511,-1.58413387210474,0.190199342878843,18.6813624655461
2021-12-31,Elastic Net,HAR+Option,Elastic Net | HAR+Option,0.633221719325183,0.116304397316124,-0.064247227476052,-1.64838109958079,0.516917322009058,19.1982797875552
2022-01-31,Elastic Net,HAR+Option,Elastic Net | HAR+Option,-0.683604709235413,-0.0459077612210167,-1.33550876193716,-2.98388986151795,-0.637696948014396,18.5605828395408
2022-02-28,Elastic Net,HAR+Option,Elastic Net | HAR+Option,0.106730801721059,0.0162398064292033,0.0737993962071127,-2.91009046531083,0.0904909952918558,18.6510738348326
2022-03-31,Elastic Net,HAR+Option,Elastic Net | HAR+Option,0.508053079352917,0.112391795812516,0.0274322600293728,-2.88265820528146,0.395661283540401,19.046735118373
2022-04-30,Elastic Net,HAR+Option,Elastic Net | HAR+Option,0.196389142638373,0.0155551278751595,0.123343914748679,-2.75931429053278,0.180834014763213,19.2275691331362
2022-05-31,Elastic Net,HAR+Option,Elastic Net | HAR+Option,0.177336643628974,0.059815448889812,0.0757155988676121,-2.68359869166517,0.117521194739162,19.3450903278754
2022-06-30,Elastic Net,HAR+Option,Elastic Net | HAR+Option,0.257051562163708,0.0302354759136461,0.129074103839445,-2.55452458782573,0.226816086250062,19.5719064141255
2022-07-31,Elastic Net,HAR+Option,Elastic Net | HAR+Option,0.602981843756746,0.130395650445533,-0.0472899240565443,-2.60181451188227,0.472586193311213,20.0444926074367
2022-08-31,Elastic Net,HAR+Option,Elastic Net | HAR+Option,0.528908495612295,0.0418883684118945,0.0700357852164249,-2.53177872666584,0.4870201272004,20.5315127346371
2022-09-30,Elastic Net,HAR+Option,Elastic Net | HAR+Option,0.291202499307363,0.059266488159534,0.110006442671693,-2.42177228399415,0.231936011147829,20.7634487457849
2022-10-31,Elastic Net,HAR+Option,Elastic Net | HAR+Option,0.509910904368162,0.150422092551404,0.00341532511773694,-2.41835695887641,0.359488811816758,21.1229375576017
2022-11-30,Elastic Net,HAR+Option,Elastic Net | HAR+Option,0.524803989195073,0.088335639690895,0.0350442867509842,-2.38331267212543,0.436468349504178,21.5594059071058
2022-12-31,Elastic Net,HAR+Option,Elastic Net | HAR+Option,0.321083246580812,0.020639605691772,0.146440954021396,-2.23687171810403,0.30044364088904,21.8598495479949
2023-01-31,Elastic Net,HAR+Option,Elastic Net | HAR+Option,0.510282512055084,0.0498655957525685,0.0735644195982831,-2.16330729850575,0.460416916302515,22.3202664642974
2023-02-28,Elastic Net,HAR+Option,Elastic Net | HAR+Option,0.246826503458547,0.013618032416974,0.142101663037579,-2.02120563546817,0.233208471041573,22.553474935339
2023-03-31,Elastic Net,HAR+Option,Elastic Net | HAR+Option,0.225076455674283,0.0185654819600538,0.131038873046497,-1.89016676242168,0.20651097371423,22.7599859090532
2023-04-30,Elastic Net,HAR+Option,Elastic Net | HAR+Option,0.501056590418326,0.0126403275371878,0.112069369499052,-1.77809739292262,0.488416262881139,23.2484021719343
2023-05-31,Elastic Net,HAR+Option,Elastic Net | HAR+Option,0.194198702002239,0.00701514192572385,0.13068767461184,-1.64740971831078,0.187183560076515,23.4355857320108
2023-06-30,Elastic Net,HAR+Option,Elastic Net | HAR+Option,0.300207475358424,0.0167439843781108,0.148697240107977,-1.49871247820281,0.283463490980313,23.7190492229912
2023-07-31,Elastic Net,HAR+Option,Elastic Net | HAR+Option,0.107277516174509,-2.99060911986188e-05,0.0900447253924113,-1.40866775281039,0.107307422265708,23.8263566452569
2023-08-31,Elastic Net,HAR+Option,Elastic Net | HAR+Option,0.0729392253483493,0.00326190296247902,0.0617130865106493,-1.34695466629975,0.0696773223858702,23.8960339676427
2023-09-30,Elastic Net,HAR+Option,Elastic Net | HAR+Option,0.114247737085972,0.00308892672608554,0.0915943044184671,-1.25536036188128,0.111158810359887,24.0071927780026
2023-10-31,Elastic Net,HAR+Option,Elastic Net | HAR+Option,0.253706254391732,0.0238809949643856,0.134130417031857,-1.12122994484942,0.229825259427346,24.23701803743
2023-11-30,Elastic Net,HAR+Option,Elastic Net | HAR+Option,0.592690745650384,0.0511656671027518,0.018528486813324,-1.1027014580361,0.541525078547633,24.7785431159776
2023-12-31,Elastic Net,HAR+Option,Elastic Net | HAR+Option,0.120686142592904,0.0054586515182081,0.0934244688683597,-1.00927698916774,0.115227491074696,24.8937706070523
2024-01-31,Elastic Net,HAR+Option,Elastic Net | HAR+Option,0.0728625941528682,0.00457258497636882,0.0603579355365202,-0.948919053631218,0.0682900091764994,24.9620606162288
2011-03-31,Equal Weight,HAR+Macro+Option,Equal Weight | HAR+Macro+Option,0,0,0,0,0,0
2011-04-30,Equal Weight,HAR+Macro+Option,Equal Weight | HAR+Macro+Option,0,0,0,0,0,0
2011-05-31,Equal Weight,HAR+Macro+Option,Equal Weight | HAR+Macro+Option,0,0,0,0,0,0
2011-06-30,Equal Weight,HAR+Macro+Option,Equal Weight | HAR+Macro+Option,0,0,0,0,0,0
2011-07-31,Equal Weight,HAR+Macro+Option,Equal Weight | HAR+Macro+Option,0,0,0,0,0,0
2011-08-31,Equal Weight,HAR+Macro+Option,Equal Weight | HAR+Macro+Option,0,0,0,0,0,0
2011-09-30,Equal Weight,HAR+Macro+Option,Equal Weight | HAR+Macro+Option,0,0,0,0,0,0
2011-10-31,Equal Weight,HAR+Macro+Option,Equal Weight | HAR+Macro+Option,0,0,0,0,0,0
2011-11-30,Equal Weight,HAR+Macro+Option,Equal Weight | HAR+Macro+Option,0,0,0,0,0,0
2011-12-31,Equal Weight,HAR+Macro+Option,Equal Weight | HAR+Macro+Option,0,0,0,0,0,0
2012-01-31,Equal Weight,HAR+Macro+Option,Equal Weight | HAR+Macro+Option,0,0,0,0,0,0
2012-02-29,Equal Weight,HAR+Macro+Option,Equal Weight | HAR+Macro+Option,0,0,0,0,0,0
2012-03-31,Equal Weight,HAR+Macro+Option,Equal Weight | HAR+Macro+Option,0,0,0,0,0,0
2012-04-30,Equal Weight,HAR+Macro+Option,Equal Weight | HAR+Macro+Option,0,0,0,0,0,0
2012-05-31,Equal Weight,HAR+Macro+Option,Equal Weight | HAR+Macro+Option,0,0,0,0,0,0
2012-06-30,Equal Weight,HAR+Macro+Option,Equal Weight | HAR+Macro+Option,0,0,0,0,0,0
2012-07-31,Equal Weight,HAR+Macro+Option,Equal Weight | HAR+Macro+Option,0,0,0,0,0,0
2012-08-31,Equal Weight,HAR+Macro+Option,Equal Weight | HAR+Macro+Option,0,0,0,0,0,0
2012-09-30,Equal Weight,HAR+Macro+Option,Equal Weight | HAR+Macro+Option,0,0,0,0,0,0
2012-10-31,Equal Weight,HAR+Macro+Option,Equal Weight | HAR+Macro+Option,0,0,0,0,0,0
2012-11-30,Equal Weight,HAR+Macro+Option,Equal Weight | HAR+Macro+Option,0,0,0,0,0,0
2012-12-31,Equal Weight,HAR+Macro+Option,Equal Weight | HAR+Macro+Option,0,0,0,0,0,0
2013-01-31,Equal Weight,HAR+Macro+Option,Equal Weight | HAR+Macro+Option,0,0,0,0,0,0
2013-02-28,Equal Weight,HAR+Macro+Option,Equal Weight | HAR+Macro+Option,0,0,0,0,0,0
2013-03-31,Equal Weight,HAR+Macro+Option,Equal Weight | HAR+Macro+Option,0.388918260143009,0.175468308519445,0.0327475229565789,0.0327475229565789,0.213449951623564,0.213449951623564
2013-04-30,Equal Weight,HAR+Macro+Option,Equal Weight | HAR+Macro+Option,0.0715840611706296,0.0266324791860234,0.0383290986854765,0.0710766216420554,0.0449515819846062,0.25840153360817
2013-05-31,Equal Weight,HAR+Macro+Option,Equal Weight | HAR+Macro+Option,0.242958776885259,0.0613932060556952,0.0986758085558878,0.169752430197943,0.181565570829564,0.439967104437734
2013-06-30,Equal Weight,HAR+Macro+Option,Equal Weight | HAR+Macro+Option,0.204091681381875,0.0902360828593094,0.0635893028833325,0.233341733081276,0.113855598522565,0.553822702960299
2013-07-31,Equal Weight,HAR+Macro+Option,Equal Weight | HAR+Macro+Option,0.675123885299438,0.321858500552483,-0.175033664438919,0.0583080686423571,0.353265384746955,0.907088087707254
2013-08-31,Equal Weight,HAR+Macro+Option,Equal Weight | HAR+Macro+Option,0.328346993670525,0.124313791434207,0.0654964579687314,0.123804526611088,0.204033202236318,1.11112128994357
2013-09-30,Equal Weight,HAR+Macro+Option,Equal Weight | HAR+Macro+Option,0.749164649770236,0.48456903256479,-0.22506517051143,-0.101260643900341,0.264595617205446,1.37571690714902
2013-10-31,Equal Weight,HAR+Macro+Option,Equal Weight | HAR+Macro+Option,0.662061123280951,0.367611625275856,-0.160330437878022,-0.261591081778363,0.294449498005095,1.67016640515411
2013-11-30,Equal Weight,HAR+Macro+Option,Equal Weight | HAR+Macro+Option,0.264420786643347,0.0918904760444254,0.0803185713667987,-0.181272510411564,0.172530310598922,1.84269671575304
2013-12-31,Equal Weight,HAR+Macro+Option,Equal Weight | HAR+Macro+Option,0.275568912576418,0.0941149689448446,0.0808330463329828,-0.100439464078582,0.181453943631574,2.02415065938461
2014-01-31,Equal Weight,HAR+Macro+Option,Equal Weight | HAR+Macro+Option,0.213108479326008,0.0868676815613816,0.0694369529734356,-0.031002511105146,0.126240797764627,2.15039145714924
2014-02-28,Equal Weight,HAR+Macro+Option,Equal Weight | HAR+Macro+Option,0.668864932888109,0.457599014276071,-0.145709242259436,-0.176711753364582,0.211265918612038,2.36165737576127
2014-03-31,Equal Weight,HAR+Macro+Option,Equal Weight | HAR+Macro+Option,0.195937498634528,0.0637548171737545,0.0806924414733284,-0.0960193118912539,0.132182681460774,2.49384005722205
2014-04-30,Equal Weight,HAR+Macro+Option,Equal Weight | HAR+Macro+Option,0.188812175820855,0.0682841487204426,0.0740470579428174,-0.0219722539484366,0.120528027100412,2.61436808432246
2014-05-31,Equal Weight,HAR+Macro+Option,Equal Weight | HAR+Macro+Option,0.139738007360917,0.0818689488840123,0.0386327796121648,0.0166605256637283,0.057869058476905,2.67223714279937
2014-06-30,Equal Weight,HAR+Macro+Option,Equal Weight | HAR+Macro+Option,0.140234495467992,0.0221490103460841,0.0893227825321307,0.105983308195859,0.118085485121907,2.79032262792127
2014-07-31,Equal Weight,HAR+Macro+Option,Equal Weight | HAR+Macro+Option,-0.000213683146951375,0.0332927377263201,-0.0318438797860321,0.0741394284098269,-0.0335064208732715,2.756816207048
2014-08-31,Equal Weight,HAR+Macro+Option,Equal Weight | HAR+Macro+Option,0.719935167435987,0.429362605345921,-0.210359035572402,-0.136219607162576,0.290572562090066,3.04738876913807
2014-09-30,Equal Weight,HAR+Macro+Option,Equal Weight | HAR+Macro+Option,0.101862460115804,0.0272817679997234,0.0601331932426013,-0.0760864139199742,0.074580692116081,3.12196946125415
2014-10-31,Equal Weight,HAR+Macro+Option,Equal Weight | HAR+Macro+Option,-0.0959799859073591,-0.057714677182973,-0.0470870693230492,-0.123173483243023,-0.0382653087243861,3.08370415252976
2014-11-30,Equal Weight,HAR+Macro+Option,Equal Weight | HAR+Macro+Option,0.0226407235328107,0.0573494880625578,-0.0305442224013246,-0.153717705644348,-0.0347087645297471,3.04899538800002
2014-12-31,Equal Weight,HAR+Macro+Option,Equal Weight | HAR+Macro+Option,0.0615712137111419,0.0399934587136626,0.0182904485705068,-0.135427257073841,0.0215777549974794,3.07057314299749
2015-01-31,Equal Weight,HAR+Macro+Option,Equal Weight | HAR+Macro+Option,0.163305231011189,0.112965194580902,0.0294788414969121,-0.105948415576929,0.0503400364302873,3.12091317942778
2015-02-28,Equal Weight,HAR+Macro+Option,Equal Weight | HAR+Macro+Option,0.764929529119618,0.764644667948708,-0.000368713274245702,-0.106317128851175,0.000284861170909756,3.12119804059869
2015-03-31,Equal Weight,HAR+Macro+Option,Equal Weight | HAR+Macro+Option,0.182208599964002,0.0708223446123891,0.0691100012449441,-0.0372071276062307,0.111386255351612,3.2325842959503
2015-04-30,Equal Weight,HAR+Macro+Option,Equal Weight | HAR+Macro+Option,0.496136527825978,0.301817108353548,-0.0382674115500503,-0.075474539156281,0.19431941947243,3.42690371542273
2015-05-31,Equal Weight,HAR+Macro+Option,Equal Weight | HAR+Macro+Option,0.682266163169486,0.304937161294748,-0.18142166572653,-0.256896204882811,0.377329001874738,3.80423271729747
2015-06-30,Equal Weight,HAR+Macro+Option,Equal Weight | HAR+Macro+Option,0.488485943180119,0.177160629279991,0.00047637172359552,-0.256419833159216,0.311325313900128,4.1155580311976
2015-07-31,Equal Weight,HAR+Macro+Option,Equal Weight | HAR+Macro+Option,0.722860826114526,0.596706655346258,-0.123549241326418,-0.379969074485634,0.126154170768268,4.24171220196587
2015-08-31,Equal Weight,HAR+Macro+Option,Equal Weight | HAR+Macro+Option,-0.06421741292148,-0.241669931735991,0.258873238488937,-0.121095835996697,0.177452518814511,4.41916472078038
2015-09-30,Equal Weight,HAR+Macro+Option,Equal Weight | HAR+Macro+Option,0.560465546794239,0.560562860300312,6.63233009796649e-05,-0.121029512695717,-9.73135060728936e-05,4.41906740727431
2015-10-31,Equal Weight,HAR+Macro+Option,Equal Weight | HAR+Macro+Option,0.730147480082286,0.730147480082286,0,-0.121029512695717,0,4.41906740727431
2015-11-30,Equal Weight,HAR+Macro+Option,Equal Weight | HAR+Macro+Option,0.270053121408323,0.111309619867665,0.0679352161797167,-0.0530942965160005,0.158743501540659,4.57781090881496
2015-12-31,Equal Weight,HAR+Macro+Option,Equal Weight | HAR+Macro+Option,0.251236579020462,0.126802388221017,0.0538727313304182,0.000778434814417719,0.124434190799445,4.70224509961441
2016-01-31,Equal Weight,HAR+Macro+Option,Equal Weight | HAR+Macro+Option,-0.491758116405914,-0.309060301179694,-0.402159478154934,-0.401381043340517,-0.18269781522622,4.51954728438819
2016-02-29,Equal Weight,HAR+Macro+Option,Equal Weight | HAR+Macro+Option,-0.001,0.112811604373279,-0.094723417251369,-0.496104460591886,-0.113811604373279,4.40573568001491
2016-03-31,Equal Weight,HAR+Macro+Option,Equal Weight | HAR+Macro+Option,0.739821571562517,0.664228335607363,-0.0836117779331036,-0.579716238524989,0.0755932359551544,4.48132891597006
2016-04-30,Equal Weight,HAR+Macro+Option,Equal Weight | HAR+Macro+Option,0.39340710009718,0.100929666721317,0.0756039102022684,-0.504112328322721,0.292477433375863,4.77380634934593
2016-05-31,Equal Weight,HAR+Macro+Option,Equal Weight | HAR+Macro+Option,0.564619991744083,0.300093812574928,-0.0785829789278435,-0.582695307250564,0.264526179169155,5.03833252851508
2016-06-30,Equal Weight,HAR+Macro+Option,Equal Weight | HAR+Macro+Option,0.221626463860176,0.0910668676520279,0.0693219235593271,-0.513373383691237,0.130559596208148,5.16889212472323
2016-07-31,Equal Weight,HAR+Macro+Option,Equal Weight | HAR+Macro+Option,0.383392350807259,0.265927965261995,0.0030563676215668,-0.51031701606967,0.117464385545264,5.2863565102685
2016-08-31,Equal Weight,HAR+Macro+Option,Equal Weight | HAR+Macro+Option,0.194521925572398,0.0213272252703702,0.117118806816037,-0.393198209253633,0.173194700302028,5.45955121057052
2016-09-30,Equal Weight,HAR+Macro+Option,Equal Weight | HAR+Macro+Option,0.209322255090414,0.0917809713876799,0.0644531940518288,-0.328745015201804,0.117541283702734,5.57709249427326
2016-10-31,Equal Weight,HAR+Macro+Option,Equal Weight | HAR+Macro+Option,0.3531859784307,0.101343358246007,0.0801378315354847,-0.248607183666319,0.251842620184694,5.82893511445795
2016-11-30,Equal Weight,HAR+Macro+Option,Equal Weight | HAR+Macro+Option,0.673150898024179,0.52721405579883,-0.116829364093011,-0.365436547759331,0.14593684222535,5.9748719566833
2016-12-31,Equal Weight,HAR+Macro+Option,Equal Weight | HAR+Macro+Option,0.215292340240537,0.0856585820767058,0.0711136595395482,-0.294322888219783,0.129633758163832,6.10450571484713
2017-01-31,Equal Weight,HAR+Macro+Option,Equal Weight | HAR+Macro+Option,0.548775451717009,0.233463365641643,-0.0546619438903595,-0.348984832110142,0.315312086075365,6.4198178009225
2017-02-28,Equal Weight,HAR+Macro+Option,Equal Weight | HAR+Macro+Option,0.270640906740431,0.0359892626174704,0.126724734056661,-0.222260098053482,0.234651644122961,6.65446944504546
2017-03-31,Equal Weight,HAR+Macro+Option,Equal Weight | HAR+Macro+Option,0.327895943076538,0.11482899815911,0.0715718689156871,-0.150688229137795,0.213066944917428,6.86753638996289
2017-04-30,Equal Weight,HAR+Macro+Option,Equal Weight | HAR+Macro+Option,0.160985766000268,0.0352047811794235,0.0887654244656418,-0.0619228046721527,0.125780984820845,6.99331737478373
2017-05-31,Equal Weight,HAR+Macro+Option,Equal Weight | HAR+Macro+Option,-0.000334230907821095,-7.32413901954805e-05,-0.000261149036623373,-0.062183953708776,-0.000260989517625615,6.99305638526611
2017-06-30,Equal Weight,HAR+Macro+Option,Equal Weight | HAR+Macro+Option,0.00836007914209658,0,0.0082552427572034,-0.0539287109515726,0.00836007914209658,7.0014164644082
2017-07-31,Equal Weight,HAR+Macro+Option,Equal Weight | HAR+Macro+Option,0.227777499654625,0.00557923525817179,0.144421072172183,0.0904923612206107,0.222198264396453,7.22361472880466
2017-08-31,Equal Weight,HAR+Macro+Option,Equal Weight | HAR+Macro+Option,0.0409564367488773,-8.2461143731794e-06,0.0384485383985009,0.128940899619112,0.0409646828632505,7.26457941166791
2017-09-30,Equal Weight,HAR+Macro+Option,Equal Weight | HAR+Macro+Option,0.0923985811723058,0.0133123215406859,0.066545839784841,0.195486739403953,0.0790862596316199,7.34366567129953
2017-10-31,Equal Weight,HAR+Macro+Option,Equal Weight | HAR+Macro+Option,-0.000130714251280107,-1.88543298554881e-05,-0.000111885017519219,0.195374854386433,-0.000111859921424619,7.3435538113781
2017-11-30,Equal Weight,HAR+Macro+Option,Equal Weight | HAR+Macro+Option,0.0717816455910828,0.00674974978463467,0.0573713275240352,0.252746181910469,0.0650318958064481,7.40858570718455
2017-12-31,Equal Weight,HAR+Macro+Option,Equal Weight | HAR+Macro+Option,0.0935161275537657,0.0647889592540245,0.0219056829925925,0.274651864903061,0.0287271682997413,7.43731287548429
2018-01-31,Equal Weight,HAR+Macro+Option,Equal Weight | HAR+Macro+Option,-0.000114347754266517,-0.000123708789449894,9.36437786689896e-06,0.274661229280928,9.36103518337692e-06,7.43732223651947
2018-02-28,Equal Weight,HAR+Macro+Option,Equal Weight | HAR+Macro+Option,-0.42537421800096,-0.200849515807427,-0.435428748203309,-0.160767518922381,-0.224524702193533,7.21279753432594
2018-03-31,Equal Weight,HAR+Macro+Option,Equal Weight | HAR+Macro+Option,0.092477658152406,0.059175218653565,0.025726823366857,-0.135040695555524,0.033302439498841,7.24609997382478
2018-04-30,Equal Weight,HAR+Macro+Option,Equal Weight | HAR+Macro+Option,0.306733153708344,0.306374719519571,2.87959540167804e-05,-0.135011899601507,0.000358434188772627,7.24645840801355
2018-05-31,Equal Weight,HAR+Macro+Option,Equal Weight | HAR+Macro+Option,0.488681471097308,0.170292435121228,0.00367393587461262,-0.131337963726894,0.31838903597608,7.56484744398963
2018-06-30,Equal Weight,HAR+Macro+Option,Equal Weight | HAR+Macro+Option,0.284924444320483,0.11760425950779,0.0662934191372524,-0.065044544589642,0.167320184812693,7.73216762880233
2018-07-31,Equal Weight,HAR+Macro+Option,Equal Weight | HAR+Macro+Option,0.481927920187372,0.317615814172277,-0.0327499662506165,-0.0977945108402585,0.164312106015095,7.89647973481742
2018-08-31,Equal Weight,HAR+Macro+Option,Equal Weight | HAR+Macro+Option,0.164102227046194,0.0556704223697705,0.0726862871843854,-0.0251082236558731,0.108431804676423,8.00491153949385
2018-09-30,Equal Weight,HAR+Macro+Option,Equal Weight | HAR+Macro+Option,0.0967045002151545,0.04564206887423,0.0401595884748102,0.0150513648189371,0.0510624313409245,8.05597397083477
2018-10-31,Equal Weight,HAR+Macro+Option,Equal Weight | HAR+Macro+Option,-0.819820476081797,-0.213329053676886,-1.54638591419537,-1.53133454937644,-0.60649142240491,7.44948254842986
2018-11-30,Equal Weight,HAR+Macro+Option,Equal Weight | HAR+Macro+Option,0.366528100952714,0.366310623909752,-2.15863553146844e-05,-1.53135613573175,0.000217477042961878,7.44970002547282
2018-12-31,Equal Weight,HAR+Macro+Option,Equal Weight | HAR+Macro+Option,-1.0417950388203,-0.92375982350094,-0.466042252413509,-1.99739838814526,-0.118035215319359,7.33166481015346
2019-01-31,Equal Weight,HAR+Macro+Option,Equal Weight | HAR+Macro+Option,0.644102296251811,0.643988887548928,-0.000105712422641457,-1.9975041005679,0.000113408702882678,7.33177821885635
2019-02-28,Equal Weight,HAR+Macro+Option,Equal Weight | HAR+Macro+Option,0.641639812784132,0.202713100948001,-0.116986860244421,-2.11449096081232,0.438926711836132,7.77070493069248
2019-03-31,Equal Weight,HAR+Macro+Option,Equal Weight | HAR+Macro+Option,0.140675052181665,0.159858691078875,-0.0105356426865045,-2.12502660349883,-0.01918363889721,7.75152129179527
2019-04-30,Equal Weight,HAR+Macro+Option,Equal Weight | HAR+Macro+Option,0.496347741630988,0.21702687150704,-0.0195697563751251,-2.14459635987395,0.279320870123949,8.03084216191922
2019-05-31,Equal Weight,HAR+Macro+Option,Equal Weight | HAR+Macro+Option,-0.155409267735566,-0.0888921958813453,-0.0908923988684661,-2.23548875874242,-0.0665170718542202,7.964325090065
2019-06-30,Equal Weight,HAR+Macro+Option,Equal Weight | HAR+Macro+Option,0.750827807536344,0.750632323973839,-0.000244782600694271,-2.23573354134311,0.000195483562504317,7.9645205736275
2019-07-31,Equal Weight,HAR+Macro+Option,Equal Weight | HAR+Macro+Option,0.743706044168984,0.445771835258862,-0.233645017625015,-2.46937855896813,0.297934208910122,8.26245478253762
2019-08-31,Equal Weight,HAR+Macro+Option,Equal Weight | HAR+Macro+Option,-0.17233759927153,-0.111307602738927,-0.0869962950753857,-2.55637485404351,-0.0610299965326039,8.20142478600502
2019-09-30,Equal Weight,HAR+Macro+Option,Equal Weight | HAR+Macro+Option,0.549703529381549,0.538832224746234,-0.00687940104901841,-2.56325425509253,0.0108713046353153,8.21229609064033
2019-10-31,Equal Weight,HAR+Macro+Option,Equal Weight | HAR+Macro+Option,0.589423600423236,0.460069038681871,-0.0742804288319793,-2.63753468392451,0.129354561741365,8.3416506523817
2019-11-30,Equal Weight,HAR+Macro+Option,Equal Weight | HAR+Macro+Option,0.48991849419277,0.163362896044419,0.00655655542621367,-2.6309781284983,0.326555598148352,8.66820625053005
2019-12-31,Equal Weight,HAR+Macro+Option,Equal Weight | HAR+Macro+Option,0.402017714599787,0.215810720241758,0.013641030536875,-2.61733709796142,0.18620699435803,8.85441324488808
2020-01-31,Equal Weight,HAR+Macro+Option,Equal Weight | HAR+Macro+Option,0.42115559053681,0.220283944223246,0.00760112327677545,-2.60973597468465,0.200871646313563,9.05528489120164
2020-02-29,Equal Weight,HAR+Macro+Option,Equal Weight | HAR+Macro+Option,-0.287479769153981,-0.287883118818257,0.000751458305825958,-2.60898451637882,0.000403349664275632,9.05568824086592
2020-03-31,Equal Weight,HAR+Macro+Option,Equal Weight | HAR+Macro+Option,-1.23379630045065,-1.23379630045065,0,-2.60898451637882,0,9.05568824086592
2020-04-30,Equal Weight,HAR+Macro+Option,Equal Weight | HAR+Macro+Option,-0.001,-0.001,0,-2.60898451637882,0,9.05568824086592
2020-05-31,Equal Weight,HAR+Macro+Option,Equal Weight | HAR+Macro+Option,0.663630571261885,0.142969477334992,-0.10928680156901,-2.71827131794783,0.520661093926894,9.57634933479281
2020-06-30,Equal Weight,HAR+Macro+Option,Equal Weight | HAR+Macro+Option,0.241089399317263,0.0552172423039941,0.103259425090018,-2.61501189285781,0.185872157013268,9.76222149180608
2020-07-31,Equal Weight,HAR+Macro+Option,Equal Weight | HAR+Macro+Option,0.30045585541946,0.123989106969444,0.0641161148368773,-2.55089577802093,0.176466748450016,9.9386882402561
2020-08-31,Equal Weight,HAR+Macro+Option,Equal Weight | HAR+Macro+Option,0.553229564314822,0.0865067182061815,0.0188535383028942,-2.53204223971804,0.466722846108641,10.4054110863647
2020-09-30,Equal Weight,HAR+Macro+Option,Equal Weight | HAR+Macro+Option,0.0326889865925484,0.00958042005905899,0.0216433884395797,-2.51039885127846,0.0231085665334894,10.4285196528982
2020-10-31,Equal Weight,HAR+Macro+Option,Equal Weight | HAR+Macro+Option,0.156687727247843,0.0986448354903913,0.0358125313056998,-2.47458631997276,0.0580428917574521,10.4865625446557
2020-11-30,Equal Weight,HAR+Macro+Option,Equal Weight | HAR+Macro+Option,0.836121399259508,0.38708436873128,-0.374859998147147,-2.84944631811991,0.449037030528227,10.9355995751839
2020-12-31,Equal Weight,HAR+Macro+Option,Equal Weight | HAR+Macro+Option,0.409381990568135,0.0534405670833849,0.108834843497748,-2.74061147462216,0.35594142348475,11.2915409986687
2021-01-31,Equal Weight,HAR+Macro+Option,Equal Weight | HAR+Macro+Option,0.13105229670732,0.0429333584440178,0.0651217914558307,-2.67548968316633,0.088118938263302,11.379659936932
2021-02-28,Equal Weight,HAR+Macro+Option,Equal Weight | HAR+Macro+Option,0.374512333362909,0.192346321147121,0.0272724413426391,-2.64821724182369,0.182166012215788,11.5618259491477
2021-03-31,Equal Weight,HAR+Macro+Option,Equal Weight | HAR+Macro+Option,0.510535535319051,0.094572953102839,0.0384088481688348,-2.60980839365486,0.415962582216212,11.977788531364
2021-04-30,Equal Weight,HAR+Macro+Option,Equal Weight | HAR+Macro+Option,0.214559264585239,0.023495589558332,0.122838222090909,-2.48697017156395,0.191063675026906,12.1688522063909
2021-05-31,Equal Weight,HAR+Macro+Option,Equal Weight | HAR+Macro+Option,0.150132745218593,0.0354126303404014,0.082791434679324,-2.40417873688462,0.114720114878192,12.2835723212691
2021-06-30,Equal Weight,HAR+Macro+Option,Equal Weight | HAR+Macro+Option,0.108936833065155,0.0176315172244177,0.0739707710427914,-2.33020796584183,0.091305315840737,12.3748776371098
2021-07-31,Equal Weight,HAR+Macro+Option,Equal Weight | HAR+Macro+Option,-0.000150769351591913,0.0109648870553127,-0.010935347381797,-2.34114331322363,-0.0111156564069046,12.3637619807029
2021-08-31,Equal Weight,HAR+Macro+Option,Equal Weight | HAR+Macro+Option,0.119341927930854,0.039264558089694,0.0610261844807487,-2.28011712874288,0.0800773698411599,12.443839350544
2021-09-30,Equal Weight,HAR+Macro+Option,Equal Weight | HAR+Macro+Option,0.0197020168671033,0.0066310749489227,0.0125546444477005,-2.26756248429518,0.0130709419181806,12.4569102924622
2021-10-31,Equal Weight,HAR+Macro+Option,Equal Weight | HAR+Macro+Option,0.399413970199459,0.116173641136147,0.0641875220198161,-2.20337496227536,0.283240329063312,12.7401506215255
2021-11-30,Equal Weight,HAR+Macro+Option,Equal Weight | HAR+Macro+Option,0.103700050970322,0.0155813858895752,0.0723522836032356,-2.13102267867213,0.088118665080747,12.8282692866063
2021-12-31,Equal Weight,HAR+Macro+Option,Equal Weight | HAR+Macro+Option,0.429014475657138,0.116304397316124,0.0569200171085603,-2.07410266156357,0.312710078341014,13.1409793649473
2022-01-31,Equal Weight,HAR+Macro+Option,Equal Weight | HAR+Macro+Option,-0.146719747455276,-0.0459077612210167,-0.129940728863781,-2.20404339042735,-0.10081198623426,13.040167378713
2022-02-28,Equal Weight,HAR+Macro+Option,Equal Weight | HAR+Macro+Option,0.065277193679216,0.0162398064292033,0.0430413161973489,-2.16100207423,0.0490373872500127,13.0892047659631
2022-03-31,Equal Weight,HAR+Macro+Option,Equal Weight | HAR+Macro+Option,0.507759245856603,0.112391795812516,0.0275861460637315,-2.13341592816627,0.395367450044087,13.4845722160071
2022-04-30,Equal Weight,HAR+Macro+Option,Equal Weight | HAR+Macro+Option,0.0617764673651889,0.0155551278751595,0.0408597846146649,-2.0925561435516,0.0462213394900294,13.5307935554972
2022-05-31,Equal Weight,HAR+Macro+Option,Equal Weight | HAR+Macro+Option,0.166323384814803,0.059815448889812,0.0703795653094461,-2.02217657824216,0.106507935924991,13.6373014914222
2022-06-30,Equal Weight,HAR+Macro+Option,Equal Weight | HAR+Macro+Option,0.250115696505347,0.0302354759136461,0.127414704139756,-1.8947618741024,0.219880220591701,13.8571817120139
2022-07-31,Equal Weight,HAR+Macro+Option,Equal Weight | HAR+Macro+Option,0.602954985549395,0.130395650445533,-0.047268198311774,-1.94203007241417,0.472559335103862,14.3297410471177
2022-08-31,Equal Weight,HAR+Macro+Option,Equal Weight | HAR+Macro+Option,0.378953843025379,0.0418883684118945,0.124288405010245,-1.81774166740393,0.337065474613484,14.6668065217312
2022-09-30,Equal Weight,HAR+Macro+Option,Equal Weight | HAR+Macro+Option,0.290919517143785,0.059266488159534,0.109970555729638,-1.70777111167429,0.231653028984251,14.8984595507155
2022-10-31,Equal Weight,HAR+Macro+Option,Equal Weight | HAR+Macro+Option,0.509910904368162,0.150422092551404,0.00341532511773694,-1.70435578655656,0.359488811816758,15.2579483625322
2022-11-30,Equal Weight,HAR+Macro+Option,Equal Weight | HAR+Macro+Option,0.519303535352097,0.088335639690895,0.0381584307768214,-1.66619735577973,0.430967895661202,15.6889162581934
2022-12-31,Equal Weight,HAR+Macro+Option,Equal Weight | HAR+Macro+Option,0.114895577248911,0.020639605691772,0.0750934710347657,-1.59110388474497,0.0942559715571386,15.7831722297506
2023-01-31,Equal Weight,HAR+Macro+Option,Equal Weight | HAR+Macro+Option,0.354899618707022,0.0498655957525685,0.119833280376507,-1.47127060436846,0.305034022954454,16.088206252705
2023-02-28,Equal Weight,HAR+Macro+Option,Equal Weight | HAR+Macro+Option,0.16115718180996,0.013618032416974,0.108859869729958,-1.3624107346385,0.147539149392986,16.235745402098
2023-03-31,Equal Weight,HAR+Macro+Option,Equal Weight | HAR+Macro+Option,0.120460075743521,0.0185654819600538,0.0806456646918788,-1.28176506994662,0.101894593783468,16.3376399958815
2023-04-30,Equal Weight,HAR+Macro+Option,Equal Weight | HAR+Macro+Option,0.261271745668599,0.0126403275371878,0.146476697324707,-1.13528837262192,0.248631418131412,16.5862714140129
2023-05-31,Equal Weight,HAR+Macro+Option,Equal Weight | HAR+Macro+Option,0.0849025222967535,0.00701514192572385,0.0671485412568606,-1.06813983136506,0.0778873803710297,16.6641587943839
2023-06-30,Equal Weight,HAR+Macro+Option,Equal Weight | HAR+Macro+Option,0.197589248420316,0.0167439843781108,0.122703538924529,-0.945436292440528,0.180845264042205,16.8450040584261
2023-07-31,Equal Weight,HAR+Macro+Option,Equal Weight | HAR+Macro+Option,0.0883417396537434,-2.99060911986188e-05,0.0766652526389288,-0.868771039801599,0.0883716457449421,16.9333757041711
2023-08-31,Equal Weight,HAR+Macro+Option,Equal Weight | HAR+Macro+Option,0.0304545953494664,0.00326190296247902,0.0258174288365427,-0.842953610965057,0.0271926923869874,16.960568396558
2023-09-30,Equal Weight,HAR+Macro+Option,Equal Weight | HAR+Macro+Option,0.0443804873483703,0.00308892672608554,0.0383514313388452,-0.804602179626212,0.0412915606222848,17.0018599571803
2023-10-31,Equal Weight,HAR+Macro+Option,Equal Weight | HAR+Macro+Option,0.13099183795921,0.0238809949643856,0.0822280034576601,-0.722374176168552,0.107110842994824,17.1089708001752
2023-11-30,Equal Weight,HAR+Macro+Option,Equal Weight | HAR+Macro+Option,0.192908090276592,0.0511656671027518,0.0898490144677018,-0.63252516170085,0.14174242317384,17.250713223349
2023-12-31,Equal Weight,HAR+Macro+Option,Equal Weight | HAR+Macro+Option,0.0903668873926707,0.0054586515182081,0.072703669683499,-0.559821492017351,0.0849082358744627,17.3356214592235
2024-01-31,Equal Weight,HAR+Macro+Option,Equal Weight | HAR+Macro+Option,0.0367729853523965,0.00457258497636882,0.0302033844984855,-0.529618107518865,0.0322004003760277,17.3678218595995
2011-03-31,Neural Network,HAR+Macro+Option,Neural Network | HAR+Macro+Option,0,0,0,0,0,0
2011-04-30,Neural Network,HAR+Macro+Option,Neural Network | HAR+Macro+Option,0,0,0,0,0,0
2011-05-31,Neural Network,HAR+Macro+Option,Neural Network | HAR+Macro+Option,0,0,0,0,0,0
2011-06-30,Neural Network,HAR+Macro+Option,Neural Network | HAR+Macro+Option,0,0,0,0,0,0
2011-07-31,Neural Network,HAR+Macro+Option,Neural Network | HAR+Macro+Option,0,0,0,0,0,0
2011-08-31,Neural Network,HAR+Macro+Option,Neural Network | HAR+Macro+Option,0,0,0,0,0,0
2011-09-30,Neural Network,HAR+Macro+Option,Neural Network | HAR+Macro+Option,0,0,0,0,0,0
2011-10-31,Neural Network,HAR+Macro+Option,Neural Network | HAR+Macro+Option,0,0,0,0,0,0
2011-11-30,Neural Network,HAR+Macro+Option,Neural Network | HAR+Macro+Option,0,0,0,0,0,0
2011-12-31,Neural Network,HAR+Macro+Option,Neural Network | HAR+Macro+Option,0,0,0,0,0,0
2012-01-31,Neural Network,HAR+Macro+Option,Neural Network | HAR+Macro+Option,0,0,0,0,0,0
2012-02-29,Neural Network,HAR+Macro+Option,Neural Network | HAR+Macro+Option,0,0,0,0,0,0
2012-03-31,Neural Network,HAR+Macro+Option,Neural Network | HAR+Macro+Option,0,0,0,0,0,0
2012-04-30,Neural Network,HAR+Macro+Option,Neural Network | HAR+Macro+Option,0,0,0,0,0,0
2012-05-31,Neural Network,HAR+Macro+Option,Neural Network | HAR+Macro+Option,0,0,0,0,0,0
2012-06-30,Neural Network,HAR+Macro+Option,Neural Network | HAR+Macro+Option,0,0,0,0,0,0
2012-07-31,Neural Network,HAR+Macro+Option,Neural Network | HAR+Macro+Option,0,0,0,0,0,0
2012-08-31,Neural Network,HAR+Macro+Option,Neural Network | HAR+Macro+Option,0,0,0,0,0,0
2012-09-30,Neural Network,HAR+Macro+Option,Neural Network | HAR+Macro+Option,0,0,0,0,0,0
2012-10-31,Neural Network,HAR+Macro+Option,Neural Network | HAR+Macro+Option,0,0,0,0,0,0
2012-11-30,Neural Network,HAR+Macro+Option,Neural Network | HAR+Macro+Option,0,0,0,0,0,0
2012-12-31,Neural Network,HAR+Macro+Option,Neural Network | HAR+Macro+Option,0,0,0,0,0,0
2013-01-31,Neural Network,HAR+Macro+Option,Neural Network | HAR+Macro+Option,0,0,0,0,0,0
2013-02-28,Neural Network,HAR+Macro+Option,Neural Network | HAR+Macro+Option,0,0,0,0,0,0
2013-03-31,Neural Network,HAR+Macro+Option,Neural Network | HAR+Macro+Option,0.284128960248167,0.175468308519445,0.0337504435931781,0.0337504435931781,0.108660651728722,0.108660651728722
2013-04-30,Neural Network,HAR+Macro+Option,Neural Network | HAR+Macro+Option,0.0933537277051994,0.0266324791860234,0.0547128042258822,0.0884632478190603,0.0667212485191761,0.175381900247898
2013-05-31,Neural Network,HAR+Macro+Option,Neural Network | HAR+Macro+Option,0.287030612003599,0.0613932060556952,0.107711236231858,0.196174484050919,0.225637405947903,0.401019306195802
2013-06-30,Neural Network,HAR+Macro+Option,Neural Network | HAR+Macro+Option,0.17437794080559,0.0902360828593094,0.0507441845615722,0.246918668612491,0.0841418579462808,0.485161164142083
2013-07-31,Neural Network,HAR+Macro+Option,Neural Network | HAR+Macro+Option,0.25109250168257,0.321858500552483,-0.00994782390489105,0.2369708447076,-0.0707659988699124,0.41439516527217
2013-08-31,Neural Network,HAR+Macro+Option,Neural Network | HAR+Macro+Option,0.267296188287365,0.124313791434207,0.0589923965548472,0.295963241262447,0.142982396853157,0.557377562125328
2013-09-30,Neural Network,HAR+Macro+Option,Neural Network | HAR+Macro+Option,0.506943658044165,0.48456903256479,-0.0109024621862592,0.285060779076188,0.0223746254793751,0.579752187604703
2013-10-31,Neural Network,HAR+Macro+Option,Neural Network | HAR+Macro+Option,0.661737697340667,0.367611625275856,-0.160011637500847,0.125049141575341,0.294126072064811,0.873878259669514
2013-11-30,Neural Network,HAR+Macro+Option,Neural Network | HAR+Macro+Option,0.274302923297658,0.0918904760444254,0.0822150960402781,0.207264237615619,0.182412447253233,1.05629070692275
2013-12-31,Neural Network,HAR+Macro+Option,Neural Network | HAR+Macro+Option,0.228866789660788,0.0941149689448446,0.069468250670724,0.276732488286343,0.134751820715944,1.19104252763869
2014-01-31,Neural Network,HAR+Macro+Option,Neural Network | HAR+Macro+Option,0.194832704901056,0.0868676815613816,0.0623443401408559,0.339076828427199,0.107965023339674,1.29900755097836
2014-02-28,Neural Network,HAR+Macro+Option,Neural Network | HAR+Macro+Option,0.668820166682785,0.457599014276071,-0.145664183836021,0.193412644591178,0.211221152406714,1.51022870338508
2014-03-31,Neural Network,HAR+Macro+Option,Neural Network | HAR+Macro+Option,0.234883645427252,0.0637548171737545,0.0944703529889933,0.287882997580172,0.171128828253498,1.68135753163858
2014-04-30,Neural Network,HAR+Macro+Option,Neural Network | HAR+Macro+Option,0.221452515390603,0.0682841487204426,0.0866006292606357,0.374483626840807,0.15316836667016,1.83452589830874
2014-05-31,Neural Network,HAR+Macro+Option,Neural Network | HAR+Macro+Option,0.0810313434296187,0.0818689488840123,-0.000632936194347331,0.37385069064646,-0.000837605454393653,1.83368829285434
2014-06-30,Neural Network,HAR+Macro+Option,Neural Network | HAR+Macro+Option,0.197258708382561,0.0221490103460841,0.117479068976309,0.491329759622769,0.175109698036477,2.00879799089082
2014-07-31,Neural Network,HAR+Macro+Option,Neural Network | HAR+Macro+Option,-0.000300774010416475,0.0332927377263201,-0.0319310378562743,0.459398721766495,-0.0335935117367366,1.97520447915408
2014-08-31,Neural Network,HAR+Macro+Option,Neural Network | HAR+Macro+Option,0.719935167435987,0.429362605345921,-0.210359035572402,0.249039686194092,0.290572562090066,2.26577704124415
2014-09-30,Neural Network,HAR+Macro+Option,Neural Network | HAR+Macro+Option,0.144353227972002,0.0272817679997234,0.0869311206311598,0.335970806825252,0.117071459972279,2.38284850121643
2014-10-31,Neural Network,HAR+Macro+Option,Neural Network | HAR+Macro+Option,-0.026848032211607,-0.057714677182973,0.0347818956644149,0.370752702489667,0.030866644971366,2.4137151461878
2014-11-30,Neural Network,HAR+Macro+Option,Neural Network | HAR+Macro+Option,-0.000232740371283555,0.0573494880625578,-0.0526488640144058,0.318103838475261,-0.0575822284338413,2.35613291775395
2014-12-31,Neural Network,HAR+Macro+Option,Neural Network | HAR+Macro+Option,0.0101816241686219,0.0399934587136626,-0.0275681176412851,0.290535720833976,-0.0298118345450407,2.32632108320891
2015-01-31,Neural Network,HAR+Macro+Option,Neural Network | HAR+Macro+Option,0.122682732093161,0.112965194580902,0.00628266116154701,0.296818381995523,0.00971753751225883,2.33603862072117
2015-02-28,Neural Network,HAR+Macro+Option,Neural Network | HAR+Macro+Option,-0.000695523558994191,0.764644667948708,0.111681285196351,0.408499667191874,-0.765340191507702,1.57069842921347
2015-03-31,Neural Network,HAR+Macro+Option,Neural Network | HAR+Macro+Option,0.110173495413775,0.0708223446123891,0.0286675589084461,0.43716722610032,0.0393511508013857,1.61004958001486
2015-04-30,Neural Network,HAR+Macro+Option,Neural Network | HAR+Macro+Option,0.158291453317879,0.301817108353548,-0.0444695809835523,0.392697645116768,-0.143525655035669,1.46652392497919
2015-05-31,Neural Network,HAR+Macro+Option,Neural Network | HAR+Macro+Option,0.68172668525402,0.304937161294748,-0.18085737761413,0.211840267502638,0.376789523959273,1.84331344893846
2015-06-30,Neural Network,HAR+Macro+Option,Neural Network | HAR+Macro+Option,0.548195912229961,0.177160629279991,-0.0326640214781654,0.179176246024472,0.37103528294997,2.21434873188843
2015-07-31,Neural Network,HAR+Macro+Option,Neural Network | HAR+Macro+Option,0.722969548644538,0.596706655346258,-0.123676310300874,0.0554999357235984,0.12626289329828,2.34061162518671
2015-08-31,Neural Network,HAR+Macro+Option,Neural Network | HAR+Macro+Option,-0.001,-0.241669931735991,0.328274965593909,0.383774901317507,0.240669931735991,2.5812815569227
2015-09-30,Neural Network,HAR+Macro+Option,Neural Network | HAR+Macro+Option,0,0.560562860300312,-0.0892167797782112,0.294558121539296,-0.560562860300312,2.02071869662239
2015-10-31,Neural Network,HAR+Macro+Option,Neural Network | HAR+Macro+Option,0.729147480082286,0.730147480082286,0.00118894244024703,0.295747063979543,-0.001,2.01971869662239
2015-11-30,Neural Network,HAR+Macro+Option,Neural Network | HAR+Macro+Option,0.361587008923229,0.111309619867665,0.0727443887351194,0.368491452714662,0.250277389055564,2.26999608567795
2015-12-31,Neural Network,HAR+Macro+Option,Neural Network | HAR+Macro+Option,0.251419805724881,0.126802388221017,0.0539178079255891,0.422409260640251,0.124617417503864,2.39461350318182
2016-01-31,Neural Network,HAR+Macro+Option,Neural Network | HAR+Macro+Option,-0.269766225736508,-0.309060301179694,0.0734107552689302,0.495820015909181,0.0392940754431862,2.433907578625
2016-02-29,Neural Network,HAR+Macro+Option,Neural Network | HAR+Macro+Option,-0.000547655182363213,0.112811604373279,-0.0942700223230304,0.401549993586151,-0.113359259555642,2.32054831906936
2016-03-31,Neural Network,HAR+Macro+Option,Neural Network | HAR+Macro+Option,0,0.664228335607363,-0.0024294128717719,0.399120580714379,-0.664228335607363,1.656319983462
2016-04-30,Neural Network,HAR+Macro+Option,Neural Network | HAR+Macro+Option,0.491898950857851,0.100929666721317,0.0433026137906666,0.442423194505046,0.390969284136534,2.04728926759853
2016-05-31,Neural Network,HAR+Macro+Option,Neural Network | HAR+Macro+Option,0.207497949354006,0.300093812574928,-0.0220945171814644,0.420328677323581,-0.092595863220922,1.95469340437761
2016-06-30,Neural Network,HAR+Macro+Option,Neural Network | HAR+Macro+Option,0.122078794671634,0.0910668676520279,0.0210968404328158,0.441425517756397,0.0310119270196065,1.98570533139722
2016-07-31,Neural Network,HAR+Macro+Option,Neural Network | HAR+Macro+Option,0.502289129630681,0.265927965261995,-0.0360038661864574,0.40542165156994,0.236361164368687,2.2220664957659
2016-08-31,Neural Network,HAR+Macro+Option,Neural Network | HAR+Macro+Option,0.268397321195935,0.0213272252703702,0.139696688694434,0.545118340264373,0.247070095925565,2.46913659169147
2016-09-30,Neural Network,HAR+Macro+Option,Neural Network | HAR+Macro+Option,0.193215986170484,0.0917809713876799,0.0580720088783543,0.603190349142728,0.101435014782804,2.57057160647427
2016-10-31,Neural Network,HAR+Macro+Option,Neural Network | HAR+Macro+Option,0.432790448652832,0.101343358246007,0.0658914461300136,0.669081795272741,0.331447090406826,2.9020186968811
2016-11-30,Neural Network,HAR+Macro+Option,Neural Network | HAR+Macro+Option,0.673294187851198,0.52721405579883,-0.116975472091161,0.55210632318158,0.146080132052369,3.04809882893347
2016-12-31,Neural Network,HAR+Macro+Option,Neural Network | HAR+Macro+Option,0.133822205669524,0.0856585820767058,0.032307138522521,0.584413461704101,0.0481636235928178,3.09626245252628
2017-01-31,Neural Network,HAR+Macro+Option,Neural Network | HAR+Macro+Option,0.418692947593131,0.233463365641643,0.00403162005023661,0.588445081754338,0.185229581951488,3.28149203447777
2017-02-28,Neural Network,HAR+Macro+Option,Neural Network | HAR+Macro+Option,0.36921430878828,0.0359892626174704,0.130689077985422,0.71913415973976,0.33322504617081,3.61471708064858
2017-03-31,Neural Network,HAR+Macro+Option,Neural Network | HAR+Macro+Option,0.356627862644898,0.11482899815911,0.0708022640911232,0.789936423830883,0.241798864485788,3.85651594513437
2017-04-30,Neural Network,HAR+Macro+Option,Neural Network | HAR+Macro+Option,0.228309795199042,0.0352047811794235,0.116776035070712,0.906712458901595,0.193105014019618,4.04962095915399
2017-05-31,Neural Network,HAR+Macro+Option,Neural Network | HAR+Macro+Option,0.0562776864228364,-7.32413901954805e-05,0.0516001688758231,0.958312627777419,0.0563509278130319,4.10597188696702
2017-06-30,Neural Network,HAR+Macro+Option,Neural Network | HAR+Macro+Option,0.133980127471753,0,0.107054115635732,1.06536674341315,0.133980127471753,4.23995201443877
2017-07-31,Neural Network,HAR+Macro+Option,Neural Network | HAR+Macro+Option,0.304273952098535,0.00557923525817179,0.15986745175097,1.22523419516412,0.298694716840363,4.53864673127913
2017-08-31,Neural Network,HAR+Macro+Option,Neural Network | HAR+Macro+Option,0.0791169193535178,-8.2461143731794e-06,0.069735935177902,1.29497013034202,0.079125165467891,4.61777189674703
2017-09-30,Neural Network,HAR+Macro+Option,Neural Network | HAR+Macro+Option,0.0897988603097089,0.0133123215406859,0.0646566126568429,1.35962674299887,0.0764865387690229,4.69425843551605
2017-10-31,Neural Network,HAR+Macro+Option,Neural Network | HAR+Macro+Option,0.0314429874889583,-1.88543298554881e-05,0.0299788501586963,1.38960559315756,0.0314618418188138,4.72572027733486
2017-11-30,Neural Network,HAR+Macro+Option,Neural Network | HAR+Macro+Option,0.115611650840183,0.00674974978463467,0.0888811590237924,1.47848675218135,0.108861901055548,4.83458217839041
2017-12-31,Neural Network,HAR+Macro+Option,Neural Network | HAR+Macro+Option,-0.000201964259049584,0.0647889592540245,-0.0586945708355875,1.41979218134577,-0.0649909235130741,4.76959125487734
2018-01-31,Neural Network,HAR+Macro+Option,Neural Network | HAR+Macro+Option,0,-0.000123708789449894,0.000123731745246775,1.41991591309101,0.000123708789449894,4.76971496366679
2018-02-28,Neural Network,HAR+Macro+Option,Neural Network | HAR+Macro+Option,-0.403083675261389,-0.200849515807427,-0.385438041347188,1.03447787174383,-0.202234159453962,4.56748080421282
2018-03-31,Neural Network,HAR+Macro+Option,Neural Network | HAR+Macro+Option,0.0668633547235825,0.059175218653565,0.00623463351672588,1.04071250526055,0.00768813607001746,4.57516894028284
2018-04-30,Neural Network,HAR+Macro+Option,Neural Network | HAR+Macro+Option,0.306457088434489,0.306374719519571,6.65147834541524e-06,1.0407191567389,8.23689149182516e-05,4.57525130919776
2018-05-31,Neural Network,HAR+Macro+Option,Neural Network | HAR+Macro+Option,0.241402021455011,0.170292435121228,0.0271964525792111,1.06791560931811,0.071109586333783,4.64636089553154
2018-06-30,Neural Network,HAR+Macro+Option,Neural Network | HAR+Macro+Option,0.335780416649104,0.11760425950779,0.0697995676153086,1.13771517693342,0.218176157141314,4.86453705267286
2018-07-31,Neural Network,HAR+Macro+Option,Neural Network | HAR+Macro+Option,0.356046688954695,0.317615814172277,-0.000403284172506402,1.13731189276091,0.038430874782418,4.90296792745528
2018-08-31,Neural Network,HAR+Macro+Option,Neural Network | HAR+Macro+Option,0.227578469164742,0.0556704223697705,0.0988689012441634,1.23618079400507,0.171908046794972,5.07487597425025
2018-09-30,Neural Network,HAR+Macro+Option,Neural Network | HAR+Macro+Option,0.0456109857626175,0.04564206887423,-2.68284682891293e-05,1.23615396553678,-3.1083111612526e-05,5.07484489113864
2018-10-31,Neural Network,HAR+Macro+Option,Neural Network | HAR+Macro+Option,-0.662760028258728,-0.213329053676886,-1.04004332945409,0.196110636082691,-0.449430974581842,4.62541391655679
2018-11-30,Neural Network,HAR+Macro+Option,Neural Network | HAR+Macro+Option,0.366471756933641,0.366310623909752,-1.59801374278457e-05,0.196094655945263,0.000161133023889037,4.62557504958068
2018-12-31,Neural Network,HAR+Macro+Option,Neural Network | HAR+Macro+Option,-1.0417950388203,-0.92375982350094,-0.466042252413509,-0.269947596468245,-0.118035215319359,4.50753983426132
2019-01-31,Neural Network,HAR+Macro+Option,Neural Network | HAR+Macro+Option,0.644102296251811,0.643988887548928,-0.000105712422641457,-0.270053308890887,0.000113408702882678,4.50765324296421
2019-02-28,Neural Network,HAR+Macro+Option,Neural Network | HAR+Macro+Option,0.641639812784132,0.202713100948001,-0.116986860244421,-0.387040169135308,0.438926711836132,4.94657995480034
2019-03-31,Neural Network,HAR+Macro+Option,Neural Network | HAR+Macro+Option,-0.001,0.159858691078875,-0.122527989408698,-0.509568158544007,-0.160858691078875,4.78572126372146
2019-04-30,Neural Network,HAR+Macro+Option,Neural Network | HAR+Macro+Option,0.446725388544143,0.21702687150704,0.00100415231642986,-0.508564006227577,0.229698517037103,5.01541978075857
2019-05-31,Neural Network,HAR+Macro+Option,Neural Network | HAR+Macro+Option,-0.134849031727169,-0.0888921958813453,-0.0613804941495445,-0.569944500377121,-0.0459568358458233,4.96946294491274
2019-06-30,Neural Network,HAR+Macro+Option,Neural Network | HAR+Macro+Option,0.750767239214625,0.750632323973839,-0.000168927284588838,-0.57011342766171,0.000134915240785682,4.96959786015353
2019-07-31,Neural Network,HAR+Macro+Option,Neural Network | HAR+Macro+Option,0.743706044168984,0.445771835258862,-0.233645017625015,-0.803758445286725,0.297934208910122,5.26753206906365
2019-08-31,Neural Network,HAR+Macro+Option,Neural Network | HAR+Macro+Option,-0.160922268529364,-0.111307602738927,-0.0698745569121628,-0.873633002198888,-0.0496146657904377,5.21791740327321
2019-09-30,Neural Network,HAR+Macro+Option,Neural Network | HAR+Macro+Option,-0.00093337521483492,0.538832224746234,-0.104256657107542,-0.977889659306431,-0.539765599961069,4.67815180331214
2019-10-31,Neural Network,HAR+Macro+Option,Neural Network | HAR+Macro+Option,0.476943611934893,0.460069038681871,-0.00684295966473952,-0.98473261897117,0.0168745732530226,4.69502637656517
2019-11-30,Neural Network,HAR+Macro+Option,Neural Network | HAR+Macro+Option,0.475270854287105,0.163362896044419,0.0131155345465236,-0.971617084424646,0.311907958242687,5.00693433480785
2019-12-31,Neural Network,HAR+Macro+Option,Neural Network | HAR+Macro+Option,0.351097499899849,0.215810720241758,0.020243998461104,-0.951373085963542,0.135286779658091,5.14222111446594
2020-01-31,Neural Network,HAR+Macro+Option,Neural Network | HAR+Macro+Option,0.420859754781313,0.220283944223246,0.00767893489001179,-0.943694151073531,0.200575810558066,5.34279692502401
2020-02-29,Neural Network,HAR+Macro+Option,Neural Network | HAR+Macro+Option,-0.287480206836594,-0.287883118818257,0.00075064314823603,-0.942943507925295,0.000402911981662646,5.34319983700567
2020-03-31,Neural Network,HAR+Macro+Option,Neural Network | HAR+Macro+Option,-1.23379630045065,-1.23379630045065,0,-0.942943507925295,0,5.34319983700567
2020-04-30,Neural Network,HAR+Macro+Option,Neural Network | HAR+Macro+Option,0.693249984777967,-0.001,-0.0266418273140105,-0.969585335239305,0.694249984777967,6.03744982178364
2020-05-31,Neural Network,HAR+Macro+Option,Neural Network | HAR+Macro+Option,0.664630571261885,0.142969477334992,-0.110279193282796,-1.0798645285221,0.521661093926894,6.55911091571053
2020-06-30,Neural Network,HAR+Macro+Option,Neural Network | HAR+Macro+Option,0.348241914885737,0.0552172423039941,0.115689441428303,-0.964175087093798,0.293024672581743,6.85213558829228
2020-07-31,Neural Network,HAR+Macro+Option,Neural Network | HAR+Macro+Option,-0.001,0.123989106969444,-0.101930658998824,-1.06610574609262,-0.124989106969444,6.72714648132283
2020-08-31,Neural Network,HAR+Macro+Option,Neural Network | HAR+Macro+Option,0.798082647221521,0.0865067182061815,-0.232602820236621,-1.29870856632924,0.71157592901534,7.43872241033817
2020-09-30,Neural Network,HAR+Macro+Option,Neural Network | HAR+Macro+Option,0.0309983675122697,0.00958042005905899,0.0201142759433341,-1.27859429038591,0.0214179474532107,7.46014035779138
2020-10-31,Neural Network,HAR+Macro+Option,Neural Network | HAR+Macro+Option,-0.000429391288440557,0.0986448354903913,-0.0844782979907602,-1.36307258837667,-0.0990742267788319,7.36106613101255
2020-11-30,Neural Network,HAR+Macro+Option,Neural Network | HAR+Macro+Option,0.835864498815264,0.38708436873128,-0.374472597711415,-1.73754518608808,0.448780130083984,7.80984626109654
2020-12-31,Neural Network,HAR+Macro+Option,Neural Network | HAR+Macro+Option,0.758180108915548,0.0534405670833849,-0.153232233185335,-1.89077741927342,0.704739541832163,8.5145858029287
2021-01-31,Neural Network,HAR+Macro+Option,Neural Network | HAR+Macro+Option,-0.001,0.0429333584440178,-0.041169948543094,-1.93194736781651,-0.0439333584440178,8.47065244448468
2021-02-28,Neural Network,HAR+Macro+Option,Neural Network | HAR+Macro+Option,0,0.192346321147121,-0.136850660258874,-2.06879802807539,-0.192346321147121,8.27830612333756
2021-03-31,Neural Network,HAR+Macro+Option,Neural Network | HAR+Macro+Option,0.581170688079271,0.094572953102839,-0.00662525285948024,-2.07542328093487,0.486597734976432,8.76490385831399
2021-04-30,Neural Network,HAR+Macro+Option,Neural Network | HAR+Macro+Option,0.336593981648156,0.023495589558332,0.143983193460226,-1.93144008747464,0.313098392089824,9.07800225040382
2021-05-31,Neural Network,HAR+Macro+Option,Neural Network | HAR+Macro+Option,0.305171925396778,0.0354126303404014,0.131945520562251,-1.79949456691239,0.269759295056376,9.34776154546019
2021-06-30,Neural Network,HAR+Macro+Option,Neural Network | HAR+Macro+Option,0.193529640663154,0.0176315172244177,0.120183846315375,-1.67931072059702,0.175898123438736,9.52365966889893
2021-07-31,Neural Network,HAR+Macro+Option,Neural Network | HAR+Macro+Option,-0.000267941768009276,0.0109648870553127,-0.0110525933903049,-1.69036331398732,-0.011232828823322,9.51242684007561
2021-08-31,Neural Network,HAR+Macro+Option,Neural Network | HAR+Macro+Option,0.361208157020709,0.039264558089694,0.128549158166538,-1.56181415582078,0.321943598931015,9.83437043900662
2021-09-30,Neural Network,HAR+Macro+Option,Neural Network | HAR+Macro+Option,0.0433467434616722,0.0066310749489227,0.0339632149921188,-1.52785094082866,0.0367156685127495,9.87108610751937
2021-10-31,Neural Network,HAR+Macro+Option,Neural Network | HAR+Macro+Option,0.307861242659017,0.116173641136147,0.0697642567677844,-1.45808668406088,0.191687601522871,10.0627737090422
2021-11-30,Neural Network,HAR+Macro+Option,Neural Network | HAR+Macro+Option,0.219131092233835,0.0155813858895752,0.131886222348229,-1.32620046171265,0.20354970634426,10.2663234153865
2021-12-31,Neural Network,HAR+Macro+Option,Neural Network | HAR+Macro+Option,0.37560189560334,0.116304397316124,0.0679723915685825,-1.25822807014407,0.259297498287215,10.5256209136737
2022-01-31,Neural Network,HAR+Macro+Option,Neural Network | HAR+Macro+Option,-0.000592838188361815,-0.0459077612210167,0.0484756796574673,-1.2097523904866,0.0453149230326549,10.5709358367064
2022-02-28,Neural Network,HAR+Macro+Option,Neural Network | HAR+Macro+Option,0.0859055793837827,0.0162398064292033,0.0589917170699713,-1.15076067341663,0.0696657729545794,10.640601609661
2022-03-31,Neural Network,HAR+Macro+Option,Neural Network | HAR+Macro+Option,0.507907418014663,0.112391795812516,0.0275085779396084,-1.12325209547702,0.395515622202147,11.0361172318631
2022-04-30,Neural Network,HAR+Macro+Option,Neural Network | HAR+Macro+Option,-0.001,0.0155551278751595,-0.0161936848703406,-1.13944578034736,-0.0165551278751595,11.0195621039879
2022-05-31,Neural Network,HAR+Macro+Option,Neural Network | HAR+Macro+Option,0.0894573364973089,0.059815448889812,0.0230047969165423,-1.11644098343082,0.0296418876074969,11.0492039915954
2022-06-30,Neural Network,HAR+Macro+Option,Neural Network | HAR+Macro+Option,0.256558716490685,0.0302354759136461,0.128960954071604,-0.987480029359215,0.226323240577039,11.2755272321725
2022-07-31,Neural Network,HAR+Macro+Option,Neural Network | HAR+Macro+Option,0.602981843756746,0.130395650445533,-0.0472899240565443,-1.03476995341576,0.472586193311213,11.7481134254837
2022-08-31,Neural Network,HAR+Macro+Option,Neural Network | HAR+Macro+Option,0.528908495612295,0.0418883684118945,0.0700357852164249,-0.964734168199334,0.4870201272004,12.2351335526841
2022-09-30,Neural Network,HAR+Macro+Option,Neural Network | HAR+Macro+Option,0.291202499307363,0.059266488159534,0.110006442671693,-0.854727725527641,0.231936011147829,12.4670695638319
2022-10-31,Neural Network,HAR+Macro+Option,Neural Network | HAR+Macro+Option,0.509910904368162,0.150422092551404,0.00341532511773694,-0.851312400409904,0.359488811816758,12.8265583756487
2022-11-30,Neural Network,HAR+Macro+Option,Neural Network | HAR+Macro+Option,0.524803989195073,0.088335639690895,0.0350442867509842,-0.81626811365892,0.436468349504178,13.2630267251529
2022-12-31,Neural Network,HAR+Macro+Option,Neural Network | HAR+Macro+Option,-0.001,0.020639605691772,-0.0210021157071042,-0.837270229366024,-0.021639605691772,13.2413871194611
2023-01-31,Neural Network,HAR+Macro+Option,Neural Network | HAR+Macro+Option,0.509282512055084,0.0498655957525685,0.0740937671344483,-0.763176462231576,0.459416916302515,13.7008040357636
2023-02-28,Neural Network,HAR+Macro+Option,Neural Network | HAR+Macro+Option,0.260377831160446,0.013618032416974,0.14534305251411,-0.617833409717466,0.246759798743472,13.9475638345071
2023-03-31,Neural Network,HAR+Macro+Option,Neural Network | HAR+Macro+Option,0.167027572183752,0.0185654819600538,0.107131791099914,-0.510701618617551,0.148462090223698,14.0960259247308
2023-04-30,Neural Network,HAR+Macro+Option,Neural Network | HAR+Macro+Option,0.480071533097553,0.0126403275371878,0.121967857044784,-0.388733761572768,0.467431205560365,14.5634571302911
2023-05-31,Neural Network,HAR+Macro+Option,Neural Network | HAR+Macro+Option,0.177563479653393,0.00701514192572385,0.123328972092095,-0.265404789480673,0.170548337727669,14.7340054680188
2023-06-30,Neural Network,HAR+Macro+Option,Neural Network | HAR+Macro+Option,0.368081475452259,0.0167439843781108,0.148532073736762,-0.116872715743911,0.351337491074148,15.085342959093
2023-07-31,Neural Network,HAR+Macro+Option,Neural Network | HAR+Macro+Option,0.184793645859515,-2.99060911986188e-05,0.133600515967197,0.0167278002232866,0.184823551950714,15.2701665110437
2023-08-31,Neural Network,HAR+Macro+Option,Neural Network | HAR+Macro+Option,0.0105000296505697,0.00326190296247902,0.0070887107705014,0.023816510993788,0.00723812668809072,15.2774046377318
2023-09-30,Neural Network,HAR+Macro+Option,Neural Network | HAR+Macro+Option,0.0723606188103661,0.00308892672608554,0.0614319155548306,0.0852484265486186,0.0692716920842805,15.346676329816
2023-10-31,Neural Network,HAR+Macro+Option,Neural Network | HAR+Macro+Option,0.231157325835437,0.0238809949643856,0.127981219820699,0.213229646369318,0.207276330871051,15.5539526606871
2023-11-30,Neural Network,HAR+Macro+Option,Neural Network | HAR+Macro+Option,0.21934621567398,0.0511656671027518,0.0999382933105883,0.313167939679906,0.168180548571228,15.7221332092583
2023-12-31,Neural Network,HAR+Macro+Option,Neural Network | HAR+Macro+Option,0.217466442270635,0.0054586515182081,0.141115005796252,0.454282945476158,0.212007790752427,15.9341410000107
2024-01-31,Neural Network,HAR+Macro+Option,Neural Network | HAR+Macro+Option,0.0302523992983233,0.00457258497636882,0.0243383656270458,0.478621311103204,0.0256798143219545,15.9598208143327
2011-03-31,Random Forest,HAR+Macro+Option,Random Forest | HAR+Macro+Option,0,0,0,0,0,0
2011-04-30,Random Forest,HAR+Macro+Option,Random Forest | HAR+Macro+Option,0,0,0,0,0,0
2011-05-31,Random Forest,HAR+Macro+Option,Random Forest | HAR+Macro+Option,0,0,0,0,0,0
2011-06-30,Random Forest,HAR+Macro+Option,Random Forest | HAR+Macro+Option,0,0,0,0,0,0
2011-07-31,Random Forest,HAR+Macro+Option,Random Forest | HAR+Macro+Option,0,0,0,0,0,0
2011-08-31,Random Forest,HAR+Macro+Option,Random Forest | HAR+Macro+Option,0,0,0,0,0,0
2011-09-30,Random Forest,HAR+Macro+Option,Random Forest | HAR+Macro+Option,0,0,0,0,0,0
2011-10-31,Random Forest,HAR+Macro+Option,Random Forest | HAR+Macro+Option,0,0,0,0,0,0
2011-11-30,Random Forest,HAR+Macro+Option,Random Forest | HAR+Macro+Option,0,0,0,0,0,0
2011-12-31,Random Forest,HAR+Macro+Option,Random Forest | HAR+Macro+Option,0,0,0,0,0,0
2012-01-31,Random Forest,HAR+Macro+Option,Random Forest | HAR+Macro+Option,0,0,0,0,0,0
2012-02-29,Random Forest,HAR+Macro+Option,Random Forest | HAR+Macro+Option,0,0,0,0,0,0
2012-03-31,Random Forest,HAR+Macro+Option,Random Forest | HAR+Macro+Option,0,0,0,0,0,0
2012-04-30,Random Forest,HAR+Macro+Option,Random Forest | HAR+Macro+Option,0,0,0,0,0,0
2012-05-31,Random Forest,HAR+Macro+Option,Random Forest | HAR+Macro+Option,0,0,0,0,0,0
2012-06-30,Random Forest,HAR+Macro+Option,Random Forest | HAR+Macro+Option,0,0,0,0,0,0
2012-07-31,Random Forest,HAR+Macro+Option,Random Forest | HAR+Macro+Option,0,0,0,0,0,0
2012-08-31,Random Forest,HAR+Macro+Option,Random Forest | HAR+Macro+Option,0,0,0,0,0,0
2012-09-30,Random Forest,HAR+Macro+Option,Random Forest | HAR+Macro+Option,0,0,0,0,0,0
2012-10-31,Random Forest,HAR+Macro+Option,Random Forest | HAR+Macro+Option,0,0,0,0,0,0
2012-11-30,Random Forest,HAR+Macro+Option,Random Forest | HAR+Macro+Option,0,0,0,0,0,0
2012-12-31,Random Forest,HAR+Macro+Option,Random Forest | HAR+Macro+Option,0,0,0,0,0,0
2013-01-31,Random Forest,HAR+Macro+Option,Random Forest | HAR+Macro+Option,0,0,0,0,0,0
2013-02-28,Random Forest,HAR+Macro+Option,Random Forest | HAR+Macro+Option,0,0,0,0,0,0
2013-03-31,Random Forest,HAR+Macro+Option,Random Forest | HAR+Macro+Option,0.364986078978169,0.175468308519445,0.0358792046289494,0.0358792046289494,0.189517770458724,0.189517770458724
2013-04-30,Random Forest,HAR+Macro+Option,Random Forest | HAR+Macro+Option,0.0743250764015978,0.0266324791860234,0.0404702051638103,0.0763494097927597,0.0476925972155744,0.237210367674299
2013-05-31,Random Forest,HAR+Macro+Option,Random Forest | HAR+Macro+Option,0.19173086227491,0.0613932060556952,0.0808502595208898,0.15719966931365,0.130337656219215,0.367548023893514
2013-06-30,Random Forest,HAR+Macro+Option,Random Forest | HAR+Macro+Option,0.203973869293952,0.0902360828593094,0.0635436033772115,0.220743272690861,0.113737786434642,0.481285810328156
2013-07-31,Random Forest,HAR+Macro+Option,Random Forest | HAR+Macro+Option,0.748832364282847,0.321858500552483,-0.258761659398954,-0.0380183867080933,0.426973863730364,0.90825967405852
2013-08-31,Random Forest,HAR+Macro+Option,Random Forest | HAR+Macro+Option,0.314093809515286,0.124313791434207,0.0649785144284629,0.0269601277203697,0.189780018081079,1.0980396921396
2013-09-30,Random Forest,HAR+Macro+Option,Random Forest | HAR+Macro+Option,0.749140093698971,0.48456903256479,-0.225034537865609,-0.198074410145239,0.264571061134181,1.36261075327378
2013-10-31,Random Forest,HAR+Macro+Option,Random Forest | HAR+Macro+Option,0.662061123280951,0.367611625275856,-0.160330437878022,-0.358404848023261,0.294449498005095,1.65706025127888
2013-11-30,Random Forest,HAR+Macro+Option,Random Forest | HAR+Macro+Option,0.227594122600752,0.0918904760444254,0.0706708089742239,-0.287734039049038,0.135703646556326,1.7927638978352
2013-12-31,Random Forest,HAR+Macro+Option,Random Forest | HAR+Macro+Option,0.152262032258837,0.0941149689448446,0.0366579146818392,-0.251076124367198,0.0581470633139921,1.85091096114919
2014-01-31,Random Forest,HAR+Macro+Option,Random Forest | HAR+Macro+Option,0.201359979100085,0.0868676815613816,0.0649925269136979,-0.1860835974535,0.114492297538704,1.9654032586879
2014-02-28,Random Forest,HAR+Macro+Option,Random Forest | HAR+Macro+Option,0.668836549492914,0.457599014276071,-0.145680672889889,-0.33176427034339,0.211237535216842,2.17664079390474
2014-03-31,Random Forest,HAR+Macro+Option,Random Forest | HAR+Macro+Option,0.174870852992925,0.0637548171737545,0.0713433280487488,-0.260420942294641,0.11111603581917,2.28775682972391
2014-04-30,Random Forest,HAR+Macro+Option,Random Forest | HAR+Macro+Option,0.125312942979401,0.0682841487204426,0.0404678811914337,-0.219953061103207,0.0570287942589582,2.34478562398287
2014-05-31,Random Forest,HAR+Macro+Option,Random Forest | HAR+Macro+Option,0.132840000003474,0.0818689488840123,0.0345551399051365,-0.185397921198071,0.0509710511194613,2.39575667510233
2014-06-30,Random Forest,HAR+Macro+Option,Random Forest | HAR+Macro+Option,0.0854264201494897,0.0221490103460841,0.0530667679030364,-0.132331153295035,0.0632774098034057,2.45903408490574
2014-07-31,Random Forest,HAR+Macro+Option,Random Forest | HAR+Macro+Option,0.0156962301245686,0.0332927377263201,-0.0163034554839663,-0.148634608779001,-0.0175965076017515,2.44143757730398
2014-08-31,Random Forest,HAR+Macro+Option,Random Forest | HAR+Macro+Option,0.702440538826475,0.429362605345921,-0.190527762095533,-0.339162370874534,0.273077933480555,2.71451551078454
2014-09-30,Random Forest,HAR+Macro+Option,Random Forest | HAR+Macro+Option,0.0869296585884156,0.0272817679997234,0.0494291845730306,-0.289733186301504,0.0596478905886923,2.77416340137323
2014-10-31,Random Forest,HAR+Macro+Option,Random Forest | HAR+Macro+Option,-0.0832599584015327,-0.057714677182973,-0.0309471362845949,-0.320680322586099,-0.0255452812185597,2.74861812015467
2014-11-30,Random Forest,HAR+Macro+Option,Random Forest | HAR+Macro+Option,0.183471270596875,0.0573494880625578,0.0805626675042259,-0.240117655081873,0.126121782534317,2.87473990268899
2014-12-31,Random Forest,HAR+Macro+Option,Random Forest | HAR+Macro+Option,0.0255564100825166,0.0399934587136626,-0.0130175286657824,-0.253135183747655,-0.0144370486311459,2.86030285405784
2015-01-31,Random Forest,HAR+Macro+Option,Random Forest | HAR+Macro+Option,0.105671254809044,0.112965194580902,-0.00490185813118278,-0.258037041878838,-0.00729393977185726,2.85300891428598
2015-02-28,Random Forest,HAR+Macro+Option,Random Forest | HAR+Macro+Option,0.764603735662309,0.764644667948708,5.29611640490701e-05,-0.257984080714789,-4.09322863993422e-05,2.85296798199959
2015-03-31,Random Forest,HAR+Macro+Option,Random Forest | HAR+Macro+Option,0.220024584655019,0.0708223446123891,0.0841097200083035,-0.173874360706485,0.14920224004263,3.00217022204222
2015-04-30,Random Forest,HAR+Macro+Option,Random Forest | HAR+Macro+Option,0.556383154042201,0.301817108353548,-0.0731369251219224,-0.247011285828408,0.254566045688653,3.25673626773087
2015-05-31,Random Forest,HAR+Macro+Option,Random Forest | HAR+Macro+Option,0.622485556856836,0.304937161294748,-0.124203998673211,-0.371215284501619,0.317548395562088,3.57428466329296
2015-06-30,Random Forest,HAR+Macro+Option,Random Forest | HAR+Macro+Option,0.321775846115767,0.177160629279991,0.0363845069708228,-0.334830777530796,0.144615216835775,3.71889988012873
2015-07-31,Random Forest,HAR+Macro+Option,Random Forest | HAR+Macro+Option,0.722557113073568,0.596706655346258,-0.123194465950727,-0.458025243481523,0.125850457727311,3.84475033785604
2015-08-31,Random Forest,HAR+Macro+Option,Random Forest | HAR+Macro+Option,-0.001,-0.241669931735991,0.328274965593909,-0.129750277887615,0.240669931735991,4.08542026959203
2015-09-30,Random Forest,HAR+Macro+Option,Random Forest | HAR+Macro+Option,0.560430912833702,0.560562860300312,8.99209660661371e-05,-0.129660356921549,-0.000131947466610272,4.08528832212542
2015-10-31,Random Forest,HAR+Macro+Option,Random Forest | HAR+Macro+Option,0.730147480082286,0.730147480082286,0,-0.129660356921549,0,4.08528832212542
2015-11-30,Random Forest,HAR+Macro+Option,Random Forest | HAR+Macro+Option,0.267418150169813,0.111309619867665,0.0674245769544073,-0.0622357799671415,0.156108530302148,4.24139685242757
2015-12-31,Random Forest,HAR+Macro+Option,Random Forest | HAR+Macro+Option,0.25123130450291,0.126802388221017,0.0538714322263727,-0.00836434774076879,0.124428916281893,4.36582576870946
2016-01-31,Random Forest,HAR+Macro+Option,Random Forest | HAR+Macro+Option,-0.491758116405914,-0.309060301179694,-0.402159478154934,-0.410523825895703,-0.18269781522622,4.18312795348324
2016-02-29,Random Forest,HAR+Macro+Option,Random Forest | HAR+Macro+Option,0.152217744361018,0.112811604373279,0.0237404645621146,-0.386783361333588,0.0394061399877392,4.22253409347098
2016-03-31,Random Forest,HAR+Macro+Option,Random Forest | HAR+Macro+Option,0.74066395127354,0.664228335607363,-0.0846400946724307,-0.471423456006019,0.0764356156661771,4.29896970913716
2016-04-30,Random Forest,HAR+Macro+Option,Random Forest | HAR+Macro+Option,0.301498450271536,0.100929666721317,0.0794970067127265,-0.391926449293293,0.20056878355022,4.49953849268738
2016-05-31,Random Forest,HAR+Macro+Option,Random Forest | HAR+Macro+Option,0.561284035754362,0.300093812574928,-0.0762849854909875,-0.46821143478428,0.261190223179433,4.76072871586681
2016-06-30,Random Forest,HAR+Macro+Option,Random Forest | HAR+Macro+Option,0.207216042723759,0.0910668676520279,0.0641812041045171,-0.404030230679763,0.116149175071731,4.87687789093855
2016-07-31,Random Forest,HAR+Macro+Option,Random Forest | HAR+Macro+Option,0.359188584046827,0.265927965261995,0.0058124844830626,-0.3982177461967,0.0932606187848321,4.97013850972338
2016-08-31,Random Forest,HAR+Macro+Option,Random Forest | HAR+Macro+Option,0.18273118491455,0.0213272252703702,0.112000206540366,-0.286217539656334,0.16140395964418,5.13154246936756
2016-09-30,Random Forest,HAR+Macro+Option,Random Forest | HAR+Macro+Option,0.202371359107749,0.0917809713876799,0.061794757302692,-0.224422782353642,0.110590387720069,5.24213285708763
2016-10-31,Random Forest,HAR+Macro+Option,Random Forest | HAR+Macro+Option,0.311895744460476,0.101343358246007,0.0800396674865052,-0.144383114867137,0.210552386214469,5.4526852433021
2016-11-30,Random Forest,HAR+Macro+Option,Random Forest | HAR+Macro+Option,0.673076650330965,0.52721405579883,-0.116753680351216,-0.261136795218353,0.145862594532136,5.59854783783423
2016-12-31,Random Forest,HAR+Macro+Option,Random Forest | HAR+Macro+Option,0.126988026155198,0.0856585820767058,0.0281465949233899,-0.232990200294963,0.0413294440784922,5.63987728191272
2017-01-31,Random Forest,HAR+Macro+Option,Random Forest | HAR+Macro+Option,0.501482444265931,0.233463365641643,-0.027450169591026,-0.260440369885989,0.268019078624288,5.90789636053701
2017-02-28,Random Forest,HAR+Macro+Option,Random Forest | HAR+Macro+Option,0.197074961096504,0.0359892626174704,0.104770728577875,-0.155669641308115,0.161085698479033,6.06898205901604
2017-03-31,Random Forest,HAR+Macro+Option,Random Forest | HAR+Macro+Option,0.198268042702276,0.11482899815911,0.0442522676350162,-0.111417373673098,0.0834390445431662,6.15242110355921
2017-04-30,Random Forest,HAR+Macro+Option,Random Forest | HAR+Macro+Option,0.148335299908464,0.0352047811794235,0.0819845418574762,-0.0294328318156222,0.11313051872904,6.26555162228825
2017-05-31,Random Forest,HAR+Macro+Option,Random Forest | HAR+Macro+Option,0.0143361234415186,-7.32413901954805e-05,0.0141010862251702,-0.0153317455904519,0.0144093648317141,6.27996098711996
2017-06-30,Random Forest,HAR+Macro+Option,Random Forest | HAR+Macro+Option,-2.43839685175385e-05,0,-2.43848603844195e-05,-0.0153561304508364,-2.43839685175385e-05,6.27993660315145
2017-07-31,Random Forest,HAR+Macro+Option,Random Forest | HAR+Macro+Option,0.17871976867276,0.00557923525817179,0.12527609164202,0.109919961191184,0.173140533414588,6.45307713656604
2017-08-31,Random Forest,HAR+Macro+Option,Random Forest | HAR+Macro+Option,0.0195418464455344,-8.2461143731794e-06,0.0189772670181539,0.128897228209338,0.0195500925599076,6.47262722912594
2017-09-30,Random Forest,HAR+Macro+Option,Random Forest | HAR+Macro+Option,0.123666758094356,0.0133123215406859,0.0876800628245223,0.21657729103386,0.11035443655367,6.58298166567961
2017-10-31,Random Forest,HAR+Macro+Option,Random Forest | HAR+Macro+Option,-0.000175077879957495,-1.88543298554881e-05,-0.000156268995269451,0.21642102203859,-0.000156223550102007,6.58282544212951
2017-11-30,Random Forest,HAR+Macro+Option,Random Forest | HAR+Macro+Option,0.115021243569539,0.00674974978463467,0.0884950027597124,0.304916024798303,0.108271493784904,6.69109693591442
2017-12-31,Random Forest,HAR+Macro+Option,Random Forest | HAR+Macro+Option,0.204490247684507,0.0647889592540245,0.0832733101952056,0.388189334993508,0.139701288430483,6.8307982243449
2018-01-31,Random Forest,HAR+Macro+Option,Random Forest | HAR+Macro+Option,0.0568014513014349,-0.000123708789449894,0.0520855757417577,0.440274910735266,0.0569251600908848,6.88772338443578
2018-02-28,Random Forest,HAR+Macro+Option,Random Forest | HAR+Macro+Option,-0.342222612293206,-0.200849515807427,-0.256536779032842,0.183738131702424,-0.14137309648578,6.74635028795
2018-03-31,Random Forest,HAR+Macro+Option,Random Forest | HAR+Macro+Option,0.0727961592002647,0.059175218653565,0.0109245791092802,0.194662710811704,0.0136209405466997,6.7599712284967
2018-04-30,Random Forest,HAR+Macro+Option,Random Forest | HAR+Macro+Option,0.306520150535738,0.306374719519571,1.17301305334605e-05,0.194674440942237,0.000145431016166653,6.76011665951287
2018-05-31,Random Forest,HAR+Macro+Option,Random Forest | HAR+Macro+Option,0.471620679639007,0.170292435121228,0.0111884165123169,0.205862857454554,0.301328244517779,7.06144490403065
2018-06-30,Random Forest,HAR+Macro+Option,Random Forest | HAR+Macro+Option,0.189073337212544,0.11760425950779,0.0385921302192847,0.244454987673839,0.0714690777047536,7.1329139817354
2018-07-31,Random Forest,HAR+Macro+Option,Random Forest | HAR+Macro+Option,0.541857921224715,0.317615814172277,-0.0648531950200387,0.1796017926538,0.224242107052438,7.35715608878784
2018-08-31,Random Forest,HAR+Macro+Option,Random Forest | HAR+Macro+Option,0.211414918646769,0.0556704223697705,0.0933488884276114,0.272950681081412,0.155744496276998,7.51290058506484
2018-09-30,Random Forest,HAR+Macro+Option,Random Forest | HAR+Macro+Option,0.140731037895504,0.04564206887423,0.0685059291572353,0.341456610238647,0.0950889690212741,7.60798955408611
2018-10-31,Random Forest,HAR+Macro+Option,Random Forest | HAR+Macro+Option,-0.965291764947626,-0.213329053676886,-2.08138107077028,-1.73992446053163,-0.75196271127074,6.85602684281537
2018-11-30,Random Forest,HAR+Macro+Option,Random Forest | HAR+Macro+Option,0.366580285081595,0.366310623909752,-2.67871601844771e-05,-1.73995124769182,0.000269661171842295,6.85629650398722
2018-12-31,Random Forest,HAR+Macro+Option,Random Forest | HAR+Macro+Option,-1.0417950388203,-0.92375982350094,-0.466042252413509,-2.20599350010533,-0.118035215319359,6.73826128866786
2019-01-31,Random Forest,HAR+Macro+Option,Random Forest | HAR+Macro+Option,0.644102296251811,0.643988887548928,-0.000105712422641457,-2.20609921252797,0.000113408702882678,6.73837469737074
2019-02-28,Random Forest,HAR+Macro+Option,Random Forest | HAR+Macro+Option,0.629221878792928,0.202713100948001,-0.105732579338694,-2.31183179186666,0.426508777844927,7.16488347521567
2019-03-31,Random Forest,HAR+Macro+Option,Random Forest | HAR+Macro+Option,0.220811044341706,0.159858691078875,0.0261482789780955,-2.28568351288857,0.0609523532628307,7.2258358284785
2019-04-30,Random Forest,HAR+Macro+Option,Random Forest | HAR+Macro+Option,0.408042131310834,0.21702687150704,0.011918682850962,-2.2737648300376,0.191015259803795,7.41685108828229
2019-05-31,Random Forest,HAR+Macro+Option,Random Forest | HAR+Macro+Option,-0.158167487270692,-0.0888921958813453,-0.0949479887007222,-2.36871281873833,-0.0692752913893467,7.34757579689294
2019-06-30,Random Forest,HAR+Macro+Option,Random Forest | HAR+Macro+Option,0.750836304870117,0.750632323973839,-0.000255425478688176,-2.36896824421701,0.000203980896277267,7.34777977778922
2019-07-31,Random Forest,HAR+Macro+Option,Random Forest | HAR+Macro+Option,0.743706044168984,0.445771835258862,-0.233645017625015,-2.60261326184203,0.297934208910122,7.64571398669934
2019-08-31,Random Forest,HAR+Macro+Option,Random Forest | HAR+Macro+Option,-0.170149836347636,-0.111307602738927,-0.0836846101811702,-2.6862978720232,-0.0588422336087093,7.58687175309064
2019-09-30,Random Forest,HAR+Macro+Option,Random Forest | HAR+Macro+Option,0.692198150285222,0.538832224746234,-0.129831243710972,-2.81612911573417,0.153365925538988,7.74023767862962
2019-10-31,Random Forest,HAR+Macro+Option,Random Forest | HAR+Macro+Option,0.554600085410425,0.460069038681871,-0.049345554846831,-2.865474670581,0.0945310467285547,7.83476872535818
2019-11-30,Random Forest,HAR+Macro+Option,Random Forest | HAR+Macro+Option,0.361898055470549,0.163362896044419,0.0421110093021128,-2.82336366127889,0.19853515942613,8.03330388478431
2019-12-31,Random Forest,HAR+Macro+Option,Random Forest | HAR+Macro+Option,0.339573241080714,0.215810720241758,0.0206589422087646,-2.80270471907013,0.123762520838957,8.15706640562327
2020-01-31,Random Forest,HAR+Macro+Option,Random Forest | HAR+Macro+Option,0.290235240935301,0.220283944223246,0.0163840782147218,-2.7863206408554,0.069951296712055,8.22701770233532
2020-02-29,Random Forest,HAR+Macro+Option,Random Forest | HAR+Macro+Option,-0.287742838778515,-0.287883118818257,0.000261403288053297,-2.78605923756735,0.000140280039741481,8.22715798237506
2020-03-31,Random Forest,HAR+Macro+Option,Random Forest | HAR+Macro+Option,-1.23379630045065,-1.23379630045065,0,-2.78605923756735,0,8.22715798237506
2020-04-30,Random Forest,HAR+Macro+Option,Random Forest | HAR+Macro+Option,0.693249984777967,-0.001,-0.0266418273140105,-2.81270106488136,0.694249984777967,8.92140796715303
2020-05-31,Random Forest,HAR+Macro+Option,Random Forest | HAR+Macro+Option,0.664630571261885,0.142969477334992,-0.110279193282796,-2.92298025816416,0.521661093926894,9.44306906107992
2020-06-30,Random Forest,HAR+Macro+Option,Random Forest | HAR+Macro+Option,0.0745354838998279,0.0552172423039941,0.0155583498270485,-2.90742190833711,0.0193182415958338,9.46238730267576
2020-07-31,Random Forest,HAR+Macro+Option,Random Forest | HAR+Macro+Option,0.698181202318806,0.123989106969444,-0.133933443587018,-3.04135535192413,0.574192095349362,10.0365793980251
2020-08-31,Random Forest,HAR+Macro+Option,Random Forest | HAR+Macro+Option,0.770865682160162,0.0865067182061815,-0.195766767502192,-3.23712211942632,0.684358963953981,10.7209383619791
2020-09-30,Random Forest,HAR+Macro+Option,Random Forest | HAR+Macro+Option,0.0673601509102647,0.00958042005905899,0.0511113226279873,-3.18601079679833,0.0577797308512057,10.7787180928303
2020-10-31,Random Forest,HAR+Macro+Option,Random Forest | HAR+Macro+Option,0.610576688497435,0.0986448354903913,-0.0326777804443076,-3.21868857724264,0.511931853007044,11.2906499458373
2020-11-30,Random Forest,HAR+Macro+Option,Random Forest | HAR+Macro+Option,0.836864498815264,0.38708436873128,-0.37598169120786,-3.5946702684505,0.449780130083984,11.7404300759213
2020-12-31,Random Forest,HAR+Macro+Option,Random Forest | HAR+Macro+Option,0.61263792838655,0.0534405670833849,0.0004933556718104,-3.59417691277869,0.559197361303165,12.2996274372245
2021-01-31,Random Forest,HAR+Macro+Option,Random Forest | HAR+Macro+Option,0.381332260011654,0.0429333584440178,0.123042372680166,-3.47113454009852,0.338398901567636,12.6380263387921
2021-02-28,Random Forest,HAR+Macro+Option,Random Forest | HAR+Macro+Option,0.775489067435069,0.192346321147121,-0.263436533390774,-3.7345710734893,0.583142746287948,13.2211690850801
2021-03-31,Random Forest,HAR+Macro+Option,Random Forest | HAR+Macro+Option,0.582170688079271,0.094572953102839,-0.00737026492371806,-3.74194133841301,0.487597734976432,13.7087668200565
2021-04-30,Random Forest,HAR+Macro+Option,Random Forest | HAR+Macro+Option,0.297925270998571,0.023495589558332,0.142118544883921,-3.59982279352909,0.274429681440239,13.9831965014968
2021-05-31,Random Forest,HAR+Macro+Option,Random Forest | HAR+Macro+Option,0.264194181785696,0.0354126303404014,0.125964784492614,-3.47385800903648,0.228781551445295,14.211978052942
2021-06-30,Random Forest,HAR+Macro+Option,Random Forest | HAR+Macro+Option,0.193332069749611,0.0176315172244177,0.120100924334143,-3.35375708470234,0.175700552525193,14.3876786054672
2021-07-31,Random Forest,HAR+Macro+Option,Random Forest | HAR+Macro+Option,0.005893739067568,0.0109648870553127,-0.00494290910583591,-3.35869999380817,-0.00507114798774469,14.3826074574795
2021-08-31,Random Forest,HAR+Macro+Option,Random Forest | HAR+Macro+Option,0.0373038898138774,0.039264558089694,-0.00173548028571698,-3.36043547409389,-0.00196066827581654,14.3806467892037
2021-09-30,Random Forest,HAR+Macro+Option,Random Forest | HAR+Macro+Option,0.0285665739690296,0.0066310749489227,0.0207773820300822,-3.33965809206381,0.021935499020107,14.4025822882238
2021-10-31,Random Forest,HAR+Macro+Option,Random Forest | HAR+Macro+Option,0.756568631735445,0.116173641136147,-0.197954678847521,-3.53761277091133,0.640394990599298,15.0429772788231
2021-11-30,Random Forest,HAR+Macro+Option,Random Forest | HAR+Macro+Option,0.159415013730505,0.0155813858895752,0.106078077316244,-3.43153469359508,0.14383362784093,15.186810906664
2021-12-31,Random Forest,HAR+Macro+Option,Random Forest | HAR+Macro+Option,0.633124325769394,0.116304397316124,-0.0641596201155546,-3.49569431371064,0.51681992845327,15.7036308351173
2022-01-31,Random Forest,HAR+Macro+Option,Random Forest | HAR+Macro+Option,-0.530189001815156,-0.0459077612210167,-0.902770523252278,-4.39846483696292,-0.484281240594139,15.2193495945231
2022-02-28,Random Forest,HAR+Macro+Option,Random Forest | HAR+Macro+Option,0.140220865658053,0.0162398064292033,0.0948838194492961,-4.30358101751362,0.12398105922885,15.343330653752
2022-03-31,Random Forest,HAR+Macro+Option,Random Forest | HAR+Macro+Option,0.50829324030999,0.112391795812516,0.0273062909291739,-4.27627472658445,0.395901444497474,15.7392320982495
2022-04-30,Random Forest,HAR+Macro+Option,Random Forest | HAR+Macro+Option,0.179823939012882,0.0155551278751595,0.116126780579378,-4.16014794600507,0.164268811137723,15.9035009093872
2022-05-31,Random Forest,HAR+Macro+Option,Random Forest | HAR+Macro+Option,0.177257263493006,0.059815448889812,0.0756784403004853,-4.08446950570458,0.117441814603194,16.0209427239904
2022-06-30,Random Forest,HAR+Macro+Option,Random Forest | HAR+Macro+Option,0.257051562163708,0.0302354759136461,0.129074103839445,-3.95539540186514,0.226816086250062,16.2477588102405
2022-07-31,Random Forest,HAR+Macro+Option,Random Forest | HAR+Macro+Option,0.602981843756746,0.130395650445533,-0.0472899240565443,-4.00268532592168,0.472586193311213,16.7203450035517
2022-08-31,Random Forest,HAR+Macro+Option,Random Forest | HAR+Macro+Option,0.528908495612295,0.0418883684118945,0.0700357852164249,-3.93264954070526,0.4870201272004,17.2073651307521
2022-09-30,Random Forest,HAR+Macro+Option,Random Forest | HAR+Macro+Option,0.291202499307363,0.059266488159534,0.110006442671693,-3.82264309803356,0.231936011147829,17.4393011418999
2022-10-31,Random Forest,HAR+Macro+Option,Random Forest | HAR+Macro+Option,0.509910904368162,0.150422092551404,0.00341532511773694,-3.81922777291583,0.359488811816758,17.7987899537167
2022-11-30,Random Forest,HAR+Macro+Option,Random Forest | HAR+Macro+Option,0.524803989195073,0.088335639690895,0.0350442867509842,-3.78418348616484,0.436468349504178,18.2352583032208
2022-12-31,Random Forest,HAR+Macro+Option,Random Forest | HAR+Macro+Option,0.260652785583204,0.020639605691772,0.138742357927674,-3.64544112823717,0.240013179891432,18.4752714831123
2023-01-31,Random Forest,HAR+Macro+Option,Random Forest | HAR+Macro+Option,0.4741257758864,0.0498655957525685,0.0907971695536481,-3.55464395868352,0.424260180133832,18.8995316632461
2023-02-28,Random Forest,HAR+Macro+Option,Random Forest | HAR+Macro+Option,0.211599623956041,0.013618032416974,0.131098166461925,-3.4235457922216,0.197981591539067,19.0975132547852
2023-03-31,Random Forest,HAR+Macro+Option,Random Forest | HAR+Macro+Option,0.206642827004932,0.0185654819600538,0.124542473796607,-3.29900331842499,0.188077345044878,19.28559059983
2023-04-30,Random Forest,HAR+Macro+Option,Random Forest | HAR+Macro+Option,0.217882922156337,0.0126403275371878,0.134272809788444,-3.16473050863655,0.205242594619149,19.4908331944492
2023-05-31,Random Forest,HAR+Macro+Option,Random Forest | HAR+Macro+Option,0.139661434472373,0.00701514192572385,0.103462136452685,-3.06126837218386,0.132646292546649,19.6234794869958
2023-06-30,Random Forest,HAR+Macro+Option,Random Forest | HAR+Macro+Option,0.23236854393175,0.0167439843781108,0.135052390759478,-2.92621598142438,0.215624559553639,19.8391040465495
2023-07-31,Random Forest,HAR+Macro+Option,Random Forest | HAR+Macro+Option,0.139881030337776,-2.99060911986188e-05,0.110560883798,-2.81565509762638,0.139910936428975,19.9790149829785
2023-08-31,Random Forest,HAR+Macro+Option,Random Forest | HAR+Macro+Option,0.0663013597251008,0.00326190296247902,0.0564616113269309,-2.75919348629945,0.0630394567626218,20.0420544397411
2023-09-30,Random Forest,HAR+Macro+Option,Random Forest | HAR+Macro+Option,0.0684118692196104,0.00308892672608554,0.0583169789208219,-2.70087650737863,0.0653229424935248,20.1073773822346
2023-10-31,Random Forest,HAR+Macro+Option,Random Forest | HAR+Macro+Option,0.209492335972746,0.0238809949643856,0.120636235642117,-2.58024027173651,0.185611341008361,20.292988723243
2023-11-30,Random Forest,HAR+Macro+Option,Random Forest | HAR+Macro+Option,0.372225094324139,0.0511656671027518,0.11715903418957,-2.46308123754694,0.321059427221387,20.6140481504643
2023-12-31,Random Forest,HAR+Macro+Option,Random Forest | HAR+Macro+Option,0.118537296937032,0.0054586515182081,0.0920467045857128,-2.37103453296123,0.113078645418824,20.7271267958832
2024-01-31,Random Forest,HAR+Macro+Option,Random Forest | HAR+Macro+Option,0.080270581033766,0.00457258497636882,0.0660643095881987,-2.30497022337303,0.0756979960573971,20.8028247919406
2011-03-31,Random Forest,HAR+Option,Random Forest | HAR+Option,0,0,0,0,0,0
2011-04-30,Random Forest,HAR+Option,Random Forest | HAR+Option,0,0,0,0,0,0
2011-05-31,Random Forest,HAR+Option,Random Forest | HAR+Option,0,0,0,0,0,0
2011-06-30,Random Forest,HAR+Option,Random Forest | HAR+Option,0,0,0,0,0,0
2011-07-31,Random Forest,HAR+Option,Random Forest | HAR+Option,0,0,0,0,0,0
2011-08-31,Random Forest,HAR+Option,Random Forest | HAR+Option,0,0,0,0,0,0
2011-09-30,Random Forest,HAR+Option,Random Forest | HAR+Option,0,0,0,0,0,0
2011-10-31,Random Forest,HAR+Option,Random Forest | HAR+Option,0,0,0,0,0,0
2011-11-30,Random Forest,HAR+Option,Random Forest | HAR+Option,0,0,0,0,0,0
2011-12-31,Random Forest,HAR+Option,Random Forest | HAR+Option,0,0,0,0,0,0
2012-01-31,Random Forest,HAR+Option,Random Forest | HAR+Option,0,0,0,0,0,0
2012-02-29,Random Forest,HAR+Option,Random Forest | HAR+Option,0,0,0,0,0,0
2012-03-31,Random Forest,HAR+Option,Random Forest | HAR+Option,0,0,0,0,0,0
2012-04-30,Random Forest,HAR+Option,Random Forest | HAR+Option,0,0,0,0,0,0
2012-05-31,Random Forest,HAR+Option,Random Forest | HAR+Option,0,0,0,0,0,0
2012-06-30,Random Forest,HAR+Option,Random Forest | HAR+Option,0,0,0,0,0,0
2012-07-31,Random Forest,HAR+Option,Random Forest | HAR+Option,0,0,0,0,0,0
2012-08-31,Random Forest,HAR+Option,Random Forest | HAR+Option,0,0,0,0,0,0
2012-09-30,Random Forest,HAR+Option,Random Forest | HAR+Option,0,0,0,0,0,0
2012-10-31,Random Forest,HAR+Option,Random Forest | HAR+Option,0,0,0,0,0,0
2012-11-30,Random Forest,HAR+Option,Random Forest | HAR+Option,0,0,0,0,0,0
2012-12-31,Random Forest,HAR+Option,Random Forest | HAR+Option,0,0,0,0,0,0
2013-01-31,Random Forest,HAR+Option,Random Forest | HAR+Option,0,0,0,0,0,0
2013-02-28,Random Forest,HAR+Option,Random Forest | HAR+Option,0,0,0,0,0,0
2013-03-31,Random Forest,HAR+Option,Random Forest | HAR+Option,0.394836112553282,0.175468308519445,0.0317081613115678,0.0317081613115678,0.219367804033837,0.219367804033837
2013-04-30,Random Forest,HAR+Option,Random Forest | HAR+Option,0.0947356842381069,0.0266324791860234,0.055704863671381,0.0874130249829489,0.0681032050520835,0.28747100908592
2013-05-31,Random Forest,HAR+Option,Random Forest | HAR+Option,0.178854229543902,0.0613932060556952,0.0751314589742882,0.162544483957237,0.117461023488207,0.404932032574127
2013-06-30,Random Forest,HAR+Option,Random Forest | HAR+Option,0.172055713967447,0.0902360828593094,0.0496287040195541,0.212173187976791,0.081819631108138,0.486751663682265
2013-07-31,Random Forest,HAR+Option,Random Forest | HAR+Option,0.64594518271144,0.321858500552483,-0.146391744876377,0.0657814431004138,0.324086682158958,0.810838345841223
2013-08-31,Random Forest,HAR+Option,Random Forest | HAR+Option,0.348211229276724,0.124313791434207,0.0652017256620272,0.130983168762441,0.223897437842516,1.03473578368374
2013-09-30,Random Forest,HAR+Option,Random Forest | HAR+Option,0.749199042715124,0.48456903256479,-0.225108077276388,-0.0941249085139471,0.264630010150334,1.29936579383407
2013-10-31,Random Forest,HAR+Option,Random Forest | HAR+Option,0.662061123280951,0.367611625275856,-0.160330437878022,-0.254455346391969,0.294449498005095,1.59381529183917
2013-11-30,Random Forest,HAR+Option,Random Forest | HAR+Option,0.221643228606364,0.0918904760444254,0.068729960762866,-0.185725385629103,0.129752752561939,1.72356804440111
2013-12-31,Random Forest,HAR+Option,Random Forest | HAR+Option,0.178769275737611,0.0941149689448446,0.0500030669403749,-0.135722318688728,0.0846543067927661,1.80822235119387
2014-01-31,Random Forest,HAR+Option,Random Forest | HAR+Option,0.202098134211617,0.0868676815613816,0.0652839600222845,-0.0704383586664438,0.115230452650235,1.92345280384411
2014-02-28,Random Forest,HAR+Option,Random Forest | HAR+Option,0.668838253676007,0.457599014276071,-0.145682388170972,-0.216120746837416,0.211239239399936,2.13469204324404
2014-03-31,Random Forest,HAR+Option,Random Forest | HAR+Option,0.16068092782301,0.0637548171737545,0.0642955848694486,-0.151825161967968,0.0969261106492552,2.2316181538933
2014-04-30,Random Forest,HAR+Option,Random Forest | HAR+Option,0.165741881704493,0.0682841487204426,0.0632462634073444,-0.0885788985606232,0.0974577329840502,2.32907588687735
2014-05-31,Random Forest,HAR+Option,Random Forest | HAR+Option,0.22085006053185,0.0818689488840123,0.0758727749795144,-0.0127061235811088,0.138981111647837,2.46805699852519
2014-06-30,Random Forest,HAR+Option,Random Forest | HAR+Option,0.136358761726561,0.0221490103460841,0.0870550515200415,0.0743489279389327,0.114209751380476,2.58226674990566
2014-07-31,Random Forest,HAR+Option,Random Forest | HAR+Option,0.101717028440133,0.0332927377263201,0.0545673694797472,0.12891629741868,0.0684242907138133,2.65069104061948
2014-08-31,Random Forest,HAR+Option,Random Forest | HAR+Option,0.685747995482322,0.429362605345921,-0.172461709521478,-0.0435454121027979,0.256385390136402,2.90707643075588
2014-09-30,Random Forest,HAR+Option,Random Forest | HAR+Option,0.115986878909251,0.0272817679997234,0.0696421190886501,0.0260967069858522,0.0887051109095281,2.99578154166541
2014-10-31,Random Forest,HAR+Option,Random Forest | HAR+Option,-0.101148015140328,-0.057714677182973,-0.0537832434640954,-0.0276865364782432,-0.0434333379573554,2.95234820370805
2014-11-30,Random Forest,HAR+Option,Random Forest | HAR+Option,0.360837551596203,0.0573494880625578,0.113115901242288,0.0854293647640446,0.303488063533646,3.2558362672417
2014-12-31,Random Forest,HAR+Option,Random Forest | HAR+Option,0.0811164095896528,0.0399934587136626,0.0336523581287379,0.119081722892782,0.0411229508759902,3.29695921811769
2015-01-31,Random Forest,HAR+Option,Random Forest | HAR+Option,0.0654199426914109,0.112965194580902,-0.0348232024620605,0.0842585204307219,-0.0475452518894907,3.2494139662282
2015-02-28,Random Forest,HAR+Option,Random Forest | HAR+Option,0.764374482533886,0.764644667948708,0.000349492595343337,0.0846080130260653,-0.0002701854148216,3.24914378081337
2015-03-31,Random Forest,HAR+Option,Random Forest | HAR+Option,0.171396182713151,0.0708223446123891,0.0640325676723962,0.148640580698461,0.100573838100762,3.34971761891414
2015-04-30,Random Forest,HAR+Option,Random Forest | HAR+Option,0.452363344846815,0.301817108353548,-0.0197623068058848,0.128878273892577,0.150546236493267,3.5002638554074
2015-05-31,Random Forest,HAR+Option,Random Forest | HAR+Option,0.566277667397877,0.304937161294748,-0.0801850802794928,0.0486931936130839,0.261340506103129,3.76160436151053
2015-06-30,Random Forest,HAR+Option,Random Forest | HAR+Option,0.380880476694492,0.177160629279991,0.0331937739742892,0.081886967587373,0.203719847414501,3.96532420892503
2015-07-31,Random Forest,HAR+Option,Random Forest | HAR+Option,0.722664583637379,0.596706655346258,-0.123319973572782,-0.0414330059854093,0.125957928291122,4.09128213721615
2015-08-31,Random Forest,HAR+Option,Random Forest | HAR+Option,-0.805884630545548,-0.241669931735991,-1.45078322157594,-1.49221622756135,-0.564214698809557,3.5270674384066
2015-09-30,Random Forest,HAR+Option,Random Forest | HAR+Option,0.560871872709205,0.560562860300312,-0.000210793463502057,-1.49242702102485,0.000309012408892695,3.52737645081549
2015-10-31,Random Forest,HAR+Option,Random Forest | HAR+Option,0.730147480082286,0.730147480082286,0,-1.49242702102485,0,3.52737645081549
2015-11-30,Random Forest,HAR+Option,Random Forest | HAR+Option,0.259977688078295,0.111309619867665,0.0658702179754534,-1.4265568030494,0.14866806821063,3.67604451902612
2015-12-31,Random Forest,HAR+Option,Random Forest | HAR+Option,0.227986002272435,0.126802388221017,0.0473354566909984,-1.3792213463584,0.101183614051418,3.77722813307754
2016-01-31,Random Forest,HAR+Option,Random Forest | HAR+Option,-0.491850780802302,-0.309060301179694,-0.402388860838436,-1.78161020719684,-0.182790479622609,3.59443765345493
2016-02-29,Random Forest,HAR+Option,Random Forest | HAR+Option,0.180886793278786,0.112811604373279,0.0380848280533936,-1.74352537914344,0.0680751889055073,3.66251284236044
2016-03-31,Random Forest,HAR+Option,Random Forest | HAR+Option,0.740821571562517,0.664228335607363,-0.0848327426477911,-1.82835812179123,0.0765932359551544,3.73910607831559
2016-04-30,Random Forest,HAR+Option,Random Forest | HAR+Option,0.225277326287234,0.100929666721317,0.0635030453939439,-1.76485507639729,0.124347659565917,3.86345373788151
2016-05-31,Random Forest,HAR+Option,Random Forest | HAR+Option,0.584456611318951,0.300093812574928,-0.09293705250899,-1.85779212890628,0.284362798744023,4.14781653662553
2016-06-30,Random Forest,HAR+Option,Random Forest | HAR+Option,0.25259053684367,0.0910668676520279,0.0782604618131099,-1.77953166709317,0.161523669191642,4.30934020581717
2016-07-31,Random Forest,HAR+Option,Random Forest | HAR+Option,0.51082956645761,0.265927965261995,-0.0404421436927126,-1.81997381078588,0.244901601195616,4.55424180701279
2016-08-31,Random Forest,HAR+Option,Random Forest | HAR+Option,0.180488259317657,0.0213272252703702,0.11097929222661,-1.70899451855927,0.159161034047286,4.71340284106008
2016-09-30,Random Forest,HAR+Option,Random Forest | HAR+Option,0.190221137363543,0.0917809713876799,0.0567996643893425,-1.65219485416993,0.0984401659758631,4.81184300703594
2016-10-31,Random Forest,HAR+Option,Random Forest | HAR+Option,0.194459426884756,0.101343358246007,0.0518000799730956,-1.60039477419683,0.0931160686387497,4.90495907567469
2016-11-30,Random Forest,HAR+Option,Random Forest | HAR+Option,0.672866055247452,0.52721405579883,-0.116539102060001,-1.71693387625684,0.145651999448622,5.05061107512331
2016-12-31,Random Forest,HAR+Option,Random Forest | HAR+Option,0.262784419520567,0.0856585820767058,0.0845484497548068,-1.63238542650203,0.177125837443861,5.22773691256717
2017-01-31,Random Forest,HAR+Option,Random Forest | HAR+Option,0.480582873677325,0.233463365641643,-0.0175626250271664,-1.6499480515292,0.247119508035682,5.47485642060285
2017-02-28,Random Forest,HAR+Option,Random Forest | HAR+Option,0.246176960103817,0.0359892626174704,0.121225894493036,-1.52872215703616,0.210187697486347,5.6850441180892
2017-03-31,Random Forest,HAR+Option,Random Forest | HAR+Option,0.321785342022997,0.11482899815911,0.0714161825799388,-1.45730597445622,0.206956343863887,5.89200046195309
2017-04-30,Random Forest,HAR+Option,Random Forest | HAR+Option,0.241935181875361,0.0352047811794235,0.120790517279178,-1.33651545717704,0.206730400695938,6.09873086264903
2017-05-31,Random Forest,HAR+Option,Random Forest | HAR+Option,0.144530132451872,-7.32413901954805e-05,0.113269943108686,-1.22324551406836,0.144603373842067,6.24333423649109
2017-06-30,Random Forest,HAR+Option,Random Forest | HAR+Option,0.136436695061551,0,0.108514237422573,-1.11473127664578,0.136436695061551,6.37977093155264
2017-07-31,Random Forest,HAR+Option,Random Forest | HAR+Option,0.245549496421636,0.00557923525817179,0.149575120173185,-0.965156156472599,0.239970261163464,6.61974119271611
2017-08-31,Random Forest,HAR+Option,Random Forest | HAR+Option,0.0714499937800191,-8.2461143731794e-06,0.0638005875796427,-0.901355568892956,0.0714582398943923,6.6911994326105
2017-09-30,Random Forest,HAR+Option,Random Forest | HAR+Option,0.181763072440699,0.0133123215406859,0.119159856002593,-0.782195712890363,0.168450750900013,6.85965018351051
2017-10-31,Random Forest,HAR+Option,Random Forest | HAR+Option,0.113770086167997,-1.88543298554881e-05,0.0943734922710711,-0.687822220619292,0.113788940497853,6.97343912400837
2017-11-30,Random Forest,HAR+Option,Random Forest | HAR+Option,0.186367061525695,0.00674974978463467,0.12758662799171,-0.560235592627583,0.17961731174106,7.15305643574943
2017-12-31,Random Forest,HAR+Option,Random Forest | HAR+Option,0.261382185387695,0.0647889592540245,0.100408669738429,-0.459826922889154,0.19659322613367,7.3496496618831
2018-01-31,Random Forest,HAR+Option,Random Forest | HAR+Option,0.0754457913149196,-0.000123708789449894,0.0670314219194648,-0.392795500969689,0.0755695001043695,7.42521916198747
2018-02-28,Random Forest,HAR+Option,Random Forest | HAR+Option,-0.382784066226503,-0.200849515807427,-0.341209220454303,-0.734004721423991,-0.181934550419076,7.24328461156839
2018-03-31,Random Forest,HAR+Option,Random Forest | HAR+Option,0.0641329426149962,0.059175218653565,0.00404073222278948,-0.729963989201202,0.00495772396143124,7.24824233552982
2018-04-30,Random Forest,HAR+Option,Random Forest | HAR+Option,0.306427444304022,0.306374719519571,4.25999145295397e-06,-0.729959729209749,5.27247844511747e-05,7.24829506031427
2018-05-31,Random Forest,HAR+Option,Random Forest | HAR+Option,0.411266044955647,0.170292435121228,0.0307632404235051,-0.699196488786244,0.240973609834418,7.48926867014869
2018-06-30,Random Forest,HAR+Option,Random Forest | HAR+Option,0.223616692895414,0.11760425950779,0.0517519381569647,-0.647444550629279,0.106012433387624,7.59528110353632
2018-07-31,Random Forest,HAR+Option,Random Forest | HAR+Option,0.4666739585012,0.317615814172277,-0.0262990228673691,-0.673743573496648,0.149058144328923,7.74433924786524
2018-08-31,Random Forest,HAR+Option,Random Forest | HAR+Option,0.292392312748508,0.0556704223697705,0.113130787437349,-0.5606127860593,0.236721890378738,7.98106113824398
2018-09-30,Random Forest,HAR+Option,Random Forest | HAR+Option,0.224925295600638,0.04564206887423,0.106520941501536,-0.454091844557764,0.179283226726408,8.16034436497038
2018-10-31,Random Forest,HAR+Option,Random Forest | HAR+Option,-1.1039478939109,-0.213329053676886,-2.65040634122546,-3.10449818578323,-0.890618840234013,7.26972552473637
2018-11-30,Random Forest,HAR+Option,Random Forest | HAR+Option,0.366629995642265,0.366310623909752,-3.17490407301946e-05,-3.10452993482396,0.000319371732513007,7.27004489646888
2018-12-31,Random Forest,HAR+Option,Random Forest | HAR+Option,-1.0417950388203,-0.92375982350094,-0.466042252413509,-3.57057218723747,-0.118035215319359,7.15200968114952
2019-01-31,Random Forest,HAR+Option,Random Forest | HAR+Option,0.644102296251811,0.643988887548928,-0.000105712422641457,-3.57067789966011,0.000113408702882678,7.15212308985241
2019-02-28,Random Forest,HAR+Option,Random Forest | HAR+Option,0.534517611993234,0.202713100948001,-0.0351202033072596,-3.60579810296737,0.331804511045234,7.48392760089764
2019-03-31,Random Forest,HAR+Option,Random Forest | HAR+Option,0.274451446221263,0.159858691078875,0.0399395623131506,-3.56585854065422,0.114592755142388,7.59852035604003
2019-04-30,Random Forest,HAR+Option,Random Forest | HAR+Option,0.452642929190072,0.21702687150704,-0.00106137990142086,-3.56691992055564,0.235616057683033,7.83413641372306
2019-05-31,Random Forest,HAR+Option,Random Forest | HAR+Option,-0.143641444997335,-0.0888921958813453,-0.0738458124644624,-3.6407657330201,-0.0547492491159899,7.77938716460707
2019-06-30,Random Forest,HAR+Option,Random Forest | HAR+Option,0.750793201805292,0.750632323973839,-0.000201441292559279,-3.64096717431266,0.000160877831452355,7.77954804243852
2019-07-31,Random Forest,HAR+Option,Random Forest | HAR+Option,0.743706044168984,0.445771835258862,-0.233645017625015,-3.87461219193767,0.297934208910122,8.07748225134865
2019-08-31,Random Forest,HAR+Option,Random Forest | HAR+Option,-0.17233759927153,-0.111307602738927,-0.0869962950753857,-3.96160848701306,-0.0610299965326039,8.01645225481604
2019-09-30,Random Forest,HAR+Option,Random Forest | HAR+Option,0.692210919011603,0.538832224746234,-0.129844990695499,-4.09145347770856,0.153378694265369,8.16983094908141
2019-10-31,Random Forest,HAR+Option,Random Forest | HAR+Option,0.589629176223792,0.460069038681871,-0.0744384301091089,-4.16589190781767,0.129560137541921,8.29939108662333
2019-11-30,Random Forest,HAR+Option,Random Forest | HAR+Option,0.447211906252446,0.163362896044419,0.0238824302731367,-4.14200947754453,0.283849010208028,8.58324009683136
2019-12-31,Random Forest,HAR+Option,Random Forest | HAR+Option,0.245048767314677,0.215810720241758,0.00902609998615453,-4.13298337755838,0.0292380470729192,8.61247814390428
2020-01-31,Random Forest,HAR+Option,Random Forest | HAR+Option,0.246841864440656,0.220283944223246,0.00794908528042623,-4.12503429227795,0.0265579202174093,8.63903606412169
2020-02-29,Random Forest,HAR+Option,Random Forest | HAR+Option,-0.287829805231939,-0.287883118818257,9.93535673227131e-05,-4.12493493871063,5.33135863172718e-05,8.63908937770801
2020-03-31,Random Forest,HAR+Option,Random Forest | HAR+Option,-1.23379630045065,-1.23379630045065,0,-4.12493493871063,0,8.63908937770801
2020-04-30,Random Forest,HAR+Option,Random Forest | HAR+Option,0.693249984777967,-0.001,-0.0266418273140105,-4.15157676602464,0.694249984777967,9.33333936248597
2020-05-31,Random Forest,HAR+Option,Random Forest | HAR+Option,0.664630571261885,0.142969477334992,-0.110279193282796,-4.26185595930743,0.521661093926894,9.85500045641287
2020-06-30,Random Forest,HAR+Option,Random Forest | HAR+Option,0.348241914885737,0.0552172423039941,0.115689441428303,-4.14616651787913,0.293024672581743,10.1480251289946
2020-07-31,Random Forest,HAR+Option,Random Forest | HAR+Option,0.698964918188293,0.123989106969444,-0.134792176097481,-4.28095869397661,0.574975811218849,10.7230009402135
2020-08-31,Random Forest,HAR+Option,Random Forest | HAR+Option,0.799082647221521,0.0865067182061815,-0.233998568178286,-4.5149572621549,0.71257592901534,11.4355768692288
2020-09-30,Random Forest,HAR+Option,Random Forest | HAR+Option,0.0613633140484468,0.00958042005905899,0.0462723861956374,-4.46868487595926,0.0517828939893878,11.4873597632182
2020-10-31,Random Forest,HAR+Option,Random Forest | HAR+Option,0.610496689231178,0.0986448354903913,-0.0326112522491683,-4.50129612820843,0.511851853740787,11.999211616959
2020-11-30,Random Forest,HAR+Option,Random Forest | HAR+Option,0.836864498815264,0.38708436873128,-0.37598169120786,-4.87727781941629,0.449780130083984,12.448991747043
2020-12-31,Random Forest,HAR+Option,Random Forest | HAR+Option,0.758180108915548,0.0534405670833849,-0.153232233185335,-5.03051005260162,0.704739541832163,13.1537312888751
2021-01-31,Random Forest,HAR+Option,Random Forest | HAR+Option,0.441900186070601,0.0429333584440178,0.108818075853659,-4.92169197674796,0.398966827626583,13.5526981165017
2021-02-28,Random Forest,HAR+Option,Random Forest | HAR+Option,0.775617574994339,0.192346321147121,-0.263607019224684,-5.18529899597265,0.583271253847218,14.1359693703489
2021-03-31,Random Forest,HAR+Option,Random Forest | HAR+Option,0.582170688079271,0.094572953102839,-0.00737026492371806,-5.19266926089637,0.487597734976432,14.6235671053254
2021-04-30,Random Forest,HAR+Option,Random Forest | HAR+Option,0.415767360250577,0.023495589558332,0.133806088010686,-5.05886317288568,0.392271770692245,15.0158388760176
2021-05-31,Random Forest,HAR+Option,Random Forest | HAR+Option,0.300388956748246,0.0354126303404014,0.131507119984834,-4.92735605290085,0.264976326407845,15.2808152024254
2021-06-30,Random Forest,HAR+Option,Random Forest | HAR+Option,0.225899375671706,0.0176315172244177,0.132188372153441,-4.79516768074741,0.208267858447288,15.4890830608727
2021-07-31,Random Forest,HAR+Option,Random Forest | HAR+Option,0.106978447412069,0.0109648870553127,0.079027321162915,-4.71614035958449,0.0960135603567567,15.5850966212295
2021-08-31,Random Forest,HAR+Option,Random Forest | HAR+Option,0.298578922278603,0.039264558089694,0.127902863228299,-4.58823749635619,0.259314364188909,15.8444109854184
2021-09-30,Random Forest,HAR+Option,Random Forest | HAR+Option,0.0585431083607471,0.0066310749489227,0.0468370468394845,-4.54140044951671,0.0519120334118244,15.8963230188302
2021-10-31,Random Forest,HAR+Option,Random Forest | HAR+Option,0.756706468893918,0.116173641136147,-0.198129719998836,-4.73953016951554,0.640532827757771,16.536855846588
2021-11-30,Random Forest,HAR+Option,Random Forest | HAR+Option,0.232598556543526,0.0155813858895752,0.136228207274113,-4.60330196224143,0.217017170653951,16.7538730172419
2021-12-31,Random Forest,HAR+Option,Random Forest | HAR+Option,0.633278051544009,0.116304397316124,-0.0642979123705797,-4.66759987461201,0.516973654227884,17.2708466714698
2022-01-31,Random Forest,HAR+Option,Random Forest | HAR+Option,-0.768808551038632,-0.0459077612210167,-1.60633938823231,-6.27393926284432,-0.722900789817615,16.5479458816522
2022-02-28,Random Forest,HAR+Option,Random Forest | HAR+Option,0.14037867717012,0.0162398064292033,0.0949752082041544,-6.17896405464016,0.124138870740917,16.6720847523931
2022-03-31,Random Forest,HAR+Option,Random Forest | HAR+Option,0.50829324030999,0.112391795812516,0.0273062909291739,-6.15165776371099,0.395901444497474,17.0679861968906
2022-04-30,Random Forest,HAR+Option,Random Forest | HAR+Option,0.180545532944788,0.0155551278751595,0.116458313874971,-6.03519944983602,0.164990405069629,17.2329766019602
2022-05-31,Random Forest,HAR+Option,Random Forest | HAR+Option,0.177260721357197,0.059815448889812,0.0756800593521089,-5.95951939048391,0.117445272467385,17.3504218744276
2022-06-30,Random Forest,HAR+Option,Random Forest | HAR+Option,0.257051562163708,0.0302354759136461,0.129074103839445,-5.83044528664446,0.226816086250062,17.5772379606777
2022-07-31,Random Forest,HAR+Option,Random Forest | HAR+Option,0.602981843756746,0.130395650445533,-0.0472899240565443,-5.87773521070101,0.472586193311213,18.0498241539889
2022-08-31,Random Forest,HAR+Option,Random Forest | HAR+Option,0.468894096532594,0.0418883684118945,0.0998451705883389,-5.77789004011267,0.4270057281207,18.4768298821096
2022-09-30,Random Forest,HAR+Option,Random Forest | HAR+Option,0.291089245038793,0.059266488159534,0.109992108941524,-5.66789793117115,0.231822756879259,18.7086526389889
2022-10-31,Random Forest,HAR+Option,Random Forest | HAR+Option,0.509910904368162,0.150422092551404,0.00341532511773694,-5.66448260605341,0.359488811816758,19.0681414508056
2022-11-30,Random Forest,HAR+Option,Random Forest | HAR+Option,0.524803989195073,0.088335639690895,0.0350442867509842,-5.62943831930242,0.436468349504178,19.5046098003098
2022-12-31,Random Forest,HAR+Option,Random Forest | HAR+Option,0.291691643559986,0.020639605691772,0.144065005468793,-5.48537331383363,0.271052037868214,19.775661838178
2023-01-31,Random Forest,HAR+Option,Random Forest | HAR+Option,0.358481598767322,0.0498655957525685,0.119582284492229,-5.3657910293414,0.308616003014753,20.0842778411928
2023-02-28,Random Forest,HAR+Option,Random Forest | HAR+Option,0.165175555826886,0.013618032416974,0.110911253256195,-5.25487977608521,0.151557523409912,20.2358353646027
2023-03-31,Random Forest,HAR+Option,Random Forest | HAR+Option,0.180618546954522,0.0185654819600538,0.113635491419138,-5.14124428466607,0.162053064994468,20.3978884295971
2023-04-30,Random Forest,HAR+Option,Random Forest | HAR+Option,0.163971194945459,0.0126403275371878,0.11124070507088,-5.03000357959519,0.151330867408272,20.5492192970054
2023-05-31,Random Forest,HAR+Option,Random Forest | HAR+Option,0.192747350737045,0.00701514192572385,0.130078715311454,-4.89992486428374,0.185732208811321,20.7349515058167
2023-06-30,Random Forest,HAR+Option,Random Forest | HAR+Option,0.337272427519701,0.0167439843781108,0.150319949113324,-4.74960491517041,0.32052844314159,21.0554799489583
2023-07-31,Random Forest,HAR+Option,Random Forest | HAR+Option,0.167450306533543,-2.99060911986188e-05,0.125420806229037,-4.62418410894138,0.167480212624742,21.2229601615831
2023-08-31,Random Forest,HAR+Option,Random Forest | HAR+Option,0.0792112836673608,0.00326190296247902,0.0665536995309401,-4.55763040941043,0.0759493807048817,21.2989095422879
2023-09-30,Random Forest,HAR+Option,Random Forest | HAR+Option,0.123832410810832,0.00308892672608554,0.097756097336391,-4.45987431207404,0.120743484084746,21.4196530263727
2023-10-31,Random Forest,HAR+Option,Random Forest | HAR+Option,0.246733929747305,0.0238809949643856,0.132391939530831,-4.32748237254321,0.22285293478292,21.6425059611556
2023-11-30,Random Forest,HAR+Option,Random Forest | HAR+Option,0.488233276466325,0.0511656671027518,0.0834368992251134,-4.2440454733181,0.437067609363573,22.0795735705192
2023-12-31,Random Forest,HAR+Option,Random Forest | HAR+Option,0.129307292072579,0.0054586515182081,0.0988127721942519,-4.14523270112385,0.123848640554371,22.2034222110736
2024-01-31,Random Forest,HAR+Option,Random Forest | HAR+Option,0.0901780354644693,0.00457258497636882,0.073438696167803,-4.07179400495604,0.0856054504881005,22.2890276615617
2011-03-31,Stacked Elastic Net,Multiple,Stacked Elastic Net | Multiple,0,0,0,0,0,0
2011-04-30,Stacked Elastic Net,Multiple,Stacked Elastic Net | Multiple,0,0,0,0,0,0
2011-05-31,Stacked Elastic Net,Multiple,Stacked Elastic Net | Multiple,0,0,0,0,0,0
2011-06-30,Stacked Elastic Net,Multiple,Stacked Elastic Net | Multiple,0,0,0,0,0,0
2011-07-31,Stacked Elastic Net,Multiple,Stacked Elastic Net | Multiple,0,0,0,0,0,0
2011-08-31,Stacked Elastic Net,Multiple,Stacked Elastic Net | Multiple,0,0,0,0,0,0
2011-09-30,Stacked Elastic Net,Multiple,Stacked Elastic Net | Multiple,0,0,0,0,0,0
2011-10-31,Stacked Elastic Net,Multiple,Stacked Elastic Net | Multiple,0,0,0,0,0,0
2011-11-30,Stacked Elastic Net,Multiple,Stacked Elastic Net | Multiple,0,0,0,0,0,0
2011-12-31,Stacked Elastic Net,Multiple,Stacked Elastic Net | Multiple,0,0,0,0,0,0
2012-01-31,Stacked Elastic Net,Multiple,Stacked Elastic Net | Multiple,0,0,0,0,0,0
2012-02-29,Stacked Elastic Net,Multiple,Stacked Elastic Net | Multiple,0,0,0,0,0,0
2012-03-31,Stacked Elastic Net,Multiple,Stacked Elastic Net | Multiple,0,0,0,0,0,0
2012-04-30,Stacked Elastic Net,Multiple,Stacked Elastic Net | Multiple,0,0,0,0,0,0
2012-05-31,Stacked Elastic Net,Multiple,Stacked Elastic Net | Multiple,0,0,0,0,0,0
2012-06-30,Stacked Elastic Net,Multiple,Stacked Elastic Net | Multiple,0,0,0,0,0,0
2012-07-31,Stacked Elastic Net,Multiple,Stacked Elastic Net | Multiple,0,0,0,0,0,0
2012-08-31,Stacked Elastic Net,Multiple,Stacked Elastic Net | Multiple,0,0,0,0,0,0
2012-09-30,Stacked Elastic Net,Multiple,Stacked Elastic Net | Multiple,0,0,0,0,0,0
2012-10-31,Stacked Elastic Net,Multiple,Stacked Elastic Net | Multiple,0,0,0,0,0,0
2012-11-30,Stacked Elastic Net,Multiple,Stacked Elastic Net | Multiple,0,0,0,0,0,0
2012-12-31,Stacked Elastic Net,Multiple,Stacked Elastic Net | Multiple,0,0,0,0,0,0
2013-01-31,Stacked Elastic Net,Multiple,Stacked Elastic Net | Multiple,0,0,0,0,0,0
2013-02-28,Stacked Elastic Net,Multiple,Stacked Elastic Net | Multiple,0,0,0,0,0,0
2013-03-31,Stacked Elastic Net,Multiple,Stacked Elastic Net | Multiple,0.283554807902635,0.175468308519445,0.0336651966981524,0.0336651966981524,0.10808649938319,0.10808649938319
2013-04-30,Stacked Elastic Net,Multiple,Stacked Elastic Net | Multiple,0.0494613488213921,0.0266324791860234,0.0202231655159126,0.053888362214065,0.0228288696353688,0.130915369018559
2013-05-31,Stacked Elastic Net,Multiple,Stacked Elastic Net | Multiple,0.14314932563324,0.0613932060556952,0.0566722140583632,0.110560576272428,0.0817561195775445,0.212671488596103
2013-06-30,Stacked Elastic Net,Multiple,Stacked Elastic Net | Multiple,0.14607759649082,0.0902360828593094,0.0360473433113968,0.146607919583825,0.0558415136315109,0.268513002227614
2013-07-31,Stacked Elastic Net,Multiple,Stacked Elastic Net | Multiple,0.503819360789343,0.321858500552483,-0.0434007206555742,0.103207198928251,0.18196086023686,0.450473862464475
2013-08-31,Stacked Elastic Net,Multiple,Stacked Elastic Net | Multiple,0.20643936278339,0.124313791434207,0.0413806337006859,0.144587832628937,0.0821255713491828,0.532599433813657
2013-09-30,Stacked Elastic Net,Multiple,Stacked Elastic Net | Multiple,0.698656216521758,0.48456903256479,-0.165882858388614,-0.0212950257596769,0.214087183956968,0.746686617770626
2013-10-31,Stacked Elastic Net,Multiple,Stacked Elastic Net | Multiple,0.603890115789135,0.367611625275856,-0.108038956851509,-0.129333982611185,0.236278490513278,0.982965108283904
2013-11-30,Stacked Elastic Net,Multiple,Stacked Elastic Net | Multiple,0.171040268816007,0.0918904760444254,0.0479334218181103,-0.0814005607930752,0.0791497927715815,1.06211490105549
2013-12-31,Stacked Elastic Net,Multiple,Stacked Elastic Net | Multiple,0.165068787833284,0.0941149689448446,0.0433687028825485,-0.0380318579105267,0.0709538188884396,1.13306871994393
2014-01-31,Stacked Elastic Net,Multiple,Stacked Elastic Net | Multiple,0.172027206707211,0.0868676815613816,0.0520884765243757,0.014056618613849,0.0851595251458296,1.21822824508975
2014-02-28,Stacked Elastic Net,Multiple,Stacked Elastic Net | Multiple,0.668764328516942,0.457599014276071,-0.145607989604556,-0.131551370990707,0.211165314240871,1.42939355933063
2014-03-31,Stacked Elastic Net,Multiple,Stacked Elastic Net | Multiple,0.133186819110606,0.0637548171737545,0.048920923828938,-0.082630447161769,0.0694320019368518,1.49882556126748
2014-04-30,Stacked Elastic Net,Multiple,Stacked Elastic Net | Multiple,0.120393080408746,0.0682841487204426,0.0373612784225566,-0.0452691687392124,0.0521089316883035,1.55093449295578
2014-05-31,Stacked Elastic Net,Multiple,Stacked Elastic Net | Multiple,0.100696305556433,0.0818689488840123,0.0136715249304087,-0.0315976438088038,0.018827356672421,1.5697618496282
2014-06-30,Stacked Elastic Net,Multiple,Stacked Elastic Net | Multiple,0.0908859153334942,0.0221490103460841,0.0570823985673659,0.0254847547585621,0.0687369049874101,1.63849875461561
2014-07-31,Stacked Elastic Net,Multiple,Stacked Elastic Net | Multiple,0.0111911100244537,0.0332927377263201,-0.0206268795392652,0.00485787521929694,-0.0221016277018664,1.61639712691375
2014-08-31,Stacked Elastic Net,Multiple,Stacked Elastic Net | Multiple,0.671431661780159,0.429362605345921,-0.157633287922905,-0.152775412703608,0.242069056434238,1.85846618334798
2014-09-30,Stacked Elastic Net,Multiple,Stacked Elastic Net | Multiple,0.0849676278016888,0.0272817679997234,0.047973055438382,-0.104802357265226,0.0576858598019654,1.91615204314995
2014-10-31,Stacked Elastic Net,Multiple,Stacked Elastic Net | Multiple,-0.0837132856877749,-0.057714677182973,-0.0315140038622643,-0.13631636112749,-0.0259986085048019,1.89015343464515
2014-11-30,Stacked Elastic Net,Multiple,Stacked Elastic Net | Multiple,0.114236616948295,0.0573494880625578,0.0422455675796064,-0.0940707935478837,0.0568871288857375,1.94704056353089
2014-12-31,Stacked Elastic Net,Multiple,Stacked Elastic Net | Multiple,0.0504702479936672,0.0399934587136626,0.00905513549101337,-0.0850156580568704,0.0104767892800046,1.95751735281089
2015-01-31,Stacked Elastic Net,Multiple,Stacked Elastic Net | Multiple,0.162081070276823,0.112965194580902,0.0288521684628524,-0.056163489594018,0.0491158756959218,2.00663322850681
2015-02-28,Stacked Elastic Net,Multiple,Stacked Elastic Net | Multiple,0.764922927530424,0.764644667948708,-0.000360165677271151,-0.0565236552712891,0.000278259581716456,2.00691148808853
2015-03-31,Stacked Elastic Net,Multiple,Stacked Elastic Net | Multiple,0.159593104565349,0.0708223446123891,0.0580895281603443,0.00156587288905511,0.0887707599529599,2.09568224804149
2015-04-30,Stacked Elastic Net,Multiple,Stacked Elastic Net | Multiple,0.465971398178028,0.301817108353548,-0.0248993757131535,-0.0233335028240984,0.16415428982448,2.25983653786597
2015-05-31,Stacked Elastic Net,Multiple,Stacked Elastic Net | Multiple,0.492310590541499,0.304937161294748,-0.0367011385844793,-0.0600346414085776,0.187373429246751,2.44720996711272
2015-06-30,Stacked Elastic Net,Multiple,Stacked Elastic Net | Multiple,0.331168101758478,0.177160629279991,0.03657783789534,-0.0234568035132377,0.154007472478487,2.60121743959121
2015-07-31,Stacked Elastic Net,Multiple,Stacked Elastic Net | Multiple,0.72257386759295,0.596706655346258,-0.123214030143882,-0.14667083365712,0.125867212246692,2.7270846518379
2015-08-31,Stacked Elastic Net,Multiple,Stacked Elastic Net | Multiple,-0.318936015188139,-0.241669931735991,-0.142239822270363,-0.288910655927483,-0.077266083452148,2.64981856838575
2015-09-30,Stacked Elastic Net,Multiple,Stacked Elastic Net | Multiple,0.560605095592764,0.560562860300312,-2.87939923054315e-05,-0.288939449919789,4.22352924520641e-05,2.6498608036782
2015-10-31,Stacked Elastic Net,Multiple,Stacked Elastic Net | Multiple,0.730147480082286,0.730147480082286,0,-0.288939449919789,0,2.6498608036782
2015-11-30,Stacked Elastic Net,Multiple,Stacked Elastic Net | Multiple,0.14777642020227,0.111309619867665,0.0222947419955346,-0.266644707924254,0.0364668003346054,2.68632760401281
2015-12-31,Stacked Elastic Net,Multiple,Stacked Elastic Net | Multiple,0.227905586553851,0.126802388221017,0.0473100322469822,-0.219334675677272,0.101103198332834,2.78743080234564
2016-01-31,Stacked Elastic Net,Multiple,Stacked Elastic Net | Multiple,-0.44312187971564,-0.309060301179694,-0.285319674312106,-0.504654349989377,-0.134061578535947,2.65336922380969
2016-02-29,Stacked Elastic Net,Multiple,Stacked Elastic Net | Multiple,0.100747751269933,0.112811604373279,-0.00819933006035875,-0.512853680049736,-0.0120638531033462,2.64130537070635
2016-03-31,Stacked Elastic Net,Multiple,Stacked Elastic Net | Multiple,0.740380429260706,0.664228335607363,-0.0842937536594672,-0.597147433709203,0.0761520936533437,2.71745746435969
2016-04-30,Stacked Elastic Net,Multiple,Stacked Elastic Net | Multiple,0.181399439338845,0.100929666721317,0.0463913341655715,-0.550756099543632,0.0804697726175285,2.79792723697722
2016-05-31,Stacked Elastic Net,Multiple,Stacked Elastic Net | Multiple,0.369102927427636,0.300093812574928,-0.000261897182134013,-0.551017996725766,0.0690091148527074,2.86693635182993
2016-06-30,Stacked Elastic Net,Multiple,Stacked Elastic Net | Multiple,0.171244307674443,0.0910668676520279,0.0486302822319941,-0.502387714493772,0.0801774400224152,2.94711379185234
2016-07-31,Stacked Elastic Net,Multiple,Stacked Elastic Net | Multiple,0.378965967801193,0.265927965261995,0.00369171947453301,-0.498695995019239,0.113038002539199,3.06015179439154
2016-08-31,Stacked Elastic Net,Multiple,Stacked Elastic Net | Multiple,0.145371310899133,0.0213272252703702,0.0930271343865639,-0.405668860632675,0.124044085628763,3.1841958800203
2016-09-30,Stacked Elastic Net,Multiple,Stacked Elastic Net | Multiple,0.235334943645169,0.0917809713876799,0.0731157887700761,-0.332553071862599,0.14355397225749,3.32774985227779
2016-10-31,Stacked Elastic Net,Multiple,Stacked Elastic Net | Multiple,0.292958473798107,0.101343358246007,0.0782838288877938,-0.254269242974805,0.191615115552101,3.51936496782989
2016-11-30,Stacked Elastic Net,Multiple,Stacked Elastic Net | Multiple,0.673042843362101,0.52721405579883,-0.116719224990364,-0.370988467965169,0.145828787563271,3.66519375539317
2016-12-31,Stacked Elastic Net,Multiple,Stacked Elastic Net | Multiple,0.134737002340713,0.0856585820767058,0.0328534195894531,-0.338135048375716,0.0490784202640075,3.71427217565717
2017-01-31,Stacked Elastic Net,Multiple,Stacked Elastic Net | Multiple,0.466706754807635,0.233463365641643,-0.0117216886635337,-0.349856737039249,0.233243389165992,3.94751556482317
2017-02-28,Stacked Elastic Net,Multiple,Stacked Elastic Net | Multiple,0.188704237285266,0.0359892626174704,0.101243881449299,-0.248612855589951,0.152714974667796,4.10023053949096
2017-03-31,Stacked Elastic Net,Multiple,Stacked Elastic Net | Multiple,0.253756708235304,0.11482899815911,0.0621175578419056,-0.186495297748045,0.138927710076194,4.23915824956716
2017-04-30,Stacked Elastic Net,Multiple,Stacked Elastic Net | Multiple,0.186579469930914,0.0352047811794235,0.101015905778776,-0.0854793919692693,0.15137468875149,4.39053293831865
2017-05-31,Stacked Elastic Net,Multiple,Stacked Elastic Net | Multiple,0.0300897875627602,-7.32413901954805e-05,0.0288049440260495,-0.0566744479432199,0.0301630289529557,4.4206959672716
2017-06-30,Stacked Elastic Net,Multiple,Stacked Elastic Net | Multiple,0.040274368769655,0,0.0378413315999638,-0.0188331163432561,0.040274368769655,4.46097033604126
2017-07-31,Stacked Elastic Net,Multiple,Stacked Elastic Net | Multiple,0.1717969011069,0.00557923525817179,0.121993094802926,0.10315997845967,0.166217665848729,4.62718800188998
2017-08-31,Stacked Elastic Net,Multiple,Stacked Elastic Net | Multiple,0.0541287917161975,-8.2461143731794e-06,0.049742148793585,0.152902127253255,0.0541370378305706,4.68132503972056
2017-09-30,Stacked Elastic Net,Multiple,Stacked Elastic Net | Multiple,0.149061106645765,0.0133123215406859,0.102685791690593,0.255587918943848,0.135748785105079,4.81707382482563
2017-10-31,Stacked Elastic Net,Multiple,Stacked Elastic Net | Multiple,0.108332678896178,-1.88543298554881e-05,0.0907475797840288,0.346335498727877,0.108351533226034,4.92542535805167
2017-11-30,Stacked Elastic Net,Multiple,Stacked Elastic Net | Multiple,0.140428626591454,0.00674974978463467,0.104166916740509,0.450502415468386,0.133678876806819,5.05910423485849
2017-12-31,Stacked Elastic Net,Multiple,Stacked Elastic Net | Multiple,0.182460217363312,0.0647889592540245,0.0740300755907163,0.524532491059102,0.117671258109287,5.17677549296777
2018-01-31,Stacked Elastic Net,Multiple,Stacked Elastic Net | Multiple,0.0477855423585435,-0.000123708789449894,0.0444840870160401,0.569016578075142,0.0479092511479934,5.22468474411577
2018-02-28,Stacked Elastic Net,Multiple,Stacked Elastic Net | Multiple,-0.361239550822423,-0.200849515807427,-0.295620262632458,0.273396315442684,-0.160390035014996,5.06429470910077
2018-03-31,Stacked Elastic Net,Multiple,Stacked Elastic Net | Multiple,0.0923398404846176,0.059175218653565,0.0256272123740115,0.299023527816696,0.0331646218310526,5.09745933093183
2018-04-30,Stacked Elastic Net,Multiple,Stacked Elastic Net | Multiple,0.306733153708344,0.306374719519571,2.87959540167804e-05,0.299052323770713,0.000358434188772627,5.0978177651206
2018-05-31,Stacked Elastic Net,Multiple,Stacked Elastic Net | Multiple,0.22045962529462,0.170292435121228,0.0207627907851019,0.319815114555815,0.0501671901733916,5.14798495529399
2018-06-30,Stacked Elastic Net,Multiple,Stacked Elastic Net | Multiple,0.219477142225999,0.11760425950779,0.0503637015602352,0.37017881611605,0.101872882718209,5.2498578380122
2018-07-31,Stacked Elastic Net,Multiple,Stacked Elastic Net | Multiple,0.467969651749293,0.317615814172277,-0.0268198467420381,0.343358969374012,0.150353837577015,5.40021167558921
2018-08-31,Stacked Elastic Net,Multiple,Stacked Elastic Net | Multiple,0.191054478290417,0.0556704223697705,0.0852801292986543,0.428639098672666,0.135384055920646,5.53559573150986
2018-09-30,Stacked Elastic Net,Multiple,Stacked Elastic Net | Multiple,0.132470702566047,0.04564206887423,0.0636307008109841,0.49226979948365,0.0868286336918175,5.62242436520168
2018-10-31,Stacked Elastic Net,Multiple,Stacked Elastic Net | Multiple,-0.715603578838512,-0.213329053676886,-1.20214332051734,-0.709873521033691,-0.502274525161626,5.12014984004005
2018-11-30,Stacked Elastic Net,Multiple,Stacked Elastic Net | Multiple,0.366490748128643,0.366310623909752,-1.78686932199856e-05,-0.709891389726911,0.000180124218890743,5.12032996425894
2018-12-31,Stacked Elastic Net,Multiple,Stacked Elastic Net | Multiple,-1.0417950388203,-0.92375982350094,-0.466042252413509,-1.17593364214042,-0.118035215319359,5.00229474893958
2019-01-31,Stacked Elastic Net,Multiple,Stacked Elastic Net | Multiple,0.644102296251811,0.643988887548928,-0.000105712422641457,-1.17603935456306,0.000113408702882678,5.00240815764247
2019-02-28,Stacked Elastic Net,Multiple,Stacked Elastic Net | Multiple,0.582865783193854,0.202713100948001,-0.0678071976374926,-1.24384655220055,0.380152682245854,5.38256083988832
2019-03-31,Stacked Elastic Net,Multiple,Stacked Elastic Net | Multiple,0.198509334748561,0.159858691078875,0.0178739113663885,-1.22597264083417,0.0386506436696862,5.42121148355801
2019-04-30,Stacked Elastic Net,Multiple,Stacked Elastic Net | Multiple,0.400673437422743,0.21702687150704,0.0134887551656679,-1.2124838856685,0.183646565915703,5.60485804947371
2019-05-31,Stacked Elastic Net,Multiple,Stacked Elastic Net | Multiple,-0.141259485551452,-0.0888921958813453,-0.0704459193245863,-1.28292980499308,-0.0523672896701064,5.5524907598036
2019-06-30,Stacked Elastic Net,Multiple,Stacked Elastic Net | Multiple,0.75078636614896,0.750632323973839,-0.000192880526069583,-1.28312268551915,0.000154042175120939,5.55264480197872
2019-07-31,Stacked Elastic Net,Multiple,Stacked Elastic Net | Multiple,0.711966863090381,0.445771835258862,-0.196081399711536,-1.47920408523069,0.26619502783152,5.81883982981024
2019-08-31,Stacked Elastic Net,Multiple,Stacked Elastic Net | Multiple,-0.163381760963665,-0.111307602738927,-0.0735304843068901,-1.55273456953758,-0.0520741582247381,5.76676567158551
2019-09-30,Stacked Elastic Net,Multiple,Stacked Elastic Net | Multiple,0.692158897630414,0.538832224746234,-0.129788986831781,-1.68252355636936,0.15332667288418,5.92009234446969
2019-10-31,Stacked Elastic Net,Multiple,Stacked Elastic Net | Multiple,0.589629176223792,0.460069038681871,-0.0744384301091089,-1.75696198647847,0.129560137541921,6.04965248201161
2019-11-30,Stacked Elastic Net,Multiple,Stacked Elastic Net | Multiple,0.422845364085372,0.163362896044419,0.0313163188542464,-1.72564566762422,0.259482468040953,6.30913495005256
2019-12-31,Stacked Elastic Net,Multiple,Stacked Elastic Net | Multiple,0.291166815968146,0.215810720241758,0.0180503241017453,-1.70759534352248,0.0753560957263882,6.38449104577895
2020-01-31,Stacked Elastic Net,Multiple,Stacked Elastic Net | Multiple,0.30999466529862,0.220283944223246,0.0183532064287939,-1.68924213709368,0.0897107210753734,6.47420176685432
2020-02-29,Stacked Elastic Net,Multiple,Stacked Elastic Net | Multiple,-0.287702955952569,-0.287883118818257,0.000335711720708398,-1.68890642537298,0.000180162865687561,6.47438192972001
2020-03-31,Stacked Elastic Net,Multiple,Stacked Elastic Net | Multiple,-1.23379630045065,-1.23379630045065,0,-1.68890642537298,0,6.47438192972001
2020-04-30,Stacked Elastic Net,Multiple,Stacked Elastic Net | Multiple,-0.001,-0.001,0,-1.68890642537298,0,6.47438192972001
2020-05-31,Stacked Elastic Net,Multiple,Stacked Elastic Net | Multiple,0.663630571261885,0.142969477334992,-0.10928680156901,-1.79819322694199,0.520661093926894,6.9950430236469
2020-06-30,Stacked Elastic Net,Multiple,Stacked Elastic Net | Multiple,0.348241914885737,0.0552172423039941,0.115689441428303,-1.68250378551368,0.293024672581743,7.28806769622865
2020-07-31,Stacked Elastic Net,Multiple,Stacked Elastic Net | Multiple,0.698964918188293,0.123989106969444,-0.134792176097481,-1.81729596161116,0.574975811218849,7.86304350744749
2020-08-31,Stacked Elastic Net,Multiple,Stacked Elastic Net | Multiple,0.689835086782305,0.0865067182061815,-0.0992551834155964,-1.91655114502676,0.603328368576124,8.46637187602362
2020-09-30,Stacked Elastic Net,Multiple,Stacked Elastic Net | Multiple,0.0599317009673046,0.00958042005905899,0.045101244409756,-1.871449900617,0.0503512809082456,8.51672315693186
2020-10-31,Stacked Elastic Net,Multiple,Stacked Elastic Net | Multiple,0.610475645858685,0.0986448354903913,-0.0325937555581849,-1.90404365617519,0.511830810368294,9.02855396730016
2020-11-30,Stacked Elastic Net,Multiple,Stacked Elastic Net | Multiple,0.836864498815264,0.38708436873128,-0.37598169120786,-2.28002534738305,0.449780130083984,9.47833409738414
2020-12-31,Stacked Elastic Net,Multiple,Stacked Elastic Net | Multiple,0.558835178996274,0.0534405670833849,0.0412333173024837,-2.23879203008057,0.505394611912888,9.98372870929703
2021-01-31,Stacked Elastic Net,Multiple,Stacked Elastic Net | Multiple,0.309304854432142,0.0429333584440178,0.125632166426115,-2.11315986365445,0.266371495988124,10.2501002052852
2021-02-28,Stacked Elastic Net,Multiple,Stacked Elastic Net | Multiple,0.775336578480021,0.192346321147121,-0.263234296672511,-2.37639416032696,0.5829902573329,10.8330904626181
2021-03-31,Stacked Elastic Net,Multiple,Stacked Elastic Net | Multiple,0.582170688079271,0.094572953102839,-0.00737026492371806,-2.38376442525068,0.487597734976432,11.3206881975945
2021-04-30,Stacked Elastic Net,Multiple,Stacked Elastic Net | Multiple,0.287853475395792,0.023495589558332,0.140896514984347,-2.24286791026633,0.26435788583746,11.5850460834319
2021-05-31,Stacked Elastic Net,Multiple,Stacked Elastic Net | Multiple,0.249027987941293,0.0354126303404014,0.122474031015197,-2.12039387925114,0.213615357600892,11.7986614410328
2021-06-30,Stacked Elastic Net,Multiple,Stacked Elastic Net | Multiple,0.177849491902878,0.0176315172244177,0.113238617622745,-2.00715526162839,0.16021797467846,11.9588794157113
2021-07-31,Stacked Elastic Net,Multiple,Stacked Elastic Net | Multiple,0.073340344603088,0.0109648870553127,0.0544875914502294,-1.95266767017816,0.0623754575477754,12.0212548732591
2021-08-31,Stacked Elastic Net,Multiple,Stacked Elastic Net | Multiple,0.241286396858843,0.039264558089694,0.117005709088433,-1.83566196108973,0.202021838769149,12.2232767120282
2021-09-30,Stacked Elastic Net,Multiple,Stacked Elastic Net | Multiple,0.0461564657808239,0.0066310749489227,0.036395718564304,-1.79926624252542,0.0395253908319012,12.2628021028601
2021-10-31,Stacked Elastic Net,Multiple,Stacked Elastic Net | Multiple,0.756649495153885,0.116173641136147,-0.198057361414959,-1.99732360394038,0.640475854017738,12.9032779568779
2021-11-30,Stacked Elastic Net,Multiple,Stacked Elastic Net | Multiple,0.144032473436907,0.0155813858895752,0.0976972268201613,-1.89962637712022,0.128451087547331,13.0317290444252
2021-12-31,Stacked Elastic Net,Multiple,Stacked Elastic Net | Multiple,0.633092013956775,0.116304397316124,-0.0641305613105171,-1.96375693843074,0.51678761664065,13.5485166610658
2022-01-31,Stacked Elastic Net,Multiple,Stacked Elastic Net | Multiple,-0.488034495352947,-0.0459077612210167,-0.796231953303051,-2.75998889173379,-0.442126734131931,13.1063899269339
2022-02-28,Stacked Elastic Net,Multiple,Stacked Elastic Net | Multiple,0.115398398251939,0.0162398064292033,0.0795790033133531,-2.68040988842044,0.0991585918227357,13.2055485187566
2022-03-31,Stacked Elastic Net,Multiple,Stacked Elastic Net | Multiple,0.50811597262231,0.112391795812516,0.0273992880078636,-2.65301060041257,0.395724176809794,13.6012726955664
2022-04-30,Stacked Elastic Net,Multiple,Stacked Elastic Net | Multiple,0.123426519500351,0.0155551278751595,0.0853831760560544,-2.56762742435652,0.107871391625191,13.7091440871916
2022-05-31,Stacked Elastic Net,Multiple,Stacked Elastic Net | Multiple,0.176987008147503,0.059815448889812,0.0755517895670191,-2.4920756347895,0.117171559257691,13.8263156464493
2022-06-30,Stacked Elastic Net,Multiple,Stacked Elastic Net | Multiple,0.257051562163708,0.0302354759136461,0.129074103839445,-2.36300153095006,0.226816086250062,14.0531317326994
2022-07-31,Stacked Elastic Net,Multiple,Stacked Elastic Net | Multiple,0.602981843756746,0.130395650445533,-0.0472899240565443,-2.4102914550066,0.472586193311213,14.5257179260106
2022-08-31,Stacked Elastic Net,Multiple,Stacked Elastic Net | Multiple,0.483747720958526,0.0418883684118945,0.0934735193600953,-2.3168179356465,0.441859352546632,14.9675772785572
2022-09-30,Stacked Elastic Net,Multiple,Stacked Elastic Net | Multiple,0.291117275584725,0.059266488159534,0.109995660137528,-2.20682227550898,0.231850787425191,15.1994280659824
2022-10-31,Stacked Elastic Net,Multiple,Stacked Elastic Net | Multiple,0.509910904368162,0.150422092551404,0.00341532511773694,-2.20340695039124,0.359488811816758,15.5589168777992
2022-11-30,Stacked Elastic Net,Multiple,Stacked Elastic Net | Multiple,0.524803989195073,0.088335639690895,0.0350442867509842,-2.16836266364025,0.436468349504178,15.9953852273034
2022-12-31,Stacked Elastic Net,Multiple,Stacked Elastic Net | Multiple,0.215700170616154,0.020639605691772,0.125909709503293,-2.04245295413696,0.195060564924382,16.1904457922277
2023-01-31,Stacked Elastic Net,Multiple,Stacked Elastic Net | Multiple,0.46690643559633,0.0498655957525685,0.0937682769014945,-1.94868467723547,0.417040839843762,16.6074866320715
2023-02-28,Stacked Elastic Net,Multiple,Stacked Elastic Net | Multiple,0.175350142306482,0.013618032416974,0.115888777489518,-1.83279589974595,0.161732109889508,16.769218741961
2023-03-31,Stacked Elastic Net,Multiple,Stacked Elastic Net | Multiple,0.157241703574653,0.0185654819600538,0.102105807280624,-1.73069009246533,0.138676221614599,16.9078949635756
2023-04-30,Stacked Elastic Net,Multiple,Stacked Elastic Net | Multiple,0.283123336580578,0.0126403275371878,0.150484440288982,-1.58020565217634,0.27048300904339,17.178377972619
2023-05-31,Stacked Elastic Net,Multiple,Stacked Elastic Net | Multiple,0.123373472698604,0.00701514192572385,0.0936006284486675,-1.48660502372768,0.11635833077288,17.2947363033919
2023-06-30,Stacked Elastic Net,Multiple,Stacked Elastic Net | Multiple,0.214657904370945,0.0167439843781108,0.129217437648727,-1.35738758607895,0.197913919992834,17.4926502233847
2023-07-31,Stacked Elastic Net,Multiple,Stacked Elastic Net | Multiple,0.0908051666126698,-2.99060911986188e-05,0.0784667066200978,-1.27892087945885,0.0908350727038684,17.5834852960886
2023-08-31,Stacked Elastic Net,Multiple,Stacked Elastic Net | Multiple,0.0436913490680785,0.00326190296247902,0.0375820051469214,-1.24133887431193,0.0404294461055995,17.6239147421942
2023-09-30,Stacked Elastic Net,Multiple,Stacked Elastic Net | Multiple,0.0727900817461143,0.00308892672608554,0.0617678732215984,-1.17957100109033,0.0697011550200287,17.6936158972142
2023-10-31,Stacked Elastic Net,Multiple,Stacked Elastic Net | Multiple,0.181913567342338,0.0238809949643856,0.109249206283863,-1.07032179480647,0.158032572377953,17.8516484695922
2023-11-30,Stacked Elastic Net,Multiple,Stacked Elastic Net | Multiple,0.35071161444852,0.0511656671027518,0.118974880817242,-0.951346913989226,0.299545947345768,18.1511944169379
2023-12-31,Stacked Elastic Net,Multiple,Stacked Elastic Net | Multiple,0.10300003061302,0.0054586515182081,0.081672564949983,-0.869674349039243,0.0975413790948117,18.2487357960327
2024-01-31,Stacked Elastic Net,Multiple,Stacked Elastic Net | Multiple,0.0417866741495133,0.00457258497636882,0.0346262627684773,-0.835048086270766,0.0372140891731445,18.2859498852059
2011-03-31,Stacked Random Forest,Multiple,Stacked Random Forest | Multiple,0,0,0,0,0,0
2011-04-30,Stacked Random Forest,Multiple,Stacked Random Forest | Multiple,0,0,0,0,0,0
2011-05-31,Stacked Random Forest,Multiple,Stacked Random Forest | Multiple,0,0,0,0,0,0
2011-06-30,Stacked Random Forest,Multiple,Stacked Random Forest | Multiple,0,0,0,0,0,0
2011-07-31,Stacked Random Forest,Multiple,Stacked Random Forest | Multiple,0,0,0,0,0,0
2011-08-31,Stacked Random Forest,Multiple,Stacked Random Forest | Multiple,0,0,0,0,0,0
2011-09-30,Stacked Random Forest,Multiple,Stacked Random Forest | Multiple,0,0,0,0,0,0
2011-10-31,Stacked Random Forest,Multiple,Stacked Random Forest | Multiple,0,0,0,0,0,0
2011-11-30,Stacked Random Forest,Multiple,Stacked Random Forest | Multiple,0,0,0,0,0,0
2011-12-31,Stacked Random Forest,Multiple,Stacked Random Forest | Multiple,0,0,0,0,0,0
2012-01-31,Stacked Random Forest,Multiple,Stacked Random Forest | Multiple,0,0,0,0,0,0
2012-02-29,Stacked Random Forest,Multiple,Stacked Random Forest | Multiple,0,0,0,0,0,0
2012-03-31,Stacked Random Forest,Multiple,Stacked Random Forest | Multiple,0,0,0,0,0,0
2012-04-30,Stacked Random Forest,Multiple,Stacked Random Forest | Multiple,0,0,0,0,0,0
2012-05-31,Stacked Random Forest,Multiple,Stacked Random Forest | Multiple,0,0,0,0,0,0
2012-06-30,Stacked Random Forest,Multiple,Stacked Random Forest | Multiple,0,0,0,0,0,0
2012-07-31,Stacked Random Forest,Multiple,Stacked Random Forest | Multiple,0,0,0,0,0,0
2012-08-31,Stacked Random Forest,Multiple,Stacked Random Forest | Multiple,0,0,0,0,0,0
2012-09-30,Stacked Random Forest,Multiple,Stacked Random Forest | Multiple,0,0,0,0,0,0
2012-10-31,Stacked Random Forest,Multiple,Stacked Random Forest | Multiple,0,0,0,0,0,0
2012-11-30,Stacked Random Forest,Multiple,Stacked Random Forest | Multiple,0,0,0,0,0,0
2012-12-31,Stacked Random Forest,Multiple,Stacked Random Forest | Multiple,0,0,0,0,0,0
2013-01-31,Stacked Random Forest,Multiple,Stacked Random Forest | Multiple,0,0,0,0,0,0
2013-02-28,Stacked Random Forest,Multiple,Stacked Random Forest | Multiple,0,0,0,0,0,0
2013-03-31,Stacked Random Forest,Multiple,Stacked Random Forest | Multiple,0.287093573205138,0.175468308519445,0.0341748759641648,0.0341748759641648,0.111625264685693,0.111625264685693
2013-04-30,Stacked Random Forest,Multiple,Stacked Random Forest | Multiple,0.0613906997755,0.0266324791860234,0.0301689269824792,0.064343802946644,0.0347582205894766,0.146383485275169
2013-05-31,Stacked Random Forest,Multiple,Stacked Random Forest | Multiple,0.107930736026455,0.0613932060556952,0.0347176529266369,0.0990614558732809,0.0465375299707598,0.192921015245929
2013-06-30,Stacked Random Forest,Multiple,Stacked Random Forest | Multiple,0.1568133977962,0.0902360828593094,0.0419054783189949,0.140966934192276,0.0665773149368905,0.25949833018282
2013-07-31,Stacked Random Forest,Multiple,Stacked Random Forest | Multiple,0.507192276099067,0.321858500552483,-0.0451428902884051,0.0958240439038707,0.185333775546584,0.444832105729404
2013-08-31,Stacked Random Forest,Multiple,Stacked Random Forest | Multiple,0.209636938657464,0.124313791434207,0.0425825562598682,0.138406600163739,0.085323147223257,0.530155252952661
2013-09-30,Stacked Random Forest,Multiple,Stacked Random Forest | Multiple,0.713203298136111,0.48456903256479,-0.182143430155854,-0.0437368299921151,0.228634265571321,0.758789518523982
2013-10-31,Stacked Random Forest,Multiple,Stacked Random Forest | Multiple,0.578380747469403,0.367611625275856,-0.0883098508144166,-0.132046680806532,0.210769122193547,0.969558640717529
2013-11-30,Stacked Random Forest,Multiple,Stacked Random Forest | Multiple,0.194735946201737,0.0918904760444254,0.0586281264241894,-0.0734185543823423,0.102845470157311,1.07240411087484
2013-12-31,Stacked Random Forest,Multiple,Stacked Random Forest | Multiple,0.131530046173414,0.0941149689448446,0.0247512887282325,-0.0486672656541098,0.0374150772285697,1.10981918810341
2014-01-31,Stacked Random Forest,Multiple,Stacked Random Forest | Multiple,0.149306415023447,0.0868676815613816,0.0403191162611093,-0.00834814939300047,0.0624387334620658,1.17225792156548
2014-02-28,Stacked Random Forest,Multiple,Stacked Random Forest | Multiple,0.668708570248717,0.457599014276071,-0.145551885113832,-0.153900034506832,0.211109555972646,1.38336747753812
2014-03-31,Stacked Random Forest,Multiple,Stacked Random Forest | Multiple,0.124003925253487,0.0637548171737545,0.0432806629316125,-0.110619371575219,0.0602491080797329,1.44361658561786
2014-04-30,Stacked Random Forest,Multiple,Stacked Random Forest | Multiple,0.12411608653197,0.0682841487204426,0.0397188208572232,-0.0709005507179963,0.0558319378115269,1.49944852342938
2014-05-31,Stacked Random Forest,Multiple,Stacked Random Forest | Multiple,0.160705533704144,0.0818689488840123,0.0501509691624904,-0.0207495815555059,0.0788365848201313,1.57828510824951
2014-06-30,Stacked Random Forest,Multiple,Stacked Random Forest | Multiple,0.0723936525580439,0.0221490103460841,0.0431192488048841,0.0223696672493782,0.0502446422119599,1.62852975046147
2014-07-31,Stacked Random Forest,Multiple,Stacked Random Forest | Multiple,0.0951556184609009,0.0332927377263201,0.0499436027255363,0.0723132699749145,0.0618628807345808,1.69039263119605
2014-08-31,Stacked Random Forest,Multiple,Stacked Random Forest | Multiple,0.650390377124491,0.429362605345921,-0.13695532190148,-0.0646420519265659,0.22102777177857,1.91142040297462
2014-09-30,Stacked Random Forest,Multiple,Stacked Random Forest | Multiple,0.100190575783044,0.0272817679997234,0.0589680228674998,-0.0056740290590661,0.0729088077833205,1.98432921075794
2014-10-31,Stacked Random Forest,Multiple,Stacked Random Forest | Multiple,-0.0947928007310515,-0.057714677182973,-0.0455601602102316,-0.0512341892692977,-0.0370781235480785,1.94725108720987
2014-11-30,Stacked Random Forest,Multiple,Stacked Random Forest | Multiple,0.272980715376003,0.0573494880625578,0.10878696653421,0.0575527772649122,0.215631227313445,2.16288231452331
2014-12-31,Stacked Random Forest,Multiple,Stacked Random Forest | Multiple,0.0514222789216055,0.0399934587136626,0.009861659163528,0.0674144364284402,0.0114288202079429,2.17431113473125
2015-01-31,Stacked Random Forest,Multiple,Stacked Random Forest | Multiple,0.135703823374216,0.112965194580902,0.0142570400557949,0.0816714764842351,0.0227386287933139,2.19704976352457
2015-02-28,Stacked Random Forest,Multiple,Stacked Random Forest | Multiple,0.764773292298243,0.764644667948708,-0.000166456235920709,0.0815050202483144,0.000128624349534867,2.1971783878741
2015-03-31,Stacked Random Forest,Multiple,Stacked Random Forest | Multiple,0.172171696318812,0.0708223446123891,0.0644084189310709,0.145913439179385,0.101349351706422,2.29852773958053
2015-04-30,Stacked Random Forest,Multiple,Stacked Random Forest | Multiple,0.499407399891556,0.301817108353548,-0.0398809847193128,0.106032454460072,0.197590291538008,2.49611803111853
2015-05-31,Stacked Random Forest,Multiple,Stacked Random Forest | Multiple,0.467391699165131,0.304937161294748,-0.0257479542945707,0.0802845001655017,0.162454537870383,2.65857256898892
2015-06-30,Stacked Random Forest,Multiple,Stacked Random Forest | Multiple,0.325121795856059,0.177160629279991,0.0364837262153881,0.11676822638089,0.147961166576068,2.80653373556498
2015-07-31,Stacked Random Forest,Multiple,Stacked Random Forest | Multiple,0.722562791969785,0.596706655346258,-0.123201097083452,-0.00643287070256222,0.125856136623527,2.93238987218851
2015-08-31,Stacked Random Forest,Multiple,Stacked Random Forest | Multiple,-0.456362368265699,-0.241669931735991,-0.439485819425407,-0.445918690127969,-0.214692436529708,2.7176974356588
2015-09-30,Stacked Random Forest,Multiple,Stacked Random Forest | Multiple,0.560680385274346,0.560562860300312,-8.01361509489285e-05,-0.445998826278918,0.000117524974033945,2.71781496063284
2015-10-31,Stacked Random Forest,Multiple,Stacked Random Forest | Multiple,0.730147480082286,0.730147480082286,0,-0.445998826278918,0,2.71781496063284
2015-11-30,Stacked Random Forest,Multiple,Stacked Random Forest | Multiple,0.233976198198672,0.111309619867665,0.059134033558377,-0.386864792720541,0.122666578331008,2.84048153896384
2015-12-31,Stacked Random Forest,Multiple,Stacked Random Forest | Multiple,0.198445993220931,0.126802388221017,0.0366906551495817,-0.350174137570959,0.071643604999914,2.91212514396376
2016-01-31,Stacked Random Forest,Multiple,Stacked Random Forest | Multiple,-0.491968406117119,-0.309060301179694,-0.402680069215628,-0.752854206786588,-0.182908104937425,2.72921703902633
2016-02-29,Stacked Random Forest,Multiple,Stacked Random Forest | Multiple,0.141521429885046,0.112811604373279,0.0177570399586151,-0.735097166827972,0.0287098255117675,2.7579268645381
2016-03-31,Stacked Random Forest,Multiple,Stacked Random Forest | Multiple,0.740605143735713,0.664228335607363,-0.0845682375277527,-0.819665404355725,0.0763768081283501,2.83430367266645
2016-04-30,Stacked Random Forest,Multiple,Stacked Random Forest | Multiple,0.219826246280045,0.100929666721317,0.0616914081650796,-0.757973996190645,0.118896579558728,2.95320025222518
2016-05-31,Stacked Random Forest,Multiple,Stacked Random Forest | Multiple,0.489112843970872,0.300093812574928,-0.0347435852913336,-0.792717581481979,0.189019031395943,3.14221928362112
2016-06-30,Stacked Random Forest,Multiple,Stacked Random Forest | Multiple,0.209816871789051,0.0910668676520279,0.0651550861819363,-0.727562495300043,0.118750004137023,3.26096928775814
2016-07-31,Stacked Random Forest,Multiple,Stacked Random Forest | Multiple,0.347818777516375,0.265927965261995,0.00650048332747899,-0.721062011972564,0.0818908122543798,3.34286010001252
2016-08-31,Stacked Random Forest,Multiple,Stacked Random Forest | Multiple,0.171249198701758,0.0213272252703702,0.106614817153996,-0.614447194818567,0.149921973431388,3.49278207344391
2016-09-30,Stacked Random Forest,Multiple,Stacked Random Forest | Multiple,0.19353057099312,0.0917809713876799,0.0582040968053549,-0.556243098013213,0.101749599605441,3.59453167304935
2016-10-31,Stacked Random Forest,Multiple,Stacked Random Forest | Multiple,0.227308905438158,0.101343358246007,0.063867253845779,-0.492375844167434,0.125965547192152,3.7204972202415
2016-11-30,Stacked Random Forest,Multiple,Stacked Random Forest | Multiple,0.672924956503118,0.52721405579883,-0.11659910397502,-0.608974948142453,0.145710900704289,3.86620812094579
2016-12-31,Stacked Random Forest,Multiple,Stacked Random Forest | Multiple,0.213285386229401,0.0856585820767058,0.0703969092092459,-0.538578038933208,0.127626804152696,3.99383492509849
2017-01-31,Stacked Random Forest,Multiple,Stacked Random Forest | Multiple,0.450276709430505,0.233463365641643,-0.00555261414939806,-0.544130653082606,0.216813343788862,4.21064826888735
2017-02-28,Stacked Random Forest,Multiple,Stacked Random Forest | Multiple,0.177433548560959,0.0359892626174704,0.0961631302467112,-0.447967522835894,0.141444285943489,4.35209255483084
2017-03-31,Stacked Random Forest,Multiple,Stacked Random Forest | Multiple,0.285771343756602,0.11482899815911,0.0682230024561485,-0.379744520379746,0.170942345597492,4.52303490042833
2017-04-30,Stacked Random Forest,Multiple,Stacked Random Forest | Multiple,0.170063892682481,0.0352047811794235,0.0933355850384166,-0.286408935341329,0.134859111503058,4.65789401193139
2017-05-31,Stacked Random Forest,Multiple,Stacked Random Forest | Multiple,0.0863688877198329,-7.32413901954805e-05,0.0752527600075386,-0.211156175333791,0.0864421291100284,4.74433614104142
2017-06-30,Stacked Random Forest,Multiple,Stacked Random Forest | Multiple,0.0286092706671304,0,0.0273815351149727,-0.183774640218818,0.0286092706671304,4.77294541170855
2017-07-31,Stacked Random Forest,Multiple,Stacked Random Forest | Multiple,0.183862624895985,0.00557923525817179,0.12762188418645,-0.0561527560323683,0.178283389637813,4.95122880134636
2017-08-31,Stacked Random Forest,Multiple,Stacked Random Forest | Multiple,0.0746331576585746,-8.2461143731794e-06,0.0662862415418109,0.0101334855094426,0.0746414037729478,5.02587020511931
2017-09-30,Stacked Random Forest,Multiple,Stacked Random Forest | Multiple,0.199920172470892,0.0133123215406859,0.126921564746223,0.137055050255666,0.186607850930206,5.21247805604951
2017-10-31,Stacked Random Forest,Multiple,Stacked Random Forest | Multiple,0.0880143255691822,-1.88543298554881e-05,0.0764133981741693,0.213468448429835,0.0880331798990377,5.30051123594855
2017-11-30,Stacked Random Forest,Multiple,Stacked Random Forest | Multiple,0.157085676442118,0.00674974978463467,0.1133904007258,0.326858849155635,0.150335926657484,5.45084716260604
2017-12-31,Stacked Random Forest,Multiple,Stacked Random Forest | Multiple,0.221197081709908,0.0647889592540245,0.0893123128822435,0.416171162037878,0.156408122455884,5.60725528506192
2018-01-31,Stacked Random Forest,Multiple,Stacked Random Forest | Multiple,0.0650056446996425,-0.000123708789449894,0.058790775680665,0.474961937718543,0.0651293534890924,5.67238463855101
2018-02-28,Stacked Random Forest,Multiple,Stacked Random Forest | Multiple,-0.386567826714023,-0.200849515807427,-0.349359545882084,0.125602391836459,-0.185718310906596,5.48666632764442
2018-03-31,Stacked Random Forest,Multiple,Stacked Random Forest | Multiple,0.0923945668413685,0.059175218653565,0.0256667739691432,0.151269165805602,0.0332193481878035,5.51988567583222
2018-04-30,Stacked Random Forest,Multiple,Stacked Random Forest | Multiple,0.306733153708344,0.306374719519571,2.87959540167804e-05,0.151297961759619,0.000358434188772627,5.52024411002099
2018-05-31,Stacked Random Forest,Multiple,Stacked Random Forest | Multiple,0.261837501206121,0.170292435121228,0.0322060207173711,0.18350398247699,0.0915450660848923,5.61178917610588
2018-06-30,Stacked Random Forest,Multiple,Stacked Random Forest | Multiple,0.266083575592283,0.11760425950779,0.0630247550660952,0.246528737543085,0.148479316084493,5.76026849219038
2018-07-31,Stacked Random Forest,Multiple,Stacked Random Forest | Multiple,0.495483469183242,0.317615814172277,-0.0390684392213484,0.207460298321737,0.177867655010964,5.93813614720134
2018-08-31,Stacked Random Forest,Multiple,Stacked Random Forest | Multiple,0.245603421814331,0.0556704223697705,0.104100232124441,0.311560530446178,0.18993299944456,6.1280691466459
2018-09-30,Stacked Random Forest,Multiple,Stacked Random Forest | Multiple,0.183124806088717,0.04564206887423,0.0903054929836217,0.401866023429799,0.137482737214487,6.26555188386039
2018-10-31,Stacked Random Forest,Multiple,Stacked Random Forest | Multiple,-1.04432705190861,-0.213329053676886,-2.3986625575399,-1.9967965341101,-0.830997998231723,5.43455388562867
2018-11-30,Stacked Random Forest,Multiple,Stacked Random Forest | Multiple,0.366608638747542,0.366310623909752,-2.96163849709263e-05,-1.99682615049507,0.000298014837789407,5.43485190046645
2018-12-31,Stacked Random Forest,Multiple,Stacked Random Forest | Multiple,-1.0417950388203,-0.92375982350094,-0.466042252413509,-2.46286840290858,-0.118035215319359,5.3168166851471
2019-01-31,Stacked Random Forest,Multiple,Stacked Random Forest | Multiple,0.644102296251811,0.643988887548928,-0.000105712422641457,-2.46297411533122,0.000113408702882678,5.31693009384998
2019-02-28,Stacked Random Forest,Multiple,Stacked Random Forest | Multiple,0.433192252787814,0.202713100948001,0.0106347619706728,-2.45233935336055,0.230479151839813,5.54740924568979
2019-03-31,Stacked Random Forest,Multiple,Stacked Random Forest | Multiple,0.223918125220974,0.159858691078875,0.0271826456085622,-2.42515670775199,0.0640594341420991,5.61146867983189
2019-04-30,Stacked Random Forest,Multiple,Stacked Random Forest | Multiple,0.450479522151258,0.21702687150704,-0.000294054738020466,-2.42545076249001,0.233452650644218,5.84492133047611
2019-05-31,Stacked Random Forest,Multiple,Stacked Random Forest | Multiple,-0.155499817987735,-0.0888921958813453,-0.0910251784648073,-2.51647594095482,-0.0666076221063902,5.77831370836972
2019-06-30,Stacked Random Forest,Multiple,Stacked Random Forest | Multiple,0.750828255485487,0.750632323973839,-0.000245343649871055,-2.51672128460469,0.000195931511647318,5.77850963988137
2019-07-31,Stacked Random Forest,Multiple,Stacked Random Forest | Multiple,0.743706044168984,0.445771835258862,-0.233645017625015,-2.7503663022297,0.297934208910122,6.07644384879149
2019-08-31,Stacked Random Forest,Multiple,Stacked Random Forest | Multiple,-0.17233759927153,-0.111307602738927,-0.0869962950753857,-2.83736259730509,-0.0610299965326039,6.01541385225888
2019-09-30,Stacked Random Forest,Multiple,Stacked Random Forest | Multiple,0.692210919011603,0.538832224746234,-0.129844990695499,-2.96720758800059,0.153378694265369,6.16879254652425
2019-10-31,Stacked Random Forest,Multiple,Stacked Random Forest | Multiple,0.589629176223792,0.460069038681871,-0.0744384301091089,-3.0416460181097,0.129560137541921,6.29835268406618
2019-11-30,Stacked Random Forest,Multiple,Stacked Random Forest | Multiple,0.445549319180791,0.163362896044419,0.0244462831087021,-3.01719973500099,0.282186423136372,6.58053910720255
2019-12-31,Stacked Random Forest,Multiple,Stacked Random Forest | Multiple,0.137548300765296,0.215810720241758,-0.0367803215846929,-3.05398005658569,-0.0782624194764617,6.50227668772609
2020-01-31,Stacked Random Forest,Multiple,Stacked Random Forest | Multiple,0.147312228889721,0.220283944223246,-0.032735530380386,-3.08671558696607,-0.0729717153335251,6.42930497239256
2020-02-29,Stacked Random Forest,Multiple,Stacked Random Forest | Multiple,-0.288029613732797,-0.287883118818257,-0.000273047344346689,-3.08698863431042,-0.000146494914540163,6.42915847747802
2020-03-31,Stacked Random Forest,Multiple,Stacked Random Forest | Multiple,-1.23379630045065,-1.23379630045065,0,-3.08698863431042,0,6.42915847747802
2020-04-30,Stacked Random Forest,Multiple,Stacked Random Forest | Multiple,0.693249984777967,-0.001,-0.0266418273140105,-3.11363046162443,0.694249984777967,7.12340846225599
2020-05-31,Stacked Random Forest,Multiple,Stacked Random Forest | Multiple,0.664630571261885,0.142969477334992,-0.110279193282796,-3.22390965490723,0.521661093926894,7.64506955618288
2020-06-30,Stacked Random Forest,Multiple,Stacked Random Forest | Multiple,0.348241914885737,0.0552172423039941,0.115689441428303,-3.10822021347892,0.293024672581743,7.93809422876463
2020-07-31,Stacked Random Forest,Multiple,Stacked Random Forest | Multiple,0.698964918188293,0.123989106969444,-0.134792176097481,-3.2430123895764,0.574975811218849,8.51307003998347
2020-08-31,Stacked Random Forest,Multiple,Stacked Random Forest | Multiple,0.799082647221521,0.0865067182061815,-0.233998568178286,-3.47701095775469,0.71257592901534,9.22564596899881
2020-09-30,Stacked Random Forest,Multiple,Stacked Random Forest | Multiple,0.0735202997212166,0.00958042005905899,0.0559697046282734,-3.42104125312642,0.0639398796621576,9.28958584866097
2020-10-31,Stacked Random Forest,Multiple,Stacked Random Forest | Multiple,0.610659825795554,0.0986448354903913,-0.0327469386024322,-3.45378819172885,0.512014990305163,9.80160083896613
2020-11-30,Stacked Random Forest,Multiple,Stacked Random Forest | Multiple,0.836864498815264,0.38708436873128,-0.37598169120786,-3.82976988293671,0.449780130083984,10.2513809690501
2020-12-31,Stacked Random Forest,Multiple,Stacked Random Forest | Multiple,0.68490722641816,0.0534405670833849,-0.0678963625496593,-3.89766624548637,0.631466659334775,10.8828476283849
2021-01-31,Stacked Random Forest,Multiple,Stacked Random Forest | Multiple,0.433029456663131,0.0429333584440178,0.111589242613087,-3.78607700287328,0.390096098219113,11.272943726604
2021-02-28,Stacked Random Forest,Multiple,Stacked Random Forest | Multiple,0.775598669840045,0.192346321147121,-0.263581935405299,-4.04965893827858,0.583252348692924,11.8561960752969
2021-03-31,Stacked Random Forest,Multiple,Stacked Random Forest | Multiple,0.582170688079271,0.094572953102839,-0.00737026492371806,-4.0570292032023,0.487597734976432,12.3437938102734
2021-04-30,Stacked Random Forest,Multiple,Stacked Random Forest | Multiple,0.434939852806672,0.023495589558332,0.128513314002146,-3.92851588920015,0.41144426324834,12.7552380735217
2021-05-31,Stacked Random Forest,Multiple,Stacked Random Forest | Multiple,0.358632278075126,0.0354126303404014,0.132175063000132,-3.79634082620002,0.323219647734724,13.0784577212564
2021-06-30,Stacked Random Forest,Multiple,Stacked Random Forest | Multiple,0.244592522091011,0.0176315172244177,0.137689057671783,-3.65865176852824,0.226961004866593,13.305418726123
2021-07-31,Stacked Random Forest,Multiple,Stacked Random Forest | Multiple,-0.000338571207084314,0.0109648870553127,-0.0111232870858868,-3.66977505561412,-0.011303458262397,13.2941152678606
2021-08-31,Stacked Random Forest,Multiple,Stacked Random Forest | Multiple,0.325090748304513,0.039264558089694,0.129612756548005,-3.54016229906612,0.285826190214819,13.5799414580754
2021-09-30,Stacked Random Forest,Multiple,Stacked Random Forest | Multiple,0.0467136034188791,0.0066310749489227,0.0368752440858593,-3.50328705498026,0.0400825284699564,13.6200239865454
2021-10-31,Stacked Random Forest,Multiple,Stacked Random Forest | Multiple,0.756652536582336,0.116173641136147,-0.19806122388629,-3.70134827886655,0.640478895446189,14.2605028819916
2021-11-30,Stacked Random Forest,Multiple,Stacked Random Forest | Multiple,0.233539575940511,0.0155813858895752,0.136511259134585,-3.56483701973196,0.217958190050935,14.4784610720425
2021-12-31,Stacked Random Forest,Multiple,Stacked Random Forest | Multiple,0.63328002820338,0.116304397316124,-0.064299691042055,-3.62913671077402,0.516975630887256,14.9954367029298
2022-01-31,Stacked Random Forest,Multiple,Stacked Random Forest | Multiple,-0.600334826874431,-0.0459077612210167,-1.09186863838045,-4.72100534915447,-0.554427065653414,14.4410096372764
2022-02-28,Stacked Random Forest,Multiple,Stacked Random Forest | Multiple,0.140267256738557,0.0162398064292033,0.0949106923092002,-4.62609465684527,0.124027450309353,14.5650370875857
2022-03-31,Stacked Random Forest,Multiple,Stacked Random Forest | Multiple,0.50829324030999,0.112391795812516,0.0273062909291739,-4.5987883659161,0.395901444497474,14.9609385320832
2022-04-30,Stacked Random Forest,Multiple,Stacked Random Forest | Multiple,0.175096844744327,0.0155551278751595,0.113916302314858,-4.48487206360124,0.159541716869167,15.1204802489524
2022-05-31,Stacked Random Forest,Multiple,Stacked Random Forest | Multiple,0.177234611348532,0.059815448889812,0.0756678331577568,-4.40920423044348,0.11741916245872,15.2378994114111
2022-06-30,Stacked Random Forest,Multiple,Stacked Random Forest | Multiple,0.257051562163708,0.0302354759136461,0.129074103839445,-4.28013012660404,0.226816086250062,15.4647154976611
2022-07-31,Stacked Random Forest,Multiple,Stacked Random Forest | Multiple,0.602981843756746,0.130395650445533,-0.0472899240565443,-4.32742005066058,0.472586193311213,15.9373016909724
2022-08-31,Stacked Random Forest,Multiple,Stacked Random Forest | Multiple,0.496669190451427,0.0418883684118945,0.0873923480363348,-4.24002770262425,0.454780822039532,16.3920825130119
2022-09-30,Stacked Random Forest,Multiple,Stacked Random Forest | Multiple,0.291141659925795,0.059266488159534,0.109998747477886,-4.13002895514636,0.231875171766261,16.6239576847781
2022-10-31,Stacked Random Forest,Multiple,Stacked Random Forest | Multiple,0.509910904368162,0.150422092551404,0.00341532511773694,-4.12661363002863,0.359488811816758,16.9834464965949
2022-11-30,Stacked Random Forest,Multiple,Stacked Random Forest | Multiple,0.524803989195073,0.088335639690895,0.0350442867509842,-4.09156934327764,0.436468349504178,17.4199148460991
2022-12-31,Stacked Random Forest,Multiple,Stacked Random Forest | Multiple,0.224575632130604,0.020639605691772,0.128923694603209,-3.96264564867443,0.203936026438832,17.6238508725379
2023-01-31,Stacked Random Forest,Multiple,Stacked Random Forest | Multiple,0.478217552701377,0.0498655957525685,0.089043781840905,-3.87360186683353,0.428351956948808,18.0522028294867
2023-02-28,Stacked Random Forest,Multiple,Stacked Random Forest | Multiple,0.234961629687908,0.013618032416974,0.138811322342902,-3.73479054449062,0.221343597270934,18.2735464267577
2023-03-31,Stacked Random Forest,Multiple,Stacked Random Forest | Multiple,0.136177583088528,0.0185654819600538,0.0903126156053386,-3.64447792888529,0.117612101128474,18.3911585278861
2023-04-30,Stacked Random Forest,Multiple,Stacked Random Forest | Multiple,0.262389285570965,0.0126403275371878,0.146716419080486,-3.4977615098048,0.249748958033777,18.6409074859199
2023-05-31,Stacked Random Forest,Multiple,Stacked Random Forest | Multiple,0.14306442683927,0.00701514192572385,0.10542195789763,-3.39233955190717,0.136049284913546,18.7769567708335
2023-06-30,Stacked Random Forest,Multiple,Stacked Random Forest | Multiple,0.262440670888821,0.0167439843781108,0.14280456942513,-3.24953498248204,0.245696686510711,19.0226534573442
2023-07-31,Stacked Random Forest,Multiple,Stacked Random Forest | Multiple,0.142652060410851,-2.99060911986188e-05,0.112157552334419,-3.13737743014762,0.142681966502049,19.1653354238462
2023-08-31,Stacked Random Forest,Multiple,Stacked Random Forest | Multiple,0.077847657923533,0.00326190296247902,0.0655113282111898,-3.07186610193643,0.074585754961054,19.2399211788073
2023-09-30,Stacked Random Forest,Multiple,Stacked Random Forest | Multiple,0.104458103768267,0.00308892672608554,0.0850162460803673,-2.98684985585606,0.101369177042182,19.3412903558495
2023-10-31,Stacked Random Forest,Multiple,Stacked Random Forest | Multiple,0.272254802290954,0.0238809949643856,0.138045244151572,-2.84880461170449,0.248373807326568,19.589664163176
2023-11-30,Stacked Random Forest,Multiple,Stacked Random Forest | Multiple,0.502190065076915,0.0511656671027518,0.0766589940163334,-2.77214561768816,0.451024397974163,20.0406885611502
2023-12-31,Stacked Random Forest,Multiple,Stacked Random Forest | Multiple,0.137749067711319,0.0054586515182081,0.103872903024701,-2.66827271466346,0.132290416193111,20.1729789773433
2024-01-31,Stacked Random Forest,Multiple,Stacked Random Forest | Multiple,0.0847029433782982,0.00457258497636882,0.0693998382765578,-2.5988728763869,0.0801303584019294,20.2531093357452
