target_date,forecast_id,plot_label,plot_group,realized_value_rv,forecast_value_rv,har_forecast_rv,model_error,har_error,model_abs_error,har_abs_error,model_sq_error,har_sq_error,abs_error_gain_vs_har,sq_error_gain_vs_har,cumulative_abs_error_gain_vs_har,cumulative_sq_error_gain_vs_har,rolling12_model_mae,rolling12_har_mae,rolling12_mae_gain_vs_har
2011-03-31,enet__HAR_O__log__rolling,Elastic Net | HAR+Option,Individual models,0.1239968,0.09762751,0.11607562,0.02636929,0.00792117,0.02636929,0.00792117,0.00069534,6.274e-05,-0.01844812,-0.00063259,-0.01844812,-0.00063259,,,
2011-04-30,enet__HAR_O__log__rolling,Elastic Net | HAR+Option,Individual models,0.08197577,0.1119395,0.12651617,-0.02996373,-0.0445404,0.02996373,0.0445404,0.00089782,0.00198385,0.01457667,0.00108602,-0.00387145,0.00045343,,,
2011-05-31,enet__HAR_O__log__rolling,Elastic Net | HAR+Option,Individual models,0.10443997,0.10012048,0.11306831,0.0043195,-0.00862834,0.0043195,0.00862834,1.866e-05,7.445e-05,0.00430885,5.579e-05,0.0004374,0.00050922,,,
2011-06-30,enet__HAR_O__log__rolling,Elastic Net | HAR+Option,Individual models,0.11731825,0.09804543,0.11566157,0.01927283,0.00165669,0.01927283,0.00165669,0.00037144,2.74e-06,-0.01761614,-0.0003687,-0.01717874,0.00014052,,,
2011-07-31,enet__HAR_O__log__rolling,Elastic Net | HAR+Option,Individual models,0.11132267,0.10352475,0.11708849,0.00779792,-0.00576582,0.00779792,0.00576582,6.081e-05,3.324e-05,-0.00203209,-2.756e-05,-0.01921083,0.00011296,,,
2011-08-31,enet__HAR_O__log__rolling,Elastic Net | HAR+Option,Individual models,0.30047559,0.18202712,0.11397057,0.11844846,0.18650502,0.11844846,0.18650502,0.01403004,0.03478412,0.06805656,0.02075408,0.04884572,0.02086704,,,
2011-09-30,enet__HAR_O__log__rolling,Elastic Net | HAR+Option,Individual models,0.23741865,0.19661254,0.18733709,0.04080612,0.05008156,0.04080612,0.05008156,0.00166514,0.00250816,0.00927545,0.00084302,0.05812117,0.02171007,,,
2011-10-31,enet__HAR_O__log__rolling,Elastic Net | HAR+Option,Individual models,0.21104059,0.31769114,0.15661848,-0.10665055,0.05442212,0.10665055,0.05442212,0.01137434,0.00296177,-0.05222843,-0.00841257,0.00589274,0.01329749,,,
2011-11-30,enet__HAR_O__log__rolling,Elastic Net | HAR+Option,Individual models,0.18299764,0.17780373,0.14490642,0.00519391,0.03809122,0.00519391,0.03809122,2.698e-05,0.00145094,0.03289731,0.00142396,0.03879005,0.01472146,,,
2011-12-31,enet__HAR_O__log__rolling,Elastic Net | HAR+Option,Individual models,0.12641057,0.15272013,0.1422497,-0.02630957,-0.01583913,0.02630957,0.01583913,0.00069219,0.00025088,-0.01047044,-0.00044132,0.02831962,0.01428014,,,
2012-01-31,enet__HAR_O__log__rolling,Elastic Net | HAR+Option,Individual models,0.09173477,0.17916557,0.12693949,-0.0874308,-0.03520472,0.0874308,0.03520472,0.00764414,0.00123937,-0.05222608,-0.00640477,-0.02390647,0.00787537,,,
2012-02-29,enet__HAR_O__log__rolling,Elastic Net | HAR+Option,Individual models,0.08055043,0.11783668,0.1137494,-0.03728625,-0.03319897,0.03728625,0.03319897,0.00139026,0.00110217,-0.00408727,-0.00028809,-0.02799374,0.00758728,0.04248741,0.0401546,-0.00233281
2012-03-31,enet__HAR_O__log__rolling,Elastic Net | HAR+Option,Individual models,0.07616645,0.1048235,0.10772076,-0.02865704,-0.03155431,0.02865704,0.03155431,0.00082123,0.00099567,0.00289726,0.00017445,-0.02509648,0.00776173,0.04267805,0.04212402,-0.00055403
2012-04-30,enet__HAR_O__log__rolling,Elastic Net | HAR+Option,Individual models,0.09057891,0.093174,0.10505353,-0.00259509,-0.01447463,0.00259509,0.01447463,6.73e-06,0.00020951,0.01187954,0.00020278,-0.01321694,0.00796451,0.04039734,0.03961854,-0.00077879
2012-05-31,enet__HAR_O__log__rolling,Elastic Net | HAR+Option,Individual models,0.12253117,0.10215582,0.10943598,0.02037535,0.0130952,0.02037535,0.0130952,0.00041515,0.00017148,-0.00728016,-0.00024367,-0.0204971,0.00772084,0.04173532,0.03999078,-0.00174454
2012-06-30,enet__HAR_O__log__rolling,Elastic Net | HAR+Option,Individual models,0.11937706,0.12472822,0.12178747,-0.00535116,-0.00241041,0.00535116,0.00241041,2.863e-05,5.81e-06,-0.00294075,-2.282e-05,-0.02343785,0.00769801,0.04057518,0.04005359,-0.00052159
2012-07-31,enet__HAR_O__log__rolling,Elastic Net | HAR+Option,Individual models,0.1008825,0.08852241,0.12079751,0.01236009,-0.01991501,0.01236009,0.01991501,0.00015277,0.00039661,0.00755492,0.00024384,-0.01588293,0.00794185,0.04095537,0.04123269,0.00027733
2012-08-31,enet__HAR_O__log__rolling,Elastic Net | HAR+Option,Individual models,0.08005638,0.11274455,0.11337364,-0.03268816,-0.03331726,0.03268816,0.03331726,0.00106852,0.00111004,0.0006291,4.152e-05,-0.01525383,0.00798337,0.03380867,0.02846704,-0.00534163
2012-09-30,enet__HAR_O__log__rolling,Elastic Net | HAR+Option,Individual models,0.07940683,0.11181889,0.1036908,-0.03241206,-0.02428397,0.03241206,0.02428397,0.00105054,0.00058971,-0.00812809,-0.00046083,-0.02338192,0.00752254,0.03310917,0.02631724,-0.00679192
2012-10-31,enet__HAR_O__log__rolling,Elastic Net | HAR+Option,Individual models,0.09399635,0.10134231,0.09961429,-0.00734597,-0.00561794,0.00734597,0.00561794,5.396e-05,3.156e-05,-0.00172803,-2.24e-05,-0.02510995,0.00750014,0.02483379,0.02225023,-0.00258356
2012-11-30,enet__HAR_O__log__rolling,Elastic Net | HAR+Option,Individual models,0.11058386,0.10425752,0.10326854,0.00632634,0.00731532,0.00632634,0.00731532,4.002e-05,5.351e-05,0.00098898,1.349e-05,-0.02412097,0.00751363,0.02492816,0.01968557,-0.00524258
2012-12-31,enet__HAR_O__log__rolling,Elastic Net | HAR+Option,Individual models,0.0992343,0.1063214,0.10880533,-0.0070871,-0.00957103,0.0070871,0.00957103,5.023e-05,9.16e-05,0.00248394,4.138e-05,-0.02163703,0.00755501,0.02332628,0.01916323,-0.00416305
2013-01-31,enet__HAR_O__log__rolling,Elastic Net | HAR+Option,Individual models,0.06679532,0.10910973,0.105212,-0.04231441,-0.03841668,0.04231441,0.03841668,0.00179051,0.00147584,-0.00389773,-0.00031467,-0.02553476,0.00724034,0.01956658,0.01943089,-0.00013569
2013-02-28,enet__HAR_O__log__rolling,Elastic Net | HAR+Option,Individual models,0.07807531,0.09649727,0.09381858,-0.01842197,-0.01574327,0.01842197,0.01574327,0.00033937,0.00024785,-0.00267869,-9.152e-05,-0.02821345,0.00714882,0.01799456,0.01797625,-1.831e-05
2013-03-31,enet__HAR_O__log__rolling,Elastic Net | HAR+Option,Individual models,0.07750691,0.09745094,0.09632791,-0.01994403,-0.018821,0.01994403,0.018821,0.00039776,0.00035423,-0.00112303,-4.353e-05,-0.02933648,0.00710529,0.01726848,0.01691514,-0.00035333
2013-04-30,enet__HAR_O__log__rolling,Elastic Net | HAR+Option,Individual models,0.09235894,0.08735302,0.09548052,0.00500592,-0.00312158,0.00500592,0.00312158,2.506e-05,9.74e-06,-0.00188434,-1.531e-05,-0.03122082,0.00708997,0.01746938,0.01596906,-0.00150032
2013-05-31,enet__HAR_O__log__rolling,Elastic Net | HAR+Option,Individual models,0.08770623,0.09327779,0.10060121,-0.00557156,-0.01289498,0.00557156,0.01289498,3.104e-05,0.00016628,0.00732341,0.00013524,-0.02389741,0.00722521,0.01623573,0.01595237,-0.00028336
2013-06-30,enet__HAR_O__log__rolling,Elastic Net | HAR+Option,Individual models,0.12836694,0.10294998,0.09896535,0.02541696,0.02940158,0.02541696,0.02940158,0.00064602,0.00086445,0.00398463,0.00021843,-0.01991278,0.00744364,0.01790788,0.01820164,0.00029376
2013-07-31,enet__HAR_O__log__rolling,Elastic Net | HAR+Option,Individual models,0.07678995,0.11508519,0.11422798,-0.03829524,-0.03743803,0.03829524,0.03743803,0.00146653,0.00140161,-0.00085722,-6.492e-05,-0.02077,0.00737872,0.02006914,0.01966189,-0.00040726
2013-08-31,enet__HAR_O__log__rolling,Elastic Net | HAR+Option,Individual models,0.07837318,0.08912551,0.09643315,-0.01075232,-0.01805997,0.01075232,0.01805997,0.00011561,0.00032616,0.00730765,0.00021055,-0.01346235,0.00758927,0.01824116,0.01839045,0.00014929
2013-09-30,enet__HAR_O__log__rolling,Elastic Net | HAR+Option,Individual models,0.07842193,0.10668901,0.09639643,-0.02826708,-0.01797449,0.02826708,0.01797449,0.00079903,0.00032308,-0.01029258,-0.00047595,-0.02375494,0.00711333,0.01789574,0.01786466,-3.108e-05
2013-10-31,enet__HAR_O__log__rolling,Elastic Net | HAR+Option,Individual models,0.08610878,0.10035719,0.09514152,-0.01424841,-0.00903273,0.01424841,0.00903273,0.00020302,8.159e-05,-0.00521567,-0.00012143,-0.02897061,0.0069919,0.01847094,0.01814922,-0.00032172
2013-11-30,enet__HAR_O__log__rolling,Elastic Net | HAR+Option,Individual models,0.06981601,0.08575072,0.09755242,-0.0159347,-0.02773641,0.0159347,0.02773641,0.00025391,0.00076931,0.0118017,0.00051539,-0.0171689,0.00750729,0.01927164,0.01985098,0.00057934
2013-12-31,enet__HAR_O__log__rolling,Elastic Net | HAR+Option,Individual models,0.07121165,0.08567732,0.09196516,-0.01446566,-0.02075351,0.01446566,0.02075351,0.00020926,0.00043071,0.00628785,0.00022145,-0.01088106,0.00772875,0.01988652,0.02078285,0.00089633
2014-01-31,enet__HAR_O__log__rolling,Elastic Net | HAR+Option,Individual models,0.0885142,0.08237122,0.09186938,0.00614298,-0.00335518,0.00614298,0.00335518,3.774e-05,1.126e-05,-0.00278779,-2.648e-05,-0.01366885,0.00770227,0.01687224,0.01786106,0.00098883
2014-02-28,enet__HAR_O__log__rolling,Elastic Net | HAR+Option,Individual models,0.09024819,0.10646799,0.09720438,-0.01621979,-0.00695618,0.01621979,0.00695618,0.00026308,4.839e-05,-0.00926361,-0.00021469,-0.02293246,0.00748757,0.01668872,0.0171288,0.00044008
2014-03-31,enet__HAR_O__log__rolling,Elastic Net | HAR+Option,Individual models,0.09283748,0.09316596,0.09823287,-0.00032849,-0.0053954,0.00032849,0.0053954,1.1e-07,2.911e-05,0.00506691,2.9e-05,-0.01786556,0.00751658,0.01505409,0.01601,0.00095591
2014-04-30,enet__HAR_O__log__rolling,Elastic Net | HAR+Option,Individual models,0.0959287,0.09391975,0.09944134,0.00200895,-0.00351264,0.00200895,0.00351264,4.04e-06,1.234e-05,0.00150369,8.3e-06,-0.01636186,0.00752488,0.01480435,0.01604259,0.00123825
2014-05-31,enet__HAR_O__log__rolling,Elastic Net | HAR+Option,Individual models,0.07303027,0.09883126,0.10058053,-0.02580099,-0.02755026,0.02580099,0.02755026,0.00066569,0.00075902,0.00174927,9.333e-05,-0.01461259,0.0076182,0.01649013,0.01726387,0.00077373
2014-06-30,enet__HAR_O__log__rolling,Elastic Net | HAR+Option,Individual models,0.05653613,0.08488765,0.09262975,-0.02835152,-0.03609362,0.02835152,0.03609362,0.00080381,0.00130275,0.00774211,0.00049894,-0.00687048,0.00811715,0.01673468,0.01782154,0.00108686
2014-07-31,enet__HAR_O__log__rolling,Elastic Net | HAR+Option,Individual models,0.0660717,0.08273144,0.08642521,-0.01665974,-0.02035351,0.01665974,0.02035351,0.00027755,0.00041427,0.00369377,0.00013672,-0.00317672,0.00825386,0.01493172,0.01639783,0.00146611
2014-08-31,enet__HAR_O__log__rolling,Elastic Net | HAR+Option,Individual models,0.0752277,0.09830165,0.08808877,-0.02307395,-0.01286107,0.02307395,0.01286107,0.00053241,0.00016541,-0.01021288,-0.000367,-0.0133896,0.00788686,0.01595852,0.01596458,6.06e-06
2014-09-30,enet__HAR_O__log__rolling,Elastic Net | HAR+Option,Individual models,0.0762108,0.07988024,0.09063727,-0.00366944,-0.01442647,0.00366944,0.01442647,1.346e-05,0.00020812,0.01075703,0.00019466,-0.00263257,0.00808152,0.01390872,0.01566892,0.0017602
2014-10-31,enet__HAR_O__log__rolling,Elastic Net | HAR+Option,Individual models,0.14399204,0.09272499,0.09121305,0.05126705,0.05277899,0.05126705,0.05277899,0.00262831,0.00278562,0.00151194,0.00015731,-0.00112063,0.00823883,0.0169936,0.01931444,0.00232083
2014-11-30,enet__HAR_O__log__rolling,Elastic Net | HAR+Option,Individual models,0.06427653,0.09911482,0.1166976,-0.0348383,-0.05242108,0.0348383,0.05242108,0.00121371,0.00274797,0.01758278,0.00153426,0.01646215,0.0097731,0.0185689,0.02137149,0.00280259
2014-12-31,enet__HAR_O__log__rolling,Elastic Net | HAR+Option,Individual models,0.10043239,0.08139748,0.08989329,0.01903491,0.0105391,0.01903491,0.0105391,0.00036233,0.00011107,-0.00849581,-0.00025126,0.00796634,0.00952184,0.01894967,0.02052029,0.00157062
2015-01-31,enet__HAR_O__log__rolling,Elastic Net | HAR+Option,Individual models,0.13813587,0.11034416,0.10182245,0.02779171,0.03631343,0.02779171,0.03631343,0.00077238,0.00131866,0.00852171,0.00054629,0.01648805,0.01006813,0.02075374,0.02326681,0.00251308
2015-02-28,enet__HAR_O__log__rolling,Elastic Net | HAR+Option,Individual models,0.09213617,0.13877436,0.11523843,-0.04663818,-0.02310226,0.04663818,0.02310226,0.00217512,0.00053371,-0.02353593,-0.00164141,-0.00704788,0.00842672,0.0232886,0.02461232,0.00132372
2015-03-31,enet__HAR_O__log__rolling,Elastic Net | HAR+Option,Individual models,0.08527221,0.09126291,0.1007801,-0.0059907,-0.0155079,0.0059907,0.0155079,3.589e-05,0.00024049,0.0095172,0.00020461,0.00246932,0.00863133,0.02376045,0.02545503,0.00169457
2015-04-30,enet__HAR_O__log__rolling,Elastic Net | HAR+Option,Individual models,0.08426138,0.10361308,0.09809242,-0.0193517,-0.01383104,0.0193517,0.01383104,0.00037449,0.0001913,-0.00552066,-0.00018319,-0.00305134,0.00844814,0.02520568,0.02631489,0.00110921
2015-05-31,enet__HAR_O__log__rolling,Elastic Net | HAR+Option,Individual models,0.0753713,0.09784375,0.09617712,-0.02247245,-0.02080582,0.02247245,0.02080582,0.00050501,0.00043288,-0.00166663,-7.213e-05,-0.00471797,0.00837601,0.0249283,0.02575286,0.00082455
2015-06-30,enet__HAR_O__log__rolling,Elastic Net | HAR+Option,Individual models,0.08191996,0.08499542,0.09304976,-0.00307547,-0.01112981,0.00307547,0.01112981,9.46e-06,0.00012387,0.00805434,0.00011441,0.00333637,0.00849042,0.02282197,0.02367254,0.00085057
2015-07-31,enet__HAR_O__log__rolling,Elastic Net | HAR+Option,Individual models,0.08281331,0.10870563,0.09519662,-0.02589232,-0.01238331,0.02589232,0.01238331,0.00067041,0.00015335,-0.01350901,-0.00051707,-0.01017264,0.00797336,0.02359135,0.02300835,-0.00058299
2015-08-31,enet__HAR_O__log__rolling,Elastic Net | HAR+Option,Individual models,0.18124678,0.08003823,0.09560516,0.10120855,0.08564162,0.10120855,0.08564162,0.01024317,0.00733449,-0.01556693,-0.00290868,-0.02573957,0.00506467,0.03010257,0.0290734,-0.00102916
2015-09-30,enet__HAR_O__log__rolling,Elastic Net | HAR+Option,Individual models,0.15257606,0.19193357,0.13513135,-0.03935751,0.01744471,0.03935751,0.01744471,0.00154901,0.00030432,-0.0219128,-0.0012447,-0.04765237,0.00381998,0.03307657,0.02932492,-0.00375165
2015-10-31,enet__HAR_O__log__rolling,Elastic Net | HAR+Option,Individual models,0.1095216,0.13418251,0.12697753,-0.02466091,-0.01745594,0.02466091,0.01745594,0.00060816,0.00030471,-0.00720497,-0.00030345,-0.05485734,0.00351653,0.03085939,0.02638133,-0.00447806
2015-11-30,enet__HAR_O__log__rolling,Elastic Net | HAR+Option,Individual models,0.09094525,0.11276058,0.11088782,-0.02181533,-0.01994257,0.02181533,0.01994257,0.00047591,0.00039771,-0.00187276,-7.82e-05,-0.05673011,0.00343832,0.02977415,0.02367479,-0.00609936
2015-12-31,enet__HAR_O__log__rolling,Elastic Net | HAR+Option,Individual models,0.12220819,0.10155705,0.10290397,0.02065114,0.01930422,0.02065114,0.01930422,0.00042647,0.00037265,-0.00134692,-5.382e-05,-0.05807703,0.00338451,0.02990883,0.02440522,-0.00550361
2016-01-31,enet__HAR_O__log__rolling,Elastic Net | HAR+Option,Individual models,0.19111779,0.11567514,0.11368516,0.07544264,0.07743262,0.07544264,0.07743262,0.00569159,0.00599581,0.00198998,0.00030422,-0.05608705,0.00368873,0.03387974,0.02783182,-0.00604792
2016-02-29,enet__HAR_O__log__rolling,Elastic Net | HAR+Option,Individual models,0.16301964,0.13389954,0.14513661,0.0291201,0.01788303,0.0291201,0.01788303,0.00084798,0.0003198,-0.01123707,-0.00052818,-0.06732412,0.00316055,0.0324199,0.02739688,-0.00502302
2016-03-31,enet__HAR_O__log__rolling,Elastic Net | HAR+Option,Individual models,0.09480278,0.13755023,0.13582316,-0.04274745,-0.04102037,0.04274745,0.04102037,0.00182734,0.00168267,-0.00172707,-0.00014467,-0.06905119,0.00301587,0.03548296,0.02952292,-0.00596004
2016-04-30,enet__HAR_O__log__rolling,Elastic Net | HAR+Option,Individual models,0.08229344,0.10927131,0.10862824,-0.02697787,-0.02633481,0.02697787,0.02633481,0.00072781,0.00069352,-0.00064307,-3.428e-05,-0.06969426,0.00298159,0.03611848,0.0305649,-0.00555358
2016-05-31,enet__HAR_O__log__rolling,Elastic Net | HAR+Option,Individual models,0.08530203,0.10857038,0.10215381,-0.02326835,-0.01685178,0.02326835,0.01685178,0.00054142,0.00028398,-0.00641658,-0.00025743,-0.07611083,0.00272416,0.0361848,0.0302354,-0.0059494
2016-06-30,enet__HAR_O__log__rolling,Elastic Net | HAR+Option,Individual models,0.09397396,0.09493152,0.10191531,-0.00095756,-0.00794135,0.00095756,0.00794135,9.2e-07,6.307e-05,0.00698379,6.215e-05,-0.06912704,0.00278631,0.03600831,0.02996969,-0.00603862
2016-07-31,enet__HAR_O__log__rolling,Elastic Net | HAR+Option,Individual models,0.06662709,0.09871699,0.10466726,-0.0320899,-0.03804017,0.0320899,0.03804017,0.00102976,0.00144705,0.00595027,0.00041729,-0.06317677,0.0032036,0.03652478,0.03210777,-0.00441701
2016-08-31,enet__HAR_O__log__rolling,Elastic Net | HAR+Option,Individual models,0.05875578,0.08502915,0.09501239,-0.02627336,-0.03625661,0.02627336,0.03625661,0.00069029,0.00131454,0.00998325,0.00062425,-0.05319353,0.00382785,0.03028018,0.02799235,-0.00228783
2016-09-30,enet__HAR_O__log__rolling,Elastic Net | HAR+Option,Individual models,0.08956114,0.08421266,0.09092766,0.00534848,-0.00136651,0.00534848,0.00136651,2.861e-05,1.87e-06,-0.00398197,-2.674e-05,-0.0571755,0.00380111,0.02744609,0.0266525,-0.00079359
2016-10-31,enet__HAR_O__log__rolling,Elastic Net | HAR+Option,Individual models,0.07645832,0.10116972,0.10017519,-0.02471141,-0.02371688,0.02471141,0.02371688,0.00061065,0.00056249,-0.00099453,-4.816e-05,-0.05817002,0.00375295,0.0274503,0.02717424,-0.00027606
2016-11-30,enet__HAR_O__log__rolling,Elastic Net | HAR+Option,Individual models,0.08613464,0.10610652,0.09596475,-0.01997188,-0.00983012,0.01997188,0.00983012,0.00039888,9.663e-05,-0.01014176,-0.00030224,-0.06831179,0.0034507,0.02729668,0.02633154,-0.00096514
2016-12-31,enet__HAR_O__log__rolling,Elastic Net | HAR+Option,Individual models,0.06241094,0.08590924,0.09959472,-0.02349829,-0.03718377,0.02349829,0.03718377,0.00055217,0.00138263,0.01368548,0.00083046,-0.0546263,0.00428117,0.02753394,0.0278215,0.00028756
2017-01-31,enet__HAR_O__log__rolling,Elastic Net | HAR+Option,Individual models,0.06212703,0.08847462,0.09131225,-0.02634758,-0.02918521,0.02634758,0.02918521,0.0006942,0.00085178,0.00283763,0.00015758,-0.05178867,0.00443875,0.02344269,0.02380088,0.0003582
2017-02-28,enet__HAR_O__log__rolling,Elastic Net | HAR+Option,Individual models,0.05181816,0.08038735,0.08981388,-0.02856919,-0.03799572,0.02856919,0.03799572,0.0008162,0.00144367,0.00942653,0.00062748,-0.04236214,0.00506622,0.02339678,0.02547694,0.00208016
2017-03-31,enet__HAR_O__log__rolling,Elastic Net | HAR+Option,Individual models,0.06543911,0.07291081,0.08508029,-0.0074717,-0.01964118,0.0074717,0.01964118,5.583e-05,0.00038578,0.01216948,0.00032995,-0.03019266,0.00539617,0.02045713,0.02369534,0.00323821
2017-04-30,enet__HAR_O__log__rolling,Elastic Net | HAR+Option,Individual models,0.06821277,0.0757584,0.08807873,-0.00754563,-0.01986596,0.00754563,0.01986596,5.694e-05,0.00039466,0.01232033,0.00033772,-0.01787233,0.00573389,0.01883778,0.02315627,0.00431849
2017-05-31,enet__HAR_O__log__rolling,Elastic Net | HAR+Option,Individual models,0.05167712,0.07015824,0.08906903,-0.01848112,-0.03739191,0.01848112,0.03739191,0.00034155,0.00139815,0.01891079,0.0010566,0.00103846,0.0067905,0.01843884,0.02486795,0.00642911
2017-06-30,enet__HAR_O__log__rolling,Elastic Net | HAR+Option,Individual models,0.06000712,0.06787787,0.08363599,-0.00787076,-0.02362887,0.00787076,0.02362887,6.195e-05,0.00055832,0.01575811,0.00049637,0.01679657,0.00728687,0.01901494,0.02617524,0.0071603
2017-07-31,enet__HAR_O__log__rolling,Elastic Net | HAR+Option,Individual models,0.04869214,0.07135194,0.08495022,-0.0226598,-0.03625807,0.0226598,0.03625807,0.00051347,0.00131465,0.01359827,0.00080118,0.03039484,0.00808805,0.0182291,0.02602673,0.00779763
2017-08-31,enet__HAR_O__log__rolling,Elastic Net | HAR+Option,Individual models,0.05895137,0.06412992,0.08032493,-0.00517854,-0.02137356,0.00517854,0.02137356,2.682e-05,0.00045683,0.01619501,0.00043001,0.04658985,0.00851806,0.0164712,0.02478648,0.00831528
2017-09-30,enet__HAR_O__log__rolling,Elastic Net | HAR+Option,Individual models,0.04531107,0.06754326,0.08183425,-0.02223219,-0.03652319,0.02223219,0.03652319,0.00049427,0.00133394,0.014291,0.00083967,0.06088085,0.00935774,0.01787817,0.0277162,0.00983803
2017-10-31,enet__HAR_O__log__rolling,Elastic Net | HAR+Option,Individual models,0.03786706,0.05703597,0.07706881,-0.0191689,-0.03920175,0.0191689,0.03920175,0.00036745,0.00153678,0.02003285,0.00116933,0.0809137,0.01052707,0.0174163,0.02900661,0.01159031
2017-11-30,enet__HAR_O__log__rolling,Elastic Net | HAR+Option,Individual models,0.04900293,0.0521704,0.07370597,-0.00316747,-0.02470304,0.00316747,0.02470304,1.003e-05,0.00061024,0.02153557,0.00060021,0.10244926,0.01112727,0.01601593,0.03024602,0.01423009
2017-12-31,enet__HAR_O__log__rolling,Elastic Net | HAR+Option,Individual models,0.06019932,0.06044677,0.07481554,-0.00024745,-0.01461623,0.00024745,0.01461623,6e-08,0.00021363,0.01436878,0.00021357,0.11681804,0.01134085,0.01407836,0.02836539,0.01428703
2018-01-31,enet__HAR_O__log__rolling,Elastic Net | HAR+Option,Individual models,0.06519769,0.06331016,0.07762023,0.00188753,-0.01242254,0.00188753,0.01242254,3.56e-06,0.00015432,0.01053502,0.00015076,0.12735306,0.0114916,0.01204002,0.0269685,0.01492848
2018-02-28,enet__HAR_O__log__rolling,Elastic Net | HAR+Option,Individual models,0.1387046,0.07972562,0.07819547,0.05897898,0.06050912,0.05897898,0.06050912,0.00347852,0.00366135,0.00153014,0.00018283,0.1288832,0.01167444,0.01457417,0.02884462,0.01427045
2018-03-31,enet__HAR_O__log__rolling,Elastic Net | HAR+Option,Individual models,0.13891564,0.08241375,0.10438966,0.05650189,0.03452598,0.05650189,0.03452598,0.00319246,0.00119204,-0.02197591,-0.00200042,0.10690729,0.00967402,0.01866002,0.03008502,0.011425
2018-04-30,enet__HAR_O__log__rolling,Elastic Net | HAR+Option,Individual models,0.1407784,0.11095367,0.10640081,0.02982473,0.03437759,0.02982473,0.03437759,0.00088951,0.00118182,0.00455286,0.0002923,0.11146015,0.00996632,0.02051661,0.03129432,0.01077771
2018-05-31,enet__HAR_O__log__rolling,Elastic Net | HAR+Option,Individual models,0.09507116,0.11379777,0.10993222,-0.01872661,-0.01486106,0.01872661,0.01486106,0.00035069,0.00022085,-0.00386555,-0.00012983,0.1075946,0.00983649,0.02053707,0.02941675,0.00887968
2018-06-30,enet__HAR_O__log__rolling,Elastic Net | HAR+Option,Individual models,0.08039533,0.09796346,0.09331526,-0.01756813,-0.01291992,0.01756813,0.01291992,0.00030864,0.00016692,-0.0046482,-0.00014171,0.1029464,0.00969477,0.02134518,0.02852434,0.00717915
2018-07-31,enet__HAR_O__log__rolling,Elastic Net | HAR+Option,Individual models,0.0690613,0.09308752,0.08786672,-0.02402622,-0.01880541,0.02402622,0.01880541,0.00057726,0.00035364,-0.00522081,-0.00022362,0.09772559,0.00947116,0.02145905,0.02706995,0.0056109
2018-08-31,enet__HAR_O__log__rolling,Elastic Net | HAR+Option,Individual models,0.05968197,0.06859355,0.08387116,-0.00891158,-0.02418919,0.00891158,0.02418919,7.942e-05,0.00058512,0.01527761,0.0005057,0.1130032,0.00997686,0.02177014,0.02730459,0.00553445
2018-09-30,enet__HAR_O__log__rolling,Elastic Net | HAR+Option,Individual models,0.0654128,0.06631297,0.08064715,-0.00090017,-0.01523435,0.00090017,0.01523435,8.1e-07,0.00023209,0.01433418,0.00023128,0.12733738,0.01020813,0.01999247,0.02553052,0.00553804
2018-10-31,enet__HAR_O__log__rolling,Elastic Net | HAR+Option,Individual models,0.17260155,0.0729306,0.08166035,0.09967095,0.0909412,0.09967095,0.0909412,0.0099343,0.0082703,-0.00872975,-0.001664,0.11860763,0.00854414,0.02670098,0.02984214,0.00314116
2018-11-30,enet__HAR_O__log__rolling,Elastic Net | HAR+Option,Individual models,0.14550899,0.1238302,0.1199506,0.02167879,0.02555839,0.02167879,0.02555839,0.00046997,0.00065323,0.0038796,0.00018326,0.12248723,0.0087274,0.02824359,0.02991342,0.00166983
2018-12-31,enet__HAR_O__log__rolling,Elastic Net | HAR+Option,Individual models,0.23558433,0.12201413,0.11588897,0.1135702,0.11969536,0.1135702,0.11969536,0.01289819,0.01432698,0.00612516,0.00142879,0.12861239,0.01015619,0.03768715,0.03867001,0.00098286
2019-01-31,enet__HAR_O__log__rolling,Elastic Net | HAR+Option,Individual models,0.13805562,0.21017241,0.18961141,-0.07211679,-0.05155579,0.07211679,0.05155579,0.00520083,0.002658,-0.020561,-0.00254283,0.10805139,0.00761336,0.04353959,0.04193111,-0.00160847
2019-02-28,enet__HAR_O__log__rolling,Elastic Net | HAR+Option,Individual models,0.08205478,0.1060295,0.11797261,-0.02397473,-0.03591783,0.02397473,0.03591783,0.00057479,0.00129009,0.0119431,0.0007153,0.1199945,0.00832866,0.04062256,0.03988184,-0.00074073
2019-03-31,enet__HAR_O__log__rolling,Elastic Net | HAR+Option,Individual models,0.09470707,0.08757473,0.0875381,0.00713234,0.00716898,0.00713234,0.00716898,5.087e-05,5.139e-05,3.663e-05,5.2e-07,0.12003113,0.00832918,0.03650844,0.03760209,0.00109365
2019-04-30,enet__HAR_O__log__rolling,Elastic Net | HAR+Option,Individual models,0.05727866,0.09152164,0.09525854,-0.03424298,-0.03797988,0.03424298,0.03797988,0.00117258,0.00144247,0.0037369,0.00026989,0.12376803,0.00859907,0.03687662,0.03790228,0.00102566
2019-05-31,enet__HAR_O__log__rolling,Elastic Net | HAR+Option,Individual models,0.11646584,0.07053601,0.07847861,0.04592982,0.03798723,0.04592982,0.03798723,0.00210955,0.00144303,-0.00794259,-0.00066652,0.11582544,0.00793255,0.03914356,0.03982946,0.0006859
2019-06-30,enet__HAR_O__log__rolling,Elastic Net | HAR+Option,Individual models,0.08633239,0.11084668,0.10607152,-0.02451428,-0.01973913,0.02451428,0.01973913,0.00060095,0.00038963,-0.00477515,-0.00021132,0.11105029,0.00772124,0.0397224,0.04039773,0.00067532
2019-07-31,enet__HAR_O__log__rolling,Elastic Net | HAR+Option,Individual models,0.06669148,0.08921966,0.09128019,-0.02252818,-0.02458871,0.02252818,0.02458871,0.00050752,0.0006046,0.00206053,9.709e-05,0.11311082,0.00781832,0.03959757,0.04087967,0.0012821
2019-08-31,enet__HAR_O__log__rolling,Elastic Net | HAR+Option,Individual models,0.13916472,0.0812317,0.08281996,0.05793303,0.05634477,0.05793303,0.05634477,0.00335624,0.00317473,-0.00158826,-0.0001815,0.11152256,0.00763682,0.04368269,0.0435593,-0.00012339
2019-09-30,enet__HAR_O__log__rolling,Elastic Net | HAR+Option,Individual models,0.08899928,0.10447582,0.11891754,-0.01547654,-0.02991826,0.01547654,0.02991826,0.00023952,0.0008951,0.01444172,0.00065558,0.12596428,0.0082924,0.04489739,0.04478296,-0.00011443
2019-10-31,enet__HAR_O__log__rolling,Elastic Net | HAR+Option,Individual models,0.09164451,0.11276933,0.09436573,-0.02112482,-0.00272122,0.02112482,0.00272122,0.00044626,7.41e-06,-0.0184036,-0.00043885,0.10756067,0.00785355,0.03835188,0.0374313,-0.00092058
2019-11-30,enet__HAR_O__log__rolling,Elastic Net | HAR+Option,Individual models,0.05524849,0.07102937,0.09472056,-0.01578088,-0.03947207,0.01578088,0.03947207,0.00024904,0.00155804,0.02369119,0.00130901,0.13125187,0.00916255,0.03786038,0.03859077,0.00073039
2019-12-31,enet__HAR_O__log__rolling,Elastic Net | HAR+Option,Individual models,0.06209932,0.07733345,0.07849395,-0.01523413,-0.01639463,0.01523413,0.01639463,0.00023208,0.00026878,0.0011605,3.671e-05,0.13241237,0.00919926,0.02966571,0.02998237,0.00031666
2020-01-31,enet__HAR_O__log__rolling,Elastic Net | HAR+Option,Individual models,0.07975763,0.07703471,0.07879248,0.00272292,0.00096515,0.00272292,0.00096515,7.41e-06,9.3e-07,-0.00175777,-6.48e-06,0.1306546,0.00919278,0.02388289,0.02576649,0.0018836
2020-02-29,enet__HAR_O__log__rolling,Elastic Net | HAR+Option,Individual models,0.18564385,0.11066186,0.08500203,0.07498199,0.10064182,0.07498199,0.10064182,0.0056223,0.01012878,0.02565982,0.00450648,0.15631443,0.01369925,0.02813349,0.03116015,0.00302666
2020-03-31,enet__HAR_O__log__rolling,Elastic Net | HAR+Option,Individual models,0.58295547,0.38706131,0.14520964,0.19589416,0.43774583,0.19589416,0.43774583,0.03837452,0.19162141,0.24185167,0.15324689,0.3981661,0.16694614,0.04386364,0.06704156,0.02317791
2020-04-30,enet__HAR_O__log__rolling,Elastic Net | HAR+Option,Individual models,0.24991991,0.1856224,1.54497553,0.0642975,-1.29505562,0.0642975,1.29505562,0.00413417,1.67716907,1.23075812,1.6730349,1.62892422,1.83998104,0.04636819,0.17179787,0.12542968
2020-05-31,enet__HAR_O__log__rolling,Elastic Net | HAR+Option,Individual models,0.16410989,0.13698002,0.187209,0.02712988,-0.0230991,0.02712988,0.0230991,0.00073603,0.00053357,-0.00403078,-0.00020246,1.62489344,1.83977858,0.04480153,0.17055719,0.12575567
2020-06-30,enet__HAR_O__log__rolling,Elastic Net | HAR+Option,Individual models,0.18276328,0.11551601,0.13434073,0.06724727,0.04842255,0.06724727,0.04842255,0.0045222,0.00234474,-0.01882472,-0.00217745,1.60606872,1.83760113,0.04836261,0.17294748,0.12458487
2020-07-31,enet__HAR_O__log__rolling,Elastic Net | HAR+Option,Individual models,0.13369031,0.17791078,0.14973507,-0.04422047,-0.01604476,0.04422047,0.01604476,0.00195545,0.00025743,-0.02817571,-0.00169802,1.57789302,1.83590311,0.0501703,0.17223548,0.12206518
2020-08-31,enet__HAR_O__log__rolling,Elastic Net | HAR+Option,Individual models,0.08711462,0.13618584,0.12370315,-0.04907122,-0.03658853,0.04907122,0.03658853,0.00240799,0.00133872,-0.01248269,-0.00106926,1.56541032,1.83483385,0.04943182,0.17058913,0.12115731
2020-09-30,enet__HAR_O__log__rolling,Elastic Net | HAR+Option,Individual models,0.18583484,0.11750923,0.10151568,0.0683256,0.08431916,0.0683256,0.08431916,0.00466839,0.00710972,0.01599356,0.00244133,1.58140388,1.83727518,0.0538359,0.17512254,0.12128663
2020-10-31,enet__HAR_O__log__rolling,Elastic Net | HAR+Option,Individual models,0.14700764,0.18037749,0.14927946,-0.03336986,-0.00227183,0.03336986,0.00227183,0.00111355,5.16e-06,-0.03109803,-0.00110839,1.55030585,1.83616679,0.05485632,0.17508509,0.12022876
2020-11-30,enet__HAR_O__log__rolling,Elastic Net | HAR+Option,Individual models,0.13540578,0.24005534,0.13272256,-0.10464957,0.00268322,0.10464957,0.00268322,0.01095153,7.2e-06,-0.10196635,-0.01094433,1.4483395,1.82522246,0.06226205,0.17201935,0.1097573
2020-12-31,enet__HAR_O__log__rolling,Elastic Net | HAR+Option,Individual models,0.08727809,0.12127954,0.13042698,-0.03400146,-0.04314889,0.03400146,0.04314889,0.0011561,0.00186183,0.00914743,0.00070573,1.45748693,1.82592819,0.06382599,0.17424887,0.11042288
2021-01-31,enet__HAR_O__log__rolling,Elastic Net | HAR+Option,Individual models,0.12643455,0.10747338,0.10846867,0.01896117,0.01796589,0.01896117,0.01796589,0.00035953,0.00032277,-0.00099528,-3.675e-05,1.45649165,1.82589144,0.06517918,0.1756656,0.11048642
2021-02-28,enet__HAR_O__log__rolling,Elastic Net | HAR+Option,Individual models,0.12196964,0.21206904,0.12688707,-0.0900994,-0.00491743,0.0900994,0.00491743,0.0081179,2.418e-05,-0.08518197,-0.00809372,1.37130968,1.81779771,0.06643896,0.16768857,0.1012496
2021-03-31,enet__HAR_O__log__rolling,Elastic Net | HAR+Option,Individual models,0.14192329,0.15987065,0.12423121,-0.01794736,0.01769207,0.01794736,0.01769207,0.00032211,0.00031301,-0.00025529,-9.1e-06,1.37105439,1.81778862,0.05161006,0.13268409,0.08107402
2021-04-30,enet__HAR_O__log__rolling,Elastic Net | HAR+Option,Individual models,0.07227313,0.11424788,0.12520714,-0.04197475,-0.05293401,0.04197475,0.05293401,0.00176188,0.00280201,0.01095926,0.00104013,1.38201365,1.81882875,0.04974983,0.02917395,-0.02057588
2021-05-31,enet__HAR_O__log__rolling,Elastic Net | HAR+Option,Individual models,0.09818055,0.09896307,0.09539606,-0.00078252,0.00278449,0.00078252,0.00278449,6.1e-07,7.75e-06,0.00200197,7.14e-06,1.38401562,1.81883589,0.04755422,0.02748107,-0.02007315
2021-06-30,enet__HAR_O__log__rolling,Elastic Net | HAR+Option,Individual models,0.06526994,0.08926789,0.10263326,-0.02399795,-0.03736333,0.02399795,0.03736333,0.0005759,0.00139602,0.01336538,0.00082012,1.397381,1.819656,0.04395011,0.02655947,-0.01739064
2021-07-31,enet__HAR_O__log__rolling,Elastic Net | HAR+Option,Individual models,0.07520977,0.08343748,0.08885329,-0.00822771,-0.01364352,0.00822771,0.01364352,6.77e-05,0.00018615,0.00541581,0.00011845,1.40279681,1.81977445,0.04095071,0.02635936,-0.01459135
2021-08-31,enet__HAR_O__log__rolling,Elastic Net | HAR+Option,Individual models,0.06362476,0.09764932,0.09090206,-0.03402456,-0.02727729,0.03402456,0.02727729,0.00115767,0.00074405,-0.00674726,-0.00041362,1.39604954,1.81936083,0.03969683,0.02558343,-0.0141134
2021-09-30,enet__HAR_O__log__rolling,Elastic Net | HAR+Option,Individual models,0.10189251,0.08165396,0.08521496,0.02023855,0.01667755,0.02023855,0.01667755,0.0004096,0.00027814,-0.003561,-0.00013146,1.39248854,1.81922938,0.03568957,0.01994663,-0.01574294
2021-10-31,enet__HAR_O__log__rolling,Elastic Net | HAR+Option,Individual models,0.09768553,0.12543241,0.09621429,-0.02774688,0.00147123,0.02774688,0.00147123,0.00076989,2.16e-06,-0.02627565,-0.00076772,1.36621289,1.81846165,0.03522099,0.01987991,-0.01534108
2021-11-30,enet__HAR_O__log__rolling,Elastic Net | HAR+Option,Individual models,0.08990034,0.0886783,0.09457941,0.00122204,-0.00467908,0.00122204,0.00467908,1.49e-06,2.189e-05,0.00345704,2.04e-05,1.36966993,1.81848205,0.02660203,0.02004623,-0.0065558
2021-12-31,enet__HAR_O__log__rolling,Elastic Net | HAR+Option,Individual models,0.12715669,0.15148257,0.09180554,-0.02432588,0.03535115,0.02432588,0.03535115,0.00059175,0.0012497,0.01102527,0.00065796,1.3806952,1.81914001,0.02579573,0.01939642,-0.00639931
2022-01-31,enet__HAR_O__log__rolling,Elastic Net | HAR+Option,Individual models,0.2054063,0.09492601,0.10455535,0.11048029,0.10085095,0.11048029,0.10085095,0.0122059,0.01017091,-0.00962934,-0.00203498,1.37106586,1.81710503,0.03342233,0.02630351,-0.00711882
2022-02-28,enet__HAR_O__log__rolling,Elastic Net | HAR+Option,Individual models,0.18906515,0.16900236,0.13873051,0.02006279,0.05033464,0.02006279,0.05033464,0.00040252,0.00253358,0.03027184,0.00213106,1.4013377,1.81923609,0.02758594,0.03008828,0.00250233
2022-03-31,enet__HAR_O__log__rolling,Elastic Net | HAR+Option,Individual models,0.1731367,0.17782423,0.13572155,-0.00468753,0.03741514,0.00468753,0.03741514,2.197e-05,0.00139989,0.03272762,0.00137792,1.43406531,1.82061401,0.02648095,0.03173187,0.00525091
2022-04-30,enet__HAR_O__log__rolling,Elastic Net | HAR+Option,Individual models,0.15851479,0.12465444,0.13127507,0.03386035,0.02723972,0.03386035,0.02723972,0.00114652,0.000742,-0.00662063,-0.00040452,1.42744468,1.82020948,0.02580475,0.02959067,0.00378592
2022-05-31,enet__HAR_O__log__rolling,Elastic Net | HAR+Option,Individual models,0.2578389,0.2213,0.12724383,0.0365389,0.13059508,0.0365389,0.13059508,0.00133509,0.01705507,0.09405618,0.01571998,1.52150086,1.83592947,0.02878445,0.04024156,0.0114571
2022-06-30,enet__HAR_O__log__rolling,Elastic Net | HAR+Option,Individual models,0.20628661,0.15505289,0.18639549,0.05123372,0.01989112,0.05123372,0.01989112,0.00262489,0.00039566,-0.0313426,-0.00222924,1.49015826,1.83370023,0.0310541,0.03878554,0.00773144
2022-07-31,enet__HAR_O__log__rolling,Elastic Net | HAR+Option,Individual models,0.16389054,0.16721244,0.16323174,-0.0033219,0.0006588,0.0033219,0.0006588,1.103e-05,4.3e-07,-0.00266309,-1.06e-05,1.48749517,1.83368963,0.03064528,0.03770348,0.0070582
2022-08-31,enet__HAR_O__log__rolling,Elastic Net | HAR+Option,Individual models,0.13005032,0.11688683,0.14456027,0.01316349,-0.01450995,0.01316349,0.01450995,0.00017328,0.00021054,0.00134646,3.726e-05,1.48884163,1.83372689,0.02890686,0.03663953,0.00773267
2022-09-30,enet__HAR_O__log__rolling,Elastic Net | HAR+Option,Individual models,0.19626273,0.14319211,0.12637585,0.05307062,0.06988687,0.05307062,0.06988687,0.00281649,0.00488417,0.01681625,0.00206768,1.50565788,1.83579457,0.03164287,0.04107364,0.00943078
2022-10-31,enet__HAR_O__log__rolling,Elastic Net | HAR+Option,Individual models,0.19975826,0.19166777,0.1614805,0.00809049,0.03827776,0.00809049,0.03827776,6.546e-05,0.00146519,0.03018727,0.00139973,1.53584515,1.83719431,0.03000483,0.04414085,0.01413602
2022-11-30,enet__HAR_O__log__rolling,Elastic Net | HAR+Option,Individual models,0.16948675,0.13752147,0.170144,0.03196528,-0.00065725,0.03196528,0.00065725,0.00102178,4.3e-07,-0.03130803,-0.00102135,1.50453712,1.83617296,0.03256677,0.0438057,0.01123893
2022-12-31,enet__HAR_O__log__rolling,Elastic Net | HAR+Option,Individual models,0.15877952,0.12597821,0.15843758,0.03280131,0.00034194,0.03280131,0.00034194,0.00107593,1.2e-07,-0.03245937,-0.00107581,1.47207776,1.83509715,0.03327306,0.04088827,0.00761521
2023-01-31,enet__HAR_O__log__rolling,Elastic Net | HAR+Option,Individual models,0.14255764,0.13673927,0.15281384,0.00581836,-0.01025621,0.00581836,0.01025621,3.385e-05,0.00010519,0.00443784,7.134e-05,1.4765156,1.83516849,0.02455123,0.03333871,0.00878748
2023-02-28,enet__HAR_O__log__rolling,Elastic Net | HAR+Option,Individual models,0.14798801,0.11494031,0.14108966,0.0330477,0.00689835,0.0330477,0.00689835,0.00109215,4.759e-05,-0.02614934,-0.00104456,1.45036626,1.83412392,0.0256333,0.02971902,0.00408571
2023-03-31,enet__HAR_O__log__rolling,Elastic Net | HAR+Option,Individual models,0.16589266,0.12931858,0.14245861,0.03657408,0.02343405,0.03657408,0.02343405,0.00133766,0.00054915,-0.01314003,-0.00078851,1.43722623,1.83333541,0.02829052,0.02855393,0.00026341
2023-04-30,enet__HAR_O__log__rolling,Elastic Net | HAR+Option,Individual models,0.08994252,0.1193441,0.15253063,-0.02940158,-0.06258811,0.02940158,0.06258811,0.00086445,0.00391727,0.03318653,0.00305282,1.47041276,1.83638823,0.02791895,0.03149962,0.00358067
2023-05-31,enet__HAR_O__log__rolling,Elastic Net | HAR+Option,Individual models,0.10574234,0.08388012,0.11438662,0.02186223,-0.00864427,0.02186223,0.00864427,0.00047796,7.472e-05,-0.01321795,-0.00040323,1.4571948,1.835985,0.0266959,0.02133706,-0.00535884
2023-06-30,enet__HAR_O__log__rolling,Elastic Net | HAR+Option,Individual models,0.09100868,0.09841129,0.11566273,-0.00740262,-0.02465406,0.00740262,0.02465406,5.48e-05,0.00060782,0.01725144,0.00055302,1.47444624,1.83653802,0.0230433,0.02173397,-0.00130934
2023-07-31,enet__HAR_O__log__rolling,Elastic Net | HAR+Option,Individual models,0.07268551,0.08520431,0.10498751,-0.0125188,-0.032302,0.0125188,0.032302,0.00015672,0.00104342,0.0197832,0.0008867,1.49422945,1.83742472,0.02380971,0.0243709,0.00056119
2023-08-31,enet__HAR_O__log__rolling,Elastic Net | HAR+Option,Individual models,0.09745315,0.07892295,0.09628427,0.0185302,0.00116888,0.0185302,0.00116888,0.00034337,1.37e-06,-0.01736132,-0.000342,1.47686812,1.83708272,0.02425694,0.02325915,-0.00099779
2023-09-30,enet__HAR_O__log__rolling,Elastic Net | HAR+Option,Individual models,0.09176085,0.08057774,0.10361721,0.0111831,-0.01185637,0.0111831,0.01185637,0.00012506,0.00014057,0.00067326,1.551e-05,1.47754139,1.83709823,0.02076631,0.01842327,-0.00234304
2023-10-31,enet__HAR_O__log__rolling,Elastic Net | HAR+Option,Individual models,0.12613768,0.1004503,0.10019084,0.02568738,0.02594684,0.02568738,0.02594684,0.00065984,0.00067324,0.00025946,1.34e-05,1.47780085,1.83711163,0.02223272,0.01739569,-0.00483703
2023-11-30,enet__HAR_O__log__rolling,Elastic Net | HAR+Option,Individual models,0.08061106,0.10832096,0.11318387,-0.02770991,-0.03257281,0.02770991,0.03257281,0.00076784,0.00106099,0.00486291,0.00029315,1.48266376,1.83740478,0.0218781,0.02005532,-0.00182278
2023-12-31,enet__HAR_O__log__rolling,Elastic Net | HAR+Option,Individual models,0.07463208,0.0845849,0.09612049,-0.00995282,-0.0214884,0.00995282,0.0214884,9.906e-05,0.00046175,0.01153558,0.00036269,1.49419934,1.83776747,0.01997406,0.02181753,0.00184347
2024-01-31,enet__HAR_O__log__rolling,Elastic Net | HAR+Option,Individual models,0.0851791,0.08591427,0.09260378,-0.00073517,-0.00742468,0.00073517,0.00742468,5.4e-07,5.513e-05,0.00668951,5.459e-05,1.50088885,1.83782206,0.01955046,0.02158157,0.0020311
2011-03-31,rf__HAR_O__log__rolling,Random Forest | HAR+Option,Individual models,0.1239968,0.10056398,0.11607562,0.02343282,0.00792117,0.02343282,0.00792117,0.0005491,6.274e-05,-0.01551164,-0.00048635,-0.01551164,-0.00048635,,,
2011-04-30,rf__HAR_O__log__rolling,Random Forest | HAR+Option,Individual models,0.08197577,0.10796734,0.12651617,-0.02599157,-0.0445404,0.02599157,0.0445404,0.00067556,0.00198385,0.01854882,0.00130829,0.00303718,0.00082193,,,
2011-05-31,rf__HAR_O__log__rolling,Random Forest | HAR+Option,Individual models,0.10443997,0.09285411,0.11306831,0.01158586,-0.00862834,0.01158586,0.00862834,0.00013423,7.445e-05,-0.00295752,-5.978e-05,7.966e-05,0.00076215,,,
2011-06-30,rf__HAR_O__log__rolling,Random Forest | HAR+Option,Individual models,0.11731825,0.09987914,0.11566157,0.01743912,0.00165669,0.01743912,0.00165669,0.00030412,2.74e-06,-0.01578243,-0.00030138,-0.01570277,0.00046077,,,
2011-07-31,rf__HAR_O__log__rolling,Random Forest | HAR+Option,Individual models,0.11132267,0.10335268,0.11708849,0.00796999,-0.00576582,0.00796999,0.00576582,6.352e-05,3.324e-05,-0.00220417,-3.028e-05,-0.01790694,0.00043049,,,
2011-08-31,rf__HAR_O__log__rolling,Random Forest | HAR+Option,Individual models,0.30047559,0.17081669,0.11397057,0.1296589,0.18650502,0.1296589,0.18650502,0.01681143,0.03478412,0.05684612,0.01797269,0.03893918,0.01840319,,,
2011-09-30,rf__HAR_O__log__rolling,Random Forest | HAR+Option,Individual models,0.23741865,0.21409246,0.18733709,0.02332619,0.05008156,0.02332619,0.05008156,0.00054411,0.00250816,0.02675537,0.00196405,0.06569455,0.02036724,,,
2011-10-31,rf__HAR_O__log__rolling,Random Forest | HAR+Option,Individual models,0.21104059,0.28549693,0.15661848,-0.07445633,0.05442212,0.07445633,0.05442212,0.00554375,0.00296177,-0.02003422,-0.00258198,0.04566034,0.01778526,,,
2011-11-30,rf__HAR_O__log__rolling,Random Forest | HAR+Option,Individual models,0.18299764,0.19629793,0.14490642,-0.01330029,0.03809122,0.01330029,0.03809122,0.0001769,0.00145094,0.02479093,0.00127404,0.07045126,0.0190593,,,
2011-12-31,rf__HAR_O__log__rolling,Random Forest | HAR+Option,Individual models,0.12641057,0.15263834,0.1422497,-0.02622777,-0.01583913,0.02622777,0.01583913,0.0006879,0.00025088,-0.01038864,-0.00043702,0.06006262,0.01862229,,,
2012-01-31,rf__HAR_O__log__rolling,Random Forest | HAR+Option,Individual models,0.09173477,0.14630107,0.12693949,-0.0545663,-0.03520472,0.0545663,0.03520472,0.00297748,0.00123937,-0.01936158,-0.00173811,0.04070104,0.01688418,,,
2012-02-29,rf__HAR_O__log__rolling,Random Forest | HAR+Option,Individual models,0.08055043,0.11625376,0.1137494,-0.03570333,-0.03319897,0.03570333,0.03319897,0.00127473,0.00110217,-0.00250436,-0.00017256,0.03819668,0.01671162,0.03697154,0.0401546,0.00318306
2012-03-31,rf__HAR_O__log__rolling,Random Forest | HAR+Option,Individual models,0.07616645,0.10242339,0.10772076,-0.02625693,-0.03155431,0.02625693,0.03155431,0.00068943,0.00099567,0.00529737,0.00030625,0.04349406,0.01701787,0.03720688,0.04212402,0.00491714
2012-04-30,rf__HAR_O__log__rolling,Random Forest | HAR+Option,Individual models,0.09057891,0.09771276,0.10505353,-0.00713385,-0.01447463,0.00713385,0.01447463,5.089e-05,0.00020951,0.00734077,0.00015862,0.05083483,0.01717649,0.03563541,0.03961854,0.00398314
2012-05-31,rf__HAR_O__log__rolling,Random Forest | HAR+Option,Individual models,0.12253117,0.1009531,0.10943598,0.02157807,0.0130952,0.02157807,0.0130952,0.00046561,0.00017148,-0.00848287,-0.00029413,0.04235196,0.01688236,0.03646809,0.03999078,0.00352269
2012-06-30,rf__HAR_O__log__rolling,Random Forest | HAR+Option,Individual models,0.11937706,0.12668076,0.12178747,-0.0073037,-0.00241041,0.0073037,0.00241041,5.334e-05,5.81e-06,-0.00489329,-4.753e-05,0.03745867,0.01683483,0.03562347,0.04005359,0.00443012
2012-07-31,rf__HAR_O__log__rolling,Random Forest | HAR+Option,Individual models,0.1008825,0.11252295,0.12079751,-0.01164045,-0.01991501,0.01164045,0.01991501,0.0001355,0.00039661,0.00827456,0.00026111,0.04573322,0.01709594,0.03592934,0.04123269,0.00530335
2012-08-31,rf__HAR_O__log__rolling,Random Forest | HAR+Option,Individual models,0.08005638,0.12099176,0.11337364,-0.04093538,-0.03331726,0.04093538,0.03331726,0.0016757,0.00111004,-0.00761811,-0.00056567,0.03811511,0.01653027,0.02853572,0.02846704,-6.867e-05
2012-09-30,rf__HAR_O__log__rolling,Random Forest | HAR+Option,Individual models,0.07940683,0.10297251,0.1036908,-0.02356568,-0.02428397,0.02356568,0.02428397,0.00055534,0.00058971,0.00071829,3.437e-05,0.03883339,0.01656464,0.02855567,0.02631724,-0.00223843
2012-10-31,rf__HAR_O__log__rolling,Random Forest | HAR+Option,Individual models,0.09399635,0.09373548,0.09961429,0.00026086,-0.00561794,0.00026086,0.00561794,7e-08,3.156e-05,0.00535707,3.149e-05,0.04419047,0.01659613,0.02237272,0.02225023,-0.00012249
2012-11-30,rf__HAR_O__log__rolling,Random Forest | HAR+Option,Individual models,0.11058386,0.10134321,0.10326854,0.00924066,0.00731532,0.00924066,0.00731532,8.539e-05,5.351e-05,-0.00192533,-3.188e-05,0.04226514,0.01656426,0.02203442,0.01968557,-0.00234884
2012-12-31,rf__HAR_O__log__rolling,Random Forest | HAR+Option,Individual models,0.0992343,0.09797135,0.10880533,0.00126295,-0.00957103,0.00126295,0.00957103,1.6e-06,9.16e-05,0.00830808,9.001e-05,0.05057322,0.01665427,0.01995401,0.01916323,-0.00079078
2013-01-31,rf__HAR_O__log__rolling,Random Forest | HAR+Option,Individual models,0.06679532,0.10509077,0.105212,-0.03829544,-0.03841668,0.03829544,0.03841668,0.00146654,0.00147584,0.00012123,9.3e-06,0.05069445,0.01666357,0.01859811,0.01943089,0.00083278
2013-02-28,rf__HAR_O__log__rolling,Random Forest | HAR+Option,Individual models,0.07807531,0.09030932,0.09381858,-0.01223402,-0.01574327,0.01223402,0.01574327,0.00014967,0.00024785,0.00350926,9.818e-05,0.05420371,0.01676175,0.01664233,0.01797625,0.00133392
2013-03-31,rf__HAR_O__log__rolling,Random Forest | HAR+Option,Individual models,0.07750691,0.08915046,0.09632791,-0.01164355,-0.018821,0.01164355,0.018821,0.00013557,0.00035423,0.00717745,0.00021866,0.06138116,0.01698041,0.01542455,0.01691514,0.00149059
2013-04-30,rf__HAR_O__log__rolling,Random Forest | HAR+Option,Individual models,0.09235894,0.08307196,0.09548052,0.00928698,-0.00312158,0.00928698,0.00312158,8.625e-05,9.74e-06,-0.0061654,-7.65e-05,0.05521576,0.0169039,0.01560398,0.01596906,0.00036508
2013-05-31,rf__HAR_O__log__rolling,Random Forest | HAR+Option,Individual models,0.08770623,0.09040594,0.10060121,-0.00269972,-0.01289498,0.00269972,0.01289498,7.29e-06,0.00016628,0.01019526,0.00015899,0.06541102,0.01706289,0.01403078,0.01595237,0.00192159
2013-06-30,rf__HAR_O__log__rolling,Random Forest | HAR+Option,Individual models,0.12836694,0.09772562,0.09896535,0.03064132,0.02940158,0.03064132,0.02940158,0.00093889,0.00086445,-0.00123974,-7.444e-05,0.06417129,0.01698846,0.01597558,0.01820164,0.00222605
2013-07-31,rf__HAR_O__log__rolling,Random Forest | HAR+Option,Individual models,0.07678995,0.1106192,0.11422798,-0.03382925,-0.03743803,0.03382925,0.03743803,0.00114442,0.00140161,0.00360878,0.00025719,0.06778007,0.01724564,0.01782465,0.01966189,0.00183724
2013-08-31,rf__HAR_O__log__rolling,Random Forest | HAR+Option,Individual models,0.07837318,0.0818381,0.09643315,-0.00346492,-0.01805997,0.00346492,0.01805997,1.201e-05,0.00032616,0.01459505,0.00031416,0.08237511,0.0175598,0.01470211,0.01839045,0.00368833
2013-09-30,rf__HAR_O__log__rolling,Random Forest | HAR+Option,Individual models,0.07842193,0.09446291,0.09639643,-0.01604098,-0.01797449,0.01604098,0.01797449,0.00025731,0.00032308,0.00193351,6.577e-05,0.08430863,0.01762557,0.01407505,0.01786466,0.0037896
2013-10-31,rf__HAR_O__log__rolling,Random Forest | HAR+Option,Individual models,0.08610878,0.09257479,0.09514152,-0.00646601,-0.00903273,0.00646601,0.00903273,4.181e-05,8.159e-05,0.00256673,3.978e-05,0.08687536,0.01766535,0.01459215,0.01814922,0.00355707
2013-11-30,rf__HAR_O__log__rolling,Random Forest | HAR+Option,Individual models,0.06981601,0.09227748,0.09755242,-0.02246147,-0.02773641,0.02246147,0.02773641,0.00050452,0.00076931,0.00527494,0.00026479,0.0921503,0.01793014,0.01569388,0.01985098,0.0041571
2013-12-31,rf__HAR_O__log__rolling,Random Forest | HAR+Option,Individual models,0.07121165,0.09138857,0.09196516,-0.02017692,-0.02075351,0.02017692,0.02075351,0.00040711,0.00043071,0.0005766,2.36e-05,0.09272689,0.01795374,0.01727005,0.02078285,0.00351281
2014-01-31,rf__HAR_O__log__rolling,Random Forest | HAR+Option,Individual models,0.0885142,0.08454266,0.09186938,0.00397154,-0.00335518,0.00397154,0.00335518,1.577e-05,1.126e-05,-0.00061635,-4.52e-06,0.09211054,0.01794923,0.01440972,0.01786106,0.00345134
2014-02-28,rf__HAR_O__log__rolling,Random Forest | HAR+Option,Individual models,0.09024819,0.10305658,0.09720438,-0.01280839,-0.00695618,0.01280839,0.00695618,0.00016405,4.839e-05,-0.00585221,-0.00011567,0.08625834,0.01783356,0.01445759,0.0171288,0.00267122
2014-03-31,rf__HAR_O__log__rolling,Random Forest | HAR+Option,Individual models,0.09283748,0.09055496,0.09823287,0.00228252,-0.0053954,0.00228252,0.0053954,5.21e-06,2.911e-05,0.00311288,2.39e-05,0.08937121,0.01785746,0.0136775,0.01601,0.0023325
2014-04-30,rf__HAR_O__log__rolling,Random Forest | HAR+Option,Individual models,0.0959287,0.09203511,0.09944134,0.00389359,-0.00351264,0.00389359,0.00351264,1.516e-05,1.234e-05,-0.00038095,-2.82e-06,0.08899027,0.01785464,0.01322805,0.01604259,0.00281454
2014-05-31,rf__HAR_O__log__rolling,Random Forest | HAR+Option,Individual models,0.07303027,0.09311147,0.10058053,-0.02008119,-0.02755026,0.02008119,0.02755026,0.00040325,0.00075902,0.00746907,0.00035576,0.09645933,0.0182104,0.01467651,0.01726387,0.00258736
2014-06-30,rf__HAR_O__log__rolling,Random Forest | HAR+Option,Individual models,0.05653613,0.08276512,0.09262975,-0.02622899,-0.03609362,0.02622899,0.03609362,0.00068796,0.00130275,0.00986463,0.00061479,0.10632396,0.01882519,0.01430881,0.01782154,0.00351272
2014-07-31,rf__HAR_O__log__rolling,Random Forest | HAR+Option,Individual models,0.0660717,0.08059851,0.08642521,-0.01452681,-0.02035351,0.01452681,0.02035351,0.00021103,0.00041427,0.0058267,0.00020324,0.11215066,0.01902843,0.01270028,0.01639783,0.00369755
2014-08-31,rf__HAR_O__log__rolling,Random Forest | HAR+Option,Individual models,0.0752277,0.09525643,0.08808877,-0.02002873,-0.01286107,0.02002873,0.01286107,0.00040115,0.00016541,-0.00716766,-0.00023574,0.104983,0.01879269,0.01408059,0.01596458,0.00188399
2014-09-30,rf__HAR_O__log__rolling,Random Forest | HAR+Option,Individual models,0.0762108,0.07912223,0.09063727,-0.00291143,-0.01442647,0.00291143,0.01442647,8.48e-06,0.00020812,0.01151504,0.00019965,0.11649804,0.01899233,0.01298646,0.01566892,0.00268245
2014-10-31,rf__HAR_O__log__rolling,Random Forest | HAR+Option,Individual models,0.14399204,0.09189512,0.09121305,0.05209692,0.05277899,0.05209692,0.05277899,0.00271409,0.00278562,0.00068207,7.153e-05,0.11718011,0.01906386,0.01678904,0.01931444,0.0025254
2014-11-30,rf__HAR_O__log__rolling,Random Forest | HAR+Option,Individual models,0.06427653,0.09772691,0.1166976,-0.03345038,-0.05242108,0.03345038,0.05242108,0.00111893,0.00274797,0.01897069,0.00162904,0.1361508,0.02069291,0.01770478,0.02137149,0.00366671
2014-12-31,rf__HAR_O__log__rolling,Random Forest | HAR+Option,Individual models,0.10043239,0.08648289,0.08989329,0.0139495,0.0105391,0.0139495,0.0105391,0.00019459,0.00011107,-0.0034104,-8.352e-05,0.1327404,0.02060939,0.01718583,0.02052029,0.00333446
2015-01-31,rf__HAR_O__log__rolling,Random Forest | HAR+Option,Individual models,0.13813587,0.13788543,0.10182245,0.00025044,0.03631343,0.00025044,0.03631343,6e-08,0.00131866,0.03606299,0.0013186,0.16880339,0.02192799,0.01687574,0.02326681,0.00639107
2015-02-28,rf__HAR_O__log__rolling,Random Forest | HAR+Option,Individual models,0.09213617,0.15521795,0.11523843,-0.06308177,-0.02310226,0.06308177,0.02310226,0.00397931,0.00053371,-0.03997952,-0.0034456,0.12882387,0.0184824,0.02106519,0.02461232,0.00354713
2015-03-31,rf__HAR_O__log__rolling,Random Forest | HAR+Option,Individual models,0.08527221,0.09503831,0.1007801,-0.0097661,-0.0155079,0.0097661,0.0155079,9.538e-05,0.00024049,0.00574179,0.00014512,0.13456566,0.01862751,0.02168882,0.02545503,0.0037662
2015-04-30,rf__HAR_O__log__rolling,Random Forest | HAR+Option,Individual models,0.08426138,0.10497332,0.09809242,-0.02071194,-0.01383104,0.02071194,0.01383104,0.00042898,0.0001913,-0.0068809,-0.00023769,0.12768476,0.01838983,0.02309035,0.02631489,0.00322454
2015-05-31,rf__HAR_O__log__rolling,Random Forest | HAR+Option,Individual models,0.0753713,0.09360252,0.09617712,-0.01823121,-0.02080582,0.01823121,0.02080582,0.00033238,0.00043288,0.00257461,0.0001005,0.13025937,0.01849033,0.02293619,0.02575286,0.00281667
2015-06-30,rf__HAR_O__log__rolling,Random Forest | HAR+Option,Individual models,0.08191996,0.08531127,0.09304976,-0.00339132,-0.01112981,0.00339132,0.01112981,1.15e-05,0.00012387,0.00773849,0.00011237,0.13799786,0.0186027,0.02103305,0.02367254,0.00263949
2015-07-31,rf__HAR_O__log__rolling,Random Forest | HAR+Option,Individual models,0.08281331,0.10507695,0.09519662,-0.02226364,-0.01238331,0.02226364,0.01238331,0.00049567,0.00015335,-0.00988033,-0.00034232,0.12811753,0.01826038,0.02167778,0.02300835,0.00133057
2015-08-31,rf__HAR_O__log__rolling,Random Forest | HAR+Option,Individual models,0.18124678,0.0830705,0.09560516,0.09817627,0.08564162,0.09817627,0.08564162,0.00963858,0.00733449,-0.01253465,-0.00230409,0.11558288,0.01595629,0.02819008,0.0290734,0.00088332
2015-09-30,rf__HAR_O__log__rolling,Random Forest | HAR+Option,Individual models,0.15257606,0.1912482,0.13513135,-0.03867213,0.01744471,0.03867213,0.01744471,0.00149553,0.00030432,-0.02122742,-0.00119122,0.09435546,0.01476507,0.03117014,0.02932492,-0.00184522
2015-10-31,rf__HAR_O__log__rolling,Random Forest | HAR+Option,Individual models,0.1095216,0.12896618,0.12697753,-0.01944458,-0.01745594,0.01944458,0.01745594,0.00037809,0.00030471,-0.00198864,-7.338e-05,0.09236681,0.01469169,0.02844911,0.02638133,-0.00206777
2015-11-30,rf__HAR_O__log__rolling,Random Forest | HAR+Option,Individual models,0.09094525,0.10446508,0.11088782,-0.01351984,-0.01994257,0.01351984,0.01994257,0.00018279,0.00039771,0.00642273,0.00021492,0.09878954,0.01490661,0.02678823,0.02367479,-0.00311344
2015-12-31,rf__HAR_O__log__rolling,Random Forest | HAR+Option,Individual models,0.12220819,0.10156367,0.10290397,0.02064453,0.01930422,0.02064453,0.01930422,0.0004262,0.00037265,-0.00134031,-5.354e-05,0.09744924,0.01485307,0.02734615,0.02440522,-0.00294093
2016-01-31,rf__HAR_O__log__rolling,Random Forest | HAR+Option,Individual models,0.19111779,0.09916369,0.11368516,0.0919541,0.07743262,0.0919541,0.07743262,0.00845556,0.00599581,-0.01452147,-0.00245974,0.08292777,0.01239332,0.03498812,0.02783182,-0.0071563
2016-02-29,rf__HAR_O__log__rolling,Random Forest | HAR+Option,Individual models,0.16301964,0.12180748,0.14513661,0.04121216,0.01788303,0.04121216,0.01788303,0.00169844,0.0003198,-0.02332914,-0.00137864,0.05959863,0.01101468,0.03316565,0.02739688,-0.00576877
2016-03-31,rf__HAR_O__log__rolling,Random Forest | HAR+Option,Individual models,0.09480278,0.13762047,0.13582316,-0.04281769,-0.04102037,0.04281769,0.04102037,0.00183335,0.00168267,-0.00179731,-0.00015068,0.05780131,0.010864,0.03591995,0.02952292,-0.00639703
2016-04-30,rf__HAR_O__log__rolling,Random Forest | HAR+Option,Individual models,0.08229344,0.10433397,0.10862824,-0.02204053,-0.02633481,0.02204053,0.02633481,0.00048578,0.00069352,0.00429428,0.00020774,0.06209559,0.01107173,0.03603067,0.0305649,-0.00546576
2016-05-31,rf__HAR_O__log__rolling,Random Forest | HAR+Option,Individual models,0.08530203,0.09686958,0.10215381,-0.01156755,-0.01685178,0.01156755,0.01685178,0.00013381,0.00028398,0.00528422,0.00015017,0.06737981,0.01122191,0.03547536,0.0302354,-0.00523996
2016-06-30,rf__HAR_O__log__rolling,Random Forest | HAR+Option,Individual models,0.09397396,0.08905793,0.10191531,0.00491603,-0.00794135,0.00491603,0.00794135,2.417e-05,6.307e-05,0.00302532,3.89e-05,0.07040513,0.01126081,0.03560242,0.02996969,-0.00563273
2016-07-31,rf__HAR_O__log__rolling,Random Forest | HAR+Option,Individual models,0.06662709,0.10142833,0.10466726,-0.03480124,-0.03804017,0.03480124,0.03804017,0.00121113,0.00144705,0.00323893,0.00023593,0.07364407,0.01149674,0.03664722,0.03210777,-0.00453946
2016-08-31,rf__HAR_O__log__rolling,Random Forest | HAR+Option,Individual models,0.05875578,0.0822968,0.09501239,-0.02354101,-0.03625661,0.02354101,0.03625661,0.00055418,0.00131454,0.0127156,0.00076036,0.08635966,0.0122571,0.03042762,0.02799235,-0.00243527
2016-09-30,rf__HAR_O__log__rolling,Random Forest | HAR+Option,Individual models,0.08956114,0.08607481,0.09092766,0.00348633,-0.00136651,0.00348633,0.00136651,1.215e-05,1.87e-06,-0.00211982,-1.029e-05,0.08423984,0.01224681,0.02749547,0.0266525,-0.00084297
2016-10-31,rf__HAR_O__log__rolling,Random Forest | HAR+Option,Individual models,0.07645832,0.09842139,0.10017519,-0.02196307,-0.02371688,0.02196307,0.02371688,0.00048238,0.00056249,0.0017538,8.011e-05,0.08599365,0.01232692,0.02770534,0.02717424,-0.0005311
2016-11-30,rf__HAR_O__log__rolling,Random Forest | HAR+Option,Individual models,0.08613464,0.0973105,0.09596475,-0.01117586,-0.00983012,0.01117586,0.00983012,0.0001249,9.663e-05,-0.00134574,-2.827e-05,0.0846479,0.01229866,0.02751001,0.02633154,-0.00117847
2016-12-31,rf__HAR_O__log__rolling,Random Forest | HAR+Option,Individual models,0.06241094,0.09077335,0.09959472,-0.0283624,-0.03718377,0.0283624,0.03718377,0.00080443,0.00138263,0.00882137,0.00057821,0.09346927,0.01287686,0.02815317,0.0278215,-0.00033166
2017-01-31,rf__HAR_O__log__rolling,Random Forest | HAR+Option,Individual models,0.06212703,0.08517773,0.09131225,-0.0230507,-0.02918521,0.0230507,0.02918521,0.00053133,0.00085178,0.00613451,0.00032044,0.09960379,0.0131973,0.02241122,0.02380088,0.00138967
2017-02-28,rf__HAR_O__log__rolling,Random Forest | HAR+Option,Individual models,0.05181816,0.07398551,0.08981388,-0.02216736,-0.03799572,0.02216736,0.03799572,0.00049139,0.00144367,0.01582837,0.00095228,0.11543215,0.01414959,0.02082415,0.02547694,0.00465279
2017-03-31,rf__HAR_O__log__rolling,Random Forest | HAR+Option,Individual models,0.06543911,0.07192212,0.08508029,-0.00648301,-0.01964118,0.00648301,0.01964118,4.203e-05,0.00038578,0.01315817,0.00034375,0.12859032,0.01449333,0.01779626,0.02369534,0.00589908
2017-04-30,rf__HAR_O__log__rolling,Random Forest | HAR+Option,Individual models,0.06821277,0.06385516,0.08807873,0.00435762,-0.01986596,0.00435762,0.01986596,1.899e-05,0.00039466,0.01550834,0.00037567,0.14409867,0.014869,0.01632268,0.02315627,0.00683359
2017-05-31,rf__HAR_O__log__rolling,Random Forest | HAR+Option,Individual models,0.05167712,0.06568243,0.08906903,-0.01400532,-0.03739191,0.01400532,0.03739191,0.00019615,0.00139815,0.02338659,0.00120201,0.16748526,0.01607101,0.01652583,0.02486795,0.00834212
2017-06-30,rf__HAR_O__log__rolling,Random Forest | HAR+Option,Individual models,0.06000712,0.06189503,0.08363599,-0.00188791,-0.02362887,0.00188791,0.02362887,3.56e-06,0.00055832,0.02174096,0.00055476,0.18922622,0.01662577,0.01627349,0.02617524,0.00990176
2017-07-31,rf__HAR_O__log__rolling,Random Forest | HAR+Option,Individual models,0.04869214,0.06188883,0.08495022,-0.01319669,-0.03625807,0.01319669,0.03625807,0.00017415,0.00131465,0.02306139,0.0011405,0.21228761,0.01776626,0.01447311,0.02602673,0.01155363
2017-08-31,rf__HAR_O__log__rolling,Random Forest | HAR+Option,Individual models,0.05895137,0.06232256,0.08032493,-0.00337119,-0.02137356,0.00337119,0.02137356,1.136e-05,0.00045683,0.01800237,0.00044546,0.23028997,0.01821173,0.01279229,0.02478648,0.01199419
2017-09-30,rf__HAR_O__log__rolling,Random Forest | HAR+Option,Individual models,0.04531107,0.06721103,0.08183425,-0.02189996,-0.03652319,0.02189996,0.03652319,0.00047961,0.00133394,0.01462323,0.00085434,0.2449132,0.01906606,0.01432676,0.0277162,0.01338945
2017-10-31,rf__HAR_O__log__rolling,Random Forest | HAR+Option,Individual models,0.03786706,0.05632536,0.07706881,-0.0184583,-0.03920175,0.0184583,0.03920175,0.00034071,0.00153678,0.02074345,0.00119607,0.26565665,0.02026213,0.01403469,0.02900661,0.01497192
2017-11-30,rf__HAR_O__log__rolling,Random Forest | HAR+Option,Individual models,0.04900293,0.04981579,0.07370597,-0.00081285,-0.02470304,0.00081285,0.02470304,6.6e-07,0.00061024,0.02389018,0.00060958,0.28954683,0.02087171,0.01317111,0.03024602,0.01707491
2017-12-31,rf__HAR_O__log__rolling,Random Forest | HAR+Option,Individual models,0.06019932,0.05308038,0.07481554,0.00711894,-0.01461623,0.00711894,0.01461623,5.068e-05,0.00021363,0.00749729,0.00016295,0.29704412,0.02103466,0.01140082,0.02836539,0.01696457
2018-01-31,rf__HAR_O__log__rolling,Random Forest | HAR+Option,Individual models,0.06519769,0.05440839,0.07762023,0.0107893,-0.01242254,0.0107893,0.01242254,0.00011641,0.00015432,0.00163324,3.791e-05,0.29867736,0.02107257,0.01037904,0.0269685,0.01658946
2018-02-28,rf__HAR_O__log__rolling,Random Forest | HAR+Option,Individual models,0.1387046,0.07240129,0.07819547,0.06630331,0.06050912,0.06630331,0.06050912,0.00439613,0.00366135,-0.00579418,-0.00073477,0.29288318,0.0203378,0.01405703,0.02884462,0.01478759
2018-03-31,rf__HAR_O__log__rolling,Random Forest | HAR+Option,Individual models,0.13891564,0.12104812,0.10438966,0.01786751,0.03452598,0.01786751,0.03452598,0.00031925,0.00119204,0.01665847,0.0008728,0.30954164,0.02121059,0.01500574,0.03008502,0.01507928
2018-04-30,rf__HAR_O__log__rolling,Random Forest | HAR+Option,Individual models,0.1407784,0.10084203,0.10640081,0.03993637,0.03437759,0.03993637,0.03437759,0.00159491,0.00118182,-0.00555878,-0.0004131,0.30398286,0.0207975,0.01797064,0.03129432,0.01332368
2018-05-31,rf__HAR_O__log__rolling,Random Forest | HAR+Option,Individual models,0.09507116,0.09854471,0.10993222,-0.00347355,-0.01486106,0.00347355,0.01486106,1.207e-05,0.00022085,0.01138751,0.00020879,0.31537037,0.02100629,0.01709299,0.02941675,0.01232376
2018-06-30,rf__HAR_O__log__rolling,Random Forest | HAR+Option,Individual models,0.08039533,0.09067419,0.09331526,-0.01027886,-0.01291992,0.01027886,0.01291992,0.00010565,0.00016692,0.00264107,6.127e-05,0.31801144,0.02106755,0.01779224,0.02852434,0.0107321
2018-07-31,rf__HAR_O__log__rolling,Random Forest | HAR+Option,Individual models,0.0690613,0.09313793,0.08786672,-0.02407663,-0.01880541,0.02407663,0.01880541,0.00057968,0.00035364,-0.00527122,-0.00022604,0.31274022,0.02084151,0.0186989,0.02706995,0.00837105
2018-08-31,rf__HAR_O__log__rolling,Random Forest | HAR+Option,Individual models,0.05968197,0.06216806,0.08387116,-0.00248609,-0.02418919,0.00248609,0.02418919,6.18e-06,0.00058512,0.0217031,0.00057894,0.33444332,0.02142045,0.01862514,0.02730459,0.00867945
2018-09-30,rf__HAR_O__log__rolling,Random Forest | HAR+Option,Individual models,0.0654128,0.05966931,0.08064715,0.00574348,-0.01523435,0.00574348,0.01523435,3.299e-05,0.00023209,0.00949087,0.0001991,0.34393419,0.02161955,0.01727877,0.02553052,0.00825175
2018-10-31,rf__HAR_O__log__rolling,Random Forest | HAR+Option,Individual models,0.17260155,0.06476908,0.08166035,0.10783247,0.0909412,0.10783247,0.0909412,0.01162784,0.0082703,-0.01689127,-0.00335754,0.32704292,0.01826201,0.02472661,0.02984214,0.00511552
2018-11-30,rf__HAR_O__log__rolling,Random Forest | HAR+Option,Individual models,0.14550899,0.11446899,0.1199506,0.03104001,0.02555839,0.03104001,0.02555839,0.00096348,0.00065323,-0.00548161,-0.00031025,0.32156131,0.01795176,0.02724554,0.02991342,0.00266787
2018-12-31,rf__HAR_O__log__rolling,Random Forest | HAR+Option,Individual models,0.23558433,0.09696591,0.11588897,0.13861842,0.11969536,0.13861842,0.11969536,0.01921507,0.01432698,-0.01892306,-0.00488809,0.30263825,0.01306367,0.03820383,0.03867001,0.00046618
2019-01-31,rf__HAR_O__log__rolling,Random Forest | HAR+Option,Individual models,0.13805562,0.13222598,0.18961141,0.00582964,-0.05155579,0.00582964,0.05155579,3.398e-05,0.002658,0.04572615,0.00262401,0.34836439,0.01568769,0.03779053,0.04193111,0.00414059
2019-02-28,rf__HAR_O__log__rolling,Random Forest | HAR+Option,Individual models,0.08205478,0.10402588,0.11797261,-0.0219711,-0.03591783,0.0219711,0.03591783,0.00048273,0.00129009,0.01394673,0.00080736,0.36231112,0.01649505,0.03409618,0.03988184,0.00578566
2019-03-31,rf__HAR_O__log__rolling,Random Forest | HAR+Option,Individual models,0.09470707,0.08495876,0.0875381,0.00974831,0.00716898,0.00974831,0.00716898,9.503e-05,5.139e-05,-0.00257933,-4.364e-05,0.35973179,0.01645141,0.03341958,0.03760209,0.00418251
2019-04-30,rf__HAR_O__log__rolling,Random Forest | HAR+Option,Individual models,0.05727866,0.08817335,0.09525854,-0.03089469,-0.03797988,0.03089469,0.03797988,0.00095448,0.00144247,0.00708519,0.00048799,0.36681698,0.0169394,0.0326661,0.03790228,0.00523618
2019-05-31,rf__HAR_O__log__rolling,Random Forest | HAR+Option,Individual models,0.11646584,0.07835324,0.07847861,0.03811259,0.03798723,0.03811259,0.03798723,0.00145257,0.00144303,-0.00012536,-9.54e-06,0.36669162,0.01692986,0.03555269,0.03982946,0.00427677
2019-06-30,rf__HAR_O__log__rolling,Random Forest | HAR+Option,Individual models,0.08633239,0.10690836,0.10607152,-0.02057597,-0.01973913,0.02057597,0.01973913,0.00042337,0.00038963,-0.00083684,-3.374e-05,0.36585478,0.01689612,0.03641078,0.04039773,0.00398694
2019-07-31,rf__HAR_O__log__rolling,Random Forest | HAR+Option,Individual models,0.06669148,0.08503254,0.09128019,-0.01834106,-0.02458871,0.01834106,0.02458871,0.00033639,0.0006046,0.00624765,0.00026821,0.37210243,0.01716433,0.03593282,0.04087967,0.00494685
2019-08-31,rf__HAR_O__log__rolling,Random Forest | HAR+Option,Individual models,0.13916472,0.0795668,0.08281996,0.05959792,0.05634477,0.05959792,0.05634477,0.00355191,0.00317473,-0.00325316,-0.00037718,0.36884928,0.01678715,0.04069214,0.0435593,0.00286716
2019-09-30,rf__HAR_O__log__rolling,Random Forest | HAR+Option,Individual models,0.08899928,0.11931096,0.11891754,-0.03031168,-0.02991826,0.03031168,0.02991826,0.0009188,0.0008951,-0.00039342,-2.37e-05,0.36845585,0.01676346,0.04273949,0.04478296,0.00204347
2019-10-31,rf__HAR_O__log__rolling,Random Forest | HAR+Option,Individual models,0.09164451,0.09729081,0.09436573,-0.0056463,-0.00272122,0.0056463,0.00272122,3.188e-05,7.41e-06,-0.00292508,-2.448e-05,0.36553077,0.01673898,0.03422397,0.0374313,0.00320732
2019-11-30,rf__HAR_O__log__rolling,Random Forest | HAR+Option,Individual models,0.05524849,0.08182644,0.09472056,-0.02657794,-0.03947207,0.02657794,0.03947207,0.00070639,0.00155804,0.01289412,0.00085166,0.37842489,0.01759064,0.03385214,0.03859077,0.00473863
2019-12-31,rf__HAR_O__log__rolling,Random Forest | HAR+Option,Individual models,0.06209932,0.08703974,0.07849395,-0.02494042,-0.01639463,0.02494042,0.01639463,0.00062202,0.00026878,-0.00854579,-0.00035324,0.3698791,0.0172374,0.02437897,0.02998237,0.0056034
2020-01-31,rf__HAR_O__log__rolling,Random Forest | HAR+Option,Individual models,0.07975763,0.09021439,0.07879248,-0.01045675,0.00096515,0.01045675,0.00096515,0.00010934,9.3e-07,-0.0094916,-0.00010841,0.3603875,0.01712899,0.02476456,0.02576649,0.00100193
2020-02-29,rf__HAR_O__log__rolling,Random Forest | HAR+Option,Individual models,0.18564385,0.10082209,0.08500203,0.08482175,0.10064182,0.08482175,0.10064182,0.00719473,0.01012878,0.01582006,0.00293404,0.37620756,0.02006303,0.03000212,0.03116015,0.00115804
2020-03-31,rf__HAR_O__log__rolling,Random Forest | HAR+Option,Individual models,0.58295547,0.18306919,0.14520964,0.39988629,0.43774583,0.39988629,0.43774583,0.15990904,0.19162141,0.03785955,0.03171237,0.41406711,0.0517754,0.06251362,0.06704156,0.00452794
2020-04-30,rf__HAR_O__log__rolling,Random Forest | HAR+Option,Individual models,0.24991991,0.27392383,1.54497553,-0.02400393,-1.29505562,0.02400393,1.29505562,0.00057619,1.67716907,1.2710517,1.67659288,1.6851188,1.72836828,0.06193939,0.17179787,0.10985848
2020-05-31,rf__HAR_O__log__rolling,Random Forest | HAR+Option,Individual models,0.16410989,0.20669454,0.187209,-0.04258464,-0.0230991,0.04258464,0.0230991,0.00181345,0.00053357,-0.01948554,-0.00127988,1.66563326,1.7270884,0.06231206,0.17055719,0.10824514
2020-06-30,rf__HAR_O__log__rolling,Random Forest | HAR+Option,Individual models,0.18276328,0.17626721,0.13434073,0.00649607,0.04842255,0.00649607,0.04842255,4.22e-05,0.00234474,0.04192648,0.00230254,1.70755974,1.72939094,0.06113873,0.17294748,0.11180875
2020-07-31,rf__HAR_O__log__rolling,Random Forest | HAR+Option,Individual models,0.13369031,0.16674031,0.14973507,-0.03305001,-0.01604476,0.03305001,0.01604476,0.0010923,0.00025743,-0.01700524,-0.00083487,1.69055449,1.72855607,0.06236448,0.17223548,0.10987101
2020-08-31,rf__HAR_O__log__rolling,Random Forest | HAR+Option,Individual models,0.08711462,0.12470296,0.12370315,-0.03758834,-0.03658853,0.03758834,0.03658853,0.00141288,0.00133872,-0.00099981,-7.416e-05,1.68955469,1.72848191,0.06053034,0.17058913,0.11005878
2020-09-30,rf__HAR_O__log__rolling,Random Forest | HAR+Option,Individual models,0.18583484,0.14997923,0.10151568,0.03585561,0.08431916,0.03585561,0.08431916,0.00128562,0.00710972,0.04846355,0.0058241,1.73801824,1.73430601,0.06099234,0.17512254,0.1141302
2020-10-31,rf__HAR_O__log__rolling,Random Forest | HAR+Option,Individual models,0.14700764,0.14878826,0.14927946,-0.00178063,-0.00227183,0.00178063,0.00227183,3.17e-06,5.16e-06,0.0004912,1.99e-06,1.73850943,1.734308,0.0606702,0.17508509,0.11441489
2020-11-30,rf__HAR_O__log__rolling,Random Forest | HAR+Option,Individual models,0.13540578,0.20047669,0.13272256,-0.06507091,0.00268322,0.06507091,0.00268322,0.00423422,7.2e-06,-0.06238769,-0.00422702,1.67612175,1.73008097,0.06387795,0.17201935,0.1081414
2020-12-31,rf__HAR_O__log__rolling,Random Forest | HAR+Option,Individual models,0.08727809,0.10306975,0.13042698,-0.01579167,-0.04314889,0.01579167,0.04314889,0.00024938,0.00186183,0.02735722,0.00161245,1.70347897,1.73169342,0.06311555,0.17424887,0.11113332
2021-01-31,rf__HAR_O__log__rolling,Random Forest | HAR+Option,Individual models,0.12643455,0.11455619,0.10846867,0.01187837,0.01796589,0.01187837,0.01796589,0.0001411,0.00032277,0.00608752,0.00018168,1.70956649,1.7318751,0.06323402,0.1756656,0.11243158
2021-02-28,rf__HAR_O__log__rolling,Random Forest | HAR+Option,Individual models,0.12196964,0.18642335,0.12688707,-0.06445371,-0.00491743,0.06445371,0.00491743,0.00415428,2.418e-05,-0.05953628,-0.0041301,1.65003021,1.727745,0.06153668,0.16768857,0.10615189
2021-03-31,rf__HAR_O__log__rolling,Random Forest | HAR+Option,Individual models,0.14192329,0.16791249,0.12423121,-0.0259892,0.01769207,0.0259892,0.01769207,0.00067544,0.00031301,-0.00829713,-0.00036243,1.64173308,1.72738257,0.03037859,0.13268409,0.1023055
2021-04-30,rf__HAR_O__log__rolling,Random Forest | HAR+Option,Individual models,0.07227313,0.10946952,0.12520714,-0.0371964,-0.05293401,0.0371964,0.05293401,0.00138357,0.00280201,0.01573761,0.00141844,1.6574707,1.72880101,0.03147796,0.02917395,-0.00230401
2021-05-31,rf__HAR_O__log__rolling,Random Forest | HAR+Option,Individual models,0.09818055,0.10984646,0.09539606,-0.01166591,0.00278449,0.01166591,0.00278449,0.00013609,7.75e-06,-0.00888141,-0.00012834,1.64858928,1.72867267,0.0289014,0.02748107,-0.00142033
2021-06-30,rf__HAR_O__log__rolling,Random Forest | HAR+Option,Individual models,0.06526994,0.09882822,0.10263326,-0.03355829,-0.03736333,0.03355829,0.03736333,0.00112616,0.00139602,0.00380504,0.00026986,1.65239432,1.72894253,0.03115659,0.02655947,-0.00459712
2021-07-31,rf__HAR_O__log__rolling,Random Forest | HAR+Option,Individual models,0.07520977,0.09149987,0.08885329,-0.0162901,-0.01364352,0.0162901,0.01364352,0.00026537,0.00018615,-0.00264657,-7.922e-05,1.64974775,1.72886331,0.02975993,0.02635936,-0.00340056
2021-08-31,rf__HAR_O__log__rolling,Random Forest | HAR+Option,Individual models,0.06362476,0.10659637,0.09090206,-0.0429716,-0.02727729,0.0429716,0.02727729,0.00184656,0.00074405,-0.01569431,-0.00110251,1.63405344,1.7277608,0.03020853,0.02558343,-0.0046251
2021-09-30,rf__HAR_O__log__rolling,Random Forest | HAR+Option,Individual models,0.10189251,0.09199906,0.08521496,0.00989344,0.01667755,0.00989344,0.01667755,9.788e-05,0.00027814,0.00678411,0.00018026,1.64083754,1.72794106,0.02804502,0.01994663,-0.00809839
2021-10-31,rf__HAR_O__log__rolling,Random Forest | HAR+Option,Individual models,0.09768553,0.11770626,0.09621429,-0.02002074,0.00147123,0.02002074,0.00147123,0.00040083,2.16e-06,-0.0185495,-0.00039867,1.62228804,1.72754239,0.02956503,0.01987991,-0.00968512
2021-11-30,rf__HAR_O__log__rolling,Random Forest | HAR+Option,Individual models,0.08990034,0.08177275,0.09457941,0.00812759,-0.00467908,0.00812759,0.00467908,6.606e-05,2.189e-05,-0.00344851,-4.416e-05,1.61883953,1.72749823,0.02481975,0.02004623,-0.00477352
2021-12-31,rf__HAR_O__log__rolling,Random Forest | HAR+Option,Individual models,0.12715669,0.13588617,0.09180554,-0.00872948,0.03535115,0.00872948,0.03535115,7.62e-05,0.0012497,0.02662167,0.0011735,1.6454612,1.72867173,0.02423123,0.01939642,-0.00483481
2022-01-31,rf__HAR_O__log__rolling,Random Forest | HAR+Option,Individual models,0.2054063,0.08847137,0.10455535,0.11693493,0.10085095,0.11693493,0.10085095,0.01367378,0.01017091,-0.01608398,-0.00350286,1.62937721,1.72516887,0.03298595,0.02630351,-0.00668244
2022-02-28,rf__HAR_O__log__rolling,Random Forest | HAR+Option,Individual models,0.18906515,0.12268521,0.13873051,0.06637994,0.05033464,0.06637994,0.05033464,0.0044063,0.00253358,-0.0160453,-0.00187272,1.61333191,1.72329615,0.03314647,0.03008828,-0.00305819
2022-03-31,rf__HAR_O__log__rolling,Random Forest | HAR+Option,Individual models,0.1731367,0.13357727,0.13572155,0.03955942,0.03741514,0.03955942,0.03741514,0.00156495,0.00139989,-0.00214428,-0.00016506,1.61118763,1.72313109,0.03427732,0.03173187,-0.00254545
2022-04-30,rf__HAR_O__log__rolling,Random Forest | HAR+Option,Individual models,0.15851479,0.12782724,0.13127507,0.03068755,0.02723972,0.03068755,0.02723972,0.00094173,0.000742,-0.00344783,-0.00019972,1.6077398,1.72293137,0.03373492,0.02959067,-0.00414424
2022-05-31,rf__HAR_O__log__rolling,Random Forest | HAR+Option,Individual models,0.2578389,0.13600963,0.12724383,0.12182927,0.13059508,0.12182927,0.13059508,0.01484237,0.01705507,0.0087658,0.0022127,1.6165056,1.72514407,0.0429152,0.04024156,-0.00267364
2022-06-30,rf__HAR_O__log__rolling,Random Forest | HAR+Option,Individual models,0.20628661,0.13626784,0.18639549,0.07001877,0.01989112,0.07001877,0.01989112,0.00490263,0.00039566,-0.05012765,-0.00450697,1.56637795,1.7206371,0.04595357,0.03878554,-0.00716803
2022-07-31,rf__HAR_O__log__rolling,Random Forest | HAR+Option,Individual models,0.16389054,0.16082936,0.16323174,0.00306118,0.0006588,0.00306118,0.0006588,9.37e-06,4.3e-07,-0.00240238,-8.94e-06,1.56397558,1.72062816,0.04485116,0.03770348,-0.00714768
2022-08-31,rf__HAR_O__log__rolling,Random Forest | HAR+Option,Individual models,0.13005032,0.14070173,0.14456027,-0.01065141,-0.01450995,0.01065141,0.01450995,0.00011345,0.00021054,0.00385854,9.709e-05,1.56783411,1.72072525,0.04215781,0.03663953,-0.00551828
2022-09-30,rf__HAR_O__log__rolling,Random Forest | HAR+Option,Individual models,0.19626273,0.13528127,0.12637585,0.06098145,0.06988687,0.06098145,0.06988687,0.00371874,0.00488417,0.00890542,0.00116544,1.57673953,1.72189068,0.04641514,0.04107364,-0.0053415
2022-10-31,rf__HAR_O__log__rolling,Random Forest | HAR+Option,Individual models,0.19975826,0.16599446,0.1614805,0.0337638,0.03827776,0.0337638,0.03827776,0.00113999,0.00146519,0.00451396,0.00032519,1.5812535,1.72221588,0.0475604,0.04414085,-0.00341955
2022-11-30,rf__HAR_O__log__rolling,Random Forest | HAR+Option,Individual models,0.16948675,0.1691525,0.170144,0.00033425,-0.00065725,0.00033425,0.00065725,1.1e-07,4.3e-07,0.000323,3.2e-07,1.5815765,1.7222162,0.04691096,0.0438057,-0.00310525
2022-12-31,rf__HAR_O__log__rolling,Random Forest | HAR+Option,Individual models,0.15877952,0.14306442,0.15843758,0.0157151,0.00034194,0.0157151,0.00034194,0.00024696,1.2e-07,-0.01537316,-0.00024685,1.56620334,1.72196935,0.04749309,0.04088827,-0.00660482
2023-01-31,rf__HAR_O__log__rolling,Random Forest | HAR+Option,Individual models,0.14255764,0.16927081,0.15281384,-0.02671317,-0.01025621,0.02671317,0.01025621,0.00071359,0.00010519,-0.01645697,-0.0006084,1.54974637,1.72136095,0.03997461,0.03333871,-0.0066359
2023-02-28,rf__HAR_O__log__rolling,Random Forest | HAR+Option,Individual models,0.14798801,0.13435886,0.14108966,0.01362914,0.00689835,0.01362914,0.00689835,0.00018575,4.759e-05,-0.00673079,-0.00013817,1.54301558,1.72122278,0.03557871,0.02971902,-0.00585969
2023-03-31,rf__HAR_O__log__rolling,Random Forest | HAR+Option,Individual models,0.16589266,0.14470657,0.14245861,0.02118609,0.02343405,0.02118609,0.02343405,0.00044885,0.00054915,0.00224797,0.0001003,1.54526355,1.72132308,0.0340476,0.02855393,-0.00549367
2023-04-30,rf__HAR_O__log__rolling,Random Forest | HAR+Option,Individual models,0.08994252,0.14947173,0.15253063,-0.05952921,-0.06258811,0.05952921,0.06258811,0.00354373,0.00391727,0.0030589,0.00037354,1.54832245,1.72169663,0.03645107,0.03149962,-0.00495145
2023-05-31,rf__HAR_O__log__rolling,Random Forest | HAR+Option,Individual models,0.10574234,0.08105803,0.11438662,0.02468432,-0.00864427,0.02468432,0.00864427,0.00060932,7.472e-05,-0.01604004,-0.00053459,1.5322824,1.72116204,0.02835566,0.02133706,-0.0070186
2023-06-30,rf__HAR_O__log__rolling,Random Forest | HAR+Option,Individual models,0.09100868,0.08943895,0.11566273,0.00156972,-0.02465406,0.00156972,0.02465406,2.46e-06,0.00060782,0.02308433,0.00060536,1.55536674,1.7217674,0.02265157,0.02173397,-0.0009176
2023-07-31,rf__HAR_O__log__rolling,Random Forest | HAR+Option,Individual models,0.07268551,0.07044138,0.10498751,0.00224412,-0.032302,0.00224412,0.032302,5.04e-06,0.00104342,0.03005788,0.00103838,1.58542461,1.72280578,0.02258348,0.0243709,0.00178742
2023-08-31,rf__HAR_O__log__rolling,Random Forest | HAR+Option,Individual models,0.09745315,0.0734527,0.09628427,0.02400044,0.00116888,0.02400044,0.00116888,0.00057602,1.37e-06,-0.02283157,-0.00057466,1.56259305,1.72223112,0.0236959,0.02325915,-0.00043676
2023-09-30,rf__HAR_O__log__rolling,Random Forest | HAR+Option,Individual models,0.09176085,0.07513182,0.10361721,0.01662903,-0.01185637,0.01662903,0.01185637,0.00027652,0.00014057,-0.00477266,-0.00013595,1.55782039,1.72209517,0.01999987,0.01842327,-0.0015766
2023-10-31,rf__HAR_O__log__rolling,Random Forest | HAR+Option,Individual models,0.12613768,0.09880229,0.10019084,0.02733539,0.02594684,0.02733539,0.02594684,0.00074722,0.00067324,-0.00138855,-7.398e-05,1.55643184,1.72202119,0.01946417,0.01739569,-0.00206847
2023-11-30,rf__HAR_O__log__rolling,Random Forest | HAR+Option,Individual models,0.08061106,0.11621394,0.11318387,-0.03560289,-0.03257281,0.03560289,0.03257281,0.00126757,0.00106099,-0.00303007,-0.00020658,1.55340177,1.72181461,0.02240322,0.02005532,-0.00234789
2023-12-31,rf__HAR_O__log__rolling,Random Forest | HAR+Option,Individual models,0.07463208,0.08148063,0.09612049,-0.00684855,-0.0214884,0.00684855,0.0214884,4.69e-05,0.00046175,0.01463986,0.00041485,1.56804162,1.72222946,0.02166434,0.02181753,0.00015319
2024-01-31,rf__HAR_O__log__rolling,Random Forest | HAR+Option,Individual models,0.0851791,0.07929465,0.09260378,0.00588444,-0.00742468,0.00588444,0.00742468,3.463e-05,5.513e-05,0.00154024,2.05e-05,1.56958186,1.72224996,0.01992861,0.02158157,0.00165296
2011-03-31,rf__HAR_OM__log__rolling,Random Forest | HAR+Macro+Option,Individual models,0.1239968,0.10282155,0.11607562,0.02117524,0.00792117,0.02117524,0.00792117,0.00044839,6.274e-05,-0.01325407,-0.00038565,-0.01325407,-0.00038565,,,
2011-04-30,rf__HAR_OM__log__rolling,Random Forest | HAR+Macro+Option,Individual models,0.08197577,0.11600336,0.12651617,-0.03402759,-0.0445404,0.03402759,0.0445404,0.00115788,0.00198385,0.01051281,0.00082597,-0.00274126,0.00044032,,,
2011-05-31,rf__HAR_OM__log__rolling,Random Forest | HAR+Macro+Option,Individual models,0.10443997,0.09448478,0.11306831,0.00995519,-0.00862834,0.00995519,0.00862834,9.911e-05,7.445e-05,-0.00132685,-2.466e-05,-0.00406811,0.00041567,,,
2011-06-30,rf__HAR_OM__log__rolling,Random Forest | HAR+Macro+Option,Individual models,0.11731825,0.1015751,0.11566157,0.01574315,0.00165669,0.01574315,0.00165669,0.00024785,2.74e-06,-0.01408647,-0.0002451,-0.01815458,0.00017056,,,
2011-07-31,rf__HAR_OM__log__rolling,Random Forest | HAR+Macro+Option,Individual models,0.11132267,0.10975991,0.11708849,0.00156276,-0.00576582,0.00156276,0.00576582,2.44e-06,3.324e-05,0.00420306,3.08e-05,-0.01395152,0.00020137,,,
2011-08-31,rf__HAR_OM__log__rolling,Random Forest | HAR+Macro+Option,Individual models,0.30047559,0.151843,0.11397057,0.14863259,0.18650502,0.14863259,0.18650502,0.02209165,0.03478412,0.03787243,0.01269248,0.02392091,0.01289384,,,
2011-09-30,rf__HAR_OM__log__rolling,Random Forest | HAR+Macro+Option,Individual models,0.23741865,0.20908827,0.18733709,0.02833038,0.05008156,0.02833038,0.05008156,0.00080261,0.00250816,0.02175118,0.00170555,0.0456721,0.0145994,,,
2011-10-31,rf__HAR_OM__log__rolling,Random Forest | HAR+Macro+Option,Individual models,0.21104059,0.30004629,0.15661848,-0.08900569,0.05442212,0.08900569,0.05442212,0.00792201,0.00296177,-0.03458358,-0.00496025,0.01108852,0.00963915,,,
2011-11-30,rf__HAR_OM__log__rolling,Random Forest | HAR+Macro+Option,Individual models,0.18299764,0.19030069,0.14490642,-0.00730305,0.03809122,0.00730305,0.03809122,5.333e-05,0.00145094,0.03078817,0.00139761,0.04187669,0.01103676,,,
2011-12-31,rf__HAR_OM__log__rolling,Random Forest | HAR+Macro+Option,Individual models,0.12641057,0.15359326,0.1422497,-0.02718269,-0.01583913,0.02718269,0.01583913,0.0007389,0.00025088,-0.01134356,-0.00048802,0.03053313,0.01054873,,,
2012-01-31,rf__HAR_OM__log__rolling,Random Forest | HAR+Macro+Option,Individual models,0.09173477,0.1554653,0.12693949,-0.06373053,-0.03520472,0.06373053,0.03520472,0.00406158,0.00123937,-0.02852581,-0.00282221,0.00200732,0.00772653,,,
2012-02-29,rf__HAR_OM__log__rolling,Random Forest | HAR+Macro+Option,Individual models,0.08055043,0.13114556,0.1137494,-0.05059513,-0.03319897,0.05059513,0.03319897,0.00255987,0.00110217,-0.01739616,-0.0014577,-0.01538884,0.00626883,0.041437,0.0401546,-0.0012824
2012-03-31,rf__HAR_OM__log__rolling,Random Forest | HAR+Macro+Option,Individual models,0.07616645,0.10174312,0.10772076,-0.02557667,-0.03155431,0.02557667,0.03155431,0.00065417,0.00099567,0.00597764,0.00034151,-0.0094112,0.00661034,0.04180379,0.04212402,0.00032024
2012-04-30,rf__HAR_OM__log__rolling,Random Forest | HAR+Macro+Option,Individual models,0.09057891,0.10478356,0.10505353,-0.01420466,-0.01447463,0.01420466,0.01447463,0.00020177,0.00020951,0.00026997,7.74e-06,-0.00914123,0.00661808,0.04015187,0.03961854,-0.00053333
2012-05-31,rf__HAR_OM__log__rolling,Random Forest | HAR+Macro+Option,Individual models,0.12253117,0.10638497,0.10943598,0.0161462,0.0130952,0.0161462,0.0130952,0.0002607,0.00017148,-0.003051,-8.922e-05,-0.01219223,0.00652887,0.04066779,0.03999078,-0.00067701
2012-06-30,rf__HAR_OM__log__rolling,Random Forest | HAR+Macro+Option,Individual models,0.11937706,0.14766166,0.12178747,-0.02828461,-0.00241041,0.02828461,0.00241041,0.00080002,5.81e-06,-0.0258742,-0.00079421,-0.03806643,0.00573466,0.04171291,0.04005359,-0.00165932
2012-07-31,rf__HAR_OM__log__rolling,Random Forest | HAR+Macro+Option,Individual models,0.1008825,0.10615488,0.12079751,-0.00527238,-0.01991501,0.00527238,0.01991501,2.78e-05,0.00039661,0.01464263,0.00036881,-0.02342379,0.00610347,0.04202205,0.04123269,-0.00078936
2012-08-31,rf__HAR_OM__log__rolling,Random Forest | HAR+Macro+Option,Individual models,0.08005638,0.11471455,0.11337364,-0.03465816,-0.03331726,0.03465816,0.03331726,0.00120119,0.00111004,-0.0013409,-9.115e-05,-0.0247647,0.00601232,0.03252418,0.02846704,-0.00405713
2012-09-30,rf__HAR_OM__log__rolling,Random Forest | HAR+Macro+Option,Individual models,0.07940683,0.09429263,0.1036908,-0.01488579,-0.02428397,0.01488579,0.02428397,0.00022159,0.00058971,0.00939817,0.00036812,-0.01536652,0.00638044,0.0314038,0.02631724,-0.00508655
2012-10-31,rf__HAR_OM__log__rolling,Random Forest | HAR+Macro+Option,Individual models,0.09399635,0.09360279,0.09961429,0.00039356,-0.00561794,0.00039356,0.00561794,1.5e-07,3.156e-05,0.00522438,3.141e-05,-0.01014215,0.00641185,0.02401945,0.02225023,-0.00176922
2012-11-30,rf__HAR_OM__log__rolling,Random Forest | HAR+Macro+Option,Individual models,0.11058386,0.1033827,0.10326854,0.00720116,0.00731532,0.00720116,0.00731532,5.186e-05,5.351e-05,0.00011417,1.66e-06,-0.01002798,0.00641351,0.02401096,0.01968557,-0.00432539
2012-12-31,rf__HAR_OM__log__rolling,Random Forest | HAR+Macro+Option,Individual models,0.0992343,0.09993715,0.10880533,-0.00070285,-0.00957103,0.00070285,0.00957103,4.9e-07,9.16e-05,0.00886818,9.111e-05,-0.0011598,0.00650462,0.02180431,0.01916323,-0.00264108
2013-01-31,rf__HAR_OM__log__rolling,Random Forest | HAR+Macro+Option,Individual models,0.06679532,0.09595467,0.105212,-0.02915935,-0.03841668,0.02915935,0.03841668,0.00085027,0.00147584,0.00925733,0.00062557,0.00809753,0.00713019,0.01892338,0.01943089,0.00050752
2013-02-28,rf__HAR_OM__log__rolling,Random Forest | HAR+Macro+Option,Individual models,0.07807531,0.08828102,0.09381858,-0.01020571,-0.01574327,0.01020571,0.01574327,0.00010416,0.00024785,0.00553756,0.00014369,0.01363509,0.00727389,0.01555759,0.01797625,0.00241866
2013-03-31,rf__HAR_OM__log__rolling,Random Forest | HAR+Macro+Option,Individual models,0.07750691,0.09571191,0.09632791,-0.01820499,-0.018821,0.01820499,0.018821,0.00033142,0.00035423,0.00061601,2.281e-05,0.0142511,0.00729669,0.01494329,0.01691514,0.00197186
2013-04-30,rf__HAR_OM__log__rolling,Random Forest | HAR+Macro+Option,Individual models,0.09235894,0.09045053,0.09548052,0.00190841,-0.00312158,0.00190841,0.00312158,3.64e-06,9.74e-06,0.00121317,6.1e-06,0.01546427,0.0073028,0.0139186,0.01596906,0.00205046
2013-05-31,rf__HAR_OM__log__rolling,Random Forest | HAR+Macro+Option,Individual models,0.08770623,0.09034061,0.10060121,-0.00263438,-0.01289498,0.00263438,0.01289498,6.94e-06,0.00016628,0.0102606,0.00015934,0.02572487,0.00746214,0.01279261,0.01595237,0.00315976
2013-06-30,rf__HAR_OM__log__rolling,Random Forest | HAR+Macro+Option,Individual models,0.12836694,0.08796604,0.09896535,0.0404009,0.02940158,0.0404009,0.02940158,0.00163223,0.00086445,-0.01099931,-0.00076778,0.01472556,0.00669436,0.0138023,0.01820164,0.00439933
2013-07-31,rf__HAR_OM__log__rolling,Random Forest | HAR+Macro+Option,Individual models,0.07678995,0.10438126,0.11422798,-0.02759131,-0.03743803,0.02759131,0.03743803,0.00076128,0.00140161,0.00984671,0.00064033,0.02457227,0.00733468,0.01566222,0.01966189,0.00399967
2013-08-31,rf__HAR_OM__log__rolling,Random Forest | HAR+Macro+Option,Individual models,0.07837318,0.08906159,0.09643315,-0.01068841,-0.01805997,0.01068841,0.01805997,0.00011424,0.00032616,0.00737156,0.00021192,0.03194383,0.0075466,0.01366474,0.01839045,0.00472571
2013-09-30,rf__HAR_OM__log__rolling,Random Forest | HAR+Macro+Option,Individual models,0.07842193,0.0960382,0.09639643,-0.01761627,-0.01797449,0.01761627,0.01797449,0.00031033,0.00032308,0.00035822,1.275e-05,0.03230205,0.00755935,0.01389228,0.01786466,0.00397238
2013-10-31,rf__HAR_OM__log__rolling,Random Forest | HAR+Macro+Option,Individual models,0.08610878,0.0967755,0.09514152,-0.01066672,-0.00903273,0.01066672,0.00903273,0.00011378,8.159e-05,-0.00163399,-3.219e-05,0.03066807,0.00752716,0.01474837,0.01814922,0.00340085
2013-11-30,rf__HAR_OM__log__rolling,Random Forest | HAR+Macro+Option,Individual models,0.06981601,0.0932274,0.09755242,-0.02341138,-0.02773641,0.02341138,0.02773641,0.00054809,0.00076931,0.00432503,0.00022122,0.03499309,0.00774838,0.01609922,0.01985098,0.00375176
2013-12-31,rf__HAR_OM__log__rolling,Random Forest | HAR+Macro+Option,Individual models,0.07121165,0.09547059,0.09196516,-0.02425894,-0.02075351,0.02425894,0.02075351,0.0005885,0.00043071,-0.00350543,-0.00015779,0.03148767,0.00759059,0.01806223,0.02078285,0.00272062
2014-01-31,rf__HAR_OM__log__rolling,Random Forest | HAR+Macro+Option,Individual models,0.0885142,0.08682733,0.09186938,0.00168687,-0.00335518,0.00168687,0.00335518,2.85e-06,1.126e-05,0.00166832,8.41e-06,0.03315598,0.007599,0.01577286,0.01786106,0.0020882
2014-02-28,rf__HAR_OM__log__rolling,Random Forest | HAR+Macro+Option,Individual models,0.09024819,0.10657115,0.09720438,-0.01632296,-0.00695618,0.01632296,0.00695618,0.00026644,4.839e-05,-0.00936678,-0.00021805,0.02378921,0.00738095,0.01628263,0.0171288,0.00084618
2014-03-31,rf__HAR_OM__log__rolling,Random Forest | HAR+Macro+Option,Individual models,0.09283748,0.08989702,0.09823287,0.00294046,-0.0053954,0.00294046,0.0053954,8.65e-06,2.911e-05,0.00245494,2.046e-05,0.02624415,0.00740142,0.01501058,0.01601,0.00099942
2014-04-30,rf__HAR_OM__log__rolling,Random Forest | HAR+Macro+Option,Individual models,0.0959287,0.10052562,0.09944134,-0.00459692,-0.00351264,0.00459692,0.00351264,2.113e-05,1.234e-05,-0.00108428,-8.79e-06,0.02515987,0.00739262,0.01523463,0.01604259,0.00080797
2014-05-31,rf__HAR_OM__log__rolling,Random Forest | HAR+Macro+Option,Individual models,0.07303027,0.10285339,0.10058053,-0.02982311,-0.02755026,0.02982311,0.02755026,0.00088942,0.00075902,-0.00227286,-0.0001304,0.02288701,0.00726222,0.01750035,0.01726387,-0.00023649
2014-06-30,rf__HAR_OM__log__rolling,Random Forest | HAR+Macro+Option,Individual models,0.05653613,0.08858339,0.09262975,-0.03204726,-0.03609362,0.03204726,0.03609362,0.00102703,0.00130275,0.00404636,0.00027572,0.02693337,0.00753794,0.01680422,0.01782154,0.00101732
2014-07-31,rf__HAR_OM__log__rolling,Random Forest | HAR+Macro+Option,Individual models,0.0660717,0.09225098,0.08642521,-0.02617927,-0.02035351,0.02617927,0.02035351,0.00068535,0.00041427,-0.00582577,-0.00027109,0.02110761,0.00726686,0.01668655,0.01639783,-0.00028872
2014-08-31,rf__HAR_OM__log__rolling,Random Forest | HAR+Macro+Option,Individual models,0.0752277,0.09654819,0.08808877,-0.02132049,-0.01286107,0.02132049,0.01286107,0.00045456,0.00016541,-0.00845942,-0.00028916,0.01264819,0.0069777,0.01757255,0.01596458,-0.00160797
2014-09-30,rf__HAR_OM__log__rolling,Random Forest | HAR+Macro+Option,Individual models,0.0762108,0.08497907,0.09063727,-0.00876827,-0.01442647,0.00876827,0.01442647,7.688e-05,0.00020812,0.0056582,0.00013124,0.0183064,0.00710894,0.01683522,0.01566892,-0.0011663
2014-10-31,rf__HAR_OM__log__rolling,Random Forest | HAR+Macro+Option,Individual models,0.14399204,0.103006,0.09121305,0.04098604,0.05277899,0.04098604,0.05277899,0.00167986,0.00278562,0.01179295,0.00110577,0.03009935,0.00821471,0.01936183,0.01931444,-4.739e-05
2014-11-30,rf__HAR_OM__log__rolling,Random Forest | HAR+Macro+Option,Individual models,0.06427653,0.11163825,0.1166976,-0.04736173,-0.05242108,0.04736173,0.05242108,0.00224313,0.00274797,0.00505935,0.00050484,0.0351587,0.00871954,0.02135769,0.02137149,1.38e-05
2014-12-31,rf__HAR_OM__log__rolling,Random Forest | HAR+Macro+Option,Individual models,0.10043239,0.10446513,0.08989329,-0.00403273,0.0105391,0.00403273,0.0105391,1.626e-05,0.00011107,0.00650637,9.481e-05,0.04166506,0.00881435,0.01967218,0.02052029,0.00084812
2015-01-31,rf__HAR_OM__log__rolling,Random Forest | HAR+Macro+Option,Individual models,0.13813587,0.12901346,0.10182245,0.00912241,0.03631343,0.00912241,0.03631343,8.322e-05,0.00131866,0.02719101,0.00123545,0.06885607,0.0100498,0.0202918,0.02326681,0.00297501
2015-02-28,rf__HAR_OM__log__rolling,Random Forest | HAR+Macro+Option,Individual models,0.09213617,0.14165692,0.11523843,-0.04952075,-0.02310226,0.04952075,0.02310226,0.0024523,0.00053371,-0.02641849,-0.00191859,0.04243758,0.00813121,0.02305829,0.02461232,0.00155403
2015-03-31,rf__HAR_OM__log__rolling,Random Forest | HAR+Macro+Option,Individual models,0.08527221,0.08960583,0.1007801,-0.00433362,-0.0155079,0.00433362,0.0155079,1.878e-05,0.00024049,0.01117427,0.00022171,0.05361185,0.00835292,0.02317438,0.02545503,0.00228064
2015-04-30,rf__HAR_OM__log__rolling,Random Forest | HAR+Macro+Option,Individual models,0.08426138,0.09768769,0.09809242,-0.01342631,-0.01383104,0.01342631,0.01383104,0.00018027,0.0001913,0.00040472,1.103e-05,0.05401658,0.00836395,0.02391017,0.02631489,0.00240473
2015-05-31,rf__HAR_OM__log__rolling,Random Forest | HAR+Macro+Option,Individual models,0.0753713,0.09077143,0.09617712,-0.01540012,-0.02080582,0.01540012,0.02080582,0.00023716,0.00043288,0.00540569,0.00019572,0.05942227,0.00855967,0.02270825,0.02575286,0.0030446
2015-06-30,rf__HAR_OM__log__rolling,Random Forest | HAR+Macro+Option,Individual models,0.08191996,0.09325285,0.09304976,-0.0113329,-0.01112981,0.0113329,0.01112981,0.00012843,0.00012387,-0.00020309,-4.56e-06,0.05921918,0.00855511,0.02098205,0.02367254,0.00269048
2015-07-31,rf__HAR_OM__log__rolling,Random Forest | HAR+Macro+Option,Individual models,0.08281331,0.10315365,0.09519662,-0.02034034,-0.01238331,0.02034034,0.01238331,0.00041373,0.00015335,-0.00795703,-0.00026038,0.05126215,0.00829473,0.02049548,0.02300835,0.00251288
2015-08-31,rf__HAR_OM__log__rolling,Random Forest | HAR+Macro+Option,Individual models,0.18124678,0.10948036,0.09560516,0.07176641,0.08564162,0.07176641,0.08564162,0.00515042,0.00733449,0.0138752,0.00218407,0.06513735,0.0104788,0.0246993,0.0290734,0.0043741
2015-09-30,rf__HAR_OM__log__rolling,Random Forest | HAR+Macro+Option,Individual models,0.15257606,0.16259119,0.13513135,-0.01001512,0.01744471,0.01001512,0.01744471,0.0001003,0.00030432,0.00742959,0.00020402,0.07256694,0.01068281,0.02480321,0.02932492,0.00452171
2015-10-31,rf__HAR_OM__log__rolling,Random Forest | HAR+Macro+Option,Individual models,0.1095216,0.14981849,0.12697753,-0.04029689,-0.01745594,0.04029689,0.01745594,0.00162384,0.00030471,-0.02284096,-0.00131913,0.04972599,0.00936368,0.02474578,0.02638133,0.00163555
2015-11-30,rf__HAR_OM__log__rolling,Random Forest | HAR+Macro+Option,Individual models,0.09094525,0.10432509,0.11088782,-0.01337985,-0.01994257,0.01337985,0.01994257,0.00017902,0.00039771,0.00656272,0.00021869,0.05628871,0.00958237,0.02191396,0.02367479,0.00176083
2015-12-31,rf__HAR_OM__log__rolling,Random Forest | HAR+Macro+Option,Individual models,0.12220819,0.09744952,0.10290397,0.02475867,0.01930422,0.02475867,0.01930422,0.00061299,0.00037265,-0.00545445,-0.00024034,0.05083426,0.00934203,0.02364112,0.02440522,0.0007641
2016-01-31,rf__HAR_OM__log__rolling,Random Forest | HAR+Macro+Option,Individual models,0.19111779,0.11073857,0.11368516,0.08037922,0.07743262,0.08037922,0.07743262,0.00646082,0.00599581,-0.00294659,-0.00046501,0.04788767,0.00887702,0.02957918,0.02783182,-0.00174737
2016-02-29,rf__HAR_OM__log__rolling,Random Forest | HAR+Macro+Option,Individual models,0.16301964,0.15442583,0.14513661,0.00859381,0.01788303,0.00859381,0.01788303,7.385e-05,0.0003198,0.00928922,0.00024595,0.05717689,0.00912297,0.02616861,0.02739688,0.00122828
2016-03-31,rf__HAR_OM__log__rolling,Random Forest | HAR+Macro+Option,Individual models,0.09480278,0.12962354,0.13582316,-0.03482076,-0.04102037,0.03482076,0.04102037,0.00121249,0.00168267,0.00619961,0.00047019,0.0633765,0.00959316,0.0287092,0.02952292,0.00081372
2016-04-30,rf__HAR_OM__log__rolling,Random Forest | HAR+Macro+Option,Individual models,0.08229344,0.09794547,0.10862824,-0.01565203,-0.02633481,0.01565203,0.02633481,0.00024499,0.00069352,0.01068278,0.00044854,0.07405927,0.01004169,0.02889468,0.0305649,0.00167022
2016-05-31,rf__HAR_OM__log__rolling,Random Forest | HAR+Macro+Option,Individual models,0.08530203,0.10001229,0.10215381,-0.01471026,-0.01685178,0.01471026,0.01685178,0.00021639,0.00028398,0.00214152,6.759e-05,0.0762008,0.01010928,0.02883719,0.0302354,0.00139821
2016-06-30,rf__HAR_OM__log__rolling,Random Forest | HAR+Macro+Option,Individual models,0.09397396,0.09614789,0.10191531,-0.00217394,-0.00794135,0.00217394,0.00794135,4.73e-06,6.307e-05,0.00576741,5.834e-05,0.08196821,0.01016762,0.02807394,0.02996969,0.00189575
2016-07-31,rf__HAR_OM__log__rolling,Random Forest | HAR+Macro+Option,Individual models,0.06662709,0.11169129,0.10466726,-0.0450642,-0.03804017,0.0450642,0.03804017,0.00203078,0.00144705,-0.00702403,-0.00058373,0.07494418,0.00958389,0.03013426,0.03210777,0.0019735
2016-08-31,rf__HAR_OM__log__rolling,Random Forest | HAR+Macro+Option,Individual models,0.05875578,0.08248883,0.09501239,-0.02373305,-0.03625661,0.02373305,0.03625661,0.00056326,0.00131454,0.01252356,0.00075128,0.08746774,0.01033518,0.02613148,0.02799235,0.00186087
2016-09-30,rf__HAR_OM__log__rolling,Random Forest | HAR+Macro+Option,Individual models,0.08956114,0.08484867,0.09092766,0.00471247,-0.00136651,0.00471247,0.00136651,2.221e-05,1.87e-06,-0.00334596,-2.034e-05,0.08412178,0.01031484,0.02568959,0.0266525,0.0009629
2016-10-31,rf__HAR_OM__log__rolling,Random Forest | HAR+Macro+Option,Individual models,0.07645832,0.0877752,0.10017519,-0.01131689,-0.02371688,0.01131689,0.02371688,0.00012807,0.00056249,0.01239999,0.00043442,0.09652177,0.01074926,0.02327459,0.02717424,0.00389965
2016-11-30,rf__HAR_OM__log__rolling,Random Forest | HAR+Macro+Option,Individual models,0.08613464,0.09983812,0.09596475,-0.01370348,-0.00983012,0.01370348,0.00983012,0.00018779,9.663e-05,-0.00387336,-9.115e-05,0.09264841,0.0106581,0.02330156,0.02633154,0.00302998
2016-12-31,rf__HAR_OM__log__rolling,Random Forest | HAR+Macro+Option,Individual models,0.06241094,0.10136055,0.09959472,-0.0389496,-0.03718377,0.0389496,0.03718377,0.00151707,0.00138263,-0.00176583,-0.00013444,0.09088258,0.01052366,0.02448414,0.0278215,0.00333736
2017-01-31,rf__HAR_OM__log__rolling,Random Forest | HAR+Macro+Option,Individual models,0.06212703,0.08441272,0.09131225,-0.02228569,-0.02918521,0.02228569,0.02918521,0.00049665,0.00085178,0.00689952,0.00035512,0.0977821,0.01087879,0.01964301,0.02380088,0.00415787
2017-02-28,rf__HAR_OM__log__rolling,Random Forest | HAR+Macro+Option,Individual models,0.05181816,0.07892717,0.08981388,-0.02710901,-0.03799572,0.02710901,0.03799572,0.0007349,0.00144367,0.01088671,0.00070878,0.10866882,0.01158757,0.02118595,0.02547694,0.00429099
2017-03-31,rf__HAR_OM__log__rolling,Random Forest | HAR+Macro+Option,Individual models,0.06543911,0.0854381,0.08508029,-0.01999899,-0.01964118,0.01999899,0.01964118,0.00039996,0.00038578,-0.00035781,-1.418e-05,0.10831101,0.01157338,0.0199508,0.02369534,0.00374454
2017-04-30,rf__HAR_OM__log__rolling,Random Forest | HAR+Macro+Option,Individual models,0.06821277,0.0777263,0.08807873,-0.00951352,-0.01986596,0.00951352,0.01986596,9.051e-05,0.00039466,0.01035244,0.00030415,0.11866345,0.01187753,0.01943926,0.02315627,0.00371701
2017-05-31,rf__HAR_OM__log__rolling,Random Forest | HAR+Macro+Option,Individual models,0.05167712,0.08022279,0.08906903,-0.02854568,-0.03739191,0.02854568,0.03739191,0.00081486,0.00139815,0.00884623,0.0005833,0.12750968,0.01246083,0.02059221,0.02486795,0.00427574
2017-06-30,rf__HAR_OM__log__rolling,Random Forest | HAR+Macro+Option,Individual models,0.06000712,0.09920786,0.08363599,-0.03920074,-0.02362887,0.03920074,0.02362887,0.0015367,0.00055832,-0.01557187,-0.00097837,0.1119378,0.01148246,0.02367778,0.02617524,0.00249747
2017-07-31,rf__HAR_OM__log__rolling,Random Forest | HAR+Macro+Option,Individual models,0.04869214,0.06934056,0.08495022,-0.02064841,-0.03625807,0.02064841,0.03625807,0.00042636,0.00131465,0.01560966,0.00088829,0.12754746,0.01237075,0.02164313,0.02602673,0.00438361
2017-08-31,rf__HAR_OM__log__rolling,Random Forest | HAR+Macro+Option,Individual models,0.05895137,0.07200933,0.08032493,-0.01305795,-0.02137356,0.01305795,0.02137356,0.00017051,0.00045683,0.0083156,0.00028632,0.13586306,0.01265706,0.02075354,0.02478648,0.00403294
2017-09-30,rf__HAR_OM__log__rolling,Random Forest | HAR+Macro+Option,Individual models,0.04531107,0.07297068,0.08183425,-0.02765962,-0.03652319,0.02765962,0.03652319,0.00076505,0.00133394,0.00886357,0.00056889,0.14472664,0.01322595,0.0226658,0.0277162,0.0050504
2017-10-31,rf__HAR_OM__log__rolling,Random Forest | HAR+Macro+Option,Individual models,0.03786706,0.0704787,0.07706881,-0.03261164,-0.03920175,0.03261164,0.03920175,0.00106352,0.00153678,0.00659011,0.00047326,0.15131675,0.01369921,0.02444036,0.02900661,0.00456625
2017-11-30,rf__HAR_OM__log__rolling,Random Forest | HAR+Macro+Option,Individual models,0.04900293,0.06077948,0.07370597,-0.01177655,-0.02470304,0.01177655,0.02470304,0.00013869,0.00061024,0.01292648,0.00047155,0.16424323,0.01417076,0.02427978,0.03024602,0.00596623
2017-12-31,rf__HAR_OM__log__rolling,Random Forest | HAR+Macro+Option,Individual models,0.06019932,0.06229168,0.07481554,-0.00209237,-0.01461623,0.00209237,0.01461623,4.38e-06,0.00021363,0.01252386,0.00020926,0.17676709,0.01438002,0.02120835,0.02836539,0.00715704
2018-01-31,rf__HAR_OM__log__rolling,Random Forest | HAR+Macro+Option,Individual models,0.06519769,0.06048043,0.07762023,0.00471726,-0.01242254,0.00471726,0.01242254,2.225e-05,0.00015432,0.00770529,0.00013207,0.18447238,0.01451209,0.01974431,0.0269685,0.00722419
2018-02-28,rf__HAR_OM__log__rolling,Random Forest | HAR+Macro+Option,Individual models,0.1387046,0.07817435,0.07819547,0.06053024,0.06050912,0.06053024,0.06050912,0.00366391,0.00366135,-2.112e-05,-2.56e-06,0.18445126,0.01450953,0.02252941,0.02884462,0.0063152
2018-03-31,rf__HAR_OM__log__rolling,Random Forest | HAR+Macro+Option,Individual models,0.13891564,0.1174792,0.10438966,0.02143644,0.03452598,0.02143644,0.03452598,0.00045952,0.00119204,0.01308954,0.00073252,0.19754079,0.01524205,0.0226492,0.03008502,0.00743582
2018-04-30,rf__HAR_OM__log__rolling,Random Forest | HAR+Macro+Option,Individual models,0.1407784,0.09325017,0.10640081,0.04752823,0.03437759,0.04752823,0.03437759,0.00225893,0.00118182,-0.01315064,-0.00107711,0.18439015,0.01416494,0.02581709,0.03129432,0.00547723
2018-05-31,rf__HAR_OM__log__rolling,Random Forest | HAR+Macro+Option,Individual models,0.09507116,0.09254906,0.10993222,0.00252211,-0.01486106,0.00252211,0.01486106,6.36e-06,0.00022085,0.01233896,0.00021449,0.19672911,0.01437943,0.02364846,0.02941675,0.00576829
2018-06-30,rf__HAR_OM__log__rolling,Random Forest | HAR+Macro+Option,Individual models,0.08039533,0.09432434,0.09331526,-0.01392901,-0.01291992,0.01392901,0.01291992,0.00019402,0.00016692,-0.00100909,-2.709e-05,0.19572002,0.01435234,0.02154249,0.02852434,0.00698185
2018-07-31,rf__HAR_OM__log__rolling,Random Forest | HAR+Macro+Option,Individual models,0.0690613,0.08752009,0.08786672,-0.01845879,-0.01880541,0.01845879,0.01880541,0.00034073,0.00035364,0.00034662,1.292e-05,0.19606665,0.01436525,0.02136002,0.02706995,0.00570993
2018-08-31,rf__HAR_OM__log__rolling,Random Forest | HAR+Macro+Option,Individual models,0.05968197,0.07188559,0.08387116,-0.01220362,-0.02418919,0.01220362,0.02418919,0.00014893,0.00058512,0.01198557,0.00043619,0.20805222,0.01480144,0.02128882,0.02730459,0.00601576
2018-09-30,rf__HAR_OM__log__rolling,Random Forest | HAR+Macro+Option,Individual models,0.0654128,0.07240034,0.08064715,-0.00698754,-0.01523435,0.00698754,0.01523435,4.883e-05,0.00023209,0.00824682,0.00018326,0.21629903,0.0149847,0.01956615,0.02553052,0.00596437
2018-10-31,rf__HAR_OM__log__rolling,Random Forest | HAR+Macro+Option,Individual models,0.17260155,0.06827382,0.08166035,0.10432773,0.0909412,0.10432773,0.0909412,0.01088428,0.0082703,-0.01338653,-0.00261397,0.2029125,0.01237073,0.02554249,0.02984214,0.00429965
2018-11-30,rf__HAR_OM__log__rolling,Random Forest | HAR+Macro+Option,Individual models,0.14550899,0.12101398,0.1199506,0.02449501,0.02555839,0.02449501,0.02555839,0.00060001,0.00065323,0.00106338,5.323e-05,0.20397588,0.01242395,0.02660236,0.02991342,0.00331105
2018-12-31,rf__HAR_OM__log__rolling,Random Forest | HAR+Macro+Option,Individual models,0.23558433,0.09662803,0.11588897,0.1389563,0.11969536,0.1389563,0.11969536,0.01930885,0.01432698,-0.01926094,-0.00498187,0.18471494,0.00744208,0.03800769,0.03867001,0.00066232
2019-01-31,rf__HAR_OM__log__rolling,Random Forest | HAR+Macro+Option,Individual models,0.13805562,0.13082018,0.18961141,0.00723544,-0.05155579,0.00723544,0.05155579,5.235e-05,0.002658,0.04432035,0.00260565,0.22903529,0.01004773,0.03821754,0.04193111,0.00371358
2019-02-28,rf__HAR_OM__log__rolling,Random Forest | HAR+Macro+Option,Individual models,0.08205478,0.0969752,0.11797261,-0.01492042,-0.03591783,0.01492042,0.03591783,0.00022262,0.00129009,0.02099741,0.00106747,0.25003269,0.0111152,0.03441672,0.03988184,0.00546512
2019-03-31,rf__HAR_OM__log__rolling,Random Forest | HAR+Macro+Option,Individual models,0.09470707,0.09264576,0.0875381,0.00206131,0.00716898,0.00206131,0.00716898,4.25e-06,5.139e-05,0.00510766,4.715e-05,0.25514036,0.01116234,0.03280213,0.03760209,0.00479996
2019-04-30,rf__HAR_OM__log__rolling,Random Forest | HAR+Macro+Option,Individual models,0.05727866,0.09126823,0.09525854,-0.03398957,-0.03797988,0.03398957,0.03797988,0.00115529,0.00144247,0.00399031,0.00028718,0.25913066,0.01144952,0.0316739,0.03790228,0.00622838
2019-05-31,rf__HAR_OM__log__rolling,Random Forest | HAR+Macro+Option,Individual models,0.11646584,0.07568937,0.07847861,0.04077646,0.03798723,0.04077646,0.03798723,0.00166272,0.00144303,-0.00278923,-0.00021969,0.25634143,0.01122983,0.03486177,0.03982946,0.00496769
2019-06-30,rf__HAR_OM__log__rolling,Random Forest | HAR+Macro+Option,Individual models,0.08633239,0.12103454,0.10607152,-0.03470215,-0.01973913,0.03470215,0.01973913,0.00120424,0.00038963,-0.01496302,-0.00081461,0.24137841,0.01041523,0.03659286,0.04039773,0.00380487
2019-07-31,rf__HAR_OM__log__rolling,Random Forest | HAR+Macro+Option,Individual models,0.06669148,0.08403266,0.09128019,-0.01734117,-0.02458871,0.01734117,0.02458871,0.00030072,0.0006046,0.00724754,0.00030389,0.24862595,0.01071912,0.03649973,0.04087967,0.00437994
2019-08-31,rf__HAR_OM__log__rolling,Random Forest | HAR+Macro+Option,Individual models,0.13916472,0.08548364,0.08281996,0.05368109,0.05634477,0.05368109,0.05634477,0.00288166,0.00317473,0.00266368,0.00029307,0.25128963,0.01101219,0.03995618,0.0435593,0.00360312
2019-09-30,rf__HAR_OM__log__rolling,Random Forest | HAR+Macro+Option,Individual models,0.08899928,0.12677677,0.11891754,-0.03777749,-0.02991826,0.03777749,0.02991826,0.00142714,0.0008951,-0.00785923,-0.00053204,0.2434304,0.01048015,0.04252201,0.04478296,0.00226095
2019-10-31,rf__HAR_OM__log__rolling,Random Forest | HAR+Macro+Option,Individual models,0.09164451,0.10850967,0.09436573,-0.01686516,-0.00272122,0.01686516,0.00272122,0.00028443,7.41e-06,-0.01414394,-0.00027703,0.22928646,0.01020313,0.03523347,0.0374313,0.00219783
2019-11-30,rf__HAR_OM__log__rolling,Random Forest | HAR+Macro+Option,Individual models,0.05524849,0.08804329,0.09472056,-0.0327948,-0.03947207,0.0327948,0.03947207,0.0010755,0.00155804,0.00667727,0.00048255,0.23596373,0.01068567,0.03592511,0.03859077,0.00266565
2019-12-31,rf__HAR_OM__log__rolling,Random Forest | HAR+Macro+Option,Individual models,0.06209932,0.07907186,0.07849395,-0.01697254,-0.01639463,0.01697254,0.01639463,0.00028807,0.00026878,-0.00057791,-1.928e-05,0.23538582,0.01066639,0.0257598,0.02998237,0.00422257
2020-01-31,rf__HAR_OM__log__rolling,Random Forest | HAR+Macro+Option,Individual models,0.07975763,0.08577575,0.07879248,-0.00601812,0.00096515,0.00601812,0.00096515,3.622e-05,9.3e-07,-0.00505297,-3.529e-05,0.23033285,0.0106311,0.02565836,0.02576649,0.00010813
2020-02-29,rf__HAR_OM__log__rolling,Random Forest | HAR+Macro+Option,Individual models,0.18564385,0.10579222,0.08500203,0.07985163,0.10064182,0.07985163,0.10064182,0.00637628,0.01012878,0.02079019,0.00375249,0.25112304,0.01438359,0.03106929,0.03116015,9.086e-05
2020-03-31,rf__HAR_OM__log__rolling,Random Forest | HAR+Macro+Option,Individual models,0.58295547,0.14630764,0.14520964,0.43664784,0.43774583,0.43664784,0.43774583,0.19066134,0.19162141,0.00109799,0.00096008,0.25222103,0.01534367,0.06728484,0.06704156,-0.00024328
2020-04-30,rf__HAR_OM__log__rolling,Random Forest | HAR+Macro+Option,Individual models,0.24991991,0.22237725,1.54497553,0.02754265,-1.29505562,0.02754265,1.29505562,0.0007586,1.67716907,1.26751297,1.67641047,1.519734,1.69175414,0.06674759,0.17179787,0.10505028
2020-05-31,rf__HAR_OM__log__rolling,Random Forest | HAR+Macro+Option,Individual models,0.16410989,0.20519235,0.187209,-0.04108246,-0.0230991,0.04108246,0.0230991,0.00168777,0.00053357,-0.01798336,-0.0011542,1.50175065,1.69059994,0.06677309,0.17055719,0.1037841
2020-06-30,rf__HAR_OM__log__rolling,Random Forest | HAR+Macro+Option,Individual models,0.18276328,0.21657982,0.13434073,-0.03381654,0.04842255,0.03381654,0.04842255,0.00114356,0.00234474,0.01460601,0.00120119,1.51635666,1.69180113,0.06669929,0.17294748,0.10624819
2020-07-31,rf__HAR_OM__log__rolling,Random Forest | HAR+Macro+Option,Individual models,0.13369031,0.16962535,0.14973507,-0.03593504,-0.01604476,0.03593504,0.01604476,0.00129133,0.00025743,-0.01989027,-0.00103389,1.49646639,1.69076723,0.06824878,0.17223548,0.1039867
2020-08-31,rf__HAR_OM__log__rolling,Random Forest | HAR+Macro+Option,Individual models,0.08711462,0.13597202,0.12370315,-0.04885741,-0.03658853,0.04885741,0.03658853,0.00238705,0.00133872,-0.01226887,-0.00104833,1.48419751,1.68971891,0.06784681,0.17058913,0.10274232
2020-09-30,rf__HAR_OM__log__rolling,Random Forest | HAR+Macro+Option,Individual models,0.18583484,0.13791529,0.10151568,0.04791954,0.08431916,0.04791954,0.08431916,0.00229628,0.00710972,0.03639962,0.00481344,1.52059713,1.69453235,0.06869198,0.17512254,0.10643056
2020-10-31,rf__HAR_OM__log__rolling,Random Forest | HAR+Macro+Option,Individual models,0.14700764,0.14961891,0.14927946,-0.00261127,-0.00227183,0.00261127,0.00227183,6.82e-06,5.16e-06,-0.00033945,-1.66e-06,1.52025769,1.69453069,0.06750415,0.17508509,0.10758094
2020-11-30,rf__HAR_OM__log__rolling,Random Forest | HAR+Macro+Option,Individual models,0.13540578,0.16192188,0.13272256,-0.0265161,0.00268322,0.0265161,0.00268322,0.0007031,7.2e-06,-0.02383288,-0.0006959,1.49642481,1.69383478,0.06698093,0.17201935,0.10503842
2020-12-31,rf__HAR_OM__log__rolling,Random Forest | HAR+Macro+Option,Individual models,0.08727809,0.12091768,0.13042698,-0.0336396,-0.04314889,0.0336396,0.04314889,0.00113162,0.00186183,0.00950929,0.0007302,1.5059341,1.69456499,0.06836985,0.17424887,0.10587902
2021-01-31,rf__HAR_OM__log__rolling,Random Forest | HAR+Macro+Option,Individual models,0.12643455,0.1160044,0.10846867,0.01043016,0.01796589,0.01043016,0.01796589,0.00010879,0.00032277,0.00753573,0.00021398,1.51346983,1.69477897,0.06873752,0.1756656,0.10692808
2021-02-28,rf__HAR_OM__log__rolling,Random Forest | HAR+Macro+Option,Individual models,0.12196964,0.16622514,0.12688707,-0.0442555,-0.00491743,0.0442555,0.00491743,0.00195855,2.418e-05,-0.03933806,-0.00193437,1.47413176,1.69284461,0.06577117,0.16768857,0.10191739
2021-03-31,rf__HAR_OM__log__rolling,Random Forest | HAR+Macro+Option,Individual models,0.14192329,0.14299819,0.12423121,-0.0010749,0.01769207,0.0010749,0.01769207,1.16e-06,0.00031301,0.01661717,0.00031185,1.49074894,1.69315646,0.02947343,0.13268409,0.10321066
2021-04-30,rf__HAR_OM__log__rolling,Random Forest | HAR+Macro+Option,Individual models,0.07227313,0.11742604,0.12520714,-0.04515291,-0.05293401,0.04515291,0.05293401,0.00203879,0.00280201,0.0077811,0.00076322,1.49853003,1.69391968,0.03094095,0.02917395,-0.001767
2021-05-31,rf__HAR_OM__log__rolling,Random Forest | HAR+Macro+Option,Individual models,0.09818055,0.10969139,0.09539606,-0.01151084,0.00278449,0.01151084,0.00278449,0.0001325,7.75e-06,-0.00872635,-0.00012475,1.48980368,1.69379494,0.02847665,0.02748107,-0.00099558
2021-06-30,rf__HAR_OM__log__rolling,Random Forest | HAR+Macro+Option,Individual models,0.06526994,0.09950365,0.10263326,-0.03423372,-0.03736333,0.03423372,0.03736333,0.00117195,0.00139602,0.00312961,0.00022407,1.49293329,1.69401901,0.02851141,0.02655947,-0.00195195
2021-07-31,rf__HAR_OM__log__rolling,Random Forest | HAR+Macro+Option,Individual models,0.07520977,0.10848589,0.08885329,-0.03327611,-0.01364352,0.03327611,0.01364352,0.0011073,0.00018615,-0.01963259,-0.00092115,1.4733007,1.69309785,0.02828984,0.02635936,-0.00193047
2021-08-31,rf__HAR_OM__log__rolling,Random Forest | HAR+Macro+Option,Individual models,0.06362476,0.13136751,0.09090206,-0.06774275,-0.02727729,0.06774275,0.02727729,0.00458908,0.00074405,-0.04046545,-0.00384503,1.43283525,1.68925283,0.02986362,0.02558343,-0.00428019
2021-09-30,rf__HAR_OM__log__rolling,Random Forest | HAR+Macro+Option,Individual models,0.10189251,0.1029077,0.08521496,-0.00101519,0.01667755,0.00101519,0.01667755,1.03e-06,0.00027814,0.01566236,0.00027711,1.44849761,1.68952994,0.02595492,0.01994663,-0.00600829
2021-10-31,rf__HAR_OM__log__rolling,Random Forest | HAR+Macro+Option,Individual models,0.09768553,0.1128805,0.09621429,-0.01519497,0.00147123,0.01519497,0.00147123,0.00023089,2.16e-06,-0.01372374,-0.00022872,1.43477387,1.68930121,0.02700356,0.01987991,-0.00712365
2021-11-30,rf__HAR_OM__log__rolling,Random Forest | HAR+Macro+Option,Individual models,0.08990034,0.09255506,0.09457941,-0.00265472,-0.00467908,0.00265472,0.00467908,7.05e-06,2.189e-05,0.00202436,1.485e-05,1.43679822,1.68931606,0.02501511,0.02004623,-0.00496888
2021-12-31,rf__HAR_OM__log__rolling,Random Forest | HAR+Macro+Option,Individual models,0.12715669,0.11874122,0.09180554,0.00841547,0.03535115,0.00841547,0.03535115,7.082e-05,0.0012497,0.02693568,0.00117888,1.4637339,1.69049494,0.0229131,0.01939642,-0.00351668
2022-01-31,rf__HAR_OM__log__rolling,Random Forest | HAR+Macro+Option,Individual models,0.2054063,0.0986354,0.10455535,0.1067709,0.10085095,0.1067709,0.10085095,0.01140002,0.01017091,-0.00591995,-0.00122911,1.45781395,1.68926583,0.0309415,0.02630351,-0.00463799
2022-02-28,rf__HAR_OM__log__rolling,Random Forest | HAR+Macro+Option,Individual models,0.18906515,0.13010784,0.13873051,0.05895731,0.05033464,0.05895731,0.05033464,0.00347596,0.00253358,-0.00862268,-0.00094239,1.44919128,1.68832344,0.03216665,0.03008828,-0.00207837
2022-03-31,rf__HAR_OM__log__rolling,Random Forest | HAR+Macro+Option,Individual models,0.1731367,0.12657624,0.13572155,0.04656046,0.03741514,0.04656046,0.03741514,0.00216788,0.00139989,-0.00914531,-0.00076798,1.44004596,1.68755546,0.03595711,0.03173187,-0.00422525
2022-04-30,rf__HAR_OM__log__rolling,Random Forest | HAR+Macro+Option,Individual models,0.15851479,0.11935578,0.13127507,0.03915901,0.02723972,0.03915901,0.02723972,0.00153343,0.000742,-0.01191929,-0.00079143,1.42812667,1.68676403,0.03545762,0.02959067,-0.00586695
2022-05-31,rf__HAR_OM__log__rolling,Random Forest | HAR+Macro+Option,Individual models,0.2578389,0.14321463,0.12724383,0.11462428,0.13059508,0.11462428,0.13059508,0.01313873,0.01705507,0.0159708,0.00391635,1.44409747,1.69068038,0.04405041,0.04024156,-0.00380885
2022-06-30,rf__HAR_OM__log__rolling,Random Forest | HAR+Macro+Option,Individual models,0.20628661,0.13509844,0.18639549,0.07118816,0.01989112,0.07118816,0.01989112,0.00506775,0.00039566,-0.05129704,-0.0046721,1.39280043,1.68600829,0.04712994,0.03878554,-0.00834441
2022-07-31,rf__HAR_OM__log__rolling,Random Forest | HAR+Macro+Option,Individual models,0.16389054,0.14466994,0.16323174,0.0192206,0.0006588,0.0192206,0.0006588,0.00036943,4.3e-07,-0.0185618,-0.000369,1.37423863,1.68563929,0.04595865,0.03770348,-0.00825517
2022-08-31,rf__HAR_OM__log__rolling,Random Forest | HAR+Macro+Option,Individual models,0.13005032,0.12009129,0.14456027,0.00995904,-0.01450995,0.00995904,0.01450995,9.918e-05,0.00021054,0.00455091,0.00011136,1.37878954,1.68575064,0.04114334,0.03663953,-0.00450381
2022-09-30,rf__HAR_OM__log__rolling,Random Forest | HAR+Macro+Option,Individual models,0.19626273,0.12068679,0.12637585,0.07557594,0.06988687,0.07557594,0.06988687,0.00571172,0.00488417,-0.00568906,-0.00082755,1.37310048,1.6849231,0.04735674,0.04107364,-0.00628309
2022-10-31,rf__HAR_OM__log__rolling,Random Forest | HAR+Macro+Option,Individual models,0.19975826,0.14964236,0.1614805,0.0501159,0.03827776,0.0501159,0.03827776,0.0025116,0.00146519,-0.01183814,-0.00104642,1.36126234,1.68387668,0.05026681,0.04414085,-0.00612596
2022-11-30,rf__HAR_OM__log__rolling,Random Forest | HAR+Macro+Option,Individual models,0.16948675,0.13760644,0.170144,0.03188031,-0.00065725,0.03188031,0.00065725,0.00101635,4.3e-07,-0.03122306,-0.00101592,1.33003929,1.68286076,0.05270228,0.0438057,-0.00889658
2022-12-31,rf__HAR_OM__log__rolling,Random Forest | HAR+Macro+Option,Individual models,0.15877952,0.14216082,0.15843758,0.0166187,0.00034194,0.0166187,0.00034194,0.00027618,1.2e-07,-0.01627676,-0.00027606,1.31376252,1.68258469,0.05338588,0.04088827,-0.01249761
2023-01-31,rf__HAR_OM__log__rolling,Random Forest | HAR+Macro+Option,Individual models,0.14255764,0.14901469,0.15281384,-0.00645706,-0.01025621,0.00645706,0.01025621,4.169e-05,0.00010519,0.00379915,6.35e-05,1.31756167,1.68264819,0.0450264,0.03333871,-0.01168769
2023-02-28,rf__HAR_OM__log__rolling,Random Forest | HAR+Macro+Option,Individual models,0.14798801,0.11308341,0.14108966,0.0349046,0.00689835,0.0349046,0.00689835,0.00121833,4.759e-05,-0.02800625,-0.00117074,1.28955542,1.68147745,0.043022,0.02971902,-0.01330299
2023-03-31,rf__HAR_OM__log__rolling,Random Forest | HAR+Macro+Option,Individual models,0.16589266,0.12877245,0.14245861,0.03712021,0.02343405,0.03712021,0.02343405,0.00137791,0.00054915,-0.01368616,-0.00082876,1.27586927,1.68064869,0.04223532,0.02855393,-0.01368139
2023-04-30,rf__HAR_OM__log__rolling,Random Forest | HAR+Macro+Option,Individual models,0.08994252,0.14201388,0.15253063,-0.05207136,-0.06258811,0.05207136,0.06258811,0.00271143,0.00391727,0.01051675,0.00120584,1.28638601,1.68185454,0.04331135,0.03149962,-0.01181172
2023-05-31,rf__HAR_OM__log__rolling,Random Forest | HAR+Macro+Option,Individual models,0.10574234,0.0917017,0.11438662,0.01404064,-0.00864427,0.01404064,0.00864427,0.00019714,7.472e-05,-0.00539637,-0.00012242,1.28098964,1.68173212,0.03492938,0.02133706,-0.01359232
2023-06-30,rf__HAR_OM__log__rolling,Random Forest | HAR+Macro+Option,Individual models,0.09100868,0.10177866,0.11566273,-0.01076999,-0.02465406,0.01076999,0.02465406,0.00011599,0.00060782,0.01388407,0.00049183,1.29487372,1.68222395,0.02989453,0.02173397,-0.00816056
2023-07-31,rf__HAR_OM__log__rolling,Random Forest | HAR+Macro+Option,Individual models,0.07268551,0.07257438,0.10498751,0.00011113,-0.032302,0.00011113,0.032302,1e-08,0.00104342,0.03219087,0.00104341,1.32706459,1.68326736,0.02830207,0.0243709,-0.00393117
2023-08-31,rf__HAR_OM__log__rolling,Random Forest | HAR+Macro+Option,Individual models,0.09745315,0.07567026,0.09628427,0.02178288,0.00116888,0.02178288,0.00116888,0.00047449,1.37e-06,-0.02061401,-0.00047313,1.30645058,1.68279423,0.02928739,0.02325915,-0.00602825
2023-09-30,rf__HAR_OM__log__rolling,Random Forest | HAR+Macro+Option,Individual models,0.09176085,0.09043984,0.10361721,0.00132101,-0.01185637,0.00132101,0.01185637,1.75e-06,0.00014057,0.01053536,0.00013883,1.31698594,1.68293306,0.02309948,0.01842327,-0.00467621
2023-10-31,rf__HAR_OM__log__rolling,Random Forest | HAR+Macro+Option,Individual models,0.12613768,0.10121615,0.10019084,0.02492153,0.02594684,0.02492153,0.02594684,0.00062108,0.00067324,0.00102531,5.216e-05,1.31801125,1.68298521,0.02099995,0.01739569,-0.00360426
2023-11-30,rf__HAR_OM__log__rolling,Random Forest | HAR+Macro+Option,Individual models,0.08061106,0.12276301,0.11318387,-0.04215195,-0.03257281,0.04215195,0.03257281,0.00177679,0.00106099,-0.00957914,-0.0007158,1.30843212,1.68226941,0.02185592,0.02005532,-0.0018006
2023-12-31,rf__HAR_OM__log__rolling,Random Forest | HAR+Macro+Option,Individual models,0.07463208,0.08034674,0.09612049,-0.00571466,-0.0214884,0.00571466,0.0214884,3.266e-05,0.00046175,0.01577375,0.00042909,1.32420586,1.68269851,0.02094725,0.02181753,0.00087028
2024-01-31,rf__HAR_OM__log__rolling,Random Forest | HAR+Macro+Option,Individual models,0.0851791,0.07898141,0.09260378,0.00619768,-0.00742468,0.00619768,0.00742468,3.841e-05,5.513e-05,0.001227,1.671e-05,1.32543286,1.68271522,0.02092564,0.02158157,0.00065593
2011-03-31,nn__HAR_OM__log__rolling,Neural Network | HAR+Macro+Option,Individual models,0.1239968,0.08947077,0.11607562,0.03452603,0.00792117,0.03452603,0.00792117,0.00119205,6.274e-05,-0.02660485,-0.0011293,-0.02660485,-0.0011293,,,
2011-04-30,nn__HAR_OM__log__rolling,Neural Network | HAR+Macro+Option,Individual models,0.08197577,0.09375259,0.12651617,-0.01177682,-0.0445404,0.01177682,0.0445404,0.00013869,0.00198385,0.03276358,0.00184515,0.00615873,0.00071585,,,
2011-05-31,nn__HAR_OM__log__rolling,Neural Network | HAR+Macro+Option,Individual models,0.10443997,0.08447126,0.11306831,0.01996871,-0.00862834,0.01996871,0.00862834,0.00039875,7.445e-05,-0.01134037,-0.0003243,-0.00518164,0.00039155,,,
2011-06-30,nn__HAR_OM__log__rolling,Neural Network | HAR+Macro+Option,Individual models,0.11731825,0.14713097,0.11566157,-0.02981272,0.00165669,0.02981272,0.00165669,0.0008888,2.74e-06,-0.02815603,-0.00088605,-0.03333767,-0.0004945,,,
2011-07-31,nn__HAR_OM__log__rolling,Neural Network | HAR+Macro+Option,Individual models,0.11132267,0.09247043,0.11708849,0.01885224,-0.00576582,0.01885224,0.00576582,0.00035541,3.324e-05,-0.01308642,-0.00032216,-0.04642409,-0.00081666,,,
2011-08-31,nn__HAR_OM__log__rolling,Neural Network | HAR+Macro+Option,Individual models,0.30047559,0.23808799,0.11397057,0.0623876,0.18650502,0.0623876,0.18650502,0.00389221,0.03478412,0.12411742,0.03089191,0.07769333,0.03007525,,,
2011-09-30,nn__HAR_OM__log__rolling,Neural Network | HAR+Macro+Option,Individual models,0.23741865,0.31722507,0.18733709,-0.07980642,0.05008156,0.07980642,0.05008156,0.00636906,0.00250816,-0.02972485,-0.0038609,0.04796848,0.02621434,,,
2011-10-31,nn__HAR_OM__log__rolling,Neural Network | HAR+Macro+Option,Individual models,0.21104059,0.41846546,0.15661848,-0.20742487,0.05442212,0.20742487,0.05442212,0.04302508,0.00296177,-0.15300275,-0.04006331,-0.10503428,-0.01384897,,,
2011-11-30,nn__HAR_OM__log__rolling,Neural Network | HAR+Macro+Option,Individual models,0.18299764,0.17793866,0.14490642,0.00505898,0.03809122,0.00505898,0.03809122,2.559e-05,0.00145094,0.03303224,0.00142535,-0.07200204,-0.01242362,,,
2011-12-31,nn__HAR_OM__log__rolling,Neural Network | HAR+Macro+Option,Individual models,0.12641057,0.18083015,0.1422497,-0.05441958,-0.01583913,0.05441958,0.01583913,0.00296149,0.00025088,-0.03858045,-0.00271061,-0.11058249,-0.01513423,,,
2012-01-31,nn__HAR_OM__log__rolling,Neural Network | HAR+Macro+Option,Individual models,0.09173477,0.23601521,0.12693949,-0.14428043,-0.03520472,0.14428043,0.03520472,0.02081684,0.00123937,-0.10907572,-0.01957747,-0.2196582,-0.0347117,,,
2012-02-29,nn__HAR_OM__log__rolling,Neural Network | HAR+Macro+Option,Individual models,0.08055043,0.13968807,0.1137494,-0.05913765,-0.03319897,0.05913765,0.03319897,0.00349726,0.00110217,-0.02593867,-0.00239509,-0.24559688,-0.03710679,0.060621,0.0401546,-0.02046641
2012-03-31,nn__HAR_OM__log__rolling,Neural Network | HAR+Macro+Option,Individual models,0.07616645,0.09183032,0.10772076,-0.01566387,-0.03155431,0.01566387,0.03155431,0.00024536,0.00099567,0.01589044,0.00075032,-0.22970644,-0.03635647,0.05904916,0.04212402,-0.01692513
2012-04-30,nn__HAR_OM__log__rolling,Neural Network | HAR+Macro+Option,Individual models,0.09057891,0.08490914,0.10505353,0.00566977,-0.01447463,0.00566977,0.01447463,3.215e-05,0.00020951,0.00880486,0.00017737,-0.22090158,-0.03617911,0.05854024,0.03961854,-0.01892169
2012-05-31,nn__HAR_OM__log__rolling,Neural Network | HAR+Macro+Option,Individual models,0.12253117,0.08289325,0.10943598,0.03963792,0.0130952,0.03963792,0.0130952,0.00157117,0.00017148,-0.02654273,-0.00139968,-0.24744431,-0.03757879,0.06017934,0.03999078,-0.02018856
2012-06-30,nn__HAR_OM__log__rolling,Neural Network | HAR+Macro+Option,Individual models,0.11937706,0.12527945,0.12178747,-0.0059024,-0.00241041,0.0059024,0.00241041,3.484e-05,5.81e-06,-0.00349199,-2.903e-05,-0.2509363,-0.03760781,0.05818681,0.04005359,-0.01813322
2012-07-31,nn__HAR_OM__log__rolling,Neural Network | HAR+Macro+Option,Individual models,0.1008825,0.17175521,0.12079751,-0.07087271,-0.01991501,0.07087271,0.01991501,0.00502294,0.00039661,-0.0509577,-0.00462633,-0.301894,-0.04223415,0.06252185,0.04123269,-0.02128916
2012-08-31,nn__HAR_OM__log__rolling,Neural Network | HAR+Macro+Option,Individual models,0.08005638,0.12885898,0.11337364,-0.0488026,-0.03331726,0.0488026,0.03331726,0.00238169,0.00111004,-0.01548534,-0.00127165,-0.31737934,-0.0435058,0.06138977,0.02846704,-0.03292272
2012-09-30,nn__HAR_OM__log__rolling,Neural Network | HAR+Macro+Option,Individual models,0.07940683,0.10775123,0.1036908,-0.0283444,-0.02428397,0.0283444,0.02428397,0.0008034,0.00058971,-0.00406043,-0.00021369,-0.32143977,-0.0437195,0.05710127,0.02631724,-0.03078402
2012-10-31,nn__HAR_OM__log__rolling,Neural Network | HAR+Macro+Option,Individual models,0.09399635,0.10324871,0.09961429,-0.00925237,-0.00561794,0.00925237,0.00561794,8.561e-05,3.156e-05,-0.00363443,-5.405e-05,-0.3250742,-0.04377354,0.04058689,0.02225023,-0.01833666
2012-11-30,nn__HAR_OM__log__rolling,Neural Network | HAR+Macro+Option,Individual models,0.11058386,0.06785199,0.10326854,0.04273188,0.00731532,0.04273188,0.00731532,0.00182601,5.351e-05,-0.03541655,-0.0017725,-0.36049075,-0.04554604,0.0437263,0.01968557,-0.02404073
2012-12-31,nn__HAR_OM__log__rolling,Neural Network | HAR+Macro+Option,Individual models,0.0992343,0.09176824,0.10880533,0.00746606,-0.00957103,0.00746606,0.00957103,5.574e-05,9.16e-05,0.00210497,3.586e-05,-0.35838577,-0.04551018,0.0398135,0.01916323,-0.02065027
2013-01-31,nn__HAR_OM__log__rolling,Neural Network | HAR+Macro+Option,Individual models,0.06679532,0.08428248,0.105212,-0.01748716,-0.03841668,0.01748716,0.03841668,0.0003058,0.00147584,0.02092952,0.00117004,-0.33745626,-0.04434014,0.0292474,0.01943089,-0.0098165
2013-02-28,nn__HAR_OM__log__rolling,Neural Network | HAR+Macro+Option,Individual models,0.07807531,0.08407233,0.09381858,-0.00599702,-0.01574327,0.00599702,0.01574327,3.596e-05,0.00024785,0.00974625,0.00021189,-0.32771001,-0.04412825,0.02481901,0.01797625,-0.00684276
2013-03-31,nn__HAR_OM__log__rolling,Neural Network | HAR+Macro+Option,Individual models,0.07750691,0.0991076,0.09632791,-0.02160069,-0.018821,0.02160069,0.018821,0.00046659,0.00035423,-0.00277968,-0.00011236,-0.33048969,-0.04424061,0.02531375,0.01691514,-0.0083986
2013-04-30,nn__HAR_OM__log__rolling,Neural Network | HAR+Macro+Option,Individual models,0.09235894,0.08154813,0.09548052,0.01081081,-0.00312158,0.01081081,0.00312158,0.00011687,9.74e-06,-0.00768922,-0.00010713,-0.33817891,-0.04434774,0.02574217,0.01596906,-0.00977311
2013-05-31,nn__HAR_OM__log__rolling,Neural Network | HAR+Macro+Option,Individual models,0.08770623,0.06632585,0.10060121,0.02138037,-0.01289498,0.02138037,0.01289498,0.00045712,0.00016628,-0.0084854,-0.00029084,-0.34666431,-0.04463858,0.0242207,0.01595237,-0.00826833
2013-06-30,nn__HAR_OM__log__rolling,Neural Network | HAR+Macro+Option,Individual models,0.12836694,0.09478843,0.09896535,0.03357851,0.02940158,0.03357851,0.02940158,0.00112752,0.00086445,-0.00417692,-0.00026306,-0.35084123,-0.04490164,0.02652705,0.01820164,-0.00832541
2013-07-31,nn__HAR_OM__log__rolling,Neural Network | HAR+Macro+Option,Individual models,0.07678995,0.13762425,0.11422798,-0.0608343,-0.03743803,0.0608343,0.03743803,0.00370081,0.00140161,-0.02339628,-0.00229921,-0.37423751,-0.04720085,0.02569051,0.01966189,-0.00602863
2013-08-31,nn__HAR_OM__log__rolling,Neural Network | HAR+Macro+Option,Individual models,0.07837318,0.09108417,0.09643315,-0.01271099,-0.01805997,0.01271099,0.01805997,0.00016157,0.00032616,0.00534898,0.00016459,-0.36888853,-0.04703626,0.02268288,0.01839045,-0.00429243
2013-09-30,nn__HAR_OM__log__rolling,Neural Network | HAR+Macro+Option,Individual models,0.07842193,0.12541388,0.09639643,-0.04699195,-0.01797449,0.04699195,0.01797449,0.00220824,0.00032308,-0.02901745,-0.00188516,-0.39790599,-0.04892142,0.02423684,0.01786466,-0.00637218
2013-10-31,nn__HAR_OM__log__rolling,Neural Network | HAR+Macro+Option,Individual models,0.08610878,0.07333318,0.09514152,0.0127756,-0.00903273,0.0127756,0.00903273,0.00016322,8.159e-05,-0.00374286,-8.163e-05,-0.40164885,-0.04900304,0.02453044,0.01814922,-0.00638122
2013-11-30,nn__HAR_OM__log__rolling,Neural Network | HAR+Macro+Option,Individual models,0.06981601,0.08538884,0.09755242,-0.01557283,-0.02773641,0.01557283,0.02773641,0.00024251,0.00076931,0.01216358,0.0005268,-0.38948527,-0.04847625,0.02226719,0.01985098,-0.00241621
2013-12-31,nn__HAR_OM__log__rolling,Neural Network | HAR+Macro+Option,Individual models,0.07121165,0.08481059,0.09196516,-0.01359894,-0.02075351,0.01359894,0.02075351,0.00018493,0.00043071,0.00715458,0.00024578,-0.38233069,-0.04823047,0.02277826,0.02078285,-0.00199541
2014-01-31,nn__HAR_OM__log__rolling,Neural Network | HAR+Macro+Option,Individual models,0.0885142,0.08553994,0.09186938,0.00297426,-0.00335518,0.00297426,0.00335518,8.85e-06,1.126e-05,0.00038092,2.41e-06,-0.38194977,-0.04822806,0.02156886,0.01786106,-0.00370779
2014-02-28,nn__HAR_OM__log__rolling,Neural Network | HAR+Macro+Option,Individual models,0.09024819,0.07787463,0.09720438,0.01237356,-0.00695618,0.01237356,0.00695618,0.00015311,4.839e-05,-0.00541738,-0.00010472,-0.38736715,-0.04833278,0.02210023,0.0171288,-0.00497143
2014-03-31,nn__HAR_OM__log__rolling,Neural Network | HAR+Macro+Option,Individual models,0.09283748,0.0752765,0.09823287,0.01756098,-0.0053954,0.01756098,0.0053954,0.00030839,2.911e-05,-0.01216558,-0.00027928,-0.39953273,-0.04861205,0.02176359,0.01601,-0.00575359
2014-04-30,nn__HAR_OM__log__rolling,Neural Network | HAR+Macro+Option,Individual models,0.0959287,0.08090859,0.09944134,0.01502011,-0.00351264,0.01502011,0.00351264,0.0002256,1.234e-05,-0.01150746,-0.00021326,-0.4110402,-0.04882532,0.02211437,0.01604259,-0.00607177
2014-05-31,nn__HAR_OM__log__rolling,Neural Network | HAR+Macro+Option,Individual models,0.07303027,0.10706551,0.10058053,-0.03403524,-0.02755026,0.03403524,0.02755026,0.0011584,0.00075902,-0.00648498,-0.00039938,-0.41752518,-0.0492247,0.02316894,0.01726387,-0.00590507
2014-06-30,nn__HAR_OM__log__rolling,Neural Network | HAR+Macro+Option,Individual models,0.05653613,0.07608277,0.09262975,-0.01954664,-0.03609362,0.01954664,0.03609362,0.00038207,0.00130275,0.01654698,0.00092068,-0.4009782,-0.04830402,0.02199962,0.01782154,-0.00417808
2014-07-31,nn__HAR_OM__log__rolling,Neural Network | HAR+Macro+Option,Individual models,0.0660717,0.16587788,0.08642521,-0.09980618,-0.02035351,0.09980618,0.02035351,0.00996127,0.00041427,-0.07945267,-0.00954701,-0.48043087,-0.05785103,0.02524727,0.01639783,-0.00884945
2014-08-31,nn__HAR_OM__log__rolling,Neural Network | HAR+Macro+Option,Individual models,0.0752277,0.08910006,0.08808877,-0.01387236,-0.01286107,0.01387236,0.01286107,0.00019244,0.00016541,-0.00101129,-2.704e-05,-0.48144217,-0.05787806,0.02534405,0.01596458,-0.00937947
2014-09-30,nn__HAR_OM__log__rolling,Neural Network | HAR+Macro+Option,Individual models,0.0762108,0.07271937,0.09063727,0.00349143,-0.01442647,0.00349143,0.01442647,1.219e-05,0.00020812,0.01093504,0.00019593,-0.47050712,-0.05768213,0.02171901,0.01566892,-0.00605009
2014-10-31,nn__HAR_OM__log__rolling,Neural Network | HAR+Macro+Option,Individual models,0.14399204,0.1258173,0.09121305,0.01817474,0.05277899,0.01817474,0.05277899,0.00033032,0.00278562,0.03460425,0.0024553,-0.43590287,-0.05522683,0.02216894,0.01931444,-0.0028545
2014-11-30,nn__HAR_OM__log__rolling,Neural Network | HAR+Macro+Option,Individual models,0.06427653,0.15432287,0.1166976,-0.09004635,-0.05242108,0.09004635,0.05242108,0.00810834,0.00274797,-0.03762527,-0.00536038,-0.47352814,-0.06058721,0.02837507,0.02137149,-0.00700357
2014-12-31,nn__HAR_OM__log__rolling,Neural Network | HAR+Macro+Option,Individual models,0.10043239,0.1084585,0.08989329,-0.00802611,0.0105391,0.00802611,0.0105391,6.442e-05,0.00011107,0.00251299,4.665e-05,-0.47101515,-0.06054055,0.02791066,0.02052029,-0.00739037
2015-01-31,nn__HAR_OM__log__rolling,Neural Network | HAR+Macro+Option,Individual models,0.13813587,0.12243936,0.10182245,0.01569651,0.03631343,0.01569651,0.03631343,0.00024638,0.00131866,0.02061692,0.00107228,-0.45039823,-0.05946827,0.02897085,0.02326681,-0.00570404
2015-02-28,nn__HAR_OM__log__rolling,Neural Network | HAR+Macro+Option,Individual models,0.09213617,0.20407251,0.11523843,-0.11193633,-0.02310226,0.11193633,0.02310226,0.01252974,0.00053371,-0.08883408,-0.01199603,-0.53923231,-0.0714643,0.03726775,0.02461232,-0.01265543
2015-03-31,nn__HAR_OM__log__rolling,Neural Network | HAR+Macro+Option,Individual models,0.08527221,0.10208303,0.1007801,-0.01681082,-0.0155079,0.01681082,0.0155079,0.0002826,0.00024049,-0.00130293,-4.211e-05,-0.54053524,-0.0715064,0.03720523,0.02545503,-0.01175021
2015-04-30,nn__HAR_OM__log__rolling,Neural Network | HAR+Macro+Option,Individual models,0.08426138,0.12692556,0.09809242,-0.04266418,-0.01383104,0.04266418,0.01383104,0.00182023,0.0001913,-0.02883315,-0.00162893,-0.56936839,-0.07313534,0.03950891,0.02631489,-0.01319402
2015-05-31,nn__HAR_OM__log__rolling,Neural Network | HAR+Macro+Option,Individual models,0.0753713,0.07849172,0.09617712,-0.00312041,-0.02080582,0.00312041,0.02080582,9.74e-06,0.00043288,0.0176854,0.00042314,-0.55168298,-0.07271219,0.03693267,0.02575286,-0.01117982
2015-06-30,nn__HAR_OM__log__rolling,Neural Network | HAR+Macro+Option,Individual models,0.08191996,0.05243976,0.09304976,0.02948019,-0.01112981,0.02948019,0.01112981,0.00086908,0.00012387,-0.01835038,-0.00074521,-0.57003337,-0.0734574,0.03776047,0.02367254,-0.01408793
2015-07-31,nn__HAR_OM__log__rolling,Neural Network | HAR+Macro+Option,Individual models,0.08281331,0.10069856,0.09519662,-0.01788525,-0.01238331,0.01788525,0.01238331,0.00031988,0.00015335,-0.00550194,-0.00016654,-0.57553531,-0.07362394,0.03093372,0.02300835,-0.00792537
2015-08-31,nn__HAR_OM__log__rolling,Neural Network | HAR+Macro+Option,Individual models,0.18124678,0.13175635,0.09560516,0.04949043,0.08564162,0.04949043,0.08564162,0.0024493,0.00733449,0.03615119,0.00488518,-0.53938412,-0.06873876,0.0339019,0.0290734,-0.0048285
2015-09-30,nn__HAR_OM__log__rolling,Neural Network | HAR+Macro+Option,Individual models,0.15257606,0.23739459,0.13513135,-0.08481853,0.01744471,0.08481853,0.01744471,0.00719418,0.00030432,-0.06737382,-0.00688987,-0.60675793,-0.07562862,0.04067915,0.02932492,-0.01135423
2015-10-31,nn__HAR_OM__log__rolling,Neural Network | HAR+Macro+Option,Individual models,0.1095216,0.10567963,0.12697753,0.00384197,-0.01745594,0.00384197,0.01745594,1.476e-05,0.00030471,0.01361397,0.00028995,-0.59314396,-0.07533867,0.03948476,0.02638133,-0.01310342
2015-11-30,nn__HAR_OM__log__rolling,Neural Network | HAR+Macro+Option,Individual models,0.09094525,0.08949966,0.11088782,0.00144558,-0.01994257,0.00144558,0.01994257,2.09e-06,0.00039771,0.01849699,0.00039562,-0.57464698,-0.07494305,0.03210136,0.02367479,-0.00842657
2015-12-31,nn__HAR_OM__log__rolling,Neural Network | HAR+Macro+Option,Individual models,0.12220819,0.06346172,0.10290397,0.05874648,0.01930422,0.05874648,0.01930422,0.00345115,0.00037265,-0.03944226,-0.0030785,-0.61408924,-0.07802155,0.03632806,0.02440522,-0.01192284
2016-01-31,nn__HAR_OM__log__rolling,Neural Network | HAR+Macro+Option,Individual models,0.19111779,0.13477026,0.11368516,0.05634752,0.07743262,0.05634752,0.07743262,0.00317504,0.00599581,0.0210851,0.00282077,-0.59300413,-0.07520078,0.03971564,0.02783182,-0.01188382
2016-02-29,nn__HAR_OM__log__rolling,Neural Network | HAR+Macro+Option,Individual models,0.16301964,0.26811184,0.14513661,-0.1050922,0.01788303,0.1050922,0.01788303,0.01104437,0.0003198,-0.08720917,-0.01072457,-0.6802133,-0.08592535,0.0391453,0.02739688,-0.01174842
2016-03-31,nn__HAR_OM__log__rolling,Neural Network | HAR+Macro+Option,Individual models,0.09480278,0.186332,0.13582316,-0.09152922,-0.04102037,0.09152922,0.04102037,0.0083776,0.00168267,-0.05050884,-0.00669493,-0.73072215,-0.09262028,0.04537183,0.02952292,-0.01584891
2016-04-30,nn__HAR_OM__log__rolling,Neural Network | HAR+Macro+Option,Individual models,0.08229344,0.06087805,0.10862824,0.02141539,-0.02633481,0.02141539,0.02633481,0.00045862,0.00069352,0.00491942,0.0002349,-0.72580273,-0.09238537,0.0436011,0.0305649,-0.01303619
2016-05-31,nn__HAR_OM__log__rolling,Neural Network | HAR+Macro+Option,Individual models,0.08530203,0.12180608,0.10215381,-0.03650405,-0.01685178,0.03650405,0.01685178,0.00133255,0.00028398,-0.01965227,-0.00104856,-0.745455,-0.09343394,0.04638307,0.0302354,-0.01614767
2016-06-30,nn__HAR_OM__log__rolling,Neural Network | HAR+Macro+Option,Individual models,0.09397396,0.10294068,0.10191531,-0.00896673,-0.00794135,0.00896673,0.00794135,8.04e-05,6.307e-05,-0.00102538,-1.734e-05,-0.74648038,-0.09345127,0.04467361,0.02996969,-0.01470392
2016-07-31,nn__HAR_OM__log__rolling,Neural Network | HAR+Macro+Option,Individual models,0.06662709,0.09391606,0.10466726,-0.02728896,-0.03804017,0.02728896,0.03804017,0.00074469,0.00144705,0.01075121,0.00070237,-0.73572917,-0.09274891,0.04545725,0.03210777,-0.01334949
2016-08-31,nn__HAR_OM__log__rolling,Neural Network | HAR+Macro+Option,Individual models,0.05875578,0.06655127,0.09501239,-0.00779548,-0.03625661,0.00779548,0.03625661,6.077e-05,0.00131454,0.02846113,0.00125377,-0.70726804,-0.09149513,0.04198268,0.02799235,-0.01399033
2016-09-30,nn__HAR_OM__log__rolling,Neural Network | HAR+Macro+Option,Individual models,0.08956114,0.07847931,0.09092766,0.01108184,-0.00136651,0.01108184,0.00136651,0.00012281,1.87e-06,-0.00971533,-0.00012094,-0.71698337,-0.09161607,0.03583795,0.0266525,-0.00918545
2016-10-31,nn__HAR_OM__log__rolling,Neural Network | HAR+Macro+Option,Individual models,0.07645832,0.06090029,0.10017519,0.01555802,-0.02371688,0.01555802,0.02371688,0.00024205,0.00056249,0.00815886,0.00032044,-0.70882451,-0.09129564,0.03681429,0.02717424,-0.00964005
2016-11-30,nn__HAR_OM__log__rolling,Neural Network | HAR+Macro+Option,Individual models,0.08613464,0.09282841,0.09596475,-0.00669377,-0.00983012,0.00669377,0.00983012,4.481e-05,9.663e-05,0.00313634,5.182e-05,-0.70568817,-0.09124381,0.03725164,0.02633154,-0.0109201
2016-12-31,nn__HAR_OM__log__rolling,Neural Network | HAR+Macro+Option,Individual models,0.06241094,0.09851216,0.09959472,-0.03610122,-0.03718377,0.03610122,0.03718377,0.0013033,0.00138263,0.00108256,7.934e-05,-0.70460561,-0.09116448,0.03536453,0.0278215,-0.00754303
2017-01-31,nn__HAR_OM__log__rolling,Neural Network | HAR+Macro+Option,Individual models,0.06212703,0.08306462,0.09131225,-0.02093758,-0.02918521,0.02093758,0.02918521,0.00043838,0.00085178,0.00824763,0.00041339,-0.69635799,-0.09075108,0.0324137,0.02380088,-0.00861282
2017-02-28,nn__HAR_OM__log__rolling,Neural Network | HAR+Macro+Option,Individual models,0.05181816,0.05166202,0.08981388,0.00015614,-0.03799572,0.00015614,0.03799572,2e-08,0.00144367,0.03783958,0.00144365,-0.6585184,-0.08930743,0.02366903,0.02547694,0.00180791
2017-03-31,nn__HAR_OM__log__rolling,Neural Network | HAR+Macro+Option,Individual models,0.06543911,0.05836154,0.08508029,0.00707757,-0.01964118,0.00707757,0.01964118,5.009e-05,0.00038578,0.01256361,0.00033568,-0.64595479,-0.08897175,0.0166314,0.02369534,0.00706395
2017-04-30,nn__HAR_OM__log__rolling,Neural Network | HAR+Macro+Option,Individual models,0.06821277,0.05860076,0.08807873,0.00961201,-0.01986596,0.00961201,0.01986596,9.239e-05,0.00039466,0.01025395,0.00030227,-0.63570085,-0.08866948,0.01564778,0.02315627,0.00750849
2017-05-31,nn__HAR_OM__log__rolling,Neural Network | HAR+Macro+Option,Individual models,0.05167712,0.07462026,0.08906903,-0.02294314,-0.03739191,0.02294314,0.03739191,0.00052639,0.00139815,0.01444877,0.00087177,-0.62125208,-0.08779771,0.01451771,0.02486795,0.01035024
2017-06-30,nn__HAR_OM__log__rolling,Neural Network | HAR+Macro+Option,Individual models,0.06000712,0.05783418,0.08363599,0.00217294,-0.02362887,0.00217294,0.02362887,4.72e-06,0.00055832,0.02145593,0.0005536,-0.59979615,-0.08724411,0.01395156,0.02617524,0.01222369
2017-07-31,nn__HAR_OM__log__rolling,Neural Network | HAR+Macro+Option,Individual models,0.04869214,0.04671007,0.08495022,0.00198208,-0.03625807,0.00198208,0.03625807,3.93e-06,0.00131465,0.03427599,0.00131072,-0.56552015,-0.08593339,0.01184265,0.02602673,0.01418408
2017-08-31,nn__HAR_OM__log__rolling,Neural Network | HAR+Macro+Option,Individual models,0.05895137,0.05774218,0.08032493,0.00120919,-0.02137356,0.00120919,0.02137356,1.46e-06,0.00045683,0.02016436,0.00045537,-0.54535579,-0.08547803,0.01129379,0.02478648,0.01349269
2017-09-30,nn__HAR_OM__log__rolling,Neural Network | HAR+Macro+Option,Individual models,0.04531107,0.07458754,0.08183425,-0.02927648,-0.03652319,0.02927648,0.03652319,0.00085711,0.00133394,0.00724671,0.00047683,-0.53810908,-0.0850012,0.01281001,0.0277162,0.01490619
2017-10-31,nn__HAR_OM__log__rolling,Neural Network | HAR+Macro+Option,Individual models,0.03786706,0.06510887,0.07706881,-0.02724181,-0.03920175,0.02724181,0.03920175,0.00074212,0.00153678,0.01195994,0.00079466,-0.52614914,-0.08420653,0.01378366,0.02900661,0.01522295
2017-11-30,nn__HAR_OM__log__rolling,Neural Network | HAR+Macro+Option,Individual models,0.04900293,0.05790583,0.07370597,-0.0089029,-0.02470304,0.0089029,0.02470304,7.926e-05,0.00061024,0.01580013,0.00053098,-0.51034901,-0.08367556,0.01396776,0.03024602,0.01627826
2017-12-31,nn__HAR_OM__log__rolling,Neural Network | HAR+Macro+Option,Individual models,0.06019932,0.08784046,0.07481554,-0.02764115,-0.01461623,0.02764115,0.01461623,0.00076403,0.00021363,-0.01302492,-0.0005504,-0.52337393,-0.08422595,0.01326275,0.02836539,0.01510264
2018-01-31,nn__HAR_OM__log__rolling,Neural Network | HAR+Macro+Option,Individual models,0.06519769,0.088934,0.07762023,-0.02373631,-0.01242254,0.02373631,0.01242254,0.00056341,0.00015432,-0.01131377,-0.00040909,-0.53468769,-0.08463505,0.01349598,0.0269685,0.01347252
2018-02-28,nn__HAR_OM__log__rolling,Neural Network | HAR+Macro+Option,Individual models,0.1387046,0.05913262,0.07819547,0.07957197,0.06050912,0.07957197,0.06050912,0.0063317,0.00366135,-0.01906285,-0.00267035,-0.55375054,-0.08730539,0.02011396,0.02884462,0.00873065
2018-03-31,nn__HAR_OM__log__rolling,Neural Network | HAR+Macro+Option,Individual models,0.13891564,0.11516935,0.10438966,0.02374629,0.03452598,0.02374629,0.03452598,0.00056389,0.00119204,0.01077969,0.00062816,-0.54297086,-0.08667724,0.02150302,0.03008502,0.00858199
2018-04-30,nn__HAR_OM__log__rolling,Neural Network | HAR+Macro+Option,Individual models,0.1407784,0.07715249,0.10640081,0.06362591,0.03437759,0.06362591,0.03437759,0.00404826,0.00118182,-0.02924832,-0.00286644,-0.57221918,-0.08954367,0.02600418,0.03129432,0.00529014
2018-05-31,nn__HAR_OM__log__rolling,Neural Network | HAR+Macro+Option,Individual models,0.09507116,0.11043573,0.10993222,-0.01536457,-0.01486106,0.01536457,0.01486106,0.00023607,0.00022085,-0.00050351,-1.522e-05,-0.57272268,-0.08955889,0.02537263,0.02941675,0.00404412
2018-06-30,nn__HAR_OM__log__rolling,Neural Network | HAR+Macro+Option,Individual models,0.08039533,0.07032799,0.09331526,0.01006734,-0.01291992,0.01006734,0.01291992,0.00010135,0.00016692,0.00285258,6.557e-05,-0.5698701,-0.08949332,0.0260305,0.02852434,0.00249384
2018-07-31,nn__HAR_OM__log__rolling,Neural Network | HAR+Macro+Option,Individual models,0.0690613,0.09683061,0.08786672,-0.02776931,-0.01880541,0.02776931,0.01880541,0.00077113,0.00035364,-0.00896389,-0.00041749,-0.578834,-0.08991081,0.02817944,0.02706995,-0.00110949
2018-08-31,nn__HAR_OM__log__rolling,Neural Network | HAR+Macro+Option,Individual models,0.05968197,0.06555907,0.08387116,-0.0058771,-0.02418919,0.0058771,0.02418919,3.454e-05,0.00058512,0.01831209,0.00055058,-0.56052191,-0.08936023,0.02856843,0.02730459,-0.00126384
2018-09-30,nn__HAR_OM__log__rolling,Neural Network | HAR+Macro+Option,Individual models,0.0654128,0.08350128,0.08064715,-0.01808848,-0.01523435,0.01808848,0.01523435,0.00032719,0.00023209,-0.00285412,-9.511e-05,-0.56337603,-0.08945534,0.02763609,0.02553052,-0.00210558
2018-10-31,nn__HAR_OM__log__rolling,Neural Network | HAR+Macro+Option,Individual models,0.17260155,0.072821,0.08166035,0.09978055,0.0909412,0.09978055,0.0909412,0.00995616,0.0082703,-0.00883935,-0.00168586,-0.57221538,-0.0911412,0.03368099,0.02984214,-0.00383885
2018-11-30,nn__HAR_OM__log__rolling,Neural Network | HAR+Macro+Option,Individual models,0.14550899,0.11053126,0.1199506,0.03497773,0.02555839,0.03497773,0.02555839,0.00122344,0.00065323,-0.00941934,-0.00057021,-0.58163472,-0.09171141,0.03585389,0.02991342,-0.00594048
2018-12-31,nn__HAR_OM__log__rolling,Neural Network | HAR+Macro+Option,Individual models,0.23558433,0.12038884,0.11588897,0.11519548,0.11969536,0.11519548,0.11969536,0.01327,0.01432698,0.00449987,0.00105698,-0.57713485,-0.09065443,0.04315009,0.03867001,-0.00448008
2019-01-31,nn__HAR_OM__log__rolling,Neural Network | HAR+Macro+Option,Individual models,0.13805562,0.16668956,0.18961141,-0.02863394,-0.05155579,0.02863394,0.05155579,0.0008199,0.002658,0.02292185,0.0018381,-0.55421299,-0.08881633,0.04355822,0.04193111,-0.00162711
2019-02-28,nn__HAR_OM__log__rolling,Neural Network | HAR+Macro+Option,Individual models,0.08205478,0.07246987,0.11797261,0.00958491,-0.03591783,0.00958491,0.03591783,9.187e-05,0.00129009,0.02633292,0.00119822,-0.52788007,-0.08761811,0.03772597,0.03988184,0.00215587
2019-03-31,nn__HAR_OM__log__rolling,Neural Network | HAR+Macro+Option,Individual models,0.09470707,0.15151658,0.0875381,-0.05680951,0.00716898,0.05680951,0.00716898,0.00322732,5.139e-05,-0.04964053,-0.00317593,-0.5775206,-0.09079404,0.04048124,0.03760209,-0.00287915
2019-04-30,nn__HAR_OM__log__rolling,Neural Network | HAR+Macro+Option,Individual models,0.05727866,0.08367639,0.09525854,-0.02639773,-0.03797988,0.02639773,0.03797988,0.00069684,0.00144247,0.01158216,0.00074563,-0.56593845,-0.09004841,0.03737889,0.03790228,0.00052339
2019-05-31,nn__HAR_OM__log__rolling,Neural Network | HAR+Macro+Option,Individual models,0.11646584,0.0763405,0.07847861,0.04012534,0.03798723,0.04012534,0.03798723,0.00161004,0.00144303,-0.00213811,-0.00016701,-0.56807655,-0.09021542,0.03944228,0.03982946,0.00038718
2019-06-30,nn__HAR_OM__log__rolling,Neural Network | HAR+Macro+Option,Individual models,0.08633239,0.0942858,0.10607152,-0.00795341,-0.01973913,0.00795341,0.01973913,6.326e-05,0.00038963,0.01178572,0.00032638,-0.55629083,-0.08988904,0.03926612,0.04039773,0.00113161
2019-07-31,nn__HAR_OM__log__rolling,Neural Network | HAR+Macro+Option,Individual models,0.06669148,0.07940063,0.09128019,-0.01270914,-0.02458871,0.01270914,0.02458871,0.00016152,0.0006046,0.01187957,0.00044308,-0.54441127,-0.08944596,0.03801111,0.04087967,0.00286856
2019-08-31,nn__HAR_OM__log__rolling,Neural Network | HAR+Macro+Option,Individual models,0.13916472,0.08033989,0.08281996,0.05882484,0.05634477,0.05882484,0.05634477,0.00346036,0.00317473,-0.00248007,-0.00028563,-0.54689134,-0.08973159,0.04242342,0.0435593,0.00113588
2019-09-30,nn__HAR_OM__log__rolling,Neural Network | HAR+Macro+Option,Individual models,0.08899928,0.17550664,0.11891754,-0.08650736,-0.02991826,0.08650736,0.02991826,0.00748352,0.0008951,-0.0565891,-0.00658842,-0.60348044,-0.09632001,0.04812499,0.04478296,-0.00334203
2019-10-31,nn__HAR_OM__log__rolling,Neural Network | HAR+Macro+Option,Individual models,0.09164451,0.10844387,0.09436573,-0.01679936,-0.00272122,0.01679936,0.00272122,0.00028222,7.41e-06,-0.01407814,-0.00027481,-0.61755858,-0.09659482,0.0412099,0.0374313,-0.0037786
2019-11-30,nn__HAR_OM__log__rolling,Neural Network | HAR+Macro+Option,Individual models,0.05524849,0.07357842,0.09472056,-0.01832993,-0.03947207,0.01832993,0.03947207,0.00033599,0.00155804,0.02114214,0.00122206,-0.59641644,-0.09537277,0.03982258,0.03859077,-0.00123181
2019-12-31,nn__HAR_OM__log__rolling,Neural Network | HAR+Macro+Option,Individual models,0.06209932,0.07274563,0.07849395,-0.01064631,-0.01639463,0.01064631,0.01639463,0.00011334,0.00026878,0.00574832,0.00015544,-0.59066812,-0.09521733,0.03111015,0.02998237,-0.00112777
2020-01-31,nn__HAR_OM__log__rolling,Neural Network | HAR+Macro+Option,Individual models,0.07975763,0.06104471,0.07879248,0.01871292,0.00096515,0.01871292,0.00096515,0.00035017,9.3e-07,-0.01774777,-0.00034924,-0.60841589,-0.09556657,0.0302834,0.02576649,-0.00451691
2020-02-29,nn__HAR_OM__log__rolling,Neural Network | HAR+Macro+Option,Individual models,0.18564385,0.06261806,0.08500203,0.12302579,0.10064182,0.12302579,0.10064182,0.01513534,0.01012878,-0.02238397,-0.00500657,-0.63079987,-0.10057314,0.0397368,0.03116015,-0.00857665
2020-03-31,nn__HAR_OM__log__rolling,Neural Network | HAR+Macro+Option,Individual models,0.58295547,0.30482666,0.14520964,0.27812881,0.43774583,0.27812881,0.43774583,0.07735564,0.19162141,0.15961702,0.11426578,-0.47118284,0.01369264,0.05818008,0.06704156,0.00886148
2020-04-30,nn__HAR_OM__log__rolling,Neural Network | HAR+Macro+Option,Individual models,0.24991991,0.14710494,1.54497553,0.10281497,-1.29505562,0.10281497,1.29505562,0.01057092,1.67716907,1.19224065,1.66659815,0.72105781,1.68029079,0.06454818,0.17179787,0.10724969
2020-05-31,nn__HAR_OM__log__rolling,Neural Network | HAR+Macro+Option,Individual models,0.16410989,0.08334228,0.187209,0.08076762,-0.0230991,0.08076762,0.0230991,0.00652341,0.00053357,-0.05766852,-0.00598984,0.66338929,1.67430095,0.06793504,0.17055719,0.10262215
2020-06-30,nn__HAR_OM__log__rolling,Neural Network | HAR+Macro+Option,Individual models,0.18276328,0.12167019,0.13434073,0.06109309,0.04842255,0.06109309,0.04842255,0.00373237,0.00234474,-0.01267054,-0.00138762,0.65071875,1.67291333,0.07236335,0.17294748,0.10058413
2020-07-31,nn__HAR_OM__log__rolling,Neural Network | HAR+Macro+Option,Individual models,0.13369031,0.30048697,0.14973507,-0.16679666,-0.01604476,0.16679666,0.01604476,0.02782112,0.00025743,-0.15075189,-0.02756369,0.49996686,1.64534964,0.08520397,0.17223548,0.08703151
2020-08-31,nn__HAR_OM__log__rolling,Neural Network | HAR+Macro+Option,Individual models,0.08711462,0.08790981,0.12370315,-0.00079519,-0.03658853,0.00079519,0.03658853,6.3e-07,0.00133872,0.03579334,0.00133809,0.5357602,1.64668773,0.08036817,0.17058913,0.09022096
2020-09-30,nn__HAR_OM__log__rolling,Neural Network | HAR+Macro+Option,Individual models,0.18583484,0.16752478,0.10151568,0.01831006,0.08431916,0.01831006,0.08431916,0.00033526,0.00710972,0.0660091,0.00677446,0.6017693,1.65346219,0.07468506,0.17512254,0.10043748
2020-10-31,nn__HAR_OM__log__rolling,Neural Network | HAR+Macro+Option,Individual models,0.14700764,0.35162307,0.14927946,-0.20461543,-0.00227183,0.20461543,0.00227183,0.04186748,5.16e-06,-0.20234361,-0.04186231,0.39942569,1.61159987,0.0903364,0.17508509,0.08474869
2020-11-30,nn__HAR_OM__log__rolling,Neural Network | HAR+Macro+Option,Individual models,0.13540578,0.20718598,0.13272256,-0.0717802,0.00268322,0.0717802,0.00268322,0.0051524,7.2e-06,-0.06909698,-0.0051452,0.33032871,1.60645468,0.09479059,0.17201935,0.07722876
2020-12-31,nn__HAR_OM__log__rolling,Neural Network | HAR+Macro+Option,Individual models,0.08727809,0.06830045,0.13042698,0.01897764,-0.04314889,0.01897764,0.04314889,0.00036015,0.00186183,0.02417125,0.00150168,0.35449996,1.60795635,0.09548487,0.17424887,0.07876401
2021-01-31,nn__HAR_OM__log__rolling,Neural Network | HAR+Macro+Option,Individual models,0.12643455,0.19381318,0.10846867,-0.06737863,0.01796589,0.06737863,0.01796589,0.00453988,0.00032277,-0.04941274,-0.00421711,0.30508722,1.60373924,0.09954034,0.1756656,0.07612526
2021-02-28,nn__HAR_OM__log__rolling,Neural Network | HAR+Macro+Option,Individual models,0.12196964,0.3470448,0.12688707,-0.22507516,-0.00491743,0.22507516,0.00491743,0.05065883,2.418e-05,-0.22015773,-0.05063465,0.08492949,1.5531046,0.10804445,0.16768857,0.05964411
2021-03-31,nn__HAR_OM__log__rolling,Neural Network | HAR+Macro+Option,Individual models,0.14192329,0.06159938,0.12423121,0.08032391,0.01769207,0.08032391,0.01769207,0.00645193,0.00031301,-0.06263183,-0.00613892,0.02229766,1.54696568,0.09156071,0.13268409,0.04112338
2021-04-30,nn__HAR_OM__log__rolling,Neural Network | HAR+Macro+Option,Individual models,0.07227313,0.10681774,0.12520714,-0.03454462,-0.05293401,0.03454462,0.05293401,0.00119333,0.00280201,0.01838939,0.00160868,0.04068705,1.54857436,0.08587152,0.02917395,-0.05669756
2021-05-31,nn__HAR_OM__log__rolling,Neural Network | HAR+Macro+Option,Individual models,0.09818055,0.09425437,0.09539606,0.00392618,0.00278449,0.00392618,0.00278449,1.541e-05,7.75e-06,-0.00114169,-7.66e-06,0.03954536,1.54856669,0.07946806,0.02748107,-0.05198699
2021-06-30,nn__HAR_OM__log__rolling,Neural Network | HAR+Macro+Option,Individual models,0.06526994,0.09537999,0.10263326,-0.03011005,-0.03736333,0.03011005,0.03736333,0.00090662,0.00139602,0.00725328,0.0004894,0.04679864,1.5490561,0.07688614,0.02655947,-0.05032668
2021-07-31,nn__HAR_OM__log__rolling,Neural Network | HAR+Macro+Option,Individual models,0.07520977,0.12321063,0.08885329,-0.04800086,-0.01364352,0.04800086,0.01364352,0.00230408,0.00018615,-0.03435734,-0.00211794,0.0124413,1.54693816,0.06698649,0.02635936,-0.04062713
2021-08-31,nn__HAR_OM__log__rolling,Neural Network | HAR+Macro+Option,Individual models,0.06362476,0.08592532,0.09090206,-0.02230055,-0.02727729,0.02230055,0.02727729,0.00049731,0.00074405,0.00497674,0.00024674,0.01741804,1.5471849,0.06877861,0.02558343,-0.04319518
2021-09-30,nn__HAR_OM__log__rolling,Neural Network | HAR+Macro+Option,Individual models,0.10189251,0.09280203,0.08521496,0.00909048,0.01667755,0.00909048,0.01667755,8.264e-05,0.00027814,0.00758707,0.0001955,0.02500511,1.5473804,0.06801031,0.01994663,-0.04806368
2021-10-31,nn__HAR_OM__log__rolling,Neural Network | HAR+Macro+Option,Individual models,0.09768553,0.17296566,0.09621429,-0.07528013,0.00147123,0.07528013,0.00147123,0.0056671,2.16e-06,-0.0738089,-0.00566493,-0.04880379,1.54171547,0.05723237,0.01987991,-0.03735246
2021-11-30,nn__HAR_OM__log__rolling,Neural Network | HAR+Macro+Option,Individual models,0.08990034,0.06891431,0.09457941,0.02098603,-0.00467908,0.02098603,0.00467908,0.00044041,2.189e-05,-0.01630696,-0.00041852,-0.06511074,1.54129695,0.05299952,0.02004623,-0.03295329
2021-12-31,nn__HAR_OM__log__rolling,Neural Network | HAR+Macro+Option,Individual models,0.12715669,0.17471097,0.09180554,-0.04755428,0.03535115,0.04755428,0.03535115,0.00226141,0.0012497,-0.01220313,-0.00101171,-0.07731387,1.54028524,0.05538091,0.01939642,-0.03598449
2022-01-31,nn__HAR_OM__log__rolling,Neural Network | HAR+Macro+Option,Individual models,0.2054063,0.1640929,0.10455535,0.0413134,0.10085095,0.0413134,0.10085095,0.0017068,0.01017091,0.05953755,0.00846412,-0.01777632,1.54874936,0.0532088,0.02630351,-0.0269053
2022-02-28,nn__HAR_OM__log__rolling,Neural Network | HAR+Macro+Option,Individual models,0.18906515,0.16600607,0.13873051,0.02305908,0.05033464,0.02305908,0.05033464,0.00053172,0.00253358,0.02727556,0.00200185,0.00949924,1.55075121,0.03637413,0.03008828,-0.00628585
2022-03-31,nn__HAR_OM__log__rolling,Neural Network | HAR+Macro+Option,Individual models,0.1731367,0.11595146,0.13572155,0.05718523,0.03741514,0.05718523,0.03741514,0.00327015,0.00139989,-0.01977009,-0.00187026,-0.01027085,1.54888095,0.03444591,0.03173187,-0.00271404
2022-04-30,nn__HAR_OM__log__rolling,Neural Network | HAR+Macro+Option,Individual models,0.15851479,0.22236537,0.13127507,-0.06385058,0.02723972,0.06385058,0.02723972,0.0040769,0.000742,-0.03661086,-0.00333489,-0.04688172,1.54554606,0.03688807,0.02959067,-0.0072974
2022-05-31,nn__HAR_OM__log__rolling,Neural Network | HAR+Macro+Option,Individual models,0.2578389,0.2629861,0.12724383,-0.00514719,0.13059508,0.00514719,0.13059508,2.649e-05,0.01705507,0.12544788,0.01702858,0.07856617,1.56257464,0.03698982,0.04024156,0.00325173
2022-06-30,nn__HAR_OM__log__rolling,Neural Network | HAR+Macro+Option,Individual models,0.20628661,0.16209962,0.18639549,0.04418699,0.01989112,0.04418699,0.01989112,0.00195249,0.00039566,-0.02429587,-0.00155683,0.0542703,1.56101781,0.0381629,0.03878554,0.00062264
2022-07-31,nn__HAR_OM__log__rolling,Neural Network | HAR+Macro+Option,Individual models,0.16389054,0.17201535,0.16323174,-0.00812481,0.0006588,0.00812481,0.0006588,6.601e-05,4.3e-07,-0.00746601,-6.558e-05,0.04680429,1.56095223,0.0348399,0.03770348,0.00286358
2022-08-31,nn__HAR_OM__log__rolling,Neural Network | HAR+Macro+Option,Individual models,0.13005032,0.07845118,0.14456027,0.05159914,-0.01450995,0.05159914,0.01450995,0.00266247,0.00021054,-0.03708919,-0.00245193,0.0097151,1.5585003,0.03728145,0.03663953,-0.00064191
2022-09-30,nn__HAR_OM__log__rolling,Neural Network | HAR+Macro+Option,Individual models,0.19626273,0.16678286,0.12637585,0.02947987,0.06988687,0.02947987,0.06988687,0.00086906,0.00488417,0.040407,0.00401511,0.0501221,1.56251541,0.03898056,0.04107364,0.00209308
2022-10-31,nn__HAR_OM__log__rolling,Neural Network | HAR+Macro+Option,Individual models,0.19975826,0.23166361,0.1614805,-0.03190535,0.03827776,0.03190535,0.03827776,0.00101795,0.00146519,0.00637242,0.00044724,0.05649452,1.56296265,0.035366,0.04414085,0.00877486
2022-11-30,nn__HAR_OM__log__rolling,Neural Network | HAR+Macro+Option,Individual models,0.16948675,0.16327729,0.170144,0.00620946,-0.00065725,0.00620946,0.00065725,3.856e-05,4.3e-07,-0.0055522,-3.813e-05,0.05094232,1.56292452,0.03413461,0.0438057,0.00967109
2022-12-31,nn__HAR_OM__log__rolling,Neural Network | HAR+Macro+Option,Individual models,0.15877952,0.20773557,0.15843758,-0.04895605,0.00034194,0.04895605,0.00034194,0.00239669,1.2e-07,-0.04861411,-0.00239658,0.00232821,1.56052794,0.03425143,0.04088827,0.00663684
2023-01-31,nn__HAR_OM__log__rolling,Neural Network | HAR+Macro+Option,Individual models,0.14255764,0.09665441,0.15281384,0.04590323,-0.01025621,0.04590323,0.01025621,0.00210711,0.00010519,-0.03564702,-0.00200192,-0.03331881,1.55852603,0.03463391,0.03333871,-0.00129521
2023-02-28,nn__HAR_OM__log__rolling,Neural Network | HAR+Macro+Option,Individual models,0.14798801,0.07088756,0.14108966,0.07710045,0.00689835,0.07710045,0.00689835,0.00594448,4.759e-05,-0.0702021,-0.00589689,-0.10352091,1.55262913,0.03913736,0.02971902,-0.00941835
2023-03-31,nn__HAR_OM__log__rolling,Neural Network | HAR+Macro+Option,Individual models,0.16589266,0.13637524,0.14245861,0.02951742,0.02343405,0.02951742,0.02343405,0.00087128,0.00054915,-0.00608337,-0.00032212,-0.10960428,1.55230701,0.03683171,0.02855393,-0.00827779
2023-04-30,nn__HAR_OM__log__rolling,Neural Network | HAR+Macro+Option,Individual models,0.08994252,0.104704,0.15253063,-0.01476147,-0.06258811,0.01476147,0.06258811,0.0002179,0.00391727,0.04782663,0.00369937,-0.06177765,1.55600638,0.03274095,0.03149962,-0.00124133
2023-05-31,nn__HAR_OM__log__rolling,Neural Network | HAR+Macro+Option,Individual models,0.10574234,0.07060316,0.11438662,0.03513919,-0.00864427,0.03513919,0.00864427,0.00123476,7.472e-05,-0.02649491,-0.00116004,-0.08827256,1.55484634,0.03524028,0.02133706,-0.01390323
2023-06-30,nn__HAR_OM__log__rolling,Neural Network | HAR+Macro+Option,Individual models,0.09100868,0.06335288,0.11566273,0.02765579,-0.02465406,0.02765579,0.02465406,0.00076484,0.00060782,-0.00300174,-0.00015702,-0.0912743,1.55468932,0.03386269,0.02173397,-0.01212872
2023-07-31,nn__HAR_OM__log__rolling,Neural Network | HAR+Macro+Option,Individual models,0.07268551,0.05210322,0.10498751,0.02058229,-0.032302,0.02058229,0.032302,0.00042363,0.00104342,0.01171971,0.00061979,-0.07955459,1.55530911,0.03490081,0.0243709,-0.01052991
2023-08-31,nn__HAR_OM__log__rolling,Neural Network | HAR+Macro+Option,Individual models,0.09745315,0.10451711,0.09628427,-0.00706397,0.00116888,0.00706397,0.00116888,4.99e-05,1.37e-06,-0.00589509,-4.853e-05,-0.08544968,1.55526058,0.03118954,0.02325915,-0.0079304
2023-09-30,nn__HAR_OM__log__rolling,Neural Network | HAR+Macro+Option,Individual models,0.09176085,0.08639238,0.10361721,0.00536847,-0.01185637,0.00536847,0.01185637,2.882e-05,0.00014057,0.0064879,0.00011175,-0.07896178,1.55537233,0.02918026,0.01842327,-0.01075699
2023-10-31,nn__HAR_OM__log__rolling,Neural Network | HAR+Macro+Option,Individual models,0.12613768,0.08601338,0.10019084,0.0401243,0.02594684,0.0401243,0.02594684,0.00160996,0.00067324,-0.01417746,-0.00093672,-0.09313924,1.55443561,0.02986517,0.01739569,-0.01246948
2023-11-30,nn__HAR_OM__log__rolling,Neural Network | HAR+Macro+Option,Individual models,0.08061106,0.13640301,0.11318387,-0.05579195,-0.03257281,0.05579195,0.03257281,0.00311274,0.00106099,-0.02321914,-0.00205175,-0.11635837,1.55238385,0.03399705,0.02005532,-0.01394172
2023-12-31,nn__HAR_OM__log__rolling,Neural Network | HAR+Macro+Option,Individual models,0.07463208,0.04031141,0.09612049,0.03432067,-0.0214884,0.03432067,0.0214884,0.00117791,0.00046175,-0.01283227,-0.00071616,-0.12919064,1.5516677,0.03277743,0.02181753,-0.0109599
2024-01-31,nn__HAR_OM__log__rolling,Neural Network | HAR+Macro+Option,Individual models,0.0851791,0.09481453,0.09260378,-0.00963543,-0.00742468,0.00963543,0.00742468,9.284e-05,5.513e-05,-0.00221075,-3.772e-05,-0.13140139,1.55162998,0.02975512,0.02158157,-0.00817355
2011-03-31,combo_equal_weight_har_across_ml_har_augmented_log_rolling,Equal Weight | HAR,Info-set equal weights,0.1239968,0.10676326,0.11607562,0.01723353,0.00792117,0.01723353,0.00792117,0.00029699,6.274e-05,-0.00931236,-0.00023425,-0.00931236,-0.00023425,,,
2011-04-30,combo_equal_weight_har_across_ml_har_augmented_log_rolling,Equal Weight | HAR,Info-set equal weights,0.08197577,0.11743191,0.12651617,-0.03545614,-0.0445404,0.03545614,0.0445404,0.00125714,0.00198385,0.00908426,0.00072671,-0.0002281,0.00049246,,,
2011-05-31,combo_equal_weight_har_across_ml_har_augmented_log_rolling,Equal Weight | HAR,Info-set equal weights,0.10443997,0.1050156,0.11306831,-0.00057563,-0.00862834,0.00057563,0.00862834,3.3e-07,7.445e-05,0.00805271,7.412e-05,0.00782461,0.00056658,,,
2011-06-30,combo_equal_weight_har_across_ml_har_augmented_log_rolling,Equal Weight | HAR,Info-set equal weights,0.11731825,0.11118117,0.11566157,0.00613708,0.00165669,0.00613708,0.00165669,3.766e-05,2.74e-06,-0.0044804,-3.492e-05,0.00334421,0.00053166,,,
2011-07-31,combo_equal_weight_har_across_ml_har_augmented_log_rolling,Equal Weight | HAR,Info-set equal weights,0.11132267,0.1111964,0.11708849,0.00012627,-0.00576582,0.00012627,0.00576582,2e-08,3.324e-05,0.00563956,3.323e-05,0.00898377,0.00056489,,,
2011-08-31,combo_equal_weight_har_across_ml_har_augmented_log_rolling,Equal Weight | HAR,Info-set equal weights,0.30047559,0.11081848,0.11397057,0.1896571,0.18650502,0.1896571,0.18650502,0.03596982,0.03478412,-0.00315208,-0.00118569,0.00583169,-0.00062081,,,
2011-09-30,combo_equal_weight_har_across_ml_har_augmented_log_rolling,Equal Weight | HAR,Info-set equal weights,0.23741865,0.1962617,0.18733709,0.04115696,0.05008156,0.04115696,0.05008156,0.00169389,0.00250816,0.00892461,0.00081427,0.0147563,0.00019346,,,
2011-10-31,combo_equal_weight_har_across_ml_har_augmented_log_rolling,Equal Weight | HAR,Info-set equal weights,0.21104059,0.17741382,0.15661848,0.03362678,0.05442212,0.03362678,0.05442212,0.00113076,0.00296177,0.02079534,0.00183101,0.03555164,0.00202447,,,
2011-11-30,combo_equal_weight_har_across_ml_har_augmented_log_rolling,Equal Weight | HAR,Info-set equal weights,0.18299764,0.16495704,0.14490642,0.01804061,0.03809122,0.01804061,0.03809122,0.00032546,0.00145094,0.02005062,0.00112548,0.05560225,0.00314994,,,
2011-12-31,combo_equal_weight_har_across_ml_har_augmented_log_rolling,Equal Weight | HAR,Info-set equal weights,0.12641057,0.16256044,0.1422497,-0.03614987,-0.01583913,0.03614987,0.01583913,0.00130681,0.00025088,-0.02031074,-0.00105593,0.03529151,0.00209401,,,
2012-01-31,combo_equal_weight_har_across_ml_har_augmented_log_rolling,Equal Weight | HAR,Info-set equal weights,0.09173477,0.13925064,0.12693949,-0.04751586,-0.03520472,0.04751586,0.03520472,0.00225776,0.00123937,-0.01231115,-0.00101839,0.02298037,0.00107562,,,
2012-02-29,combo_equal_weight_har_across_ml_har_augmented_log_rolling,Equal Weight | HAR,Info-set equal weights,0.08055043,0.1143557,0.1137494,-0.03380527,-0.03319897,0.03380527,0.03319897,0.0011428,0.00110217,-0.0006063,-4.062e-05,0.02237407,0.001035,0.03829009,0.0401546,0.00186451
2012-03-31,combo_equal_weight_har_across_ml_har_augmented_log_rolling,Equal Weight | HAR,Info-set equal weights,0.07616645,0.10177471,0.10772076,-0.02560825,-0.03155431,0.02560825,0.03155431,0.00065578,0.00099567,0.00594606,0.00033989,0.02832013,0.00137489,0.03898798,0.04212402,0.00313604
2012-04-30,combo_equal_weight_har_across_ml_har_augmented_log_rolling,Equal Weight | HAR,Info-set equal weights,0.09057891,0.09841397,0.10505353,-0.00783506,-0.01447463,0.00783506,0.01447463,6.139e-05,0.00020951,0.00663957,0.00014813,0.03495969,0.00152302,0.03668623,0.03961854,0.00293232
2012-05-31,combo_equal_weight_har_across_ml_har_augmented_log_rolling,Equal Weight | HAR,Info-set equal weights,0.12253117,0.10341444,0.10943598,0.01911673,0.0130952,0.01911673,0.0130952,0.00036545,0.00017148,-0.00602153,-0.00019397,0.02893816,0.00132905,0.03823132,0.03999078,0.00175946
2012-06-30,combo_equal_weight_har_across_ml_har_augmented_log_rolling,Equal Weight | HAR,Info-set equal weights,0.11937706,0.10886454,0.12178747,0.01051252,-0.00241041,0.01051252,0.00241041,0.00011051,5.81e-06,-0.00810211,-0.0001047,0.02083605,0.00122435,0.03859594,0.04005359,0.00145765
2012-07-31,combo_equal_weight_har_across_ml_har_augmented_log_rolling,Equal Weight | HAR,Info-set equal weights,0.1008825,0.1186843,0.12079751,-0.0178018,-0.01991501,0.0178018,0.01991501,0.0003169,0.00039661,0.00211321,7.97e-05,0.02294926,0.00130405,0.0400689,0.04123269,0.00116379
2012-08-31,combo_equal_weight_har_across_ml_har_augmented_log_rolling,Equal Weight | HAR,Info-set equal weights,0.08005638,0.11702642,0.11337364,-0.03697004,-0.03331726,0.03697004,0.03331726,0.00136678,0.00111004,-0.00365278,-0.00025674,0.01929649,0.00104731,0.02734498,0.02846704,0.00112207
2012-09-30,combo_equal_weight_har_across_ml_har_augmented_log_rolling,Equal Weight | HAR,Info-set equal weights,0.07940683,0.09868239,0.1036908,-0.01927556,-0.02428397,0.01927556,0.02428397,0.00037155,0.00058971,0.0050084,0.00021816,0.02430489,0.00126547,0.02552153,0.02631724,0.00079572
2012-10-31,combo_equal_weight_har_across_ml_har_augmented_log_rolling,Equal Weight | HAR,Info-set equal weights,0.09399635,0.0966979,0.09961429,-0.00270155,-0.00561794,0.00270155,0.00561794,7.3e-06,3.156e-05,0.00291639,2.426e-05,0.02722128,0.00128974,0.02294443,0.02225023,-0.0006942
2012-11-30,combo_equal_weight_har_across_ml_har_augmented_log_rolling,Equal Weight | HAR,Info-set equal weights,0.11058386,0.10273083,0.10326854,0.00785304,0.00731532,0.00785304,0.00731532,6.167e-05,5.351e-05,-0.00053771,-8.16e-06,0.02668356,0.00128158,0.02209546,0.01968557,-0.00240989
2012-12-31,combo_equal_weight_har_across_ml_har_augmented_log_rolling,Equal Weight | HAR,Info-set equal weights,0.0992343,0.10702519,0.10880533,-0.00779089,-0.00957103,0.00779089,0.00957103,6.07e-05,9.16e-05,0.00178015,3.091e-05,0.02846371,0.00131249,0.01973221,0.01916323,-0.00056898
2013-01-31,combo_equal_weight_har_across_ml_har_augmented_log_rolling,Equal Weight | HAR,Info-set equal weights,0.06679532,0.10288455,0.105212,-0.03608923,-0.03841668,0.03608923,0.03841668,0.00130243,0.00147584,0.00232745,0.00017341,0.03079116,0.0014859,0.01877999,0.01943089,0.0006509
2013-02-28,combo_equal_weight_har_across_ml_har_augmented_log_rolling,Equal Weight | HAR,Info-set equal weights,0.07807531,0.09099985,0.09381858,-0.01292454,-0.01574327,0.01292454,0.01574327,0.00016704,0.00024785,0.00281873,8.081e-05,0.03360989,0.0015667,0.01703993,0.01797625,0.00093632
2013-03-31,combo_equal_weight_har_across_ml_har_augmented_log_rolling,Equal Weight | HAR,Info-set equal weights,0.07750691,0.09245956,0.09632791,-0.01495265,-0.018821,0.01495265,0.018821,0.00022358,0.00035423,0.00386835,0.00013065,0.03747824,0.00169735,0.01615197,0.01691514,0.00076318
2013-04-30,combo_equal_weight_har_across_ml_har_augmented_log_rolling,Equal Weight | HAR,Info-set equal weights,0.09235894,0.09070017,0.09548052,0.00165877,-0.00312158,0.00165877,0.00312158,2.75e-06,9.74e-06,0.00146281,6.99e-06,0.03894105,0.00170434,0.01563728,0.01596906,0.00033178
2013-05-31,combo_equal_weight_har_across_ml_har_augmented_log_rolling,Equal Weight | HAR,Info-set equal weights,0.08770623,0.10009116,0.10060121,-0.01238494,-0.01289498,0.01238494,0.01289498,0.00015339,0.00016628,0.00051004,1.289e-05,0.03945109,0.00171724,0.01507629,0.01595237,0.00087608
2013-06-30,combo_equal_weight_har_across_ml_har_augmented_log_rolling,Equal Weight | HAR,Info-set equal weights,0.12836694,0.09622566,0.09896535,0.03214128,0.02940158,0.03214128,0.02940158,0.00103306,0.00086445,-0.0027397,-0.00016861,0.0367114,0.00154863,0.01687869,0.01820164,0.00132295
2013-07-31,combo_equal_weight_har_across_ml_har_augmented_log_rolling,Equal Weight | HAR,Info-set equal weights,0.07678995,0.11656559,0.11422798,-0.03977564,-0.03743803,0.03977564,0.03743803,0.0015821,0.00140161,-0.00233762,-0.0001805,0.03437378,0.00136813,0.01870984,0.01966189,0.00095204
2013-08-31,combo_equal_weight_har_across_ml_har_augmented_log_rolling,Equal Weight | HAR,Info-set equal weights,0.07837318,0.09181855,0.09643315,-0.01344537,-0.01805997,0.01344537,0.01805997,0.00018078,0.00032616,0.0046146,0.00014538,0.03898838,0.00151352,0.01674946,0.01839045,0.00164099
2013-09-30,combo_equal_weight_har_across_ml_har_augmented_log_rolling,Equal Weight | HAR,Info-set equal weights,0.07842193,0.09017083,0.09639643,-0.0117489,-0.01797449,0.0117489,0.01797449,0.00013804,0.00032308,0.00622559,0.00018505,0.04521397,0.00169856,0.01612223,0.01786466,0.00174242
2013-10-31,combo_equal_weight_har_across_ml_har_augmented_log_rolling,Equal Weight | HAR,Info-set equal weights,0.08610878,0.09112731,0.09514152,-0.00501853,-0.00903273,0.00501853,0.00903273,2.519e-05,8.159e-05,0.00401421,5.64e-05,0.04922818,0.00175497,0.01631531,0.01814922,0.00183391
2013-11-30,combo_equal_weight_har_across_ml_har_augmented_log_rolling,Equal Weight | HAR,Info-set equal weights,0.06981601,0.09601145,0.09755242,-0.02619544,-0.02773641,0.02619544,0.02773641,0.0006862,0.00076931,0.00154097,8.311e-05,0.05076915,0.00183807,0.01784385,0.01985098,0.00200713
2013-12-31,combo_equal_weight_har_across_ml_har_augmented_log_rolling,Equal Weight | HAR,Info-set equal weights,0.07121165,0.09273457,0.09196516,-0.02152292,-0.02075351,0.02152292,0.02075351,0.00046324,0.00043071,-0.0007694,-3.253e-05,0.04999975,0.00180555,0.01898818,0.02078285,0.00179467
2014-01-31,combo_equal_weight_har_across_ml_har_augmented_log_rolling,Equal Weight | HAR,Info-set equal weights,0.0885142,0.0900607,0.09186938,-0.0015465,-0.00335518,0.0015465,0.00335518,2.39e-06,1.126e-05,0.00180868,8.87e-06,0.05180843,0.00181441,0.01610962,0.01786106,0.00175144
2014-02-28,combo_equal_weight_har_across_ml_har_augmented_log_rolling,Equal Weight | HAR,Info-set equal weights,0.09024819,0.09826862,0.09720438,-0.00802042,-0.00695618,0.00802042,0.00695618,6.433e-05,4.839e-05,-0.00106424,-1.594e-05,0.05074419,0.00179847,0.01570095,0.0171288,0.00142786
2014-03-31,combo_equal_weight_har_across_ml_har_augmented_log_rolling,Equal Weight | HAR,Info-set equal weights,0.09283748,0.10102835,0.09823287,-0.00819087,-0.0053954,0.00819087,0.0053954,6.709e-05,2.911e-05,-0.00279547,-3.798e-05,0.04794871,0.00176049,0.01513746,0.01601,0.00087254
2014-04-30,combo_equal_weight_har_across_ml_har_augmented_log_rolling,Equal Weight | HAR,Info-set equal weights,0.0959287,0.09997555,0.09944134,-0.00404685,-0.00351264,0.00404685,0.00351264,1.638e-05,1.234e-05,-0.0005342,-4.04e-06,0.04741451,0.00175646,0.01533647,0.01604259,0.00070612
2014-05-31,combo_equal_weight_har_across_ml_har_augmented_log_rolling,Equal Weight | HAR,Info-set equal weights,0.07303027,0.10107392,0.10058053,-0.02804364,-0.02755026,0.02804364,0.02755026,0.00078645,0.00075902,-0.00049338,-2.743e-05,0.04692112,0.00172903,0.01664136,0.01726387,0.0006225
2014-06-30,combo_equal_weight_har_across_ml_har_augmented_log_rolling,Equal Weight | HAR,Info-set equal weights,0.05653613,0.09000332,0.09262975,-0.03346719,-0.03609362,0.03346719,0.03609362,0.00112005,0.00130275,0.00262643,0.0001827,0.04954755,0.00191172,0.01675186,0.01782154,0.00106968
2014-07-31,combo_equal_weight_har_across_ml_har_augmented_log_rolling,Equal Weight | HAR,Info-set equal weights,0.0660717,0.08322412,0.08642521,-0.01715241,-0.02035351,0.01715241,0.02035351,0.00029421,0.00041427,0.0032011,0.00012006,0.05274865,0.00203178,0.01486659,0.01639783,0.00153124
2014-08-31,combo_equal_weight_har_across_ml_har_augmented_log_rolling,Equal Weight | HAR,Info-set equal weights,0.0752277,0.08274599,0.08808877,-0.00751829,-0.01286107,0.00751829,0.01286107,5.652e-05,0.00016541,0.00534278,0.00010888,0.05809143,0.00214067,0.01437266,0.01596458,0.00159192
2014-09-30,combo_equal_weight_har_across_ml_har_augmented_log_rolling,Equal Weight | HAR,Info-set equal weights,0.0762108,0.08636831,0.09063727,-0.01015751,-0.01442647,0.01015751,0.01442647,0.00010318,0.00020812,0.00426896,0.00010495,0.06236038,0.00224561,0.01424005,0.01566892,0.00142887
2014-10-31,combo_equal_weight_har_across_ml_har_augmented_log_rolling,Equal Weight | HAR,Info-set equal weights,0.14399204,0.08647515,0.09121305,0.05751688,0.05277899,0.05751688,0.05277899,0.00330819,0.00278562,-0.0047379,-0.00052257,0.05762249,0.00172304,0.01861491,0.01931444,0.00069953
2014-11-30,combo_equal_weight_har_across_ml_har_augmented_log_rolling,Equal Weight | HAR,Info-set equal weights,0.06427653,0.12081008,0.1166976,-0.05653356,-0.05242108,0.05653356,0.05242108,0.00319604,0.00274797,-0.00411248,-0.00044807,0.05351001,0.00127497,0.02114309,0.02137149,0.0002284
2014-12-31,combo_equal_weight_har_across_ml_har_augmented_log_rolling,Equal Weight | HAR,Info-set equal weights,0.10043239,0.0860344,0.08989329,0.01439799,0.0105391,0.01439799,0.0105391,0.0002073,0.00011107,-0.00385889,-9.623e-05,0.04965111,0.00117874,0.02054934,0.02052029,-2.905e-05
2015-01-31,combo_equal_weight_har_across_ml_har_augmented_log_rolling,Equal Weight | HAR,Info-set equal weights,0.13813587,0.10550601,0.10182245,0.03262986,0.03631343,0.03262986,0.03631343,0.00106471,0.00131866,0.00368356,0.00025396,0.05333468,0.0014327,0.02313962,0.02326681,0.00012719
2015-02-28,combo_equal_weight_har_across_ml_har_augmented_log_rolling,Equal Weight | HAR,Info-set equal weights,0.09213617,0.10658841,0.11523843,-0.01445223,-0.02310226,0.01445223,0.02310226,0.00020887,0.00053371,0.00865002,0.00032485,0.0619847,0.00175754,0.02367561,0.02461232,0.00093671
2015-03-31,combo_equal_weight_har_across_ml_har_augmented_log_rolling,Equal Weight | HAR,Info-set equal weights,0.08527221,0.10114803,0.1007801,-0.01587583,-0.0155079,0.01587583,0.0155079,0.00025204,0.00024049,-0.00036793,-1.155e-05,0.06161677,0.001746,0.02431602,0.02545503,0.001139
2015-04-30,combo_equal_weight_har_across_ml_har_augmented_log_rolling,Equal Weight | HAR,Info-set equal weights,0.08426138,0.09557239,0.09809242,-0.01131101,-0.01383104,0.01131101,0.01383104,0.00012794,0.0001913,0.00252002,6.336e-05,0.06413679,0.00180936,0.02492137,0.02631489,0.00139352
2015-05-31,combo_equal_weight_har_across_ml_har_augmented_log_rolling,Equal Weight | HAR,Info-set equal weights,0.0753713,0.09496777,0.09617712,-0.01959646,-0.02080582,0.01959646,0.02080582,0.00038402,0.00043288,0.00120935,4.886e-05,0.06534614,0.00185822,0.02421744,0.02575286,0.00153542
2015-06-30,combo_equal_weight_har_across_ml_har_augmented_log_rolling,Equal Weight | HAR,Info-set equal weights,0.08191996,0.08910184,0.09304976,-0.00718188,-0.01112981,0.00718188,0.01112981,5.158e-05,0.00012387,0.00394793,7.229e-05,0.06929407,0.00193051,0.02202699,0.02367254,0.00164554
2015-07-31,combo_equal_weight_har_across_ml_har_augmented_log_rolling,Equal Weight | HAR,Info-set equal weights,0.08281331,0.09189765,0.09519662,-0.00908434,-0.01238331,0.00908434,0.01238331,8.253e-05,0.00015335,0.00329898,7.082e-05,0.07259305,0.00200133,0.02135465,0.02300835,0.0016537
2015-08-31,combo_equal_weight_har_across_ml_har_augmented_log_rolling,Equal Weight | HAR,Info-set equal weights,0.18124678,0.09350491,0.09560516,0.08774186,0.08564162,0.08774186,0.08564162,0.00769863,0.00733449,-0.00210025,-0.00036415,0.0704928,0.00163718,0.02803995,0.0290734,0.00103345
2015-09-30,combo_equal_weight_har_across_ml_har_augmented_log_rolling,Equal Weight | HAR,Info-set equal weights,0.15257606,0.12089922,0.13513135,0.03167684,0.01744471,0.03167684,0.01744471,0.00100342,0.00030432,-0.01423213,-0.0006991,0.05626068,0.00093808,0.02983323,0.02932492,-0.00050831
2015-10-31,combo_equal_weight_har_across_ml_har_augmented_log_rolling,Equal Weight | HAR,Info-set equal weights,0.1095216,0.13944977,0.12697753,-0.02992817,-0.01745594,0.02992817,0.01745594,0.0008957,0.00030471,-0.01247223,-0.00059099,0.04378844,0.00034709,0.02753417,0.02638133,-0.00115284
2015-11-30,combo_equal_weight_har_across_ml_har_augmented_log_rolling,Equal Weight | HAR,Info-set equal weights,0.09094525,0.13207661,0.11088782,-0.04113136,-0.01994257,0.04113136,0.01994257,0.00169179,0.00039771,-0.02118879,-0.00129408,0.02259965,-0.00094699,0.02625065,0.02367479,-0.00257586
2015-12-31,combo_equal_weight_har_across_ml_har_augmented_log_rolling,Equal Weight | HAR,Info-set equal weights,0.12220819,0.10377677,0.10290397,0.01843142,0.01930422,0.01843142,0.01930422,0.00033972,0.00037265,0.0008728,3.294e-05,0.02347245,-0.00091405,0.02658677,0.02440522,-0.00218156
2016-01-31,combo_equal_weight_har_across_ml_har_augmented_log_rolling,Equal Weight | HAR,Info-set equal weights,0.19111779,0.11929808,0.11368516,0.0718197,0.07743262,0.0718197,0.07743262,0.00515807,0.00599581,0.00561292,0.00083774,0.02908537,-7.631e-05,0.02985259,0.02783182,-0.00202078
2016-02-29,combo_equal_weight_har_across_ml_har_augmented_log_rolling,Equal Weight | HAR,Info-set equal weights,0.16301964,0.14384925,0.14513661,0.01917039,0.01788303,0.01917039,0.01788303,0.0003675,0.0003198,-0.00128737,-4.77e-05,0.027798,-0.00012401,0.03024577,0.02739688,-0.00284889
2016-03-31,combo_equal_weight_har_across_ml_har_augmented_log_rolling,Equal Weight | HAR,Info-set equal weights,0.09480278,0.15407576,0.13582316,-0.05927298,-0.04102037,0.05927298,0.04102037,0.00351329,0.00168267,-0.01825261,-0.00183062,0.00954539,-0.00195463,0.0338622,0.02952292,-0.00433928
2016-04-30,combo_equal_weight_har_across_ml_har_augmented_log_rolling,Equal Weight | HAR,Info-set equal weights,0.08229344,0.11532538,0.10862824,-0.03303194,-0.02633481,0.03303194,0.02633481,0.00109111,0.00069352,-0.00669713,-0.00039759,0.00284826,-0.00235222,0.03567228,0.0305649,-0.00510738
2016-05-31,combo_equal_weight_har_across_ml_har_augmented_log_rolling,Equal Weight | HAR,Info-set equal weights,0.08530203,0.09942637,0.10215381,-0.01412434,-0.01685178,0.01412434,0.01685178,0.0001995,0.00028398,0.00272744,8.449e-05,0.0055757,-0.00226773,0.03521627,0.0302354,-0.00498087
2016-06-30,combo_equal_weight_har_across_ml_har_augmented_log_rolling,Equal Weight | HAR,Info-set equal weights,0.09397396,0.0995158,0.10191531,-0.00554185,-0.00794135,0.00554185,0.00794135,3.071e-05,6.307e-05,0.0023995,3.235e-05,0.0079752,-0.00223538,0.0350796,0.02996969,-0.00510991
2016-07-31,combo_equal_weight_har_across_ml_har_augmented_log_rolling,Equal Weight | HAR,Info-set equal weights,0.06662709,0.10486927,0.10466726,-0.03824218,-0.03804017,0.03824218,0.03804017,0.00146246,0.00144705,-0.00020201,-1.541e-05,0.0077732,-0.00225079,0.03750942,0.03210777,-0.00540165
2016-08-31,combo_equal_weight_har_across_ml_har_augmented_log_rolling,Equal Weight | HAR,Info-set equal weights,0.05875578,0.09045389,0.09501239,-0.03169811,-0.03625661,0.03169811,0.03625661,0.00100477,0.00131454,0.0045585,0.00030977,0.0123317,-0.00194102,0.03283911,0.02799235,-0.00484676
2016-09-30,combo_equal_weight_har_across_ml_har_augmented_log_rolling,Equal Weight | HAR,Info-set equal weights,0.08956114,0.08268446,0.09092766,0.00687668,-0.00136651,0.00687668,0.00136651,4.729e-05,1.87e-06,-0.00551017,-4.542e-05,0.00682153,-0.00198644,0.03077243,0.0266525,-0.00411993
2016-10-31,combo_equal_weight_har_across_ml_har_augmented_log_rolling,Equal Weight | HAR,Info-set equal weights,0.07645832,0.10433769,0.10017519,-0.02787937,-0.02371688,0.02787937,0.02371688,0.00077726,0.00056249,-0.0041625,-0.00021477,0.00265903,-0.00220121,0.03060169,0.02717424,-0.00342745
2016-11-30,combo_equal_weight_har_across_ml_har_augmented_log_rolling,Equal Weight | HAR,Info-set equal weights,0.08613464,0.0940545,0.09596475,-0.00791986,-0.00983012,0.00791986,0.00983012,6.272e-05,9.663e-05,0.00191025,3.391e-05,0.00456928,-0.0021673,0.02783407,0.02633154,-0.00150253
2016-12-31,combo_equal_weight_har_across_ml_har_augmented_log_rolling,Equal Weight | HAR,Info-set equal weights,0.06241094,0.09963131,0.09959472,-0.03722037,-0.03718377,0.03722037,0.03718377,0.00138536,0.00138263,-3.66e-05,-2.72e-06,0.00453269,-0.00217002,0.02939981,0.0278215,-0.00157831
2017-01-31,combo_equal_weight_har_across_ml_har_augmented_log_rolling,Equal Weight | HAR,Info-set equal weights,0.06212703,0.0863605,0.09131225,-0.02423347,-0.02918521,0.02423347,0.02918521,0.00058726,0.00085178,0.00495174,0.00026452,0.00948443,-0.00190551,0.0254343,0.02380088,-0.00163341
2017-02-28,combo_equal_weight_har_across_ml_har_augmented_log_rolling,Equal Weight | HAR,Info-set equal weights,0.05181816,0.08599609,0.08981388,-0.03417793,-0.03799572,0.03417793,0.03799572,0.00116813,0.00144367,0.00381779,0.00027554,0.01330222,-0.00162996,0.02668492,0.02547694,-0.00120798
2017-03-31,combo_equal_weight_har_across_ml_har_augmented_log_rolling,Equal Weight | HAR,Info-set equal weights,0.06543911,0.08298054,0.08508029,-0.01754143,-0.01964118,0.01754143,0.01964118,0.0003077,0.00038578,0.00209975,7.807e-05,0.01540197,-0.00155189,0.02320729,0.02369534,0.00048805
2017-04-30,combo_equal_weight_har_across_ml_har_augmented_log_rolling,Equal Weight | HAR,Info-set equal weights,0.06821277,0.08372296,0.08807873,-0.01551018,-0.01986596,0.01551018,0.01986596,0.00024057,0.00039466,0.00435577,0.00015409,0.01975775,-0.0013978,0.02174715,0.02315627,0.00140912
2017-05-31,combo_equal_weight_har_across_ml_har_augmented_log_rolling,Equal Weight | HAR,Info-set equal weights,0.05167712,0.08378046,0.08906903,-0.03210334,-0.03739191,0.03210334,0.03739191,0.00103062,0.00139815,0.00528856,0.00036753,0.02504631,-0.00103027,0.0232454,0.02486795,0.00162255
2017-06-30,combo_equal_weight_har_across_ml_har_augmented_log_rolling,Equal Weight | HAR,Info-set equal weights,0.06000712,0.07487263,0.08363599,-0.01486551,-0.02362887,0.01486551,0.02362887,0.00022098,0.00055832,0.00876336,0.00033734,0.03380967,-0.00069293,0.02402237,0.02617524,0.00215287
2017-07-31,combo_equal_weight_har_across_ml_har_augmented_log_rolling,Equal Weight | HAR,Info-set equal weights,0.04869214,0.07660089,0.08495022,-0.02790875,-0.03625807,0.02790875,0.03625807,0.0007789,0.00131465,0.00834933,0.00053575,0.042159,-0.00015718,0.02316125,0.02602673,0.00286548
2017-08-31,combo_equal_weight_har_across_ml_har_augmented_log_rolling,Equal Weight | HAR,Info-set equal weights,0.05895137,0.07085252,0.08032493,-0.01190115,-0.02137356,0.01190115,0.02137356,0.00014164,0.00045683,0.00947241,0.00031519,0.0516314,0.00015801,0.0215115,0.02478648,0.00327498
2017-09-30,combo_equal_weight_har_across_ml_har_augmented_log_rolling,Equal Weight | HAR,Info-set equal weights,0.04531107,0.07131852,0.08183425,-0.02600745,-0.03652319,0.02600745,0.03652319,0.00067639,0.00133394,0.01051574,0.00065756,0.06214714,0.00081557,0.02310574,0.0277162,0.00461047
2017-10-31,combo_equal_weight_har_across_ml_har_augmented_log_rolling,Equal Weight | HAR,Info-set equal weights,0.03786706,0.06618261,0.07706881,-0.02831554,-0.03920175,0.02831554,0.03920175,0.00080177,0.00153678,0.01088621,0.00073501,0.07303334,0.00155058,0.02314208,0.02900661,0.00586453
2017-11-30,combo_equal_weight_har_across_ml_har_augmented_log_rolling,Equal Weight | HAR,Info-set equal weights,0.04900293,0.06045878,0.07370597,-0.01145584,-0.02470304,0.01145584,0.02470304,0.00013124,0.00061024,0.01324719,0.000479,0.08628054,0.00202958,0.02343675,0.03024602,0.00680927
2017-12-31,combo_equal_weight_har_across_ml_har_augmented_log_rolling,Equal Weight | HAR,Info-set equal weights,0.06019932,0.06205153,0.07481554,-0.00185222,-0.01461623,0.00185222,0.01461623,3.43e-06,0.00021363,0.01276401,0.0002102,0.09904455,0.00223978,0.0204894,0.02836539,0.00787599
2018-01-31,combo_equal_weight_har_across_ml_har_augmented_log_rolling,Equal Weight | HAR,Info-set equal weights,0.06519769,0.06449775,0.07762023,0.00069994,-0.01242254,0.00069994,0.01242254,4.9e-07,0.00015432,0.0117226,0.00015383,0.11076715,0.00239361,0.01852827,0.0269685,0.00844023
2018-02-28,combo_equal_weight_har_across_ml_har_augmented_log_rolling,Equal Weight | HAR,Info-set equal weights,0.1387046,0.06853255,0.07819547,0.07017205,0.06050912,0.07017205,0.06050912,0.00492412,0.00366135,-0.00966293,-0.00126276,0.10110422,0.00113085,0.02152778,0.02884462,0.00731683
2018-03-31,combo_equal_weight_har_across_ml_har_augmented_log_rolling,Equal Weight | HAR,Info-set equal weights,0.13891564,0.09862103,0.10438966,0.04029461,0.03452598,0.04029461,0.03452598,0.00162366,0.00119204,-0.00576863,-0.00043161,0.09533559,0.00069924,0.02342388,0.03008502,0.00666114
2018-04-30,combo_equal_weight_har_across_ml_har_augmented_log_rolling,Equal Weight | HAR,Info-set equal weights,0.1407784,0.14784618,0.10640081,-0.00706777,0.03437759,0.00706777,0.03437759,4.995e-05,0.00118182,0.02730982,0.00113187,0.12264541,0.0018311,0.02272035,0.03129432,0.00857397
2018-05-31,combo_equal_weight_har_across_ml_har_augmented_log_rolling,Equal Weight | HAR,Info-set equal weights,0.09507116,0.14321785,0.10993222,-0.04814668,-0.01486106,0.04814668,0.01486106,0.0023181,0.00022085,-0.03328562,-0.00209725,0.08935979,-0.00026615,0.02405729,0.02941675,0.00535946
2018-06-30,combo_equal_weight_har_across_ml_har_augmented_log_rolling,Equal Weight | HAR,Info-set equal weights,0.08039533,0.09619734,0.09331526,-0.01580201,-0.01291992,0.01580201,0.01291992,0.0002497,0.00016692,-0.00288208,-8.278e-05,0.0864777,-0.00034893,0.02413533,0.02852434,0.004389
2018-07-31,combo_equal_weight_har_across_ml_har_augmented_log_rolling,Equal Weight | HAR,Info-set equal weights,0.0690613,0.08973428,0.08786672,-0.02067298,-0.01880541,0.02067298,0.01880541,0.00042737,0.00035364,-0.00186757,-7.373e-05,0.08461013,-0.00042266,0.02353235,0.02706995,0.00353759
2018-08-31,combo_equal_weight_har_across_ml_har_augmented_log_rolling,Equal Weight | HAR,Info-set equal weights,0.05968197,0.08055729,0.08387116,-0.02087532,-0.02418919,0.02087532,0.02418919,0.00043578,0.00058512,0.00331387,0.00014934,0.08792401,-0.00027332,0.0242802,0.02730459,0.00302438
2018-09-30,combo_equal_weight_har_across_ml_har_augmented_log_rolling,Equal Weight | HAR,Info-set equal weights,0.0654128,0.07364578,0.08064715,-0.00823298,-0.01523435,0.00823298,0.01523435,6.778e-05,0.00023209,0.00700137,0.0001643,0.09492538,-0.00010902,0.022799,0.02553052,0.00273152
2018-10-31,combo_equal_weight_har_across_ml_har_augmented_log_rolling,Equal Weight | HAR,Info-set equal weights,0.17260155,0.07681573,0.08166035,0.09578582,0.0909412,0.09578582,0.0909412,0.00917492,0.0082703,-0.00484462,-0.00090462,0.09008076,-0.00101364,0.02842152,0.02984214,0.00142062
2018-11-30,combo_equal_weight_har_across_ml_har_augmented_log_rolling,Equal Weight | HAR,Info-set equal weights,0.14550899,0.1172266,0.1199506,0.0282824,0.02555839,0.0282824,0.02555839,0.00079989,0.00065323,-0.00272401,-0.00014666,0.08735676,-0.0011603,0.02982373,0.02991342,8.969e-05
2018-12-31,combo_equal_weight_har_across_ml_har_augmented_log_rolling,Equal Weight | HAR,Info-set equal weights,0.23558433,0.11352919,0.11588897,0.12205513,0.11969536,0.12205513,0.11969536,0.01489746,0.01432698,-0.00235978,-0.00057048,0.08499698,-0.00173078,0.03984064,0.03867001,-0.00117063
2019-01-31,combo_equal_weight_har_across_ml_har_augmented_log_rolling,Equal Weight | HAR,Info-set equal weights,0.13805562,0.19553019,0.18961141,-0.05747457,-0.05155579,0.05747457,0.05155579,0.00330333,0.002658,-0.00591878,-0.00064533,0.0790782,-0.0023761,0.04457186,0.04193111,-0.00264075
2019-02-28,combo_equal_weight_har_across_ml_har_augmented_log_rolling,Equal Weight | HAR,Info-set equal weights,0.08205478,0.11544102,0.11797261,-0.03338624,-0.03591783,0.03338624,0.03591783,0.00111464,0.00129009,0.00253159,0.00017545,0.0816098,-0.00220065,0.04150638,0.03988184,-0.00162454
2019-03-31,combo_equal_weight_har_across_ml_har_augmented_log_rolling,Equal Weight | HAR,Info-set equal weights,0.09470707,0.09004443,0.0875381,0.00466265,0.00716898,0.00466265,0.00716898,2.174e-05,5.139e-05,0.00250633,2.965e-05,0.08411613,-0.002171,0.03853704,0.03760209,-0.00093496
2019-04-30,combo_equal_weight_har_across_ml_har_augmented_log_rolling,Equal Weight | HAR,Info-set equal weights,0.05727866,0.097579,0.09525854,-0.04030034,-0.03797988,0.04030034,0.03797988,0.00162412,0.00144247,-0.00232046,-0.00018165,0.08179567,-0.00235265,0.04130643,0.03790228,-0.00340415
2019-05-31,combo_equal_weight_har_across_ml_har_augmented_log_rolling,Equal Weight | HAR,Info-set equal weights,0.11646584,0.07586364,0.07847861,0.0406022,0.03798723,0.0406022,0.03798723,0.00164854,0.00144303,-0.00261497,-0.00020551,0.07918069,-0.00255815,0.04067772,0.03982946,-0.00084826
2019-06-30,combo_equal_weight_har_across_ml_har_augmented_log_rolling,Equal Weight | HAR,Info-set equal weights,0.08633239,0.1068888,0.10607152,-0.02055641,-0.01973913,0.02055641,0.01973913,0.00042257,0.00038963,-0.00081728,-3.293e-05,0.07836342,-0.00259109,0.04107392,0.04039773,-0.00067619
2019-07-31,combo_equal_weight_har_across_ml_har_augmented_log_rolling,Equal Weight | HAR,Info-set equal weights,0.06669148,0.09257528,0.09128019,-0.0258838,-0.02458871,0.0258838,0.02458871,0.00066997,0.0006046,-0.00129508,-6.537e-05,0.07706833,-0.00265645,0.04150815,0.04087967,-0.00062848
2019-08-31,combo_equal_weight_har_across_ml_har_augmented_log_rolling,Equal Weight | HAR,Info-set equal weights,0.13916472,0.08136388,0.08281996,0.05780084,0.05634477,0.05780084,0.05634477,0.00334094,0.00317473,-0.00145608,-0.0001662,0.07561226,-0.00282266,0.04458528,0.0435593,-0.00102598
2019-09-30,combo_equal_weight_har_across_ml_har_augmented_log_rolling,Equal Weight | HAR,Info-set equal weights,0.08899928,0.11061976,0.11891754,-0.02162049,-0.02991826,0.02162049,0.02991826,0.00046745,0.0008951,0.00829777,0.00042766,0.08391003,-0.002395,0.04570091,0.04478296,-0.00091795
2019-10-31,combo_equal_weight_har_across_ml_har_augmented_log_rolling,Equal Weight | HAR,Info-set equal weights,0.09164451,0.08891746,0.09436573,0.00272705,-0.00272122,0.00272705,0.00272122,7.44e-06,7.41e-06,-5.83e-06,-3e-08,0.0839042,-0.00239503,0.03794601,0.0374313,-0.00051471
2019-11-30,combo_equal_weight_har_across_ml_har_augmented_log_rolling,Equal Weight | HAR,Info-set equal weights,0.05524849,0.09593997,0.09472056,-0.04069148,-0.03947207,0.04069148,0.03947207,0.0016558,0.00155804,-0.00121941,-9.775e-05,0.08268479,-0.00249279,0.0389801,0.03859077,-0.00038933
2019-12-31,combo_equal_weight_har_across_ml_har_augmented_log_rolling,Equal Weight | HAR,Info-set equal weights,0.06209932,0.08223695,0.07849395,-0.02013763,-0.01639463,0.02013763,0.01639463,0.00040552,0.00026878,-0.003743,-0.00013674,0.07894178,-0.00262953,0.03048697,0.02998237,-0.0005046
2020-01-31,combo_equal_weight_har_across_ml_har_augmented_log_rolling,Equal Weight | HAR,Info-set equal weights,0.07975763,0.07302623,0.07879248,0.00673141,0.00096515,0.00673141,0.00096515,4.531e-05,9.3e-07,-0.00576625,-4.438e-05,0.07317553,-0.00267391,0.02625838,0.02576649,-0.00049189
2020-02-29,combo_equal_weight_har_across_ml_har_augmented_log_rolling,Equal Weight | HAR,Info-set equal weights,0.18564385,0.08887585,0.08500203,0.096768,0.10064182,0.096768,0.10064182,0.00936405,0.01012878,0.00387382,0.00076473,0.07704935,-0.00190918,0.03154019,0.03116015,-0.00038004
2020-03-31,combo_equal_weight_har_across_ml_har_augmented_log_rolling,Equal Weight | HAR,Info-set equal weights,0.58295547,0.15647604,0.14520964,0.42647943,0.43774583,0.42647943,0.43774583,0.18188471,0.19162141,0.0112664,0.00973671,0.08831575,0.00782753,0.06669159,0.06704156,0.00034997
2020-04-30,combo_equal_weight_har_across_ml_har_augmented_log_rolling,Equal Weight | HAR,Info-set equal weights,0.24991991,1.38195785,1.54497553,-1.13203794,-1.29505562,1.13203794,1.29505562,1.2815099,1.67716907,0.16301768,0.39565916,0.25133343,0.40348669,0.15766972,0.17179787,0.01412815
2020-05-31,combo_equal_weight_har_across_ml_har_augmented_log_rolling,Equal Weight | HAR,Info-set equal weights,0.16410989,0.1739004,0.187209,-0.0097905,-0.0230991,0.0097905,0.0230991,9.585e-05,0.00053357,0.0133086,0.00043771,0.26464203,0.40392441,0.15510208,0.17055719,0.01545511
2020-06-30,combo_equal_weight_har_across_ml_har_augmented_log_rolling,Equal Weight | HAR,Info-set equal weights,0.18276328,0.12813434,0.13434073,0.05462894,0.04842255,0.05462894,0.04842255,0.00298432,0.00234474,-0.00620639,-0.00063958,0.25843564,0.40328483,0.15794146,0.17294748,0.01500602
2020-07-31,combo_equal_weight_har_across_ml_har_augmented_log_rolling,Equal Weight | HAR,Info-set equal weights,0.13369031,0.13665415,0.14973507,-0.00296384,-0.01604476,0.00296384,0.01604476,8.78e-06,0.00025743,0.01308092,0.00024865,0.27151656,0.40353348,0.15603146,0.17223548,0.01620402
2020-08-31,combo_equal_weight_har_across_ml_har_augmented_log_rolling,Equal Weight | HAR,Info-set equal weights,0.08711462,0.10871966,0.12370315,-0.02160504,-0.03658853,0.02160504,0.03658853,0.00046678,0.00133872,0.01498349,0.00087194,0.28650005,0.40440542,0.15301515,0.17058913,0.01757398
2020-09-30,combo_equal_weight_har_across_ml_har_augmented_log_rolling,Equal Weight | HAR,Info-set equal weights,0.18583484,0.09551579,0.10151568,0.09031904,0.08431916,0.09031904,0.08431916,0.00815753,0.00710972,-0.00599988,-0.00104781,0.28050017,0.40335761,0.15874003,0.17512254,0.01638251
2020-10-31,combo_equal_weight_har_across_ml_har_augmented_log_rolling,Equal Weight | HAR,Info-set equal weights,0.14700764,0.13639851,0.14927946,0.01060912,-0.00227183,0.01060912,0.00227183,0.00011255,5.16e-06,-0.0083373,-0.00010739,0.27216287,0.40325022,0.15939687,0.17508509,0.01568822
2020-11-30,combo_equal_weight_har_across_ml_har_augmented_log_rolling,Equal Weight | HAR,Info-set equal weights,0.13540578,0.11985207,0.13272256,0.01555371,0.00268322,0.01555371,0.00268322,0.00024192,7.2e-06,-0.01287049,-0.00023472,0.25929238,0.4030155,0.15730205,0.17201935,0.0147173
2020-12-31,combo_equal_weight_har_across_ml_har_augmented_log_rolling,Equal Weight | HAR,Info-set equal weights,0.08727809,0.12398129,0.13042698,-0.0367032,-0.04314889,0.0367032,0.04314889,0.00134713,0.00186183,0.00644568,0.0005147,0.26573806,0.40353021,0.15868252,0.17424887,0.01556636
2021-01-31,combo_equal_weight_har_across_ml_har_augmented_log_rolling,Equal Weight | HAR,Info-set equal weights,0.12643455,0.12538344,0.10846867,0.00105112,0.01796589,0.00105112,0.01796589,1.1e-06,0.00032277,0.01691477,0.00032167,0.28265283,0.40385187,0.15820916,0.1756656,0.01745644
2021-02-28,combo_equal_weight_har_across_ml_har_augmented_log_rolling,Equal Weight | HAR,Info-set equal weights,0.12196964,0.11509216,0.12688707,0.00687748,-0.00491743,0.00687748,0.00491743,4.73e-05,2.418e-05,-0.00196005,-2.312e-05,0.28069278,0.40382875,0.15071828,0.16768857,0.01697029
2021-03-31,combo_equal_weight_har_across_ml_har_augmented_log_rolling,Equal Weight | HAR,Info-set equal weights,0.14192329,0.11787478,0.12423121,0.02404851,0.01769207,0.02404851,0.01769207,0.00057833,0.00031301,-0.00635644,-0.00026532,0.27433634,0.40356343,0.11718237,0.13268409,0.01550172
2021-04-30,combo_equal_weight_har_across_ml_har_augmented_log_rolling,Equal Weight | HAR,Info-set equal weights,0.07227313,0.11679877,0.12520714,-0.04452565,-0.05293401,0.04452565,0.05293401,0.00198253,0.00280201,0.00840836,0.00081948,0.28274471,0.40438291,0.02655635,0.02917395,0.00261761
2021-05-31,combo_equal_weight_har_across_ml_har_augmented_log_rolling,Equal Weight | HAR,Info-set equal weights,0.09818055,0.096213,0.09539606,0.00196755,0.00278449,0.00196755,0.00278449,3.87e-06,7.75e-06,0.00081694,3.88e-06,0.28356165,0.40438679,0.02590443,0.02748107,0.00157664
2021-06-30,combo_equal_weight_har_across_ml_har_augmented_log_rolling,Equal Weight | HAR,Info-set equal weights,0.06526994,0.09480817,0.10263326,-0.02953823,-0.03736333,0.02953823,0.03736333,0.00087251,0.00139602,0.00782509,0.00052351,0.29138674,0.4049103,0.02381354,0.02655947,0.00274593
2021-07-31,combo_equal_weight_har_across_ml_har_augmented_log_rolling,Equal Weight | HAR,Info-set equal weights,0.07520977,0.0864533,0.08885329,-0.01124352,-0.01364352,0.01124352,0.01364352,0.00012642,0.00018615,0.0024,5.973e-05,0.29378674,0.40497003,0.02450352,0.02635936,0.00185585
2021-08-31,combo_equal_weight_har_across_ml_har_augmented_log_rolling,Equal Weight | HAR,Info-set equal weights,0.06362476,0.08873178,0.09090206,-0.02510701,-0.02727729,0.02510701,0.02727729,0.00063036,0.00074405,0.00217028,0.00011369,0.29595702,0.40508372,0.02479535,0.02558343,0.00078808
2021-09-30,combo_equal_weight_har_across_ml_har_augmented_log_rolling,Equal Weight | HAR,Info-set equal weights,0.10189251,0.08544237,0.08521496,0.01645014,0.01667755,0.01645014,0.01667755,0.00027061,0.00027814,0.00022741,7.53e-06,0.29618443,0.40509125,0.0186396,0.01994663,0.00130702
2021-10-31,combo_equal_weight_har_across_ml_har_augmented_log_rolling,Equal Weight | HAR,Info-set equal weights,0.09768553,0.09029118,0.09621429,0.00739435,0.00147123,0.00739435,0.00147123,5.468e-05,2.16e-06,-0.00592312,-5.251e-05,0.29026132,0.40503874,0.01837171,0.01987991,0.0015082
2021-11-30,combo_equal_weight_har_across_ml_har_augmented_log_rolling,Equal Weight | HAR,Info-set equal weights,0.08990034,0.08987574,0.09457941,2.46e-05,-0.00467908,2.46e-05,0.00467908,0,2.189e-05,0.00465447,2.189e-05,0.29491579,0.40506064,0.01707761,0.02004623,0.00296862
2021-12-31,combo_equal_weight_har_across_ml_har_augmented_log_rolling,Equal Weight | HAR,Info-set equal weights,0.12715669,0.09183324,0.09180554,0.03532345,0.03535115,0.03532345,0.03535115,0.00124775,0.0012497,2.77e-05,1.96e-06,0.29494349,0.40506259,0.01696263,0.01939642,0.00243379
2022-01-31,combo_equal_weight_har_across_ml_har_augmented_log_rolling,Equal Weight | HAR,Info-set equal weights,0.2054063,0.09873318,0.10455535,0.10667312,0.10085095,0.10667312,0.10085095,0.01137915,0.01017091,-0.00582217,-0.00120824,0.28912132,0.40385435,0.02576447,0.02630351,0.00053904
2022-02-28,combo_equal_weight_har_across_ml_har_augmented_log_rolling,Equal Weight | HAR,Info-set equal weights,0.18906515,0.1648253,0.13873051,0.02423985,0.05033464,0.02423985,0.05033464,0.00058757,0.00253358,0.02609478,0.001946,0.31521611,0.40580036,0.02721133,0.03008828,0.00287694
2022-03-31,combo_equal_weight_har_across_ml_har_augmented_log_rolling,Equal Weight | HAR,Info-set equal weights,0.1731367,0.13982355,0.13572155,0.03331315,0.03741514,0.03331315,0.03741514,0.00110977,0.00139989,0.004102,0.00029013,0.3193181,0.40609049,0.02798339,0.03173187,0.00374848
2022-04-30,combo_equal_weight_har_across_ml_har_augmented_log_rolling,Equal Weight | HAR,Info-set equal weights,0.15851479,0.13861452,0.13127507,0.01990027,0.02723972,0.01990027,0.02723972,0.00039602,0.000742,0.00733944,0.00034598,0.32665754,0.40643647,0.02593127,0.02959067,0.0036594
2022-05-31,combo_equal_weight_har_across_ml_har_augmented_log_rolling,Equal Weight | HAR,Info-set equal weights,0.2578389,0.11738852,0.12724383,0.14045039,0.13059508,0.14045039,0.13059508,0.01972631,0.01705507,-0.00985531,-0.00267124,0.31680223,0.40376523,0.03747151,0.04024156,0.00277005
2022-06-30,combo_equal_weight_har_across_ml_har_augmented_log_rolling,Equal Weight | HAR,Info-set equal weights,0.20628661,0.17324578,0.18639549,0.03304083,0.01989112,0.03304083,0.01989112,0.0010917,0.00039566,-0.01314971,-0.00069604,0.30365252,0.40306919,0.03776339,0.03878554,0.00102215
2022-07-31,combo_equal_weight_har_across_ml_har_augmented_log_rolling,Equal Weight | HAR,Info-set equal weights,0.16389054,0.17900712,0.16323174,-0.01511658,0.0006588,0.01511658,0.0006588,0.00022851,4.3e-07,-0.01445778,-0.00022808,0.28919474,0.40284111,0.03808615,0.03770348,-0.00038267
2022-08-31,combo_equal_weight_har_across_ml_har_augmented_log_rolling,Equal Weight | HAR,Info-set equal weights,0.13005032,0.15047505,0.14456027,-0.02042473,-0.01450995,0.02042473,0.01450995,0.00041717,0.00021054,-0.00591478,-0.00020663,0.28327996,0.40263448,0.03769596,0.03663953,-0.00105642
2022-09-30,combo_equal_weight_har_across_ml_har_augmented_log_rolling,Equal Weight | HAR,Info-set equal weights,0.19626273,0.11188246,0.12637585,0.08438027,0.06988687,0.08438027,0.06988687,0.00712003,0.00488417,-0.01449339,-0.00223585,0.26878656,0.40039863,0.0433568,0.04107364,-0.00228316
2022-10-31,combo_equal_weight_har_across_ml_har_augmented_log_rolling,Equal Weight | HAR,Info-set equal weights,0.19975826,0.15275963,0.1614805,0.04699863,0.03827776,0.04699863,0.03827776,0.00220887,0.00146519,-0.00872087,-0.00074368,0.2600657,0.39965494,0.04665716,0.04414085,-0.0025163
2022-11-30,combo_equal_weight_har_across_ml_har_augmented_log_rolling,Equal Weight | HAR,Info-set equal weights,0.16948675,0.16007713,0.170144,0.00940962,-0.00065725,0.00940962,0.00065725,8.854e-05,4.3e-07,-0.00875236,-8.811e-05,0.25131333,0.39956683,0.04743924,0.0438057,-0.00363354
2022-12-31,combo_equal_weight_har_across_ml_har_augmented_log_rolling,Equal Weight | HAR,Info-set equal weights,0.15877952,0.15126439,0.15843758,0.00751513,0.00034194,0.00751513,0.00034194,5.648e-05,1.2e-07,-0.00717319,-5.636e-05,0.24414014,0.39951047,0.04512188,0.04088827,-0.00423361
2023-01-31,combo_equal_weight_har_across_ml_har_augmented_log_rolling,Equal Weight | HAR,Info-set equal weights,0.14255764,0.14772822,0.15281384,-0.00517058,-0.01025621,0.00517058,0.01025621,2.673e-05,0.00010519,0.00508562,7.845e-05,0.24922577,0.39958893,0.03666334,0.03333871,-0.00332463
2023-02-28,combo_equal_weight_har_across_ml_har_augmented_log_rolling,Equal Weight | HAR,Info-set equal weights,0.14798801,0.12678246,0.14108966,0.02120555,0.00689835,0.02120555,0.00689835,0.00044968,4.759e-05,-0.01430719,-0.00040209,0.23491857,0.39918684,0.03641048,0.02971902,-0.00669146
2023-03-31,combo_equal_weight_har_across_ml_har_augmented_log_rolling,Equal Weight | HAR,Info-set equal weights,0.16589266,0.13435242,0.14245861,0.03154024,0.02343405,0.03154024,0.02343405,0.00099479,0.00054915,-0.00810618,-0.00044563,0.22681239,0.39874121,0.03626273,0.02855393,-0.00770881
2023-04-30,combo_equal_weight_har_across_ml_har_augmented_log_rolling,Equal Weight | HAR,Info-set equal weights,0.08994252,0.14775404,0.15253063,-0.05781151,-0.06258811,0.05781151,0.06258811,0.00334217,0.00391727,0.00477659,0.0005751,0.23158898,0.39931631,0.039422,0.03149962,-0.00792238
2023-05-31,combo_equal_weight_har_across_ml_har_augmented_log_rolling,Equal Weight | HAR,Info-set equal weights,0.10574234,0.12324119,0.11438662,-0.01749885,-0.00864427,0.01749885,0.00864427,0.00030621,7.472e-05,-0.00885457,-0.00023149,0.22273441,0.39908482,0.02917604,0.02133706,-0.00783899
2023-06-30,combo_equal_weight_har_across_ml_har_augmented_log_rolling,Equal Weight | HAR,Info-set equal weights,0.09100868,0.11951803,0.11566273,-0.02850936,-0.02465406,0.02850936,0.02465406,0.00081278,0.00060782,-0.0038553,-0.00020496,0.21887911,0.39887986,0.02879842,0.02173397,-0.00706445
2023-07-31,combo_equal_weight_har_across_ml_har_augmented_log_rolling,Equal Weight | HAR,Info-set equal weights,0.07268551,0.09998587,0.10498751,-0.02730036,-0.032302,0.02730036,0.032302,0.00074531,0.00104342,0.00500164,0.00029811,0.22388074,0.39917797,0.02981373,0.0243709,-0.00544283
2023-08-31,combo_equal_weight_har_across_ml_har_augmented_log_rolling,Equal Weight | HAR,Info-set equal weights,0.09745315,0.09303538,0.09628427,0.00441777,0.00116888,0.00441777,0.00116888,1.952e-05,1.37e-06,-0.00324889,-1.815e-05,0.22063186,0.39915982,0.02847982,0.02325915,-0.00522068
2023-09-30,combo_equal_weight_har_across_ml_har_augmented_log_rolling,Equal Weight | HAR,Info-set equal weights,0.09176085,0.09115162,0.10361721,0.00060923,-0.01185637,0.00060923,0.01185637,3.7e-07,0.00014057,0.01124714,0.0001402,0.23187899,0.39930002,0.0214989,0.01842327,-0.00307563
2023-10-31,combo_equal_weight_har_across_ml_har_augmented_log_rolling,Equal Weight | HAR,Info-set equal weights,0.12613768,0.08787483,0.10019084,0.03826284,0.02594684,0.03826284,0.02594684,0.00146405,0.00067324,-0.01231601,-0.00079081,0.21956299,0.39850922,0.02077092,0.01739569,-0.00337523
2023-11-30,combo_equal_weight_har_across_ml_har_augmented_log_rolling,Equal Weight | HAR,Info-set equal weights,0.08061106,0.11015639,0.11318387,-0.02954533,-0.03257281,0.02954533,0.03257281,0.00087293,0.00106099,0.00302748,0.00018806,0.22259047,0.39869728,0.0224489,0.02005532,-0.00239357
2023-12-31,combo_equal_weight_har_across_ml_har_augmented_log_rolling,Equal Weight | HAR,Info-set equal weights,0.07463208,0.09125511,0.09612049,-0.01662303,-0.0214884,0.01662303,0.0214884,0.00027633,0.00046175,0.00486538,0.00018543,0.22745584,0.3988827,0.02320789,0.02181753,-0.00139036
2024-01-31,combo_equal_weight_har_across_ml_har_augmented_log_rolling,Equal Weight | HAR,Info-set equal weights,0.0851791,0.09496735,0.09260378,-0.00978825,-0.00742468,0.00978825,0.00742468,9.581e-05,5.513e-05,-0.00236357,-4.068e-05,0.22509228,0.39884202,0.02359269,0.02158157,-0.00201112
2011-03-31,combo_equal_weight_har_o_across_ml_har_augmented_log_rolling,Equal Weight | HAR+Option,Info-set equal weights,0.1239968,0.0908413,0.11607562,0.0331555,0.00792117,0.0331555,0.00792117,0.00109929,6.274e-05,-0.02523432,-0.00103654,-0.02523432,-0.00103654,,,
2011-04-30,combo_equal_weight_har_o_across_ml_har_augmented_log_rolling,Equal Weight | HAR+Option,Info-set equal weights,0.08197577,0.10146623,0.12651617,-0.01949046,-0.0445404,0.01949046,0.0445404,0.00037988,0.00198385,0.02504994,0.00160397,-0.00018438,0.00056743,,,
2011-05-31,combo_equal_weight_har_o_across_ml_har_augmented_log_rolling,Equal Weight | HAR+Option,Info-set equal weights,0.10443997,0.09530296,0.11306831,0.00913701,-0.00862834,0.00913701,0.00862834,8.348e-05,7.445e-05,-0.00050867,-9.04e-06,-0.00069305,0.00055839,,,
2011-06-30,combo_equal_weight_har_o_across_ml_har_augmented_log_rolling,Equal Weight | HAR+Option,Info-set equal weights,0.11731825,0.09932878,0.11566157,0.01798947,0.00165669,0.01798947,0.00165669,0.00032362,2.74e-06,-0.01633279,-0.00032088,-0.01702584,0.00023751,,,
2011-07-31,combo_equal_weight_har_o_across_ml_har_augmented_log_rolling,Equal Weight | HAR+Option,Info-set equal weights,0.11132267,0.10499512,0.11708849,0.00632755,-0.00576582,0.00632755,0.00576582,4.004e-05,3.324e-05,-0.00056172,-6.79e-06,-0.01758757,0.00023072,,,
2011-08-31,combo_equal_weight_har_o_across_ml_har_augmented_log_rolling,Equal Weight | HAR+Option,Info-set equal weights,0.30047559,0.14097108,0.11397057,0.15950451,0.18650502,0.15950451,0.18650502,0.02544169,0.03478412,0.02700051,0.00934243,0.00941295,0.00957315,,,
2011-09-30,combo_equal_weight_har_o_across_ml_har_augmented_log_rolling,Equal Weight | HAR+Option,Info-set equal weights,0.23741865,0.21768071,0.18733709,0.01973795,0.05008156,0.01973795,0.05008156,0.00038959,0.00250816,0.03034362,0.00211858,0.03975656,0.01169173,,,
2011-10-31,combo_equal_weight_har_o_across_ml_har_augmented_log_rolling,Equal Weight | HAR+Option,Info-set equal weights,0.21104059,0.28411814,0.15661848,-0.07307754,0.05442212,0.07307754,0.05442212,0.00534033,0.00296177,-0.01865543,-0.00237856,0.02110113,0.00931317,,,
2011-11-30,combo_equal_weight_har_o_across_ml_har_augmented_log_rolling,Equal Weight | HAR+Option,Info-set equal weights,0.18299764,0.19643448,0.14490642,-0.01343683,0.03809122,0.01343683,0.03809122,0.00018055,0.00145094,0.02465439,0.00127039,0.04575552,0.01058356,,,
2011-12-31,combo_equal_weight_har_o_across_ml_har_augmented_log_rolling,Equal Weight | HAR+Option,Info-set equal weights,0.12641057,0.13988778,0.1422497,-0.01347721,-0.01583913,0.01347721,0.01583913,0.00018164,0.00025088,0.00236192,6.924e-05,0.04811744,0.01065281,,,
2012-01-31,combo_equal_weight_har_o_across_ml_har_augmented_log_rolling,Equal Weight | HAR+Option,Info-set equal weights,0.09173477,0.15516167,0.12693949,-0.06342689,-0.03520472,0.06342689,0.03520472,0.00402297,0.00123937,-0.02822218,-0.0027836,0.01989527,0.00786921,,,
2012-02-29,combo_equal_weight_har_o_across_ml_har_augmented_log_rolling,Equal Weight | HAR+Option,Info-set equal weights,0.08055043,0.11586477,0.1137494,-0.03531434,-0.03319897,0.03531434,0.03319897,0.0012471,0.00110217,-0.00211537,-0.00014493,0.0177799,0.00772428,0.03867294,0.0401546,0.00148166
2012-03-31,combo_equal_weight_har_o_across_ml_har_augmented_log_rolling,Equal Weight | HAR+Option,Info-set equal weights,0.07616645,0.10532065,0.10772076,-0.0291542,-0.03155431,0.0291542,0.03155431,0.00084997,0.00099567,0.00240011,0.00014571,0.02018001,0.00786998,0.0383395,0.04212402,0.00378453
2012-04-30,combo_equal_weight_har_o_across_ml_har_augmented_log_rolling,Equal Weight | HAR+Option,Info-set equal weights,0.09057891,0.09695848,0.10505353,-0.00637958,-0.01447463,0.00637958,0.01447463,4.07e-05,0.00020951,0.00809505,0.00016882,0.02827506,0.0080388,0.03724692,0.03961854,0.00237162
2012-05-31,combo_equal_weight_har_o_across_ml_har_augmented_log_rolling,Equal Weight | HAR+Option,Info-set equal weights,0.12253117,0.09774732,0.10943598,0.02478385,0.0130952,0.02478385,0.0130952,0.00061424,0.00017148,-0.01168866,-0.00044276,0.0165864,0.00759604,0.03855083,0.03999078,0.00143995
2012-06-30,combo_equal_weight_har_o_across_ml_har_augmented_log_rolling,Equal Weight | HAR+Option,Info-set equal weights,0.11937706,0.11410103,0.12178747,0.00527602,-0.00241041,0.00527602,0.00241041,2.784e-05,5.81e-06,-0.00286561,-2.203e-05,0.01372079,0.00757402,0.03749137,0.04005359,0.00256222
2012-07-31,combo_equal_weight_har_o_across_ml_har_augmented_log_rolling,Equal Weight | HAR+Option,Info-set equal weights,0.1008825,0.10555307,0.12079751,-0.00467057,-0.01991501,0.00467057,0.01991501,2.181e-05,0.00039661,0.01524444,0.00037479,0.02896523,0.00794881,0.03735329,0.04123269,0.0038794
2012-08-31,combo_equal_weight_har_o_across_ml_har_augmented_log_rolling,Equal Weight | HAR+Option,Info-set equal weights,0.08005638,0.12890555,0.11337364,-0.04884916,-0.03331726,0.04884916,0.03331726,0.00238624,0.00111004,-0.0155319,-0.0012762,0.01343333,0.00667261,0.02813201,0.02846704,0.00033503
2012-09-30,combo_equal_weight_har_o_across_ml_har_augmented_log_rolling,Equal Weight | HAR+Option,Info-set equal weights,0.07940683,0.10384425,0.1036908,-0.02443742,-0.02428397,0.02443742,0.02428397,0.00059719,0.00058971,-0.00015345,-7.48e-06,0.01327987,0.00666513,0.02852364,0.02631724,-0.00220639
2012-10-31,combo_equal_weight_har_o_across_ml_har_augmented_log_rolling,Equal Weight | HAR+Option,Info-set equal weights,0.09399635,0.09675616,0.09961429,-0.00275981,-0.00561794,0.00275981,0.00561794,7.62e-06,3.156e-05,0.00285812,2.394e-05,0.016138,0.00668908,0.02266382,0.02225023,-0.00041359
2012-11-30,combo_equal_weight_har_o_across_ml_har_augmented_log_rolling,Equal Weight | HAR+Option,Info-set equal weights,0.11058386,0.11678889,0.10326854,-0.00620503,0.00731532,0.00620503,0.00731532,3.85e-05,5.351e-05,0.0011103,1.501e-05,0.0172483,0.00670409,0.02206117,0.01968557,-0.0023756
2012-12-31,combo_equal_weight_har_o_across_ml_har_augmented_log_rolling,Equal Weight | HAR+Option,Info-set equal weights,0.0992343,0.10504069,0.10880533,-0.00580639,-0.00957103,0.00580639,0.00957103,3.371e-05,9.16e-05,0.00376464,5.789e-05,0.02101294,0.00676198,0.02142194,0.01916323,-0.00225871
2013-01-31,combo_equal_weight_har_o_across_ml_har_augmented_log_rolling,Equal Weight | HAR+Option,Info-set equal weights,0.06679532,0.11408437,0.105212,-0.04728905,-0.03841668,0.04728905,0.03841668,0.00223625,0.00147584,-0.00887237,-0.00076041,0.01214057,0.00600157,0.02007712,0.01943089,-0.00064623
2013-02-28,combo_equal_weight_har_o_across_ml_har_augmented_log_rolling,Equal Weight | HAR+Option,Info-set equal weights,0.07807531,0.08821826,0.09381858,-0.01014295,-0.01574327,0.01014295,0.01574327,0.00010288,0.00024785,0.00560032,0.00014497,0.01774088,0.00614654,0.0179795,0.01797625,-3.25e-06
2013-03-31,combo_equal_weight_har_o_across_ml_har_augmented_log_rolling,Equal Weight | HAR+Option,Info-set equal weights,0.07750691,0.09277607,0.09632791,-0.01526916,-0.018821,0.01526916,0.018821,0.00023315,0.00035423,0.00355185,0.00012108,0.02129273,0.00626762,0.01682242,0.01691514,9.273e-05
2013-04-30,combo_equal_weight_har_o_across_ml_har_augmented_log_rolling,Equal Weight | HAR+Option,Info-set equal weights,0.09235894,0.08383049,0.09548052,0.00852845,-0.00312158,0.00852845,0.00312158,7.273e-05,9.74e-06,-0.00540687,-6.299e-05,0.01588586,0.00620463,0.01700149,0.01596906,-0.00103243
2013-05-31,combo_equal_weight_har_o_across_ml_har_augmented_log_rolling,Equal Weight | HAR+Option,Info-set equal weights,0.08770623,0.09613497,0.10060121,-0.00842874,-0.01289498,0.00842874,0.01289498,7.104e-05,0.00016628,0.00446624,9.524e-05,0.0203521,0.00629987,0.01563856,0.01595237,0.00031381
2013-06-30,combo_equal_weight_har_o_across_ml_har_augmented_log_rolling,Equal Weight | HAR+Option,Info-set equal weights,0.12836694,0.10054852,0.09896535,0.02781841,0.02940158,0.02781841,0.02940158,0.00077386,0.00086445,0.00158317,9.059e-05,0.02193527,0.00639046,0.0175171,0.01820164,0.00068454
2013-07-31,combo_equal_weight_har_o_across_ml_har_augmented_log_rolling,Equal Weight | HAR+Option,Info-set equal weights,0.07678995,0.16515768,0.11422798,-0.08836773,-0.03743803,0.08836773,0.03743803,0.00780886,0.00140161,-0.0509297,-0.00640725,-0.02899444,-1.679e-05,0.02449186,0.01966189,-0.00482997
2013-08-31,combo_equal_weight_har_o_across_ml_har_augmented_log_rolling,Equal Weight | HAR+Option,Info-set equal weights,0.07837318,0.08516413,0.09643315,-0.00679094,-0.01805997,0.00679094,0.01805997,4.612e-05,0.00032616,0.01126902,0.00028005,-0.01772541,0.00026325,0.02098701,0.01839045,-0.00259656
2013-09-30,combo_equal_weight_har_o_across_ml_har_augmented_log_rolling,Equal Weight | HAR+Option,Info-set equal weights,0.07842193,0.10196859,0.09639643,-0.02354666,-0.01797449,0.02354666,0.01797449,0.00055445,0.00032308,-0.00557216,-0.00023136,-0.02329758,3.189e-05,0.02091278,0.01786466,-0.00304812
2013-10-31,combo_equal_weight_har_o_across_ml_har_augmented_log_rolling,Equal Weight | HAR+Option,Info-set equal weights,0.08610878,0.10720123,0.09514152,-0.02109245,-0.00903273,0.02109245,0.00903273,0.00044489,8.159e-05,-0.01205972,-0.0003633,-0.0353573,-0.00033141,0.0224405,0.01814922,-0.00429127
2013-11-30,combo_equal_weight_har_o_across_ml_har_augmented_log_rolling,Equal Weight | HAR+Option,Info-set equal weights,0.06981601,0.09099193,0.09755242,-0.02117592,-0.02773641,0.02117592,0.02773641,0.00044842,0.00076931,0.00656049,0.00032089,-0.0287968,-1.052e-05,0.02368807,0.01985098,-0.00383709
2013-12-31,combo_equal_weight_har_o_across_ml_har_augmented_log_rolling,Equal Weight | HAR+Option,Info-set equal weights,0.07121165,0.09499614,0.09196516,-0.02378449,-0.02075351,0.02378449,0.02075351,0.0005657,0.00043071,-0.00303098,-0.00013499,-0.03182779,-0.00014552,0.02518625,0.02078285,-0.00440339
2014-01-31,combo_equal_weight_har_o_across_ml_har_augmented_log_rolling,Equal Weight | HAR+Option,Info-set equal weights,0.0885142,0.08347532,0.09186938,0.00503888,-0.00335518,0.00503888,0.00335518,2.539e-05,1.126e-05,-0.00168369,-1.413e-05,-0.03351148,-0.00015965,0.0216654,0.01786106,-0.00380434
2014-02-28,combo_equal_weight_har_o_across_ml_har_augmented_log_rolling,Equal Weight | HAR+Option,Info-set equal weights,0.09024819,0.12774241,0.09720438,-0.03749421,-0.00695618,0.03749421,0.00695618,0.00140582,4.839e-05,-0.03053803,-0.00135743,-0.06404951,-0.00151708,0.02394467,0.0171288,-0.00681587
2014-03-31,combo_equal_weight_har_o_across_ml_har_augmented_log_rolling,Equal Weight | HAR+Option,Info-set equal weights,0.09283748,0.09222202,0.09823287,0.00061546,-0.0053954,0.00061546,0.0053954,3.8e-07,2.911e-05,0.00477994,2.873e-05,-0.05926957,-0.00148835,0.02272353,0.01601,-0.00671353
2014-04-30,combo_equal_weight_har_o_across_ml_har_augmented_log_rolling,Equal Weight | HAR+Option,Info-set equal weights,0.0959287,0.09143318,0.09944134,0.00449552,-0.00351264,0.00449552,0.00351264,2.021e-05,1.234e-05,-0.00098288,-7.87e-06,-0.06025246,-0.00149622,0.02238745,0.01604259,-0.00634486
2014-05-31,combo_equal_weight_har_o_across_ml_har_augmented_log_rolling,Equal Weight | HAR+Option,Info-set equal weights,0.07303027,0.09304932,0.10058053,-0.02001905,-0.02755026,0.02001905,0.02755026,0.00040076,0.00075902,0.00753121,0.00035825,-0.05272125,-0.00113796,0.02335331,0.01726387,-0.00608945
2014-06-30,combo_equal_weight_har_o_across_ml_har_augmented_log_rolling,Equal Weight | HAR+Option,Info-set equal weights,0.05653613,0.08512529,0.09262975,-0.02858916,-0.03609362,0.02858916,0.03609362,0.00081734,0.00130275,0.00750446,0.00048541,-0.04521679,-0.00065255,0.02341754,0.01782154,-0.005596
2014-07-31,combo_equal_weight_har_o_across_ml_har_augmented_log_rolling,Equal Weight | HAR+Option,Info-set equal weights,0.0660717,0.07885279,0.08642521,-0.01278108,-0.02035351,0.01278108,0.02035351,0.00016336,0.00041427,0.00757243,0.00025091,-0.03764436,-0.00040164,0.01711865,0.01639783,-0.00072083
2014-08-31,combo_equal_weight_har_o_across_ml_har_augmented_log_rolling,Equal Weight | HAR+Option,Info-set equal weights,0.0752277,0.09188002,0.08808877,-0.01665232,-0.01286107,0.01665232,0.01286107,0.0002773,0.00016541,-0.00379125,-0.00011189,-0.04143561,-0.00051354,0.01794043,0.01596458,-0.00197585
2014-09-30,combo_equal_weight_har_o_across_ml_har_augmented_log_rolling,Equal Weight | HAR+Option,Info-set equal weights,0.0762108,0.07826372,0.09063727,-0.00205292,-0.01442647,0.00205292,0.01442647,4.21e-06,0.00020812,0.01237355,0.00020391,-0.02906206,-0.00030963,0.01614929,0.01566892,-0.00048037
2014-10-31,combo_equal_weight_har_o_across_ml_har_augmented_log_rolling,Equal Weight | HAR+Option,Info-set equal weights,0.14399204,0.09829053,0.09121305,0.04570151,0.05277899,0.04570151,0.05277899,0.00208863,0.00278562,0.00707748,0.00069699,-0.02198458,0.00038737,0.01820004,0.01931444,0.00111439
2014-11-30,combo_equal_weight_har_o_across_ml_har_augmented_log_rolling,Equal Weight | HAR+Option,Info-set equal weights,0.06427653,0.11446043,0.1166976,-0.0501839,-0.05242108,0.0501839,0.05242108,0.00251842,0.00274797,0.00223717,0.00022955,-0.01974741,0.00061691,0.02061738,0.02137149,0.00075412
2014-12-31,combo_equal_weight_har_o_across_ml_har_augmented_log_rolling,Equal Weight | HAR+Option,Info-set equal weights,0.10043239,0.08260773,0.08989329,0.01782466,0.0105391,0.01782466,0.0105391,0.00031772,0.00011107,-0.00728556,-0.00020665,-0.02703297,0.00041027,0.02012072,0.02052029,0.00039957
2015-01-31,combo_equal_weight_har_o_across_ml_har_augmented_log_rolling,Equal Weight | HAR+Option,Info-set equal weights,0.13813587,0.15782865,0.10182245,-0.01969278,0.03631343,0.01969278,0.03631343,0.00038781,0.00131866,0.01662064,0.00093086,-0.01041232,0.00134112,0.02134188,0.02326681,0.00192493
2015-02-28,combo_equal_weight_har_o_across_ml_har_augmented_log_rolling,Equal Weight | HAR+Option,Info-set equal weights,0.09213617,0.12420708,0.11523843,-0.03207091,-0.02310226,0.03207091,0.02310226,0.00102854,0.00053371,-0.00896865,-0.00049483,-0.01938098,0.0008463,0.02088994,0.02461232,0.00372238
2015-03-31,combo_equal_weight_har_o_across_ml_har_augmented_log_rolling,Equal Weight | HAR+Option,Info-set equal weights,0.08527221,0.08820518,0.1007801,-0.00293298,-0.0155079,0.00293298,0.0155079,8.6e-06,0.00024049,0.01257492,0.00023189,-0.00680606,0.00107819,0.02108307,0.02545503,0.00437196
2015-04-30,combo_equal_weight_har_o_across_ml_har_augmented_log_rolling,Equal Weight | HAR+Option,Info-set equal weights,0.08426138,0.11885106,0.09809242,-0.03458968,-0.01383104,0.03458968,0.01383104,0.00119645,0.0001913,-0.02075864,-0.00100515,-0.0275647,7.304e-05,0.02359091,0.02631489,0.00272398
2015-05-31,combo_equal_weight_har_o_across_ml_har_augmented_log_rolling,Equal Weight | HAR+Option,Info-set equal weights,0.0753713,0.09918659,0.09617712,-0.02381528,-0.02080582,0.02381528,0.02080582,0.00056717,0.00043288,-0.00300947,-0.00013429,-0.03057416,-6.125e-05,0.02390726,0.02575286,0.00184559
2015-06-30,combo_equal_weight_har_o_across_ml_har_augmented_log_rolling,Equal Weight | HAR+Option,Info-set equal weights,0.08191996,0.08483684,0.09304976,-0.00291689,-0.01112981,0.00291689,0.01112981,8.51e-06,0.00012387,0.00821292,0.00011536,-0.02236124,5.412e-05,0.02176791,0.02367254,0.00190463
2015-07-31,combo_equal_weight_har_o_across_ml_har_augmented_log_rolling,Equal Weight | HAR+Option,Info-set equal weights,0.08281331,0.1009372,0.09519662,-0.01812389,-0.01238331,0.01812389,0.01238331,0.00032848,0.00015335,-0.00574058,-0.00017513,-0.02810182,-0.00012101,0.02221314,0.02300835,0.00079521
2015-08-31,combo_equal_weight_har_o_across_ml_har_augmented_log_rolling,Equal Weight | HAR+Option,Info-set equal weights,0.18124678,0.08254698,0.09560516,0.0986998,0.08564162,0.0986998,0.08564162,0.00974165,0.00733449,-0.01305818,-0.00240716,-0.04116,-0.00252817,0.02905043,0.0290734,2.297e-05
2015-09-30,combo_equal_weight_har_o_across_ml_har_augmented_log_rolling,Equal Weight | HAR+Option,Info-set equal weights,0.15257606,0.17392571,0.13513135,-0.02134965,0.01744471,0.02134965,0.01744471,0.00045581,0.00030432,-0.00390493,-0.00015149,-0.04506493,-0.00267966,0.03065849,0.02932492,-0.00133357
2015-10-31,combo_equal_weight_har_o_across_ml_har_augmented_log_rolling,Equal Weight | HAR+Option,Info-set equal weights,0.1095216,0.12850207,0.12697753,-0.01898047,-0.01745594,0.01898047,0.01745594,0.00036026,0.00030471,-0.00152453,-5.555e-05,-0.04658946,-0.00273521,0.02843174,0.02638133,-0.00205041
2015-11-30,combo_equal_weight_har_o_across_ml_har_augmented_log_rolling,Equal Weight | HAR+Option,Info-set equal weights,0.09094525,0.09683182,0.11088782,-0.00588657,-0.01994257,0.00588657,0.01994257,3.465e-05,0.00039771,0.014056,0.00036305,-0.03253347,-0.00237216,0.0247403,0.02367479,-0.0010655
2015-12-31,combo_equal_weight_har_o_across_ml_har_augmented_log_rolling,Equal Weight | HAR+Option,Info-set equal weights,0.12220819,0.09278639,0.10290397,0.0294218,0.01930422,0.0294218,0.01930422,0.00086564,0.00037265,-0.01011758,-0.00049299,-0.04265104,-0.00286515,0.02570672,0.02440522,-0.00130151
2016-01-31,combo_equal_weight_har_o_across_ml_har_augmented_log_rolling,Equal Weight | HAR+Option,Info-set equal weights,0.19111779,0.10581641,0.11368516,0.08530137,0.07743262,0.08530137,0.07743262,0.00727632,0.00599581,-0.00786875,-0.00128051,-0.05051979,-0.00414566,0.03117411,0.02783182,-0.00334229
2016-02-29,combo_equal_weight_har_o_across_ml_har_augmented_log_rolling,Equal Weight | HAR+Option,Info-set equal weights,0.16301964,0.122268,0.14513661,0.04075164,0.01788303,0.04075164,0.01788303,0.0016607,0.0003198,-0.02286861,-0.00134089,-0.0733884,-0.00548655,0.0318975,0.02739688,-0.00450062
2016-03-31,combo_equal_weight_har_o_across_ml_har_augmented_log_rolling,Equal Weight | HAR+Option,Info-set equal weights,0.09480278,0.13210011,0.13582316,-0.03729733,-0.04102037,0.03729733,0.04102037,0.00139109,0.00168267,0.00372304,0.00029158,-0.06966536,-0.00519497,0.0347612,0.02952292,-0.00523827
2016-04-30,combo_equal_weight_har_o_across_ml_har_augmented_log_rolling,Equal Weight | HAR+Option,Info-set equal weights,0.08229344,0.11502563,0.10862824,-0.03273219,-0.02633481,0.03273219,0.02633481,0.0010714,0.00069352,-0.00639739,-0.00037787,-0.07606274,-0.00557285,0.03460641,0.0305649,-0.0040415
2016-05-31,combo_equal_weight_har_o_across_ml_har_augmented_log_rolling,Equal Weight | HAR+Option,Info-set equal weights,0.08530203,0.10172556,0.10215381,-0.01642353,-0.01685178,0.01642353,0.01685178,0.00026973,0.00028398,0.00042824,1.425e-05,-0.0756345,-0.0055586,0.03399043,0.0302354,-0.00375503
2016-06-30,combo_equal_weight_har_o_across_ml_har_augmented_log_rolling,Equal Weight | HAR+Option,Info-set equal weights,0.09397396,0.10263923,0.10191531,-0.00866527,-0.00794135,0.00866527,0.00794135,7.509e-05,6.307e-05,-0.00072392,-1.202e-05,-0.07635842,-0.00557062,0.03446946,0.02996969,-0.00449976
2016-07-31,combo_equal_weight_har_o_across_ml_har_augmented_log_rolling,Equal Weight | HAR+Option,Info-set equal weights,0.06662709,0.09644424,0.10466726,-0.02981715,-0.03804017,0.02981715,0.03804017,0.00088906,0.00144705,0.00822302,0.00055799,-0.0681354,-0.00501263,0.0354439,0.03210777,-0.00333613
2016-08-31,combo_equal_weight_har_o_across_ml_har_augmented_log_rolling,Equal Weight | HAR+Option,Info-set equal weights,0.05875578,0.08671527,0.09501239,-0.02795948,-0.03625661,0.02795948,0.03625661,0.00078173,0.00131454,0.00829712,0.00053281,-0.05983828,-0.00447982,0.02954887,0.02799235,-0.00155652
2016-09-30,combo_equal_weight_har_o_across_ml_har_augmented_log_rolling,Equal Weight | HAR+Option,Info-set equal weights,0.08956114,0.10331899,0.09092766,-0.01375785,-0.00136651,0.01375785,0.00136651,0.00018928,1.87e-06,-0.01239134,-0.00018741,-0.07222962,-0.00466723,0.02891622,0.0266525,-0.00226372
2016-10-31,combo_equal_weight_har_o_across_ml_har_augmented_log_rolling,Equal Weight | HAR+Option,Info-set equal weights,0.07645832,0.11359604,0.10017519,-0.03713772,-0.02371688,0.03713772,0.02371688,0.00137921,0.00056249,-0.01342084,-0.00081672,-0.08565046,-0.00548395,0.03042933,0.02717424,-0.00325508
2016-11-30,combo_equal_weight_har_o_across_ml_har_augmented_log_rolling,Equal Weight | HAR+Option,Info-set equal weights,0.08613464,0.1077681,0.09596475,-0.02163347,-0.00983012,0.02163347,0.00983012,0.00046801,9.663e-05,-0.01180335,-0.00037138,-0.09745381,-0.00585532,0.03174157,0.02633154,-0.00541003
2016-12-31,combo_equal_weight_har_o_across_ml_har_augmented_log_rolling,Equal Weight | HAR+Option,Info-set equal weights,0.06241094,0.08877632,0.09959472,-0.02636538,-0.03718377,0.02636538,0.03718377,0.00069513,0.00138263,0.01081839,0.0006875,-0.08663541,-0.00516782,0.03148687,0.0278215,-0.00366536
2017-01-31,combo_equal_weight_har_o_across_ml_har_augmented_log_rolling,Equal Weight | HAR+Option,Info-set equal weights,0.06212703,0.08675461,0.09131225,-0.02462757,-0.02918521,0.02462757,0.02918521,0.00060652,0.00085178,0.00455764,0.00024526,-0.08207777,-0.00492256,0.02643072,0.02380088,-0.00262983
2017-02-28,combo_equal_weight_har_o_across_ml_har_augmented_log_rolling,Equal Weight | HAR+Option,Info-set equal weights,0.05181816,0.07585958,0.08981388,-0.02404142,-0.03799572,0.02404142,0.03799572,0.00057799,0.00144367,0.0139543,0.00086568,-0.06812348,-0.00405688,0.0250382,0.02547694,0.00043874
2017-03-31,combo_equal_weight_har_o_across_ml_har_augmented_log_rolling,Equal Weight | HAR+Option,Info-set equal weights,0.06543911,0.07873692,0.08508029,-0.01329781,-0.01964118,0.01329781,0.01964118,0.00017683,0.00038578,0.00634337,0.00020894,-0.0617801,-0.00384794,0.02303824,0.02369534,0.0006571
2017-04-30,combo_equal_weight_har_o_across_ml_har_augmented_log_rolling,Equal Weight | HAR+Option,Info-set equal weights,0.06821277,0.07560209,0.08807873,-0.00738931,-0.01986596,0.00738931,0.01986596,5.46e-05,0.00039466,0.01247665,0.00034005,-0.04930346,-0.00350788,0.02092633,0.02315627,0.00222994
2017-05-31,combo_equal_weight_har_o_across_ml_har_augmented_log_rolling,Equal Weight | HAR+Option,Info-set equal weights,0.05167712,0.07612545,0.08906903,-0.02444834,-0.03739191,0.02444834,0.03739191,0.00059772,0.00139815,0.01294357,0.00080043,-0.03635988,-0.00270745,0.02159506,0.02486795,0.00327288
2017-06-30,combo_equal_weight_har_o_across_ml_har_augmented_log_rolling,Equal Weight | HAR+Option,Info-set equal weights,0.06000712,0.06595741,0.08363599,-0.00595029,-0.02362887,0.00595029,0.02362887,3.541e-05,0.00055832,0.01767858,0.00052292,-0.0186813,-0.00218453,0.02136882,0.02617524,0.00480643
2017-07-31,combo_equal_weight_har_o_across_ml_har_augmented_log_rolling,Equal Weight | HAR+Option,Info-set equal weights,0.04869214,0.07331449,0.08495022,-0.02462235,-0.03625807,0.02462235,0.03625807,0.00060626,0.00131465,0.01163573,0.00070839,-0.00704558,-0.00147614,0.02093592,0.02602673,0.00509082
2017-08-31,combo_equal_weight_har_o_across_ml_har_augmented_log_rolling,Equal Weight | HAR+Option,Info-set equal weights,0.05895137,0.0650254,0.08032493,-0.00607403,-0.02137356,0.00607403,0.02137356,3.689e-05,0.00045683,0.01529953,0.00041994,0.00825395,-0.00105621,0.01911213,0.02478648,0.00567435
2017-09-30,combo_equal_weight_har_o_across_ml_har_augmented_log_rolling,Equal Weight | HAR+Option,Info-set equal weights,0.04531107,0.07356783,0.08183425,-0.02825676,-0.03652319,0.02825676,0.03652319,0.00079844,0.00133394,0.00826642,0.0005355,0.01652037,-0.00052071,0.02032037,0.0277162,0.00739583
2017-10-31,combo_equal_weight_har_o_across_ml_har_augmented_log_rolling,Equal Weight | HAR+Option,Info-set equal weights,0.03786706,0.06409417,0.07706881,-0.02622711,-0.03920175,0.02622711,0.03920175,0.00068786,0.00153678,0.01297464,0.00084892,0.02949501,0.00032821,0.01941115,0.02900661,0.00959546
2017-11-30,combo_equal_weight_har_o_across_ml_har_augmented_log_rolling,Equal Weight | HAR+Option,Info-set equal weights,0.04900293,0.05112876,0.07370597,-0.00212582,-0.02470304,0.00212582,0.02470304,4.52e-06,0.00061024,0.02257721,0.00060572,0.05207223,0.00093393,0.01778552,0.03024602,0.0124605
2017-12-31,combo_equal_weight_har_o_across_ml_har_augmented_log_rolling,Equal Weight | HAR+Option,Info-set equal weights,0.06019932,0.06013552,0.07481554,6.38e-05,-0.01461623,6.38e-05,0.01461623,0,0.00021363,0.01455243,0.00021363,0.06662465,0.00114756,0.01559372,0.02836539,0.01277167
2018-01-31,combo_equal_weight_har_o_across_ml_har_augmented_log_rolling,Equal Weight | HAR+Option,Info-set equal weights,0.06519769,0.07342658,0.07762023,-0.0082289,-0.01242254,0.0082289,0.01242254,6.771e-05,0.00015432,0.00419365,8.66e-05,0.0708183,0.00123416,0.01422716,0.0269685,0.01274134
2018-02-28,combo_equal_weight_har_o_across_ml_har_augmented_log_rolling,Equal Weight | HAR+Option,Info-set equal weights,0.1387046,0.08011455,0.07819547,0.05859004,0.06050912,0.05859004,0.06050912,0.00343279,0.00366135,0.00191908,0.00022856,0.07273738,0.00146272,0.01710621,0.02884462,0.0117384
2018-03-31,combo_equal_weight_har_o_across_ml_har_augmented_log_rolling,Equal Weight | HAR+Option,Info-set equal weights,0.13891564,0.1141031,0.10438966,0.02481254,0.03452598,0.02481254,0.03452598,0.00061566,0.00119204,0.00971344,0.00057638,0.08245083,0.00203911,0.01806577,0.03008502,0.01201924
2018-04-30,combo_equal_weight_har_o_across_ml_har_augmented_log_rolling,Equal Weight | HAR+Option,Info-set equal weights,0.1407784,0.18214258,0.10640081,-0.04136418,0.03437759,0.04136418,0.03437759,0.001711,0.00118182,-0.00698659,-0.00052918,0.07546424,0.00150993,0.02089701,0.03129432,0.01039731
2018-05-31,combo_equal_weight_har_o_across_ml_har_augmented_log_rolling,Equal Weight | HAR+Option,Info-set equal weights,0.09507116,0.0926943,0.10993222,0.00237687,-0.01486106,0.00237687,0.01486106,5.65e-06,0.00022085,0.0124842,0.0002152,0.08794843,0.00172513,0.01905772,0.02941675,0.01035903
2018-06-30,combo_equal_weight_har_o_across_ml_har_augmented_log_rolling,Equal Weight | HAR+Option,Info-set equal weights,0.08039533,0.08907789,0.09331526,-0.00868256,-0.01291992,0.00868256,0.01291992,7.539e-05,0.00016692,0.00423736,9.154e-05,0.0921858,0.00181667,0.01928541,0.02852434,0.00923892
2018-07-31,combo_equal_weight_har_o_across_ml_har_augmented_log_rolling,Equal Weight | HAR+Option,Info-set equal weights,0.0690613,0.09168961,0.08786672,-0.02262831,-0.01880541,0.02262831,0.01880541,0.00051204,0.00035364,-0.00382289,-0.0001584,0.08836291,0.00165827,0.01911924,0.02706995,0.00795071
2018-08-31,combo_equal_weight_har_o_across_ml_har_augmented_log_rolling,Equal Weight | HAR+Option,Info-set equal weights,0.05968197,0.06294516,0.08387116,-0.00326318,-0.02418919,0.00326318,0.02418919,1.065e-05,0.00058512,0.020926,0.00057447,0.10928891,0.00223274,0.01888501,0.02730459,0.00841958
2018-09-30,combo_equal_weight_har_o_across_ml_har_augmented_log_rolling,Equal Weight | HAR+Option,Info-set equal weights,0.0654128,0.07357229,0.08064715,-0.0081595,-0.01523435,0.0081595,0.01523435,6.658e-05,0.00023209,0.00707486,0.00016551,0.11636377,0.00239825,0.01721023,0.02553052,0.00832028
2018-10-31,combo_equal_weight_har_o_across_ml_har_augmented_log_rolling,Equal Weight | HAR+Option,Info-set equal weights,0.17260155,0.06837758,0.08166035,0.10422396,0.0909412,0.10422396,0.0909412,0.01086263,0.0082703,-0.01328276,-0.00259233,0.103081,-0.00019408,0.02370997,0.02984214,0.00613217
2018-11-30,combo_equal_weight_har_o_across_ml_har_augmented_log_rolling,Equal Weight | HAR+Option,Info-set equal weights,0.14550899,0.10316944,0.1199506,0.04233956,0.02555839,0.04233956,0.02555839,0.00179264,0.00065323,-0.01678117,-0.00113941,0.08629984,-0.00133349,0.02706112,0.02991342,0.0028523
2018-12-31,combo_equal_weight_har_o_across_ml_har_augmented_log_rolling,Equal Weight | HAR+Option,Info-set equal weights,0.23558433,0.1044788,0.11588897,0.13110552,0.11969536,0.13110552,0.11969536,0.01718866,0.01432698,-0.01141017,-0.00286168,0.07488967,-0.00419517,0.03798126,0.03867001,0.00068875
2019-01-31,combo_equal_weight_har_o_across_ml_har_augmented_log_rolling,Equal Weight | HAR+Option,Info-set equal weights,0.13805562,0.18166316,0.18961141,-0.04360754,-0.05155579,0.04360754,0.05155579,0.00190162,0.002658,0.00794825,0.00075638,0.08283792,-0.00343879,0.04092948,0.04193111,0.00100163
2019-02-28,combo_equal_weight_har_o_across_ml_har_augmented_log_rolling,Equal Weight | HAR+Option,Info-set equal weights,0.08205478,0.09804197,0.11797261,-0.01598719,-0.03591783,0.01598719,0.03591783,0.00025559,0.00129009,0.01993064,0.0010345,0.10276856,-0.00240429,0.03737924,0.03988184,0.0025026
2019-03-31,combo_equal_weight_har_o_across_ml_har_augmented_log_rolling,Equal Weight | HAR+Option,Info-set equal weights,0.09470707,0.09003437,0.0875381,0.0046727,0.00716898,0.0046727,0.00716898,2.183e-05,5.139e-05,0.00249628,2.956e-05,0.10526484,-0.00237473,0.03570092,0.03760209,0.00190117
2019-04-30,combo_equal_weight_har_o_across_ml_har_augmented_log_rolling,Equal Weight | HAR+Option,Info-set equal weights,0.05727866,0.09341981,0.09525854,-0.03614116,-0.03797988,0.03614116,0.03797988,0.00130618,0.00144247,0.00183873,0.00013629,0.10710356,-0.00223844,0.03526567,0.03790228,0.00263661
2019-05-31,combo_equal_weight_har_o_across_ml_har_augmented_log_rolling,Equal Weight | HAR+Option,Info-set equal weights,0.11646584,0.06937254,0.07847861,0.0470933,0.03798723,0.0470933,0.03798723,0.00221778,0.00144303,-0.00910607,-0.00077475,0.09799749,-0.00301319,0.03899204,0.03982946,0.00083742
2019-06-30,combo_equal_weight_har_o_across_ml_har_augmented_log_rolling,Equal Weight | HAR+Option,Info-set equal weights,0.08633239,0.1471876,0.10607152,-0.06085521,-0.01973913,0.06085521,0.01973913,0.00370336,0.00038963,-0.04111608,-0.00331372,0.05688141,-0.00632691,0.04333976,0.04039773,-0.00294203
2019-07-31,combo_equal_weight_har_o_across_ml_har_augmented_log_rolling,Equal Weight | HAR+Option,Info-set equal weights,0.06669148,0.08733746,0.09128019,-0.02064598,-0.02458871,0.02064598,0.02458871,0.00042626,0.0006046,0.00394274,0.00017835,0.06082414,-0.00614857,0.04317457,0.04087967,-0.0022949
2019-08-31,combo_equal_weight_har_o_across_ml_har_augmented_log_rolling,Equal Weight | HAR+Option,Info-set equal weights,0.13916472,0.08285537,0.08281996,0.05630935,0.05634477,0.05630935,0.05634477,0.00317074,0.00317473,3.541e-05,3.99e-06,0.06085956,-0.00614458,0.04759508,0.0435593,-0.00403578
2019-09-30,combo_equal_weight_har_o_across_ml_har_augmented_log_rolling,Equal Weight | HAR+Option,Info-set equal weights,0.08899928,0.10084568,0.11891754,-0.01184641,-0.02991826,0.01184641,0.02991826,0.00014034,0.0008951,0.01807185,0.00075477,0.07893141,-0.00538981,0.04790232,0.04478296,-0.00311936
2019-10-31,combo_equal_weight_har_o_across_ml_har_augmented_log_rolling,Equal Weight | HAR+Option,Info-set equal weights,0.09164451,0.18866291,0.09436573,-0.09701839,-0.00272122,0.09701839,0.00272122,0.00941257,7.41e-06,-0.09429718,-0.00940516,-0.01536576,-0.01479498,0.04730186,0.0374313,-0.00987056
2019-11-30,combo_equal_weight_har_o_across_ml_har_augmented_log_rolling,Equal Weight | HAR+Option,Info-set equal weights,0.05524849,0.06930014,0.09472056,-0.01405164,-0.03947207,0.01405164,0.03947207,0.00019745,0.00155804,0.02542042,0.0013606,0.01005466,-0.01343438,0.04494453,0.03859077,-0.00635376
2019-12-31,combo_equal_weight_har_o_across_ml_har_augmented_log_rolling,Equal Weight | HAR+Option,Info-set equal weights,0.06209932,0.09286618,0.07849395,-0.03076686,-0.01639463,0.03076686,0.01639463,0.0009466,0.00026878,-0.01437223,-0.00067782,-0.00431757,-0.0141122,0.03658298,0.02998237,-0.0066006
2020-01-31,combo_equal_weight_har_o_across_ml_har_augmented_log_rolling,Equal Weight | HAR+Option,Info-set equal weights,0.07975763,0.07854395,0.07879248,0.00121368,0.00096515,0.00121368,0.00096515,1.47e-06,9.3e-07,-0.00024853,-5.4e-07,-0.00456609,-0.01411274,0.03305016,0.02576649,-0.00728367
2020-02-29,combo_equal_weight_har_o_across_ml_har_augmented_log_rolling,Equal Weight | HAR+Option,Info-set equal weights,0.18564385,0.12902702,0.08500203,0.05661683,0.10064182,0.05661683,0.10064182,0.00320547,0.01012878,0.04402499,0.00692331,0.03945889,-0.00718943,0.03643596,0.03116015,-0.00527581
2020-03-31,combo_equal_weight_har_o_across_ml_har_augmented_log_rolling,Equal Weight | HAR+Option,Info-set equal weights,0.58295547,0.29387964,0.14520964,0.28907584,0.43774583,0.28907584,0.43774583,0.08356484,0.19162141,0.14867,0.10805657,0.18812889,0.10086715,0.06013622,0.06704156,0.00690534
2020-04-30,combo_equal_weight_har_o_across_ml_har_augmented_log_rolling,Equal Weight | HAR+Option,Info-set equal weights,0.24991991,0.42161855,1.54497553,-0.17169864,-1.29505562,0.17169864,1.29505562,0.02948042,1.67716907,1.12335698,1.64768864,1.31148587,1.74855579,0.07143268,0.17179787,0.10036519
2020-05-31,combo_equal_weight_har_o_across_ml_har_augmented_log_rolling,Equal Weight | HAR+Option,Info-set equal weights,0.16410989,0.1510348,0.187209,0.01307509,-0.0230991,0.01307509,0.0230991,0.00017096,0.00053357,0.01002401,0.00036261,1.32150988,1.7489184,0.06859783,0.17055719,0.10195937
2020-06-30,combo_equal_weight_har_o_across_ml_har_augmented_log_rolling,Equal Weight | HAR+Option,Info-set equal weights,0.18276328,0.15346371,0.13434073,0.02929957,0.04842255,0.02929957,0.04842255,0.00085846,0.00234474,0.01912298,0.00148628,1.34063286,1.75040468,0.06596819,0.17294748,0.10697929
2020-07-31,combo_equal_weight_har_o_across_ml_har_augmented_log_rolling,Equal Weight | HAR+Option,Info-set equal weights,0.13369031,0.17785,0.14973507,-0.04415969,-0.01604476,0.04415969,0.01604476,0.00195008,0.00025743,-0.02811492,-0.00169264,1.31251794,1.74871203,0.06792767,0.17223548,0.10430782
2020-08-31,combo_equal_weight_har_o_across_ml_har_augmented_log_rolling,Equal Weight | HAR+Option,Info-set equal weights,0.08711462,0.17732449,0.12370315,-0.09020987,-0.03658853,0.09020987,0.03658853,0.00813782,0.00133872,-0.05362134,-0.0067991,1.2588966,1.74191293,0.07075271,0.17058913,0.09983642
2020-09-30,combo_equal_weight_har_o_across_ml_har_augmented_log_rolling,Equal Weight | HAR+Option,Info-set equal weights,0.18583484,0.12819174,0.10151568,0.05764309,0.08431916,0.05764309,0.08431916,0.00332273,0.00710972,0.02667607,0.00378699,1.28557267,1.74569993,0.0745691,0.17512254,0.10055344
2020-10-31,combo_equal_weight_har_o_across_ml_har_augmented_log_rolling,Equal Weight | HAR+Option,Info-set equal weights,0.14700764,0.13702982,0.14927946,0.00997782,-0.00227183,0.00997782,0.00227183,9.956e-05,5.16e-06,-0.00770599,-9.44e-05,1.27786667,1.74560553,0.06731572,0.17508509,0.10776937
2020-11-30,combo_equal_weight_har_o_across_ml_har_augmented_log_rolling,Equal Weight | HAR+Option,Info-set equal weights,0.13540578,0.20710151,0.13272256,-0.07169573,0.00268322,0.07169573,0.00268322,0.00514028,7.2e-06,-0.06901251,-0.00513308,1.20885416,1.74047246,0.07211939,0.17201935,0.09989996
2020-12-31,combo_equal_weight_har_o_across_ml_har_augmented_log_rolling,Equal Weight | HAR+Option,Info-set equal weights,0.08727809,0.10441995,0.13042698,-0.01714187,-0.04314889,0.01714187,0.04314889,0.00029384,0.00186183,0.02600702,0.00156798,1.23486119,1.74204044,0.07098398,0.17424887,0.1032649
2021-01-31,combo_equal_weight_har_o_across_ml_har_augmented_log_rolling,Equal Weight | HAR+Option,Info-set equal weights,0.12643455,0.13321847,0.10846867,-0.00678392,0.01796589,0.00678392,0.01796589,4.602e-05,0.00032277,0.01118197,0.00027675,1.24604315,1.74231719,0.07144816,0.1756656,0.10421744
2021-02-28,combo_equal_weight_har_o_across_ml_har_augmented_log_rolling,Equal Weight | HAR+Option,Info-set equal weights,0.12196964,0.17234369,0.12688707,-0.05037405,-0.00491743,0.05037405,0.00491743,0.00253754,2.418e-05,-0.04545662,-0.00251336,1.20058653,1.73980383,0.07092793,0.16768857,0.09676064
2021-03-31,combo_equal_weight_har_o_across_ml_har_augmented_log_rolling,Equal Weight | HAR+Option,Info-set equal weights,0.14192329,0.14671971,0.12423121,-0.00479642,0.01769207,0.00479642,0.01769207,2.301e-05,0.00031301,0.01289565,0.00029,1.21348218,1.74009383,0.04723798,0.13268409,0.08544611
2021-04-30,combo_equal_weight_har_o_across_ml_har_augmented_log_rolling,Equal Weight | HAR+Option,Info-set equal weights,0.07227313,0.12927507,0.12520714,-0.05700194,-0.05293401,0.05700194,0.05293401,0.00324922,0.00280201,-0.00406793,-0.00044721,1.20941425,1.73964662,0.03767992,0.02917395,-0.00850597
2021-05-31,combo_equal_weight_har_o_across_ml_har_augmented_log_rolling,Equal Weight | HAR+Option,Info-set equal weights,0.09818055,0.11876533,0.09539606,-0.02058478,0.00278449,0.02058478,0.00278449,0.00042373,7.75e-06,-0.01780029,-0.00041598,1.19161397,1.73923064,0.03830573,0.02748107,-0.01082466
2021-06-30,combo_equal_weight_har_o_across_ml_har_augmented_log_rolling,Equal Weight | HAR+Option,Info-set equal weights,0.06526994,0.1089805,0.10263326,-0.04371057,-0.03736333,0.04371057,0.03736333,0.00191061,0.00139602,-0.00634724,-0.0005146,1.18526673,1.73871604,0.03950665,0.02655947,-0.01294718
2021-07-31,combo_equal_weight_har_o_across_ml_har_augmented_log_rolling,Equal Weight | HAR+Option,Info-set equal weights,0.07520977,0.08881863,0.08885329,-0.01360886,-0.01364352,0.01360886,0.01364352,0.0001852,0.00018615,3.466e-05,9.4e-07,1.18530139,1.73871699,0.03696074,0.02635936,-0.01060138
2021-08-31,combo_equal_weight_har_o_across_ml_har_augmented_log_rolling,Equal Weight | HAR+Option,Info-set equal weights,0.06362476,0.10641517,0.09090206,-0.04279041,-0.02727729,0.04279041,0.02727729,0.00183102,0.00074405,-0.01551311,-0.00108697,1.16978828,1.73763002,0.03300912,0.02558343,-0.00742569
2021-09-30,combo_equal_weight_har_o_across_ml_har_augmented_log_rolling,Equal Weight | HAR+Option,Info-set equal weights,0.10189251,0.08109343,0.08521496,0.02079907,0.01667755,0.02079907,0.01667755,0.0004326,0.00027814,-0.00412152,-0.00015446,1.16566675,1.73747556,0.02993879,0.01994663,-0.00999216
2021-10-31,combo_equal_weight_har_o_across_ml_har_augmented_log_rolling,Equal Weight | HAR+Option,Info-set equal weights,0.09768553,0.1059144,0.09621429,-0.00822888,0.00147123,0.00822888,0.00147123,6.771e-05,2.16e-06,-0.00675764,-6.555e-05,1.15890911,1.73741001,0.02979304,0.01987991,-0.00991313
2021-11-30,combo_equal_weight_har_o_across_ml_har_augmented_log_rolling,Equal Weight | HAR+Option,Info-set equal weights,0.08990034,0.07231712,0.09457941,0.01758322,-0.00467908,0.01758322,0.00467908,0.00030917,2.189e-05,-0.01290415,-0.00028728,1.14600496,1.73712273,0.02528367,0.02004623,-0.00523743
2021-12-31,combo_equal_weight_har_o_across_ml_har_augmented_log_rolling,Equal Weight | HAR+Option,Info-set equal weights,0.12715669,0.11975347,0.09180554,0.00740322,0.03535115,0.00740322,0.03535115,5.481e-05,0.0012497,0.02794793,0.0011949,1.17395289,1.73831763,0.02447211,0.01939642,-0.00507569
2022-01-31,combo_equal_weight_har_o_across_ml_har_augmented_log_rolling,Equal Weight | HAR+Option,Info-set equal weights,0.2054063,0.08704076,0.10455535,0.11836554,0.10085095,0.11836554,0.10085095,0.0140104,0.01017091,-0.01751459,-0.00383949,1.1564383,1.73447814,0.03377058,0.02630351,-0.00746707
2022-02-28,combo_equal_weight_har_o_across_ml_har_augmented_log_rolling,Equal Weight | HAR+Option,Info-set equal weights,0.18906515,0.13004473,0.13873051,0.05902042,0.05033464,0.05902042,0.05033464,0.00348341,0.00253358,-0.00868579,-0.00094983,1.14775251,1.73352831,0.03449111,0.03008828,-0.00440284
2022-03-31,combo_equal_weight_har_o_across_ml_har_augmented_log_rolling,Equal Weight | HAR+Option,Info-set equal weights,0.1731367,0.27235682,0.13572155,-0.09922013,0.03741514,0.09922013,0.03741514,0.00984463,0.00139989,-0.06180498,-0.00844474,1.08594753,1.72508357,0.04235975,0.03173187,-0.01062789
2022-04-30,combo_equal_weight_har_o_across_ml_har_augmented_log_rolling,Equal Weight | HAR+Option,Info-set equal weights,0.15851479,0.11515801,0.13127507,0.04335678,0.02723972,0.04335678,0.02723972,0.00187981,0.000742,-0.01611707,-0.00113781,1.06983046,1.72394576,0.04122266,0.02959067,-0.01163198
2022-05-31,combo_equal_weight_har_o_across_ml_har_augmented_log_rolling,Equal Weight | HAR+Option,Info-set equal weights,0.2578389,0.15439442,0.12724383,0.10344449,0.13059508,0.10344449,0.13059508,0.01070076,0.01705507,0.02715059,0.00635431,1.09698105,1.73030007,0.04812763,0.04024156,-0.00788608
2022-06-30,combo_equal_weight_har_o_across_ml_har_augmented_log_rolling,Equal Weight | HAR+Option,Info-set equal weights,0.20628661,0.27035653,0.18639549,-0.06406992,0.01989112,0.06406992,0.01989112,0.00410495,0.00039566,-0.0441788,-0.0037093,1.05280225,1.72659077,0.04982425,0.03878554,-0.01103871
2022-07-31,combo_equal_weight_har_o_across_ml_har_augmented_log_rolling,Equal Weight | HAR+Option,Info-set equal weights,0.16389054,0.17099452,0.16323174,-0.00710398,0.0006588,0.00710398,0.0006588,5.047e-05,4.3e-07,-0.00644518,-5.003e-05,1.04635707,1.72654074,0.04928217,0.03770348,-0.01157869
2022-08-31,combo_equal_weight_har_o_across_ml_har_augmented_log_rolling,Equal Weight | HAR+Option,Info-set equal weights,0.13005032,0.11795444,0.14456027,0.01209588,-0.01450995,0.01209588,0.01450995,0.00014631,0.00021054,0.00241407,6.423e-05,1.04877114,1.72660497,0.04672429,0.03663953,-0.01008476
2022-09-30,combo_equal_weight_har_o_across_ml_har_augmented_log_rolling,Equal Weight | HAR+Option,Info-set equal weights,0.19626273,0.14237774,0.12637585,0.05388498,0.06988687,0.05388498,0.06988687,0.00290359,0.00488417,0.01600189,0.00198058,1.06477303,1.72858555,0.04948145,0.04107364,-0.00840781
2022-10-31,combo_equal_weight_har_o_across_ml_har_augmented_log_rolling,Equal Weight | HAR+Option,Info-set equal weights,0.19975826,0.17946858,0.1614805,0.02028968,0.03827776,0.02028968,0.03827776,0.00041167,0.00146519,0.01798809,0.00105352,1.08276112,1.72963907,0.05048652,0.04414085,-0.00634567
2022-11-30,combo_equal_weight_har_o_across_ml_har_augmented_log_rolling,Equal Weight | HAR+Option,Info-set equal weights,0.16948675,0.15661112,0.170144,0.01287563,-0.00065725,0.01287563,0.00065725,0.00016578,4.3e-07,-0.01221838,-0.00016535,1.07054274,1.72947372,0.05009422,0.0438057,-0.00628852
2022-12-31,combo_equal_weight_har_o_across_ml_har_augmented_log_rolling,Equal Weight | HAR+Option,Info-set equal weights,0.15877952,0.12634891,0.15843758,0.03243061,0.00034194,0.03243061,0.00034194,0.00105174,1.2e-07,-0.03208867,-0.00105163,1.03845407,1.72842209,0.05217984,0.04088827,-0.01129157
2023-01-31,combo_equal_weight_har_o_across_ml_har_augmented_log_rolling,Equal Weight | HAR+Option,Info-set equal weights,0.14255764,0.13246395,0.15281384,0.01009368,-0.01025621,0.01009368,0.01025621,0.00010188,0.00010519,0.00016252,3.31e-06,1.0386166,1.7284254,0.04315718,0.03333871,-0.00981847
2023-02-28,combo_equal_weight_har_o_across_ml_har_augmented_log_rolling,Equal Weight | HAR+Option,Info-set equal weights,0.14798801,0.14766599,0.14108966,0.00032202,0.00689835,0.00032202,0.00689835,1e-07,4.759e-05,0.00657633,4.748e-05,1.04519293,1.72847288,0.03826565,0.02971902,-0.00854663
2023-03-31,combo_equal_weight_har_o_across_ml_har_augmented_log_rolling,Equal Weight | HAR+Option,Info-set equal weights,0.16589266,0.11812769,0.14245861,0.04776497,0.02343405,0.04776497,0.02343405,0.00228149,0.00054915,-0.02433092,-0.00173234,1.02086201,1.72674054,0.03397772,0.02855393,-0.00542379
2023-04-30,combo_equal_weight_har_o_across_ml_har_augmented_log_rolling,Equal Weight | HAR+Option,Info-set equal weights,0.08994252,0.1159551,0.15253063,-0.02601258,-0.06258811,0.02601258,0.06258811,0.00067665,0.00391727,0.03657553,0.00324062,1.05743754,1.72998116,0.03253237,0.03149962,-0.00103274
2023-05-31,combo_equal_weight_har_o_across_ml_har_augmented_log_rolling,Equal Weight | HAR+Option,Info-set equal weights,0.10574234,0.08596658,0.11438662,0.01977576,-0.00864427,0.01977576,0.00864427,0.00039108,7.472e-05,-0.01113149,-0.00031636,1.04630605,1.7296648,0.02555997,0.02133706,-0.00422292
2023-06-30,combo_equal_weight_har_o_across_ml_har_augmented_log_rolling,Equal Weight | HAR+Option,Info-set equal weights,0.09100868,0.08118185,0.11566273,0.00982683,-0.02465406,0.00982683,0.02465406,9.657e-05,0.00060782,0.01482723,0.00051126,1.06113328,1.73017606,0.02103972,0.02173397,0.00069425
2023-07-31,combo_equal_weight_har_o_across_ml_har_augmented_log_rolling,Equal Weight | HAR+Option,Info-set equal weights,0.07268551,0.07695965,0.10498751,-0.00427414,-0.032302,0.00427414,0.032302,1.827e-05,0.00104342,0.02802786,0.00102515,1.08916114,1.73120121,0.0208039,0.0243709,0.00356701
2023-08-31,combo_equal_weight_har_o_across_ml_har_augmented_log_rolling,Equal Weight | HAR+Option,Info-set equal weights,0.09745315,0.08438872,0.09628427,0.01306442,0.00116888,0.01306442,0.00116888,0.00017068,1.37e-06,-0.01189555,-0.00016931,1.0772656,1.7310319,0.02088461,0.02325915,0.00237454
2023-09-30,combo_equal_weight_har_o_across_ml_har_augmented_log_rolling,Equal Weight | HAR+Option,Info-set equal weights,0.09176085,0.07108713,0.10361721,0.02067372,-0.01185637,0.02067372,0.01185637,0.0004274,0.00014057,-0.00881735,-0.00028683,1.06844824,1.73074507,0.018117,0.01842327,0.00030627
2023-10-31,combo_equal_weight_har_o_across_ml_har_augmented_log_rolling,Equal Weight | HAR+Option,Info-set equal weights,0.12613768,0.09602018,0.10019084,0.03011749,0.02594684,0.03011749,0.02594684,0.00090706,0.00067324,-0.00417066,-0.00023383,1.06427759,1.73051124,0.01893599,0.01739569,-0.00154029
2023-11-30,combo_equal_weight_har_o_across_ml_har_augmented_log_rolling,Equal Weight | HAR+Option,Info-set equal weights,0.08061106,0.10818626,0.11318387,-0.02757521,-0.03257281,0.02757521,0.03257281,0.00076039,0.00106099,0.00499761,0.0003006,1.06927519,1.73081184,0.02016095,0.02005532,-0.00010563
2023-12-31,combo_equal_weight_har_o_across_ml_har_augmented_log_rolling,Equal Weight | HAR+Option,Info-set equal weights,0.07463208,0.08618219,0.09612049,-0.01155011,-0.0214884,0.01155011,0.0214884,0.00013341,0.00046175,0.00993829,0.00032835,1.07921349,1.73114019,0.01842091,0.02181753,0.00339662
2024-01-31,combo_equal_weight_har_o_across_ml_har_augmented_log_rolling,Equal Weight | HAR+Option,Info-set equal weights,0.0851791,0.08633442,0.09260378,-0.00115532,-0.00742468,0.00115532,0.00742468,1.33e-06,5.513e-05,0.00626936,5.379e-05,1.08548285,1.73119398,0.01767605,0.02158157,0.00390552
2011-03-31,combo_equal_weight_har_m_across_ml_har_augmented_log_rolling,Equal Weight | HAR+Macro,Info-set equal weights,0.1239968,0.09505681,0.11607562,0.02893998,0.00792117,0.02893998,0.00792117,0.00083752,6.274e-05,-0.02101881,-0.00077478,-0.02101881,-0.00077478,,,
2011-04-30,combo_equal_weight_har_m_across_ml_har_augmented_log_rolling,Equal Weight | HAR+Macro,Info-set equal weights,0.08197577,0.11090237,0.12651617,-0.0289266,-0.0445404,0.0289266,0.0445404,0.00083675,0.00198385,0.0156138,0.0011471,-0.00540501,0.00037232,,,
2011-05-31,combo_equal_weight_har_m_across_ml_har_augmented_log_rolling,Equal Weight | HAR+Macro,Info-set equal weights,0.10443997,0.10581608,0.11306831,-0.00137611,-0.00862834,0.00137611,0.00862834,1.89e-06,7.445e-05,0.00725223,7.255e-05,0.00184722,0.00044488,,,
2011-06-30,combo_equal_weight_har_m_across_ml_har_augmented_log_rolling,Equal Weight | HAR+Macro,Info-set equal weights,0.11731825,0.11344129,0.11566157,0.00387697,0.00165669,0.00387697,0.00165669,1.503e-05,2.74e-06,-0.00222028,-1.229e-05,-0.00037306,0.00043259,,,
2011-07-31,combo_equal_weight_har_m_across_ml_har_augmented_log_rolling,Equal Weight | HAR+Macro,Info-set equal weights,0.11132267,0.10919136,0.11708849,0.00213131,-0.00576582,0.00213131,0.00576582,4.54e-06,3.324e-05,0.00363451,2.87e-05,0.00326145,0.00046129,,,
2011-08-31,combo_equal_weight_har_m_across_ml_har_augmented_log_rolling,Equal Weight | HAR+Macro,Info-set equal weights,0.30047559,0.11592214,0.11397057,0.18455345,0.18650502,0.18455345,0.18650502,0.03405998,0.03478412,0.00195157,0.00072415,0.00521302,0.00118544,,,
2011-09-30,combo_equal_weight_har_m_across_ml_har_augmented_log_rolling,Equal Weight | HAR+Macro,Info-set equal weights,0.23741865,0.24444494,0.18733709,-0.00702629,0.05008156,0.00702629,0.05008156,4.937e-05,0.00250816,0.04305528,0.00245879,0.0482683,0.00364423,,,
2011-10-31,combo_equal_weight_har_m_across_ml_har_augmented_log_rolling,Equal Weight | HAR+Macro,Info-set equal weights,0.21104059,0.21085877,0.15661848,0.00018183,0.05442212,0.00018183,0.05442212,3e-08,0.00296177,0.05424029,0.00296173,0.10250859,0.00660597,,,
2011-11-30,combo_equal_weight_har_m_across_ml_har_augmented_log_rolling,Equal Weight | HAR+Macro,Info-set equal weights,0.18299764,0.12461436,0.14490642,0.05838328,0.03809122,0.05838328,0.03809122,0.00340861,0.00145094,-0.02029206,-0.00195767,0.08221653,0.0046483,,,
2011-12-31,combo_equal_weight_har_m_across_ml_har_augmented_log_rolling,Equal Weight | HAR+Macro,Info-set equal weights,0.12641057,0.13869992,0.1422497,-0.01228935,-0.01583913,0.01228935,0.01583913,0.00015103,0.00025088,0.00354978,9.985e-05,0.08576631,0.00474815,,,
2012-01-31,combo_equal_weight_har_m_across_ml_har_augmented_log_rolling,Equal Weight | HAR+Macro,Info-set equal weights,0.09173477,0.13041827,0.12693949,-0.03868349,-0.03520472,0.03868349,0.03520472,0.00149641,0.00123937,-0.00347878,-0.00025704,0.08228753,0.00449111,,,
2012-02-29,combo_equal_weight_har_m_across_ml_har_augmented_log_rolling,Equal Weight | HAR+Macro,Info-set equal weights,0.08055043,0.12841528,0.1137494,-0.04786486,-0.03319897,0.04786486,0.03319897,0.00229104,0.00110217,-0.01466588,-0.00118887,0.06762165,0.00330224,0.03451946,0.0401546,0.00563514
2012-03-31,combo_equal_weight_har_m_across_ml_har_augmented_log_rolling,Equal Weight | HAR+Macro,Info-set equal weights,0.07616645,0.1027197,0.10772076,-0.02655325,-0.03155431,0.02655325,0.03155431,0.00070508,0.00099567,0.00500106,0.0002906,0.07262271,0.00359284,0.03432056,0.04212402,0.00780346
2012-04-30,combo_equal_weight_har_m_across_ml_har_augmented_log_rolling,Equal Weight | HAR+Macro,Info-set equal weights,0.09057891,0.10078535,0.10505353,-0.01020645,-0.01447463,0.01020645,0.01447463,0.00010417,0.00020951,0.00426818,0.00010534,0.07689089,0.00369818,0.03276055,0.03961854,0.00685799
2012-05-31,combo_equal_weight_har_m_across_ml_har_augmented_log_rolling,Equal Weight | HAR+Macro,Info-set equal weights,0.12253117,0.10514902,0.10943598,0.01738215,0.0130952,0.01738215,0.0130952,0.00030214,0.00017148,-0.00428695,-0.00013065,0.07260393,0.00356752,0.03409439,0.03999078,0.00589639
2012-06-30,combo_equal_weight_har_m_across_ml_har_augmented_log_rolling,Equal Weight | HAR+Macro,Info-set equal weights,0.11937706,0.13367123,0.12178747,-0.01429418,-0.00241041,0.01429418,0.00241041,0.00020432,5.81e-06,-0.01188377,-0.00019851,0.06072017,0.00336901,0.03496249,0.04005359,0.0050911
2012-07-31,combo_equal_weight_har_m_across_ml_har_augmented_log_rolling,Equal Weight | HAR+Macro,Info-set equal weights,0.1008825,0.11658752,0.12079751,-0.01570502,-0.01991501,0.01570502,0.01991501,0.00024665,0.00039661,0.00420999,0.00014996,0.06493016,0.00351897,0.03609363,0.04123269,0.00513906
2012-08-31,combo_equal_weight_har_m_across_ml_har_augmented_log_rolling,Equal Weight | HAR+Macro,Info-set equal weights,0.08005638,0.12658182,0.11337364,-0.04652544,-0.03331726,0.04652544,0.03331726,0.00216462,0.00111004,-0.01320818,-0.00105458,0.05172199,0.00246439,0.0245913,0.02846704,0.00387575
2012-09-30,combo_equal_weight_har_m_across_ml_har_augmented_log_rolling,Equal Weight | HAR+Macro,Info-set equal weights,0.07940683,0.08930781,0.1036908,-0.00990098,-0.02428397,0.00990098,0.02428397,9.803e-05,0.00058971,0.01438299,0.00049168,0.06610497,0.00295608,0.02483086,0.02631724,0.00148639
2012-10-31,combo_equal_weight_har_m_across_ml_har_augmented_log_rolling,Equal Weight | HAR+Macro,Info-set equal weights,0.09399635,0.09696459,0.09961429,-0.00296824,-0.00561794,0.00296824,0.00561794,8.81e-06,3.156e-05,0.0026497,2.275e-05,0.06875467,0.00297883,0.02506306,0.02225023,-0.00281283
2012-11-30,combo_equal_weight_har_m_across_ml_har_augmented_log_rolling,Equal Weight | HAR+Macro,Info-set equal weights,0.11058386,0.09427825,0.10326854,0.01630562,0.00731532,0.01630562,0.00731532,0.00026587,5.351e-05,-0.00899029,-0.00021236,0.05976438,0.00276647,0.02155658,0.01968557,-0.00187101
2012-12-31,combo_equal_weight_har_m_across_ml_har_augmented_log_rolling,Equal Weight | HAR+Macro,Info-set equal weights,0.0992343,0.10576619,0.10880533,-0.00653189,-0.00957103,0.00653189,0.00957103,4.267e-05,9.16e-05,0.00303914,4.894e-05,0.06280352,0.00281541,0.0210768,0.01916323,-0.00191357
2013-01-31,combo_equal_weight_har_m_across_ml_har_augmented_log_rolling,Equal Weight | HAR+Macro,Info-set equal weights,0.06679532,0.09025379,0.105212,-0.02345847,-0.03841668,0.02345847,0.03841668,0.0005503,0.00147584,0.01495821,0.00092554,0.07776173,0.00374095,0.01980804,0.01943089,-0.00037715
2013-02-28,combo_equal_weight_har_m_across_ml_har_augmented_log_rolling,Equal Weight | HAR+Macro,Info-set equal weights,0.07807531,0.09320743,0.09381858,-0.01513212,-0.01574327,0.01513212,0.01574327,0.00022898,0.00024785,0.00061115,1.887e-05,0.07837288,0.00375982,0.01708032,0.01797625,0.00089594
2013-03-31,combo_equal_weight_har_m_across_ml_har_augmented_log_rolling,Equal Weight | HAR+Macro,Info-set equal weights,0.07750691,0.093892,0.09632791,-0.01638509,-0.018821,0.01638509,0.018821,0.00026847,0.00035423,0.00243591,8.576e-05,0.08080879,0.00384558,0.01623297,0.01691514,0.00068217
2013-04-30,combo_equal_weight_har_m_across_ml_har_augmented_log_rolling,Equal Weight | HAR+Macro,Info-set equal weights,0.09235894,0.09427186,0.09548052,-0.00191291,-0.00312158,0.00191291,0.00312158,3.66e-06,9.74e-06,0.00120867,6.09e-06,0.08201746,0.00385166,0.01554184,0.01596906,0.00042721
2013-05-31,combo_equal_weight_har_m_across_ml_har_augmented_log_rolling,Equal Weight | HAR+Macro,Info-set equal weights,0.08770623,0.09293703,0.10060121,-0.0052308,-0.01289498,0.0052308,0.01289498,2.736e-05,0.00016628,0.00766418,0.00013892,0.08968164,0.00399058,0.01452923,0.01595237,0.00142314
2013-06-30,combo_equal_weight_har_m_across_ml_har_augmented_log_rolling,Equal Weight | HAR+Macro,Info-set equal weights,0.12836694,0.09041789,0.09896535,0.03794905,0.02940158,0.03794905,0.02940158,0.00144013,0.00086445,-0.00854747,-0.00057568,0.08113417,0.0034149,0.01650047,0.01820164,0.00170117
2013-07-31,combo_equal_weight_har_m_across_ml_har_augmented_log_rolling,Equal Weight | HAR+Macro,Info-set equal weights,0.07678995,0.10982485,0.11422798,-0.0330349,-0.03743803,0.0330349,0.03743803,0.0010913,0.00140161,0.00440313,0.0003103,0.0855373,0.00372521,0.01794463,0.01966189,0.00171726
2013-08-31,combo_equal_weight_har_m_across_ml_har_augmented_log_rolling,Equal Weight | HAR+Macro,Info-set equal weights,0.07837318,0.09410819,0.09643315,-0.01573501,-0.01805997,0.01573501,0.01805997,0.00024759,0.00032616,0.00232496,7.857e-05,0.08786226,0.00380378,0.01537876,0.01839045,0.00301169
2013-09-30,combo_equal_weight_har_m_across_ml_har_augmented_log_rolling,Equal Weight | HAR+Macro,Info-set equal weights,0.07842193,0.10555593,0.09639643,-0.027134,-0.01797449,0.027134,0.01797449,0.00073625,0.00032308,-0.00915951,-0.00041317,0.07870275,0.00339061,0.01681484,0.01786466,0.00104982
2013-10-31,combo_equal_weight_har_m_across_ml_har_augmented_log_rolling,Equal Weight | HAR+Macro,Info-set equal weights,0.08610878,0.08733642,0.09514152,-0.00122764,-0.00903273,0.00122764,0.00903273,1.51e-06,8.159e-05,0.00780509,8.008e-05,0.08650785,0.00347069,0.01666979,0.01814922,0.00147943
2013-11-30,combo_equal_weight_har_m_across_ml_har_augmented_log_rolling,Equal Weight | HAR+Macro,Info-set equal weights,0.06981601,0.09654516,0.09755242,-0.02672915,-0.02773641,0.02672915,0.02773641,0.00071445,0.00076931,0.00100726,5.486e-05,0.08751511,0.00352555,0.01753842,0.01985098,0.00231256
2013-12-31,combo_equal_weight_har_m_across_ml_har_augmented_log_rolling,Equal Weight | HAR+Macro,Info-set equal weights,0.07121165,0.09103173,0.09196516,-0.01982008,-0.02075351,0.01982008,0.02075351,0.00039284,0.00043071,0.00093343,3.787e-05,0.08844854,0.00356342,0.01864577,0.02078285,0.00213709
2014-01-31,combo_equal_weight_har_m_across_ml_har_augmented_log_rolling,Equal Weight | HAR+Macro,Info-set equal weights,0.0885142,0.0866193,0.09186938,0.0018949,-0.00335518,0.0018949,0.00335518,3.59e-06,1.126e-05,0.00146028,7.67e-06,0.08990882,0.00357109,0.0168488,0.01786106,0.00101226
2014-02-28,combo_equal_weight_har_m_across_ml_har_augmented_log_rolling,Equal Weight | HAR+Macro,Info-set equal weights,0.09024819,0.09657817,0.09720438,-0.00632998,-0.00695618,0.00632998,0.00695618,4.007e-05,4.839e-05,0.0006262,8.32e-06,0.09053502,0.00357941,0.01611529,0.0171288,0.00101351
2014-03-31,combo_equal_weight_har_m_across_ml_har_augmented_log_rolling,Equal Weight | HAR+Macro,Info-set equal weights,0.09283748,0.09026763,0.09823287,0.00256985,-0.0053954,0.00256985,0.0053954,6.6e-06,2.911e-05,0.00282555,2.251e-05,0.09336057,0.00360192,0.01496402,0.01601,0.00104598
2014-04-30,combo_equal_weight_har_m_across_ml_har_augmented_log_rolling,Equal Weight | HAR+Macro,Info-set equal weights,0.0959287,0.09504879,0.09944134,0.00087991,-0.00351264,0.00087991,0.00351264,7.7e-07,1.234e-05,0.00263274,1.156e-05,0.09599331,0.00361348,0.01487794,0.01604259,0.00116465
2014-05-31,combo_equal_weight_har_m_across_ml_har_augmented_log_rolling,Equal Weight | HAR+Macro,Info-set equal weights,0.07303027,0.11307622,0.10058053,-0.04004595,-0.02755026,0.04004595,0.02755026,0.00160368,0.00075902,-0.01249569,-0.00084466,0.08349762,0.00276882,0.0177792,0.01726387,-0.00051533
2014-06-30,combo_equal_weight_har_m_across_ml_har_augmented_log_rolling,Equal Weight | HAR+Macro,Info-set equal weights,0.05653613,0.0895797,0.09262975,-0.03304357,-0.03609362,0.03304357,0.03609362,0.00109188,0.00130275,0.00305005,0.00021087,0.08654767,0.00297969,0.01737041,0.01782154,0.00045112
2014-07-31,combo_equal_weight_har_m_across_ml_har_augmented_log_rolling,Equal Weight | HAR+Macro,Info-set equal weights,0.0660717,0.10799865,0.08642521,-0.04192694,-0.02035351,0.04192694,0.02035351,0.00175787,0.00041427,-0.02157343,-0.0013436,0.06497423,0.00163609,0.01811141,0.01639783,-0.00171359
2014-08-31,combo_equal_weight_har_m_across_ml_har_augmented_log_rolling,Equal Weight | HAR+Macro,Info-set equal weights,0.0752277,0.08340905,0.08808877,-0.00818135,-0.01286107,0.00818135,0.01286107,6.693e-05,0.00016541,0.00467972,9.847e-05,0.06965396,0.00173456,0.01748194,0.01596458,-0.00151736
2014-09-30,combo_equal_weight_har_m_across_ml_har_augmented_log_rolling,Equal Weight | HAR+Macro,Info-set equal weights,0.0762108,0.0849166,0.09063727,-0.0087058,-0.01442647,0.0087058,0.01442647,7.579e-05,0.00020812,0.00572067,0.00013233,0.07537462,0.00186689,0.01594626,0.01566892,-0.00027734
2014-10-31,combo_equal_weight_har_m_across_ml_har_augmented_log_rolling,Equal Weight | HAR+Macro,Info-set equal weights,0.14399204,0.1003465,0.09121305,0.04364554,0.05277899,0.04364554,0.05277899,0.00190493,0.00278562,0.00913345,0.00088069,0.08450808,0.00274758,0.01948108,0.01931444,-0.00016665
2014-11-30,combo_equal_weight_har_m_across_ml_har_augmented_log_rolling,Equal Weight | HAR+Macro,Info-set equal weights,0.06427653,0.12190917,0.1166976,-0.05763265,-0.05242108,0.05763265,0.05242108,0.00332152,0.00274797,-0.00521157,-0.00057355,0.07929651,0.00217403,0.02205638,0.02137149,-0.00068488
2014-12-31,combo_equal_weight_har_m_across_ml_har_augmented_log_rolling,Equal Weight | HAR+Macro,Info-set equal weights,0.10043239,0.11206232,0.08989329,-0.01162993,0.0105391,0.01162993,0.0105391,0.00013526,0.00011107,-0.00109083,-2.418e-05,0.07820568,0.00214985,0.02137386,0.02052029,-0.00085357
2015-01-31,combo_equal_weight_har_m_across_ml_har_augmented_log_rolling,Equal Weight | HAR+Macro,Info-set equal weights,0.13813587,0.11037095,0.10182245,0.02776492,0.03631343,0.02776492,0.03631343,0.00077089,0.00131866,0.0085485,0.00054777,0.08675418,0.00269762,0.0235297,0.02326681,-0.00026289
2015-02-28,combo_equal_weight_har_m_across_ml_har_augmented_log_rolling,Equal Weight | HAR+Macro,Info-set equal weights,0.09213617,0.13904173,0.11523843,-0.04690556,-0.02310226,0.04690556,0.02310226,0.00220013,0.00053371,-0.02380331,-0.00166642,0.06295088,0.0010312,0.026911,0.02461232,-0.00229868
2015-03-31,combo_equal_weight_har_m_across_ml_har_augmented_log_rolling,Equal Weight | HAR+Macro,Info-set equal weights,0.08527221,0.0930539,0.1007801,-0.0077817,-0.0155079,0.0077817,0.0155079,6.055e-05,0.00024049,0.0077262,0.00017994,0.07067708,0.00121114,0.02734532,0.02545503,-0.00189029
2015-04-30,combo_equal_weight_har_m_across_ml_har_augmented_log_rolling,Equal Weight | HAR+Macro,Info-set equal weights,0.08426138,0.09720529,0.09809242,-0.01294391,-0.01383104,0.01294391,0.01383104,0.00016754,0.0001913,0.00088712,2.375e-05,0.0715642,0.00123489,0.02835065,0.02631489,-0.00203576
2015-05-31,combo_equal_weight_har_m_across_ml_har_augmented_log_rolling,Equal Weight | HAR+Macro,Info-set equal weights,0.0753713,0.09218265,0.09617712,-0.01681134,-0.02080582,0.01681134,0.02080582,0.00028262,0.00043288,0.00399447,0.00015026,0.07555867,0.00138516,0.02641443,0.02575286,-0.00066158
2015-06-30,combo_equal_weight_har_m_across_ml_har_augmented_log_rolling,Equal Weight | HAR+Macro,Info-set equal weights,0.08191996,0.08174984,0.09304976,0.00017012,-0.01112981,0.00017012,0.01112981,3e-08,0.00012387,0.01095969,0.00012384,0.08651836,0.001509,0.02367498,0.02367254,-2.44e-06
2015-07-31,combo_equal_weight_har_m_across_ml_har_augmented_log_rolling,Equal Weight | HAR+Macro,Info-set equal weights,0.08281331,0.08782215,0.09519662,-0.00500884,-0.01238331,0.00500884,0.01238331,2.509e-05,0.00015335,0.00737447,0.00012826,0.09389283,0.00163726,0.02059847,0.02300835,0.00240988
2015-08-31,combo_equal_weight_har_m_across_ml_har_augmented_log_rolling,Equal Weight | HAR+Macro,Info-set equal weights,0.18124678,0.11374403,0.09560516,0.06750275,0.08564162,0.06750275,0.08564162,0.00455662,0.00733449,0.01813887,0.00277787,0.1120317,0.00441512,0.02554192,0.0290734,0.00353148
2015-09-30,combo_equal_weight_har_m_across_ml_har_augmented_log_rolling,Equal Weight | HAR+Macro,Info-set equal weights,0.15257606,0.13988018,0.13513135,0.01269588,0.01744471,0.01269588,0.01744471,0.00016119,0.00030432,0.00474883,0.00014313,0.11678054,0.00455826,0.02587443,0.02932492,0.00345049
2015-10-31,combo_equal_weight_har_m_across_ml_har_augmented_log_rolling,Equal Weight | HAR+Macro,Info-set equal weights,0.1095216,0.14579184,0.12697753,-0.03627024,-0.01745594,0.03627024,0.01745594,0.00131553,0.00030471,-0.01881431,-0.00101082,0.09796623,0.00354743,0.02525982,0.02638133,0.00112151
2015-11-30,combo_equal_weight_har_m_across_ml_har_augmented_log_rolling,Equal Weight | HAR+Macro,Info-set equal weights,0.09094525,0.11415373,0.11088782,-0.02320848,-0.01994257,0.02320848,0.01994257,0.00053863,0.00039771,-0.00326591,-0.00014093,0.09470032,0.00340651,0.02239114,0.02367479,0.00128365
2015-12-31,combo_equal_weight_har_m_across_ml_har_augmented_log_rolling,Equal Weight | HAR+Macro,Info-set equal weights,0.12220819,0.09378959,0.10290397,0.0284186,0.01930422,0.0284186,0.01930422,0.00080762,0.00037265,-0.00911438,-0.00043496,0.08558594,0.00297154,0.0237902,0.02440522,0.00061502
2016-01-31,combo_equal_weight_har_m_across_ml_har_augmented_log_rolling,Equal Weight | HAR+Macro,Info-set equal weights,0.19111779,0.12267003,0.11368516,0.06844776,0.07743262,0.06844776,0.07743262,0.0046851,0.00599581,0.00898487,0.00131072,0.0945708,0.00428226,0.02718043,0.02783182,0.00065139
2016-02-29,combo_equal_weight_har_m_across_ml_har_augmented_log_rolling,Equal Weight | HAR+Macro,Info-set equal weights,0.16301964,0.20647667,0.14513661,-0.04345703,0.01788303,0.04345703,0.01788303,0.00188851,0.0003198,-0.025574,-0.00156871,0.0689968,0.00271355,0.02689305,0.02739688,0.00050383
2016-03-31,combo_equal_weight_har_m_across_ml_har_augmented_log_rolling,Equal Weight | HAR+Macro,Info-set equal weights,0.09480278,0.14979349,0.13582316,-0.05499071,-0.04102037,0.05499071,0.04102037,0.00302398,0.00168267,-0.01397034,-0.00134131,0.05502647,0.00137224,0.03082714,0.02952292,-0.00130422
2016-04-30,combo_equal_weight_har_m_across_ml_har_augmented_log_rolling,Equal Weight | HAR+Macro,Info-set equal weights,0.08229344,0.10170619,0.10862824,-0.01941275,-0.02633481,0.01941275,0.02633481,0.00037685,0.00069352,0.00692205,0.00031667,0.06194852,0.00168891,0.03136621,0.0305649,-0.00080131
2016-05-31,combo_equal_weight_har_m_across_ml_har_augmented_log_rolling,Equal Weight | HAR+Macro,Info-set equal weights,0.08530203,0.10932753,0.10215381,-0.0240255,-0.01685178,0.0240255,0.01685178,0.00057722,0.00028398,-0.00717372,-0.00029324,0.0547748,0.00139567,0.03196739,0.0302354,-0.00173199
2016-06-30,combo_equal_weight_har_m_across_ml_har_augmented_log_rolling,Equal Weight | HAR+Macro,Info-set equal weights,0.09397396,0.10075965,0.10191531,-0.00678569,-0.00794135,0.00678569,0.00794135,4.605e-05,6.307e-05,0.00115566,1.702e-05,0.05593046,0.00141269,0.03251869,0.02996969,-0.00254899
2016-07-31,combo_equal_weight_har_m_across_ml_har_augmented_log_rolling,Equal Weight | HAR+Macro,Info-set equal weights,0.06662709,0.11179954,0.10466726,-0.04517245,-0.03804017,0.04517245,0.03804017,0.00204055,0.00144705,-0.00713228,-0.0005935,0.04879818,0.00081919,0.03586565,0.03210777,-0.00375789
2016-08-31,combo_equal_weight_har_m_across_ml_har_augmented_log_rolling,Equal Weight | HAR+Macro,Info-set equal weights,0.05875578,0.08740666,0.09501239,-0.02865088,-0.03625661,0.02865088,0.03625661,0.00082087,0.00131454,0.00760573,0.00049367,0.0564039,0.00131286,0.032628,0.02799235,-0.00463565
2016-09-30,combo_equal_weight_har_m_across_ml_har_augmented_log_rolling,Equal Weight | HAR+Macro,Info-set equal weights,0.08956114,0.08997027,0.09092766,-0.00040912,-0.00136651,0.00040912,0.00136651,1.7e-07,1.87e-06,0.00095739,1.7e-06,0.05736129,0.00131456,0.0316041,0.0266525,-0.0049516
2016-10-31,combo_equal_weight_har_m_across_ml_har_augmented_log_rolling,Equal Weight | HAR+Macro,Info-set equal weights,0.07645832,0.08883553,0.10017519,-0.01237721,-0.02371688,0.01237721,0.02371688,0.0001532,0.00056249,0.01133967,0.0004093,0.06870096,0.00172385,0.02961302,0.02717424,-0.00243877
2016-11-30,combo_equal_weight_har_m_across_ml_har_augmented_log_rolling,Equal Weight | HAR+Macro,Info-set equal weights,0.08613464,0.09535584,0.09596475,-0.0092212,-0.00983012,0.0092212,0.00983012,8.503e-05,9.663e-05,0.00060892,1.16e-05,0.06930988,0.00173545,0.02844741,0.02633154,-0.00211587
2016-12-31,combo_equal_weight_har_m_across_ml_har_augmented_log_rolling,Equal Weight | HAR+Macro,Info-set equal weights,0.06241094,0.10464762,0.09959472,-0.04223667,-0.03718377,0.04223667,0.03718377,0.00178394,0.00138263,-0.0050529,-0.0004013,0.06425698,0.00133415,0.02959891,0.0278215,-0.00177741
2017-01-31,combo_equal_weight_har_m_across_ml_har_augmented_log_rolling,Equal Weight | HAR+Macro,Info-set equal weights,0.06212703,0.08839639,0.09131225,-0.02626936,-0.02918521,0.02626936,0.02918521,0.00069008,0.00085178,0.00291586,0.0001617,0.06717283,0.00149585,0.02608405,0.02380088,-0.00228316
2017-02-28,combo_equal_weight_har_m_across_ml_har_augmented_log_rolling,Equal Weight | HAR+Macro,Info-set equal weights,0.05181816,0.0840221,0.08981388,-0.03220395,-0.03799572,0.03220395,0.03799572,0.00103709,0.00144367,0.00579177,0.00040658,0.07296461,0.00190243,0.02514629,0.02547694,0.00033065
2017-03-31,combo_equal_weight_har_m_across_ml_har_augmented_log_rolling,Equal Weight | HAR+Macro,Info-set equal weights,0.06543911,0.08658349,0.08508029,-0.02114438,-0.01964118,0.02114438,0.01964118,0.00044708,0.00038578,-0.0015032,-6.131e-05,0.07146141,0.00184112,0.02232576,0.02369534,0.00136958
2017-04-30,combo_equal_weight_har_m_across_ml_har_augmented_log_rolling,Equal Weight | HAR+Macro,Info-set equal weights,0.06821277,0.08623134,0.08807873,-0.01801856,-0.01986596,0.01801856,0.01986596,0.00032467,0.00039466,0.0018474,6.999e-05,0.07330881,0.00191111,0.02220958,0.02315627,0.00094669
2017-05-31,combo_equal_weight_har_m_across_ml_har_augmented_log_rolling,Equal Weight | HAR+Macro,Info-set equal weights,0.05167712,0.09224105,0.08906903,-0.04056394,-0.03739191,0.04056394,0.03739191,0.00164543,0.00139815,-0.00317203,-0.00024728,0.07013678,0.00166383,0.02358778,0.02486795,0.00128017
2017-06-30,combo_equal_weight_har_m_across_ml_har_augmented_log_rolling,Equal Weight | HAR+Macro,Info-set equal weights,0.06000712,0.09456415,0.08363599,-0.03455703,-0.02362887,0.03455703,0.02362887,0.00119419,0.00055832,-0.01092816,-0.00063587,0.05920862,0.00102796,0.02590206,0.02617524,0.00027318
2017-07-31,combo_equal_weight_har_m_across_ml_har_augmented_log_rolling,Equal Weight | HAR+Macro,Info-set equal weights,0.04869214,0.07291662,0.08495022,-0.02422448,-0.03625807,0.02422448,0.03625807,0.00058683,0.00131465,0.0120336,0.00072782,0.07124221,0.00175579,0.0241564,0.02602673,0.00187034
2017-08-31,combo_equal_weight_har_m_across_ml_har_augmented_log_rolling,Equal Weight | HAR+Macro,Info-set equal weights,0.05895137,0.07100708,0.08032493,-0.01205571,-0.02137356,0.01205571,0.02137356,0.00014534,0.00045683,0.00931785,0.00031149,0.08056006,0.00206728,0.02277347,0.02478648,0.00201301
2017-09-30,combo_equal_weight_har_m_across_ml_har_augmented_log_rolling,Equal Weight | HAR+Macro,Info-set equal weights,0.04531107,0.08009302,0.08183425,-0.03478195,-0.03652319,0.03478195,0.03652319,0.00120978,0.00133394,0.00174124,0.00012416,0.0823013,0.00219144,0.02563787,0.0277162,0.00207833
2017-10-31,combo_equal_weight_har_m_across_ml_har_augmented_log_rolling,Equal Weight | HAR+Macro,Info-set equal weights,0.03786706,0.088001,0.07706881,-0.05013394,-0.03920175,0.05013394,0.03920175,0.00251341,0.00153678,-0.01093219,-0.00097663,0.07136911,0.0012148,0.02878426,0.02900661,0.00022235
2017-11-30,combo_equal_weight_har_m_across_ml_har_augmented_log_rolling,Equal Weight | HAR+Macro,Info-set equal weights,0.04900293,0.06858886,0.07370597,-0.01958593,-0.02470304,0.01958593,0.02470304,0.00038361,0.00061024,0.0051171,0.00022663,0.07648622,0.00144143,0.02964799,0.03024602,0.00059803
2017-12-31,combo_equal_weight_har_m_across_ml_har_augmented_log_rolling,Equal Weight | HAR+Macro,Info-set equal weights,0.06019932,0.08271413,0.07481554,-0.02251482,-0.01461623,0.02251482,0.01461623,0.00050692,0.00021363,-0.00789859,-0.00029328,0.06858763,0.00114815,0.0280045,0.02836539,0.00036089
2018-01-31,combo_equal_weight_har_m_across_ml_har_augmented_log_rolling,Equal Weight | HAR+Macro,Info-set equal weights,0.06519769,0.07021431,0.07762023,-0.00501662,-0.01242254,0.00501662,0.01242254,2.517e-05,0.00015432,0.00740592,0.00012915,0.07599355,0.0012773,0.02623344,0.0269685,0.00073506
2018-02-28,combo_equal_weight_har_m_across_ml_har_augmented_log_rolling,Equal Weight | HAR+Macro,Info-set equal weights,0.1387046,0.07141646,0.07819547,0.06728813,0.06050912,0.06728813,0.06050912,0.00452769,0.00366135,-0.00677901,-0.00086634,0.06921454,0.00041096,0.02915712,0.02884462,-0.00031251
2018-03-31,combo_equal_weight_har_m_across_ml_har_augmented_log_rolling,Equal Weight | HAR+Macro,Info-set equal weights,0.13891564,0.10528605,0.10438966,0.03362959,0.03452598,0.03362959,0.03452598,0.00113095,0.00119204,0.00089639,6.109e-05,0.07011093,0.00047206,0.03019756,0.03008502,-0.00011254
2018-04-30,combo_equal_weight_har_m_across_ml_har_augmented_log_rolling,Equal Weight | HAR+Macro,Info-set equal weights,0.1407784,0.10705735,0.10640081,0.03372105,0.03437759,0.03372105,0.03437759,0.00113711,0.00118182,0.00065654,4.471e-05,0.07076747,0.00051677,0.0315061,0.03129432,-0.00021178
2018-05-31,combo_equal_weight_har_m_across_ml_har_augmented_log_rolling,Equal Weight | HAR+Macro,Info-set equal weights,0.09507116,0.10727916,0.10993222,-0.01220799,-0.01486106,0.01220799,0.01486106,0.00014904,0.00022085,0.00265307,7.182e-05,0.07342053,0.00058858,0.0291431,0.02941675,0.00027365
2018-06-30,combo_equal_weight_har_m_across_ml_har_augmented_log_rolling,Equal Weight | HAR+Macro,Info-set equal weights,0.08039533,0.09327286,0.09331526,-0.01287753,-0.01291992,0.01287753,0.01291992,0.00016583,0.00016692,4.24e-05,1.09e-06,0.07346293,0.00058968,0.02733648,0.02852434,0.00118786
2018-07-31,combo_equal_weight_har_m_across_ml_har_augmented_log_rolling,Equal Weight | HAR+Macro,Info-set equal weights,0.0690613,0.09145249,0.08786672,-0.02239119,-0.01880541,0.02239119,0.01880541,0.00050137,0.00035364,-0.00358577,-0.00014772,0.06987716,0.00044196,0.0271837,0.02706995,-0.00011375
2018-08-31,combo_equal_weight_har_m_across_ml_har_augmented_log_rolling,Equal Weight | HAR+Macro,Info-set equal weights,0.05968197,0.08917565,0.08387116,-0.02949367,-0.02418919,0.02949367,0.02418919,0.00086988,0.00058512,-0.00530449,-0.00028476,0.06457267,0.0001572,0.02863687,0.02730459,-0.00133228
2018-09-30,combo_equal_weight_har_m_across_ml_har_augmented_log_rolling,Equal Weight | HAR+Macro,Info-set equal weights,0.0654128,0.08312668,0.08064715,-0.01771389,-0.01523435,0.01771389,0.01523435,0.00031378,0.00023209,-0.00247953,-8.17e-05,0.06209314,7.55e-05,0.02721453,0.02553052,-0.00168401
2018-10-31,combo_equal_weight_har_m_across_ml_har_augmented_log_rolling,Equal Weight | HAR+Macro,Info-set equal weights,0.17260155,0.07734314,0.08166035,0.09525841,0.0909412,0.09525841,0.0909412,0.00907416,0.0082703,-0.00431721,-0.00080386,0.05777593,-0.00072836,0.0309749,0.02984214,-0.00113277
2018-11-30,combo_equal_weight_har_m_across_ml_har_augmented_log_rolling,Equal Weight | HAR+Macro,Info-set equal weights,0.14550899,0.12337042,0.1199506,0.02213857,0.02555839,0.02213857,0.02555839,0.00049012,0.00065323,0.00341982,0.00016311,0.06119575,-0.00056525,0.03118762,0.02991342,-0.00127421
2018-12-31,combo_equal_weight_har_m_across_ml_har_augmented_log_rolling,Equal Weight | HAR+Macro,Info-set equal weights,0.23558433,0.12830123,0.11588897,0.1072831,0.11969536,0.1072831,0.11969536,0.01150966,0.01432698,0.01241226,0.00281732,0.07360801,0.00225207,0.03825165,0.03867001,0.00041837
2019-01-31,combo_equal_weight_har_m_across_ml_har_augmented_log_rolling,Equal Weight | HAR+Macro,Info-set equal weights,0.13805562,0.18971796,0.18961141,-0.05166234,-0.05155579,0.05166234,0.05155579,0.002669,0.002658,-0.00010655,-1.1e-05,0.07350146,0.00224107,0.04213879,0.04193111,-0.00020767
2019-02-28,combo_equal_weight_har_m_across_ml_har_augmented_log_rolling,Equal Weight | HAR+Macro,Info-set equal weights,0.08205478,0.11238088,0.11797261,-0.0303261,-0.03591783,0.0303261,0.03591783,0.00091967,0.00129009,0.00559173,0.00037042,0.07909319,0.00261149,0.03905862,0.03988184,0.00082322
2019-03-31,combo_equal_weight_har_m_across_ml_har_augmented_log_rolling,Equal Weight | HAR+Macro,Info-set equal weights,0.09470707,0.10130408,0.0875381,-0.006597,0.00716898,0.006597,0.00716898,4.352e-05,5.139e-05,0.00057197,7.87e-06,0.07966516,0.00261936,0.0368059,0.03760209,0.00079619
2019-04-30,combo_equal_weight_har_m_across_ml_har_augmented_log_rolling,Equal Weight | HAR+Macro,Info-set equal weights,0.05727866,0.09552334,0.09525854,-0.03824469,-0.03797988,0.03824469,0.03797988,0.00146266,0.00144247,-0.0002648,-2.018e-05,0.07940036,0.00259918,0.03718287,0.03790228,0.00071941
2019-05-31,combo_equal_weight_har_m_across_ml_har_augmented_log_rolling,Equal Weight | HAR+Macro,Info-set equal weights,0.11646584,0.07642989,0.07847861,0.04003595,0.03798723,0.04003595,0.03798723,0.00160288,0.00144303,-0.00204872,-0.00015985,0.07735164,0.00243933,0.03950187,0.03982946,0.00032759
2019-06-30,combo_equal_weight_har_m_across_ml_har_augmented_log_rolling,Equal Weight | HAR+Macro,Info-set equal weights,0.08633239,0.11774927,0.10607152,-0.03141688,-0.01973913,0.03141688,0.01973913,0.00098702,0.00038963,-0.01167774,-0.00059739,0.06567389,0.00184194,0.04104681,0.04039773,-0.00064909
2019-07-31,combo_equal_weight_har_m_across_ml_har_augmented_log_rolling,Equal Weight | HAR+Macro,Info-set equal weights,0.06669148,0.08721938,0.09128019,-0.0205279,-0.02458871,0.0205279,0.02458871,0.00042139,0.0006046,0.00406081,0.00018321,0.0697347,0.00202515,0.04089154,0.04087967,-1.187e-05
2019-08-31,combo_equal_weight_har_m_across_ml_har_augmented_log_rolling,Equal Weight | HAR+Macro,Info-set equal weights,0.13916472,0.08361696,0.08281996,0.05554776,0.05634477,0.05554776,0.05634477,0.00308555,0.00317473,0.00079701,8.918e-05,0.07053171,0.00211433,0.04306272,0.0435593,0.00049659
2019-09-30,combo_equal_weight_har_m_across_ml_har_augmented_log_rolling,Equal Weight | HAR+Macro,Info-set equal weights,0.08899928,0.12559814,0.11891754,-0.03659887,-0.02991826,0.03659887,0.02991826,0.00133948,0.0008951,-0.00668061,-0.00044437,0.0638511,0.00166996,0.04463646,0.04478296,0.0001465
2019-10-31,combo_equal_weight_har_m_across_ml_har_augmented_log_rolling,Equal Weight | HAR+Macro,Info-set equal weights,0.09164451,0.09887516,0.09436573,-0.00723065,-0.00272122,0.00723065,0.00272122,5.228e-05,7.41e-06,-0.00450943,-4.488e-05,0.05934167,0.00162508,0.03730082,0.0374313,0.00013048
2019-11-30,combo_equal_weight_har_m_across_ml_har_augmented_log_rolling,Equal Weight | HAR+Macro,Info-set equal weights,0.05524849,0.09574024,0.09472056,-0.04049175,-0.03947207,0.04049175,0.03947207,0.00163958,0.00155804,-0.00101968,-8.154e-05,0.05832199,0.00154354,0.03883025,0.03859077,-0.00023948
2019-12-31,combo_equal_weight_har_m_across_ml_har_augmented_log_rolling,Equal Weight | HAR+Macro,Info-set equal weights,0.06209932,0.07649988,0.07849395,-0.01440056,-0.01639463,0.01440056,0.01639463,0.00020738,0.00026878,0.00199407,6.141e-05,0.06031606,0.00160495,0.03109004,0.02998237,-0.00110766
2020-01-31,combo_equal_weight_har_m_across_ml_har_augmented_log_rolling,Equal Weight | HAR+Macro,Info-set equal weights,0.07975763,0.07155242,0.07879248,0.00820521,0.00096515,0.00820521,0.00096515,6.733e-05,9.3e-07,-0.00724006,-6.639e-05,0.053076,0.00153856,0.02746861,0.02576649,-0.00170212
2020-02-29,combo_equal_weight_har_m_across_ml_har_augmented_log_rolling,Equal Weight | HAR+Macro,Info-set equal weights,0.18564385,0.08057376,0.08500203,0.10507008,0.10064182,0.10507008,0.10064182,0.01103972,0.01012878,-0.00442827,-0.00091095,0.04864773,0.00062761,0.03369727,0.03116015,-0.00253712
2020-03-31,combo_equal_weight_har_m_across_ml_har_augmented_log_rolling,Equal Weight | HAR+Macro,Info-set equal weights,0.58295547,0.12895797,0.14520964,0.4539975,0.43774583,0.4539975,0.43774583,0.20611373,0.19162141,-0.01625167,-0.01449232,0.03239606,-0.01386471,0.07098065,0.06704156,-0.00393909
2020-04-30,combo_equal_weight_har_m_across_ml_har_augmented_log_rolling,Equal Weight | HAR+Macro,Info-set equal weights,0.24991991,0.96385758,1.54497553,-0.71393767,-1.29505562,0.71393767,1.29505562,0.509707,1.67716907,0.58111795,1.16746206,0.61351401,1.15359735,0.1272884,0.17179787,0.04450947
2020-05-31,combo_equal_weight_har_m_across_ml_har_augmented_log_rolling,Equal Weight | HAR+Macro,Info-set equal weights,0.16410989,0.1373473,0.187209,0.02676259,-0.0230991,0.02676259,0.0230991,0.00071624,0.00053357,-0.00366349,-0.00018267,0.60985052,1.15341469,0.12618229,0.17055719,0.04437491
2020-06-30,combo_equal_weight_har_m_across_ml_har_augmented_log_rolling,Equal Weight | HAR+Macro,Info-set equal weights,0.18276328,0.15657183,0.13434073,0.02619145,0.04842255,0.02619145,0.04842255,0.00068599,0.00234474,0.0222311,0.00165875,0.63208163,1.15507344,0.12574683,0.17294748,0.04720064
2020-07-31,combo_equal_weight_har_m_across_ml_har_augmented_log_rolling,Equal Weight | HAR+Macro,Info-set equal weights,0.13369031,0.17290554,0.14973507,-0.03921524,-0.01604476,0.03921524,0.01604476,0.00153783,0.00025743,-0.02317047,-0.0012804,0.60891115,1.15379304,0.12730411,0.17223548,0.04493137
2020-08-31,combo_equal_weight_har_m_across_ml_har_augmented_log_rolling,Equal Weight | HAR+Macro,Info-set equal weights,0.08711462,0.10883052,0.12370315,-0.0217159,-0.03658853,0.0217159,0.03658853,0.00047158,0.00133872,0.01487263,0.00086714,0.62378379,1.15466018,0.12448479,0.17058913,0.04610434
2020-09-30,combo_equal_weight_har_m_across_ml_har_augmented_log_rolling,Equal Weight | HAR+Macro,Info-set equal weights,0.18583484,0.10681105,0.10151568,0.07902378,0.08431916,0.07902378,0.08431916,0.00624476,0.00710972,0.00529537,0.00086496,0.62907916,1.15552514,0.1280202,0.17512254,0.04710234
2020-10-31,combo_equal_weight_har_m_across_ml_har_augmented_log_rolling,Equal Weight | HAR+Macro,Info-set equal weights,0.14700764,0.15478085,0.14927946,-0.00777321,-0.00227183,0.00777321,0.00227183,6.042e-05,5.16e-06,-0.00550139,-5.526e-05,0.62357777,1.15546988,0.12806541,0.17508509,0.04701968
2020-11-30,combo_equal_weight_har_m_across_ml_har_augmented_log_rolling,Equal Weight | HAR+Macro,Info-set equal weights,0.13540578,0.10679596,0.13272256,0.02860982,0.00268322,0.02860982,0.00268322,0.00081852,7.2e-06,-0.0259266,-0.00081132,0.59765118,1.15465856,0.12707525,0.17201935,0.0449441
2020-12-31,combo_equal_weight_har_m_across_ml_har_augmented_log_rolling,Equal Weight | HAR+Macro,Info-set equal weights,0.08727809,0.13326379,0.13042698,-0.0459857,-0.04314889,0.0459857,0.04314889,0.00211468,0.00186183,-0.00283681,-0.00025286,0.59481436,1.1544057,0.12970735,0.17424887,0.04454153
2021-01-31,combo_equal_weight_har_m_across_ml_har_augmented_log_rolling,Equal Weight | HAR+Macro,Info-set equal weights,0.12643455,0.13596584,0.10846867,-0.00953129,0.01796589,0.00953129,0.01796589,9.085e-05,0.00032277,0.0084346,0.00023193,0.60324896,1.15463762,0.12981785,0.1756656,0.04584775
2021-02-28,combo_equal_weight_har_m_across_ml_har_augmented_log_rolling,Equal Weight | HAR+Macro,Info-set equal weights,0.12196964,0.10602466,0.12688707,0.01594498,-0.00491743,0.01594498,0.00491743,0.00025424,2.418e-05,-0.01102755,-0.00023006,0.59222141,1.15440756,0.12239076,0.16768857,0.04529781
2021-03-31,combo_equal_weight_har_m_across_ml_har_augmented_log_rolling,Equal Weight | HAR+Macro,Info-set equal weights,0.14192329,0.10621335,0.12423121,0.03570994,0.01769207,0.03570994,0.01769207,0.0012752,0.00031301,-0.01801786,-0.00096219,0.57420355,1.15344537,0.08753346,0.13268409,0.04515062
2021-04-30,combo_equal_weight_har_m_across_ml_har_augmented_log_rolling,Equal Weight | HAR+Macro,Info-set equal weights,0.07227313,0.08858217,0.12520714,-0.01630904,-0.05293401,0.01630904,0.05293401,0.00026598,0.00280201,0.03662497,0.00253602,0.61082851,1.1559814,0.02939774,0.02917395,-0.00022379
2021-05-31,combo_equal_weight_har_m_across_ml_har_augmented_log_rolling,Equal Weight | HAR+Macro,Info-set equal weights,0.09818055,0.09029955,0.09539606,0.007881,0.00278449,0.007881,0.00278449,6.211e-05,7.75e-06,-0.00509651,-5.436e-05,0.60573201,1.15592704,0.02782428,0.02748107,-0.00034321
2021-06-30,combo_equal_weight_har_m_across_ml_har_augmented_log_rolling,Equal Weight | HAR+Macro,Info-set equal weights,0.06526994,0.08793282,0.10263326,-0.02266288,-0.03736333,0.02266288,0.03736333,0.00051361,0.00139602,0.01470044,0.00088241,0.62043245,1.15680945,0.02753023,0.02655947,-0.00097076
2021-07-31,combo_equal_weight_har_m_across_ml_har_augmented_log_rolling,Equal Weight | HAR+Macro,Info-set equal weights,0.07520977,0.1297225,0.08885329,-0.05451273,-0.01364352,0.05451273,0.01364352,0.00297164,0.00018615,-0.04086921,-0.00278549,0.57956324,1.15402396,0.02880502,0.02635936,-0.00244566
2021-08-31,combo_equal_weight_har_m_across_ml_har_augmented_log_rolling,Equal Weight | HAR+Macro,Info-set equal weights,0.06362476,0.10026942,0.09090206,-0.03664466,-0.02727729,0.03664466,0.02727729,0.00134283,0.00074405,-0.00936736,-0.00059878,0.57019588,1.15342518,0.03004909,0.02558343,-0.00446566
2021-09-30,combo_equal_weight_har_m_across_ml_har_augmented_log_rolling,Equal Weight | HAR+Macro,Info-set equal weights,0.10189251,0.08294188,0.08521496,0.01895063,0.01667755,0.01895063,0.01667755,0.00035913,0.00027814,-0.00227308,-8.099e-05,0.5679228,1.15334419,0.02504299,0.01994663,-0.00509636
2021-10-31,combo_equal_weight_har_m_across_ml_har_augmented_log_rolling,Equal Weight | HAR+Macro,Info-set equal weights,0.09768553,0.1114,0.09621429,-0.01371447,0.00147123,0.01371447,0.00147123,0.00018809,2.16e-06,-0.01224324,-0.00018592,0.55567956,1.15315827,0.0255381,0.01987991,-0.00565818
2021-11-30,combo_equal_weight_har_m_across_ml_har_augmented_log_rolling,Equal Weight | HAR+Macro,Info-set equal weights,0.08990034,0.08245731,0.09457941,0.00744303,-0.00467908,0.00744303,0.00467908,5.54e-05,2.189e-05,-0.00276395,-3.35e-05,0.55291561,1.15312477,0.0237742,0.02004623,-0.00372796
2021-12-31,combo_equal_weight_har_m_across_ml_har_augmented_log_rolling,Equal Weight | HAR+Macro,Info-set equal weights,0.12715669,0.09042987,0.09180554,0.03672682,0.03535115,0.03672682,0.03535115,0.00134886,0.0012497,-0.00137567,-9.916e-05,0.55153994,1.15302561,0.02300262,0.01939642,-0.0036062
2022-01-31,combo_equal_weight_har_m_across_ml_har_augmented_log_rolling,Equal Weight | HAR+Macro,Info-set equal weights,0.2054063,0.09612162,0.10455535,0.10928468,0.10085095,0.10928468,0.10085095,0.01194314,0.01017091,-0.00843373,-0.00177223,0.54310621,1.15125339,0.0313154,0.02630351,-0.0050119
2022-02-28,combo_equal_weight_har_m_across_ml_har_augmented_log_rolling,Equal Weight | HAR+Macro,Info-set equal weights,0.18906515,0.15403846,0.13873051,0.03502669,0.05033464,0.03502669,0.05033464,0.00122687,0.00253358,0.01530794,0.00130671,0.55841415,1.15256009,0.03290555,0.03008828,-0.00281727
2022-03-31,combo_equal_weight_har_m_across_ml_har_augmented_log_rolling,Equal Weight | HAR+Macro,Info-set equal weights,0.1731367,0.10969668,0.13572155,0.06344002,0.03741514,0.06344002,0.03741514,0.00402464,0.00139989,-0.02602488,-0.00262474,0.53238928,1.14993535,0.03521639,0.03173187,-0.00348452
2022-04-30,combo_equal_weight_har_m_across_ml_har_augmented_log_rolling,Equal Weight | HAR+Macro,Info-set equal weights,0.15851479,0.13112174,0.13127507,0.02739305,0.02723972,0.02739305,0.02723972,0.00075038,0.000742,-0.00015334,-8.38e-06,0.53223594,1.14992697,0.03614006,0.02959067,-0.00654938
2022-05-31,combo_equal_weight_har_m_across_ml_har_augmented_log_rolling,Equal Weight | HAR+Macro,Info-set equal weights,0.2578389,0.15395221,0.12724383,0.1038867,0.13059508,0.1038867,0.13059508,0.01079245,0.01705507,0.02670838,0.00626263,0.55894432,1.1561896,0.04414053,0.04024156,-0.00389897
2022-06-30,combo_equal_weight_har_m_across_ml_har_augmented_log_rolling,Equal Weight | HAR+Macro,Info-set equal weights,0.20628661,0.16924315,0.18639549,0.03704345,0.01989112,0.03704345,0.01989112,0.00137222,0.00039566,-0.01715233,-0.00097656,0.54179199,1.15521304,0.04533891,0.03878554,-0.00655337
2022-07-31,combo_equal_weight_har_m_across_ml_har_augmented_log_rolling,Equal Weight | HAR+Macro,Info-set equal weights,0.16389054,0.22438393,0.16323174,-0.06049339,0.0006588,0.06049339,0.0006588,0.00365945,4.3e-07,-0.05983459,-0.00365902,0.4819574,1.15155402,0.0458373,0.03770348,-0.00813382
2022-08-31,combo_equal_weight_har_m_across_ml_har_augmented_log_rolling,Equal Weight | HAR+Macro,Info-set equal weights,0.13005032,0.12630112,0.14456027,0.0037492,-0.01450995,0.0037492,0.01450995,1.406e-05,0.00021054,0.01076075,0.00019648,0.49271815,1.1517505,0.04309601,0.03663953,-0.00645648
2022-09-30,combo_equal_weight_har_m_across_ml_har_augmented_log_rolling,Equal Weight | HAR+Macro,Info-set equal weights,0.19626273,0.11541739,0.12637585,0.08084534,0.06988687,0.08084534,0.06988687,0.00653597,0.00488417,-0.01095846,-0.00165179,0.48175968,1.15009871,0.0482539,0.04107364,-0.00718026
2022-10-31,combo_equal_weight_har_m_across_ml_har_augmented_log_rolling,Equal Weight | HAR+Macro,Info-set equal weights,0.19975826,0.18618008,0.1614805,0.01357818,0.03827776,0.01357818,0.03827776,0.00018437,0.00146519,0.02469958,0.00128082,0.50645927,1.15137953,0.04824255,0.04414085,-0.00410169
2022-11-30,combo_equal_weight_har_m_across_ml_har_augmented_log_rolling,Equal Weight | HAR+Macro,Info-set equal weights,0.16948675,0.15507279,0.170144,0.01441396,-0.00065725,0.01441396,0.00065725,0.00020776,4.3e-07,-0.01375671,-0.00020733,0.49270256,1.1511722,0.04882346,0.0438057,-0.00501775
2022-12-31,combo_equal_weight_har_m_across_ml_har_augmented_log_rolling,Equal Weight | HAR+Macro,Info-set equal weights,0.15877952,0.20900631,0.15843758,-0.05022679,0.00034194,0.05022679,0.00034194,0.00252273,1.2e-07,-0.04988485,-0.00252261,0.44281771,1.14864959,0.04994845,0.04088827,-0.00906019
2023-01-31,combo_equal_weight_har_m_across_ml_har_augmented_log_rolling,Equal Weight | HAR+Macro,Info-set equal weights,0.14255764,0.18093024,0.15281384,-0.0383726,-0.01025621,0.0383726,0.01025621,0.00147246,0.00010519,-0.02811639,-0.00136727,0.41470131,1.14728232,0.04403911,0.03333871,-0.01070041
2023-02-28,combo_equal_weight_har_m_across_ml_har_augmented_log_rolling,Equal Weight | HAR+Macro,Info-set equal weights,0.14798801,0.09745834,0.14108966,0.05052966,0.00689835,0.05052966,0.00689835,0.00255325,4.759e-05,-0.04363131,-0.00250566,0.37107,1.14477666,0.04533103,0.02971902,-0.01561201
2023-03-31,combo_equal_weight_har_m_across_ml_har_augmented_log_rolling,Equal Weight | HAR+Macro,Info-set equal weights,0.16589266,0.15150421,0.14245861,0.01438845,0.02343405,0.01438845,0.02343405,0.00020703,0.00054915,0.00904561,0.00034213,0.38011561,1.14511879,0.0412434,0.02855393,-0.01268947
2023-04-30,combo_equal_weight_har_m_across_ml_har_augmented_log_rolling,Equal Weight | HAR+Macro,Info-set equal weights,0.08994252,0.12083338,0.15253063,-0.03089086,-0.06258811,0.03089086,0.06258811,0.00095425,0.00391727,0.03169725,0.00296303,0.41181285,1.14808181,0.04153488,0.03149962,-0.01003526
2023-05-31,combo_equal_weight_har_m_across_ml_har_augmented_log_rolling,Equal Weight | HAR+Macro,Info-set equal weights,0.10574234,0.11360409,0.11438662,-0.00786174,-0.00864427,0.00786174,0.00864427,6.181e-05,7.472e-05,0.00078253,1.292e-05,0.41259538,1.14809473,0.0335328,0.02133706,-0.01219574
2023-06-30,combo_equal_weight_har_m_across_ml_har_augmented_log_rolling,Equal Weight | HAR+Macro,Info-set equal weights,0.09100868,0.11803699,0.11566273,-0.02702831,-0.02465406,0.02702831,0.02465406,0.00073053,0.00060782,-0.00237425,-0.00012271,0.41022113,1.14797202,0.03269821,0.02173397,-0.01096424
2023-07-31,combo_equal_weight_har_m_across_ml_har_augmented_log_rolling,Equal Weight | HAR+Macro,Info-set equal weights,0.07268551,0.09573327,0.10498751,-0.02304777,-0.032302,0.02304777,0.032302,0.0005312,0.00104342,0.00925424,0.00051222,0.41947537,1.14848424,0.02957774,0.0243709,-0.00520684
2023-08-31,combo_equal_weight_har_m_across_ml_har_augmented_log_rolling,Equal Weight | HAR+Macro,Info-set equal weights,0.09745315,0.08484567,0.09628427,0.01260747,0.00116888,0.01260747,0.00116888,0.00015895,1.37e-06,-0.01143859,-0.00015758,0.40803677,1.14832666,0.03031593,0.02325915,-0.00705678
2023-09-30,combo_equal_weight_har_m_across_ml_har_augmented_log_rolling,Equal Weight | HAR+Macro,Info-set equal weights,0.09176085,0.10073763,0.10361721,-0.00897679,-0.01185637,0.00897679,0.01185637,8.058e-05,0.00014057,0.00287958,5.999e-05,0.41091635,1.14838665,0.02432688,0.01842327,-0.00590361
2023-10-31,combo_equal_weight_har_m_across_ml_har_augmented_log_rolling,Equal Weight | HAR+Macro,Info-set equal weights,0.12613768,0.08876103,0.10019084,0.03737665,0.02594684,0.03737665,0.02594684,0.00139701,0.00067324,-0.01142981,-0.00072378,0.39948654,1.14766288,0.02631009,0.01739569,-0.00891439
2023-11-30,combo_equal_weight_har_m_across_ml_har_augmented_log_rolling,Equal Weight | HAR+Macro,Info-set equal weights,0.08061106,0.12447031,0.11318387,-0.04385926,-0.03257281,0.04385926,0.03257281,0.00192363,0.00106099,-0.01128644,-0.00086265,0.3882001,1.14680023,0.02876386,0.02005532,-0.00870854
2023-12-31,combo_equal_weight_har_m_across_ml_har_augmented_log_rolling,Equal Weight | HAR+Macro,Info-set equal weights,0.07463208,0.08314302,0.09612049,-0.00851093,-0.0214884,0.00851093,0.0214884,7.244e-05,0.00046175,0.01297747,0.00038932,0.40117757,1.14718955,0.02528754,0.02181753,-0.00347001
2024-01-31,combo_equal_weight_har_m_across_ml_har_augmented_log_rolling,Equal Weight | HAR+Macro,Info-set equal weights,0.0851791,0.1009872,0.09260378,-0.0158081,-0.00742468,0.0158081,0.00742468,0.0002499,5.513e-05,-0.00838342,-0.00019477,0.39279415,1.14699478,0.02340717,0.02158157,-0.0018256
2011-03-31,combo_equal_weight_har_om_across_ml_har_augmented_log_rolling,Equal Weight | HAR+Macro+Option,Info-set equal weights,0.1239968,0.10404829,0.11607562,0.01994851,0.00792117,0.01994851,0.00792117,0.00039794,6.274e-05,-0.01202733,-0.0003352,-0.01202733,-0.0003352,,,
2011-04-30,combo_equal_weight_har_om_across_ml_har_augmented_log_rolling,Equal Weight | HAR+Macro+Option,Info-set equal weights,0.08197577,0.1158289,0.12651617,-0.03385312,-0.0445404,0.03385312,0.0445404,0.00114603,0.00198385,0.01068727,0.00083781,-0.00134006,0.00050261,,,
2011-05-31,combo_equal_weight_har_om_across_ml_har_augmented_log_rolling,Equal Weight | HAR+Macro+Option,Info-set equal weights,0.10443997,0.09722377,0.11306831,0.0072162,-0.00862834,0.0072162,0.00862834,5.207e-05,7.445e-05,0.00141214,2.237e-05,7.208e-05,0.00052499,,,
2011-06-30,combo_equal_weight_har_om_across_ml_har_augmented_log_rolling,Equal Weight | HAR+Macro+Option,Info-set equal weights,0.11731825,0.12177879,0.11566157,-0.00446054,0.00165669,0.00446054,0.00165669,1.99e-05,2.74e-06,-0.00280385,-1.715e-05,-0.00273177,0.00050784,,,
2011-07-31,combo_equal_weight_har_om_across_ml_har_augmented_log_rolling,Equal Weight | HAR+Macro+Option,Info-set equal weights,0.11132267,0.11260358,0.11708849,-0.00128091,-0.00576582,0.00128091,0.00576582,1.64e-06,3.324e-05,0.00448491,3.16e-05,0.00175314,0.00053944,,,
2011-08-31,combo_equal_weight_har_om_across_ml_har_augmented_log_rolling,Equal Weight | HAR+Macro+Option,Info-set equal weights,0.30047559,0.16049631,0.11397057,0.13997928,0.18650502,0.13997928,0.18650502,0.0195942,0.03478412,0.04652574,0.01518992,0.04827889,0.01572937,,,
2011-09-30,combo_equal_weight_har_om_across_ml_har_augmented_log_rolling,Equal Weight | HAR+Macro+Option,Info-set equal weights,0.23741865,0.23445599,0.18733709,0.00296266,0.05008156,0.00296266,0.05008156,8.78e-06,0.00250816,0.0471189,0.00249939,0.09539779,0.01822875,,,
2011-10-31,combo_equal_weight_har_om_across_ml_har_augmented_log_rolling,Equal Weight | HAR+Macro+Option,Info-set equal weights,0.21104059,0.31746061,0.15661848,-0.10642002,0.05442212,0.10642002,0.05442212,0.01132522,0.00296177,-0.0519979,-0.00836345,0.04339989,0.0098653,,,
2011-11-30,combo_equal_weight_har_om_across_ml_har_augmented_log_rolling,Equal Weight | HAR+Macro+Option,Info-set equal weights,0.18299764,0.17186538,0.14490642,0.01113226,0.03809122,0.01113226,0.03809122,0.00012393,0.00145094,0.02695896,0.00132701,0.07035884,0.01119231,,,
2011-12-31,combo_equal_weight_har_om_across_ml_har_augmented_log_rolling,Equal Weight | HAR+Macro+Option,Info-set equal weights,0.12641057,0.17369159,0.1422497,-0.04728102,-0.01583913,0.04728102,0.01583913,0.00223549,0.00025088,-0.03144189,-0.00198462,0.03891695,0.0092077,,,
2012-01-31,combo_equal_weight_har_om_across_ml_har_augmented_log_rolling,Equal Weight | HAR+Macro+Option,Info-set equal weights,0.09173477,0.17937842,0.12693949,-0.08764364,-0.03520472,0.08764364,0.03520472,0.00768141,0.00123937,-0.05243893,-0.00644204,-0.01352197,0.00276566,,,
2012-02-29,combo_equal_weight_har_om_across_ml_har_augmented_log_rolling,Equal Weight | HAR+Macro+Option,Info-set equal weights,0.08055043,0.11888045,0.1137494,-0.03833002,-0.03319897,0.03833002,0.03319897,0.00146919,0.00110217,-0.00513104,-0.00036702,-0.01865302,0.00239864,0.04170901,0.0401546,-0.00155442
2012-03-31,combo_equal_weight_har_om_across_ml_har_augmented_log_rolling,Equal Weight | HAR+Macro+Option,Info-set equal weights,0.07616645,0.10236493,0.10772076,-0.02619847,-0.03155431,0.02619847,0.03155431,0.00068636,0.00099567,0.00535583,0.00030931,-0.01329718,0.00270796,0.04222985,0.04212402,-0.00010582
2012-04-30,combo_equal_weight_har_om_across_ml_har_augmented_log_rolling,Equal Weight | HAR+Macro+Option,Info-set equal weights,0.09057891,0.10071745,0.10505353,-0.01013855,-0.01447463,0.01013855,0.01447463,0.00010279,0.00020951,0.00433608,0.00010672,-0.0089611,0.00281468,0.04025363,0.03961854,-0.00063509
2012-05-31,combo_equal_weight_har_om_across_ml_har_augmented_log_rolling,Equal Weight | HAR+Macro+Option,Info-set equal weights,0.12253117,0.10600574,0.10943598,0.01652543,0.0130952,0.01652543,0.0130952,0.00027309,0.00017148,-0.00343024,-0.00010161,-0.01239134,0.00271307,0.0410294,0.03999078,-0.00103862
2012-06-30,combo_equal_weight_har_om_across_ml_har_augmented_log_rolling,Equal Weight | HAR+Macro+Option,Info-set equal weights,0.11937706,0.13655044,0.12178747,-0.01717338,-0.00241041,0.01717338,0.00241041,0.00029493,5.81e-06,-0.01476297,-0.00028912,-0.02715431,0.00242396,0.0420888,0.04005359,-0.00203521
2012-07-31,combo_equal_weight_har_om_across_ml_har_augmented_log_rolling,Equal Weight | HAR+Macro+Option,Info-set equal weights,0.1008825,0.13079171,0.12079751,-0.02990921,-0.01991501,0.02990921,0.01991501,0.00089456,0.00039661,-0.0099942,-0.00049795,-0.03714851,0.00192601,0.0444745,0.04123269,-0.0032418
2012-08-31,combo_equal_weight_har_om_across_ml_har_augmented_log_rolling,Equal Weight | HAR+Macro+Option,Info-set equal weights,0.08005638,0.11852807,0.11337364,-0.03847169,-0.03331726,0.03847169,0.03331726,0.00148007,0.00111004,-0.00515443,-0.00037003,-0.04230294,0.00155598,0.03601553,0.02846704,-0.00754849
2012-09-30,combo_equal_weight_har_om_across_ml_har_augmented_log_rolling,Equal Weight | HAR+Macro+Option,Info-set equal weights,0.07940683,0.100385,0.1036908,-0.02097817,-0.02428397,0.02097817,0.02428397,0.00044008,0.00058971,0.0033058,0.00014963,-0.03899714,0.0017056,0.03751682,0.02631724,-0.01119958
2012-10-31,combo_equal_weight_har_om_across_ml_har_augmented_log_rolling,Equal Weight | HAR+Macro+Option,Info-set equal weights,0.09399635,0.10132934,0.09961429,-0.00733299,-0.00561794,0.00733299,0.00561794,5.377e-05,3.156e-05,-0.00171505,-2.221e-05,-0.04071219,0.00168339,0.02925957,0.02225023,-0.00700934
2012-11-30,combo_equal_weight_har_om_across_ml_har_augmented_log_rolling,Equal Weight | HAR+Macro+Option,Info-set equal weights,0.11058386,0.09218417,0.10326854,0.01839969,0.00731532,0.01839969,0.00731532,0.00033855,5.351e-05,-0.01108437,-0.00028503,-0.05179656,0.00139836,0.02986519,0.01968557,-0.01017962
2012-12-31,combo_equal_weight_har_om_across_ml_har_augmented_log_rolling,Equal Weight | HAR+Macro+Option,Info-set equal weights,0.0992343,0.09585349,0.10880533,0.00338081,-0.00957103,0.00338081,0.00957103,1.143e-05,9.16e-05,0.00619022,8.017e-05,-0.04560633,0.00147853,0.02620684,0.01916323,-0.00704361
2013-01-31,combo_equal_weight_har_om_across_ml_har_augmented_log_rolling,Equal Weight | HAR+Macro+Option,Info-set equal weights,0.06679532,0.09538368,0.105212,-0.02858836,-0.03841668,0.02858836,0.03841668,0.00081729,0.00147584,0.00982831,0.00065855,-0.03577802,0.00213708,0.02128556,0.01943089,-0.00185467
2013-02-28,combo_equal_weight_har_om_across_ml_har_augmented_log_rolling,Equal Weight | HAR+Macro+Option,Info-set equal weights,0.07807531,0.08922891,0.09381858,-0.01115361,-0.01574327,0.01115361,0.01574327,0.0001244,0.00024785,0.00458967,0.00012345,-0.03118835,0.00226053,0.01902086,0.01797625,-0.00104461
2013-03-31,combo_equal_weight_har_om_across_ml_har_augmented_log_rolling,Equal Weight | HAR+Macro+Option,Info-set equal weights,0.07750691,0.09850156,0.09632791,-0.02099465,-0.018821,0.02099465,0.018821,0.00044078,0.00035423,-0.00217364,-8.655e-05,-0.033362,0.00217398,0.01858721,0.01691514,-0.00167207
2013-04-30,combo_equal_weight_har_om_across_ml_har_augmented_log_rolling,Equal Weight | HAR+Macro+Option,Info-set equal weights,0.09235894,0.09350971,0.09548052,-0.00115077,-0.00312158,0.00115077,0.00312158,1.32e-06,9.74e-06,0.00197081,8.42e-06,-0.03139119,0.0021824,0.01783823,0.01596906,-0.00186917
2013-05-31,combo_equal_weight_har_om_across_ml_har_augmented_log_rolling,Equal Weight | HAR+Macro+Option,Info-set equal weights,0.08770623,0.08710757,0.10060121,0.00059866,-0.01289498,0.00059866,0.01289498,3.6e-07,0.00016628,0.01229632,0.00016592,-0.01909487,0.00234832,0.016511,0.01595237,-0.00055863
2013-06-30,combo_equal_weight_har_om_across_ml_har_augmented_log_rolling,Equal Weight | HAR+Macro+Option,Info-set equal weights,0.12836694,0.09154337,0.09896535,0.03682357,0.02940158,0.03682357,0.02940158,0.00135598,0.00086445,-0.00742198,-0.00049152,-0.02651685,0.0018568,0.01814851,0.01820164,5.312e-05
2013-07-31,combo_equal_weight_har_om_across_ml_har_augmented_log_rolling,Equal Weight | HAR+Macro+Option,Info-set equal weights,0.07678995,0.11808318,0.11422798,-0.04129323,-0.03743803,0.04129323,0.03743803,0.00170513,0.00140161,-0.0038552,-0.00030353,-0.03037206,0.00155328,0.01909718,0.01966189,0.0005647
2013-08-31,combo_equal_weight_har_om_across_ml_har_augmented_log_rolling,Equal Weight | HAR+Macro+Option,Info-set equal weights,0.07837318,0.09227009,0.09643315,-0.0138969,-0.01805997,0.0138969,0.01805997,0.00019312,0.00032616,0.00416306,0.00013304,-0.02620899,0.00168631,0.01704928,0.01839045,0.00134116
2013-09-30,combo_equal_weight_har_om_across_ml_har_augmented_log_rolling,Equal Weight | HAR+Macro+Option,Info-set equal weights,0.07842193,0.10722872,0.09639643,-0.02880679,-0.01797449,0.02880679,0.01797449,0.00082983,0.00032308,-0.0108323,-0.00050675,-0.03704129,0.00117957,0.01770167,0.01786466,0.00016299
2013-10-31,combo_equal_weight_har_om_across_ml_har_augmented_log_rolling,Equal Weight | HAR+Macro+Option,Info-set equal weights,0.08610878,0.09236803,0.09514152,-0.00625925,-0.00903273,0.00625925,0.00903273,3.918e-05,8.159e-05,0.00277348,4.241e-05,-0.0342678,0.00122198,0.01761219,0.01814922,0.00053703
2013-11-30,combo_equal_weight_har_om_across_ml_har_augmented_log_rolling,Equal Weight | HAR+Macro+Option,Info-set equal weights,0.06981601,0.09294961,0.09755242,-0.0231336,-0.02773641,0.0231336,0.02773641,0.00053516,0.00076931,0.00460281,0.00023415,-0.02966499,0.00145612,0.01800668,0.01985098,0.0018443
2013-12-31,combo_equal_weight_har_om_across_ml_har_augmented_log_rolling,Equal Weight | HAR+Macro+Option,Info-set equal weights,0.07121165,0.08590687,0.09196516,-0.01469522,-0.02075351,0.01469522,0.02075351,0.00021595,0.00043071,0.00605829,0.00021476,-0.0236067,0.00167088,0.01894955,0.02078285,0.0018333
2014-01-31,combo_equal_weight_har_om_across_ml_har_augmented_log_rolling,Equal Weight | HAR+Macro+Option,Info-set equal weights,0.0885142,0.08947723,0.09186938,-0.00096303,-0.00335518,0.00096303,0.00335518,9.3e-07,1.126e-05,0.00239216,1.033e-05,-0.02121454,0.00168121,0.01664744,0.01786106,0.00121362
2014-02-28,combo_equal_weight_har_om_across_ml_har_augmented_log_rolling,Equal Weight | HAR+Macro+Option,Info-set equal weights,0.09024819,0.09921933,0.09720438,-0.00897114,-0.00695618,0.00897114,0.00695618,8.048e-05,4.839e-05,-0.00201496,-3.209e-05,-0.0232295,0.00164912,0.01646557,0.0171288,0.00066324
2014-03-31,combo_equal_weight_har_om_across_ml_har_augmented_log_rolling,Equal Weight | HAR+Macro+Option,Info-set equal weights,0.09283748,0.09070738,0.09823287,0.00213009,-0.0053954,0.00213009,0.0053954,4.54e-06,2.911e-05,0.0032653,2.457e-05,-0.0199642,0.00167369,0.01489352,0.01601,0.00111648
2014-04-30,combo_equal_weight_har_om_across_ml_har_augmented_log_rolling,Equal Weight | HAR+Macro+Option,Info-set equal weights,0.0959287,0.09414382,0.09944134,0.00178488,-0.00351264,0.00178488,0.00351264,3.19e-06,1.234e-05,0.00172777,9.15e-06,-0.01823643,0.00168284,0.01494636,0.01604259,0.00109623
2014-05-31,combo_equal_weight_har_om_across_ml_har_augmented_log_rolling,Equal Weight | HAR+Macro+Option,Info-set equal weights,0.07303027,0.10390378,0.10058053,-0.0308735,-0.02755026,0.0308735,0.02755026,0.00095317,0.00075902,-0.00332325,-0.00019416,-0.02155967,0.00148869,0.01746927,0.01726387,-0.0002054
2014-06-30,combo_equal_weight_har_om_across_ml_har_augmented_log_rolling,Equal Weight | HAR+Macro+Option,Info-set equal weights,0.05653613,0.08502192,0.09262975,-0.02848579,-0.03609362,0.02848579,0.03609362,0.00081144,0.00130275,0.00760783,0.00049131,-0.01395184,0.00198,0.01677445,0.01782154,0.00104708
2014-07-31,combo_equal_weight_har_om_across_ml_har_augmented_log_rolling,Equal Weight | HAR+Macro+Option,Info-set equal weights,0.0660717,0.11191011,0.08642521,-0.04583841,-0.02035351,0.04583841,0.02035351,0.00210116,0.00041427,-0.0254849,-0.00168689,-0.03943674,0.0002931,0.01715322,0.01639783,-0.00075539
2014-08-31,combo_equal_weight_har_om_across_ml_har_augmented_log_rolling,Equal Weight | HAR+Macro+Option,Info-set equal weights,0.0752277,0.09316787,0.08808877,-0.01794016,-0.01286107,0.01794016,0.01286107,0.00032185,0.00016541,-0.0050791,-0.00015644,-0.04451584,0.00013666,0.01749015,0.01596458,-0.00152557
2014-09-30,combo_equal_weight_har_om_across_ml_har_augmented_log_rolling,Equal Weight | HAR+Macro+Option,Info-set equal weights,0.0762108,0.08450845,0.09063727,-0.00829765,-0.01442647,0.00829765,0.01442647,6.885e-05,0.00020812,0.00612882,0.00013927,-0.03838702,0.00027593,0.01578106,0.01566892,-0.00011214
2014-10-31,combo_equal_weight_har_om_across_ml_har_augmented_log_rolling,Equal Weight | HAR+Macro+Option,Info-set equal weights,0.14399204,0.10231818,0.09121305,0.04167386,0.05277899,0.04167386,0.05277899,0.00173671,0.00278562,0.01110513,0.00104891,-0.02728189,0.00132484,0.01873228,0.01931444,0.00058216
2014-11-30,combo_equal_weight_har_om_across_ml_har_augmented_log_rolling,Equal Weight | HAR+Macro+Option,Info-set equal weights,0.06427653,0.12215343,0.1166976,-0.05787691,-0.05242108,0.05787691,0.05242108,0.00334974,0.00274797,-0.00545583,-0.00060177,-0.03273772,0.00072308,0.02162755,0.02137149,-0.00025606
2014-12-31,combo_equal_weight_har_om_across_ml_har_augmented_log_rolling,Equal Weight | HAR+Macro+Option,Info-set equal weights,0.10043239,0.09593736,0.08989329,0.00449503,0.0105391,0.00449503,0.0105391,2.021e-05,0.00011107,0.00604407,9.087e-05,-0.02669364,0.00081394,0.02077754,0.02052029,-0.00025725
2015-01-31,combo_equal_weight_har_om_across_ml_har_augmented_log_rolling,Equal Weight | HAR+Macro+Option,Info-set equal weights,0.13813587,0.11934087,0.10182245,0.018795,0.03631343,0.018795,0.03631343,0.00035325,0.00131866,0.01751842,0.00096541,-0.00917522,0.00177936,0.02226353,0.02326681,0.00100328
2015-02-28,combo_equal_weight_har_om_across_ml_har_augmented_log_rolling,Equal Weight | HAR+Macro+Option,Info-set equal weights,0.09213617,0.14942978,0.11523843,-0.05729361,-0.02310226,0.05729361,0.02310226,0.00328256,0.00053371,-0.03419135,-0.00274884,-0.04336657,-0.00096949,0.02629041,0.02461232,-0.00167809
2015-03-31,combo_equal_weight_har_om_across_ml_har_augmented_log_rolling,Equal Weight | HAR+Macro+Option,Info-set equal weights,0.08527221,0.09714564,0.1007801,-0.01187343,-0.0155079,0.01187343,0.0155079,0.00014098,0.00024049,0.00363446,9.952e-05,-0.03973211,-0.00086997,0.02710235,0.02545503,-0.00164733
2015-04-30,combo_equal_weight_har_om_across_ml_har_augmented_log_rolling,Equal Weight | HAR+Macro+Option,Info-set equal weights,0.08426138,0.10746787,0.09809242,-0.02320649,-0.01383104,0.02320649,0.01383104,0.00053854,0.0001913,-0.00937545,-0.00034724,-0.04910756,-0.00121721,0.02888749,0.02631489,-0.00257259
2015-05-31,combo_equal_weight_har_om_across_ml_har_augmented_log_rolling,Equal Weight | HAR+Macro+Option,Info-set equal weights,0.0753713,0.08892915,0.09617712,-0.01355784,-0.02080582,0.01355784,0.02080582,0.00018382,0.00043288,0.00724797,0.00024907,-0.04185959,-0.00096815,0.02744451,0.02575286,-0.00169166
2015-06-30,combo_equal_weight_har_om_across_ml_har_augmented_log_rolling,Equal Weight | HAR+Macro+Option,Info-set equal weights,0.08191996,0.08117773,0.09304976,0.00074223,-0.01112981,0.00074223,0.01112981,5.5e-07,0.00012387,0.01038758,0.00012332,-0.03147201,-0.00084482,0.02513255,0.02367254,-0.00146001
2015-07-31,combo_equal_weight_har_om_across_ml_har_augmented_log_rolling,Equal Weight | HAR+Macro+Option,Info-set equal weights,0.08281331,0.10083841,0.09519662,-0.0180251,-0.01238331,0.0180251,0.01238331,0.0003249,0.00015335,-0.00564178,-0.00017156,-0.03711379,-0.00101638,0.02281478,0.02300835,0.00019358
2015-08-31,combo_equal_weight_har_om_across_ml_har_augmented_log_rolling,Equal Weight | HAR+Macro+Option,Info-set equal weights,0.18124678,0.10633661,0.09560516,0.07491017,0.08564162,0.07491017,0.08564162,0.00561153,0.00733449,0.01073145,0.00172295,-0.02638234,0.00070657,0.02756228,0.0290734,0.00151113
2015-09-30,combo_equal_weight_har_om_across_ml_har_augmented_log_rolling,Equal Weight | HAR+Macro+Option,Info-set equal weights,0.15257606,0.17437269,0.13513135,-0.02179663,0.01744471,0.02179663,0.01744471,0.00047509,0.00030432,-0.00435192,-0.00017078,-0.03073425,0.0005358,0.02868719,0.02932492,0.00063773
2015-10-31,combo_equal_weight_har_om_across_ml_har_augmented_log_rolling,Equal Weight | HAR+Macro+Option,Info-set equal weights,0.1095216,0.12990698,0.12697753,-0.02038538,-0.01745594,0.02038538,0.01745594,0.00041556,0.00030471,-0.00292944,-0.00011085,-0.0336637,0.00042494,0.02691315,0.02638133,-0.00053182
2015-11-30,combo_equal_weight_har_om_across_ml_har_augmented_log_rolling,Equal Weight | HAR+Macro+Option,Info-set equal weights,0.09094525,0.10679457,0.11088782,-0.01584932,-0.01994257,0.01584932,0.01994257,0.0002512,0.00039771,0.00409325,0.00014651,-0.02957045,0.00057145,0.02341085,0.02367479,0.00026394
2015-12-31,combo_equal_weight_har_om_across_ml_har_augmented_log_rolling,Equal Weight | HAR+Macro+Option,Info-set equal weights,0.12220819,0.08922589,0.10290397,0.0329823,0.01930422,0.0329823,0.01930422,0.00108783,0.00037265,-0.01367808,-0.00071518,-0.04324853,-0.00014373,0.02578479,0.02440522,-0.00137957
2016-01-31,combo_equal_weight_har_om_across_ml_har_augmented_log_rolling,Equal Weight | HAR+Macro+Option,Info-set equal weights,0.19111779,0.11771465,0.11368516,0.07340313,0.07743262,0.07340313,0.07743262,0.00538802,0.00599581,0.00402949,0.00060779,-0.03921904,0.00046406,0.03033547,0.02783182,-0.00250365
2016-02-29,combo_equal_weight_har_om_across_ml_har_augmented_log_rolling,Equal Weight | HAR+Macro+Option,Info-set equal weights,0.16301964,0.18626946,0.14513661,-0.02324982,0.01788303,0.02324982,0.01788303,0.00054055,0.0003198,-0.00536679,-0.00022075,-0.04458583,0.00024331,0.02749849,0.02739688,-0.0001016
2016-03-31,combo_equal_weight_har_om_across_ml_har_augmented_log_rolling,Equal Weight | HAR+Macro+Option,Info-set equal weights,0.09480278,0.14720736,0.13582316,-0.05240458,-0.04102037,0.05240458,0.04102037,0.00274624,0.00168267,-0.0113842,-0.00106357,-0.05597003,-0.00082026,0.03087608,0.02952292,-0.00135316
2016-04-30,combo_equal_weight_har_om_across_ml_har_augmented_log_rolling,Equal Weight | HAR+Macro+Option,Info-set equal weights,0.08229344,0.09248261,0.10862824,-0.01018917,-0.02633481,0.01018917,0.02633481,0.00010382,0.00069352,0.01614564,0.0005897,-0.0398244,-0.00023056,0.0297913,0.0305649,0.0007736
2016-05-31,combo_equal_weight_har_om_across_ml_har_augmented_log_rolling,Equal Weight | HAR+Macro+Option,Info-set equal weights,0.08530203,0.10378081,0.10215381,-0.01847878,-0.01685178,0.01847878,0.01685178,0.00034147,0.00028398,-0.00162701,-5.748e-05,-0.0414514,-0.00028804,0.03020138,0.0302354,3.402e-05
2016-06-30,combo_equal_weight_har_om_across_ml_har_augmented_log_rolling,Equal Weight | HAR+Macro+Option,Info-set equal weights,0.09397396,0.09687151,0.10191531,-0.00289755,-0.00794135,0.00289755,0.00794135,8.4e-06,6.307e-05,0.0050438,5.467e-05,-0.0364076,-0.00023337,0.03038099,0.02996969,-0.0004113
2016-07-31,combo_equal_weight_har_om_across_ml_har_augmented_log_rolling,Equal Weight | HAR+Macro+Option,Info-set equal weights,0.06662709,0.1122987,0.10466726,-0.04567161,-0.03804017,0.04567161,0.03804017,0.0020859,0.00144705,-0.00763144,-0.00063884,-0.04403905,-0.00087221,0.03268487,0.03210777,-0.0005771
2016-08-31,combo_equal_weight_har_om_across_ml_har_augmented_log_rolling,Equal Weight | HAR+Macro+Option,Info-set equal weights,0.05875578,0.08301905,0.09501239,-0.02426327,-0.03625661,0.02426327,0.03625661,0.00058871,0.00131454,0.01199334,0.00072584,-0.0320457,-0.00014638,0.0284643,0.02799235,-0.00047195
2016-09-30,combo_equal_weight_har_om_across_ml_har_augmented_log_rolling,Equal Weight | HAR+Macro+Option,Info-set equal weights,0.08956114,0.08671458,0.09092766,0.00284657,-0.00136651,0.00284657,0.00136651,8.1e-06,1.87e-06,-0.00148006,-6.24e-06,-0.03352576,-0.00015261,0.02688512,0.0266525,-0.00023263
2016-10-31,combo_equal_weight_har_om_across_ml_har_augmented_log_rolling,Equal Weight | HAR+Macro+Option,Info-set equal weights,0.07645832,0.08681124,0.10017519,-0.01035293,-0.02371688,0.01035293,0.02371688,0.00010718,0.00056249,0.01336395,0.00045531,-0.02016181,0.00030269,0.02604909,0.02717424,0.00112516
2016-11-30,combo_equal_weight_har_om_across_ml_har_augmented_log_rolling,Equal Weight | HAR+Macro+Option,Info-set equal weights,0.08613464,0.09627163,0.09596475,-0.01013699,-0.00983012,0.01013699,0.00983012,0.00010276,9.663e-05,-0.00030688,-6.13e-06,-0.02046868,0.00029657,0.02557306,0.02633154,0.00075848
2016-12-31,combo_equal_weight_har_om_across_ml_har_augmented_log_rolling,Equal Weight | HAR+Macro+Option,Info-set equal weights,0.06241094,0.09639517,0.09959472,-0.03398423,-0.03718377,0.03398423,0.03718377,0.00115493,0.00138263,0.00319955,0.00022771,-0.01726914,0.00052427,0.02565655,0.0278215,0.00216495
2017-01-31,combo_equal_weight_har_om_across_ml_har_augmented_log_rolling,Equal Weight | HAR+Macro+Option,Info-set equal weights,0.06212703,0.08463519,0.09131225,-0.02250816,-0.02918521,0.02250816,0.02918521,0.00050662,0.00085178,0.00667705,0.00034516,-0.01059209,0.00086943,0.0214153,0.02380088,0.00238558
2017-02-28,combo_equal_weight_har_om_across_ml_har_augmented_log_rolling,Equal Weight | HAR+Macro+Option,Info-set equal weights,0.05181816,0.07455871,0.08981388,-0.02274055,-0.03799572,0.02274055,0.03799572,0.00051713,0.00144367,0.01525517,0.00092654,0.00466308,0.00179597,0.02137287,0.02547694,0.00410408
2017-03-31,combo_equal_weight_har_om_across_ml_har_augmented_log_rolling,Equal Weight | HAR+Macro+Option,Info-set equal weights,0.06543911,0.07541515,0.08508029,-0.00997605,-0.01964118,0.00997605,0.01964118,9.952e-05,0.00038578,0.00966514,0.00028625,0.01432822,0.00208223,0.01783715,0.02369534,0.00585819
2017-04-30,combo_equal_weight_har_om_across_ml_har_augmented_log_rolling,Equal Weight | HAR+Macro+Option,Info-set equal weights,0.06821277,0.07801884,0.08807873,-0.00980606,-0.01986596,0.00980606,0.01986596,9.616e-05,0.00039466,0.0100599,0.0002985,0.02438812,0.00238073,0.01780523,0.02315627,0.00535104
2017-05-31,combo_equal_weight_har_om_across_ml_har_augmented_log_rolling,Equal Weight | HAR+Macro+Option,Info-set equal weights,0.05167712,0.08281765,0.08906903,-0.03114053,-0.03739191,0.03114053,0.03739191,0.00096973,0.00139815,0.00625138,0.00042842,0.03063949,0.00280915,0.01886037,0.02486795,0.00600757
2017-06-30,combo_equal_weight_har_om_across_ml_har_augmented_log_rolling,Equal Weight | HAR+Macro+Option,Info-set equal weights,0.06000712,0.08090685,0.08363599,-0.02089973,-0.02362887,0.02089973,0.02362887,0.0004368,0.00055832,0.00272914,0.00012152,0.03336863,0.00293067,0.02036056,0.02617524,0.00581469
2017-07-31,combo_equal_weight_har_om_across_ml_har_augmented_log_rolling,Equal Weight | HAR+Macro+Option,Info-set equal weights,0.04869214,0.06652908,0.08495022,-0.01783694,-0.03625807,0.01783694,0.03625807,0.00031816,0.00131465,0.01842114,0.00099649,0.05178977,0.00392716,0.018041,0.02602673,0.00798573
2017-08-31,combo_equal_weight_har_om_across_ml_har_augmented_log_rolling,Equal Weight | HAR+Macro+Option,Info-set equal weights,0.05895137,0.06894731,0.08032493,-0.00999593,-0.02137356,0.00999593,0.02137356,9.992e-05,0.00045683,0.01137762,0.00035691,0.06316739,0.00428407,0.01685206,0.02478648,0.00793442
2017-09-30,combo_equal_weight_har_om_across_ml_har_augmented_log_rolling,Equal Weight | HAR+Macro+Option,Info-set equal weights,0.04531107,0.07664655,0.08183425,-0.03133549,-0.03652319,0.03133549,0.03652319,0.00098191,0.00133394,0.0051877,0.00035203,0.06835509,0.00463611,0.01922613,0.0277162,0.00849007
2017-10-31,combo_equal_weight_har_om_across_ml_har_augmented_log_rolling,Equal Weight | HAR+Macro+Option,Info-set equal weights,0.03786706,0.07299321,0.07706881,-0.03512614,-0.03920175,0.03512614,0.03920175,0.00123385,0.00153678,0.00407561,0.00030293,0.0724307,0.00493904,0.02129057,0.02900661,0.00771604
2017-11-30,combo_equal_weight_har_om_across_ml_har_augmented_log_rolling,Equal Weight | HAR+Macro+Option,Info-set equal weights,0.04900293,0.06735325,0.07370597,-0.01835032,-0.02470304,0.01835032,0.02470304,0.00033673,0.00061024,0.00635272,0.00027351,0.07878342,0.00521254,0.02197501,0.03024602,0.00827101
2017-12-31,combo_equal_weight_har_om_across_ml_har_augmented_log_rolling,Equal Weight | HAR+Macro+Option,Info-set equal weights,0.06019932,0.077941,0.07481554,-0.01774169,-0.01461623,0.01774169,0.01461623,0.00031477,0.00021363,-0.00312546,-0.00010113,0.07565796,0.00511141,0.02062147,0.02836539,0.00774392
2018-01-31,combo_equal_weight_har_om_across_ml_har_augmented_log_rolling,Equal Weight | HAR+Macro+Option,Info-set equal weights,0.06519769,0.0758035,0.07762023,-0.01060582,-0.01242254,0.01060582,0.01242254,0.00011248,0.00015432,0.00181673,4.184e-05,0.07747468,0.00515325,0.0196296,0.0269685,0.0073389
2018-02-28,combo_equal_weight_har_om_across_ml_har_augmented_log_rolling,Equal Weight | HAR+Macro+Option,Info-set equal weights,0.1387046,0.07209156,0.07819547,0.06661304,0.06050912,0.06661304,0.06050912,0.0044373,0.00366135,-0.00610392,-0.00077594,0.07137077,0.0043773,0.02328564,0.02884462,0.00555897
2018-03-31,combo_equal_weight_har_om_across_ml_har_augmented_log_rolling,Equal Weight | HAR+Macro+Option,Info-set equal weights,0.13891564,0.10856108,0.10438966,0.03035456,0.03452598,0.03035456,0.03452598,0.0009214,0.00119204,0.00417142,0.00027064,0.07554219,0.00464795,0.02498385,0.03008502,0.00510116
2018-04-30,combo_equal_weight_har_om_across_ml_har_augmented_log_rolling,Equal Weight | HAR+Macro+Option,Info-set equal weights,0.1407784,0.09198079,0.10640081,0.04879761,0.03437759,0.04879761,0.03437759,0.00238121,0.00118182,-0.01442002,-0.00119939,0.06112216,0.00344856,0.02823315,0.03129432,0.00306117
2018-05-31,combo_equal_weight_har_om_across_ml_har_augmented_log_rolling,Equal Weight | HAR+Macro+Option,Info-set equal weights,0.09507116,0.09370288,0.10993222,0.00136828,-0.01486106,0.00136828,0.01486106,1.87e-06,0.00022085,0.01349278,0.00021898,0.07461495,0.00366754,0.02575213,0.02941675,0.00366462
2018-06-30,combo_equal_weight_har_om_across_ml_har_augmented_log_rolling,Equal Weight | HAR+Macro+Option,Info-set equal weights,0.08039533,0.08680509,0.09331526,-0.00640976,-0.01291992,0.00640976,0.01291992,4.108e-05,0.00016692,0.00651017,0.00012584,0.08112511,0.00379338,0.02454463,0.02852434,0.00397971
2018-07-31,combo_equal_weight_har_om_across_ml_har_augmented_log_rolling,Equal Weight | HAR+Macro+Option,Info-set equal weights,0.0690613,0.09525459,0.08786672,-0.02619329,-0.01880541,0.02619329,0.01880541,0.00068609,0.00035364,-0.00738787,-0.00033244,0.07373724,0.00346093,0.02524099,0.02706995,0.00182896
2018-08-31,combo_equal_weight_har_om_across_ml_har_augmented_log_rolling,Equal Weight | HAR+Macro+Option,Info-set equal weights,0.05968197,0.07846092,0.08387116,-0.01877894,-0.02418919,0.01877894,0.02418919,0.00035265,0.00058512,0.00541024,0.00023247,0.07914748,0.0036934,0.02597291,0.02730459,0.00133167
2018-09-30,combo_equal_weight_har_om_across_ml_har_augmented_log_rolling,Equal Weight | HAR+Macro+Option,Info-set equal weights,0.0654128,0.07927471,0.08064715,-0.01386191,-0.01523435,0.01386191,0.01523435,0.00019215,0.00023209,0.00137244,3.993e-05,0.08051992,0.00373333,0.02451678,0.02553052,0.00101374
2018-10-31,combo_equal_weight_har_om_across_ml_har_augmented_log_rolling,Equal Weight | HAR+Macro+Option,Info-set equal weights,0.17260155,0.07335784,0.08166035,0.09924371,0.0909412,0.09924371,0.0909412,0.00984931,0.0082703,-0.00830251,-0.00157901,0.07221741,0.00215432,0.02985991,0.02984214,-1.777e-05
2018-11-30,combo_equal_weight_har_om_across_ml_har_augmented_log_rolling,Equal Weight | HAR+Macro+Option,Info-set equal weights,0.14550899,0.11394904,0.1199506,0.03155996,0.02555839,0.03155996,0.02555839,0.00099603,0.00065323,-0.00600157,-0.0003428,0.06621585,0.00181152,0.03096071,0.02991342,-0.0010473
2018-12-31,combo_equal_weight_har_om_across_ml_har_augmented_log_rolling,Equal Weight | HAR+Macro+Option,Info-set equal weights,0.23558433,0.10495993,0.11588897,0.1306244,0.11969536,0.1306244,0.11969536,0.01706273,0.01432698,-0.01092904,-0.00273576,0.0552868,-0.00092423,0.04036761,0.03867001,-0.0016976
2019-01-31,combo_equal_weight_har_om_across_ml_har_augmented_log_rolling,Equal Weight | HAR+Macro+Option,Info-set equal weights,0.13805562,0.16034845,0.18961141,-0.02229283,-0.05155579,0.02229283,0.05155579,0.00049697,0.002658,0.02926296,0.00216103,0.08454976,0.00123679,0.04134152,0.04193111,0.00058959
2019-02-28,combo_equal_weight_har_om_across_ml_har_augmented_log_rolling,Equal Weight | HAR+Macro+Option,Info-set equal weights,0.08205478,0.09434523,0.11797261,-0.01229045,-0.03591783,0.01229045,0.03591783,0.00015106,0.00129009,0.02362738,0.00113904,0.10817714,0.00237583,0.03681464,0.03988184,0.0030672
2019-03-31,combo_equal_weight_har_om_across_ml_har_augmented_log_rolling,Equal Weight | HAR+Macro+Option,Info-set equal weights,0.09470707,0.10483805,0.0875381,-0.01013098,0.00716898,0.01013098,0.00716898,0.00010264,5.139e-05,-0.002962,-5.124e-05,0.10521514,0.00232459,0.03512934,0.03760209,0.00247275
2019-04-30,combo_equal_weight_har_om_across_ml_har_augmented_log_rolling,Equal Weight | HAR+Macro+Option,Info-set equal weights,0.05727866,0.08846301,0.09525854,-0.03118435,-0.03797988,0.03118435,0.03797988,0.00097246,0.00144247,0.00679553,0.00047001,0.11201067,0.0027946,0.03366157,0.03790228,0.00424071
2019-05-31,combo_equal_weight_har_om_across_ml_har_augmented_log_rolling,Equal Weight | HAR+Macro+Option,Info-set equal weights,0.11646584,0.07893525,0.07847861,0.03753058,0.03798723,0.03753058,0.03798723,0.00140854,0.00144303,0.00045665,3.448e-05,0.11246732,0.00282908,0.0366751,0.03982946,0.00315436
2019-06-30,combo_equal_weight_har_om_across_ml_har_augmented_log_rolling,Equal Weight | HAR+Macro+Option,Info-set equal weights,0.08633239,0.10314678,0.10607152,-0.01681439,-0.01973913,0.01681439,0.01973913,0.00028272,0.00038963,0.00292474,0.00010691,0.11539206,0.00293599,0.03754215,0.04039773,0.00285558
2019-07-31,combo_equal_weight_har_om_across_ml_har_augmented_log_rolling,Equal Weight | HAR+Macro+Option,Info-set equal weights,0.06669148,0.08348287,0.09128019,-0.01679139,-0.02458871,0.01679139,0.02458871,0.00028195,0.0006046,0.00779732,0.00032265,0.12318938,0.00325864,0.03675866,0.04087967,0.00412101
2019-08-31,combo_equal_weight_har_om_across_ml_har_augmented_log_rolling,Equal Weight | HAR+Macro+Option,Info-set equal weights,0.13916472,0.08363869,0.08281996,0.05552604,0.05634477,0.05552604,0.05634477,0.00308314,0.00317473,0.00081873,9.159e-05,0.12400811,0.00335024,0.03982092,0.0435593,0.00373839
2019-09-30,combo_equal_weight_har_om_across_ml_har_augmented_log_rolling,Equal Weight | HAR+Macro+Option,Info-set equal weights,0.08899928,0.13798322,0.11891754,-0.04898394,-0.02991826,0.04898394,0.02991826,0.00239943,0.0008951,-0.01906568,-0.00150432,0.10494243,0.00184591,0.04274775,0.04478296,0.00203521
2019-10-31,combo_equal_weight_har_om_across_ml_har_augmented_log_rolling,Equal Weight | HAR+Macro+Option,Info-set equal weights,0.09164451,0.10235816,0.09436573,-0.01071365,-0.00272122,0.01071365,0.00272122,0.00011478,7.41e-06,-0.00799243,-0.00010738,0.09695,0.00173853,0.03537025,0.0374313,0.00206105
2019-11-30,combo_equal_weight_har_om_across_ml_har_augmented_log_rolling,Equal Weight | HAR+Macro+Option,Info-set equal weights,0.05524849,0.0820723,0.09472056,-0.02682381,-0.03947207,0.02682381,0.03947207,0.00071952,0.00155804,0.01264826,0.00083853,0.10959826,0.00257706,0.03497557,0.03859077,0.0036152
2019-12-31,combo_equal_weight_har_om_across_ml_har_augmented_log_rolling,Equal Weight | HAR+Macro+Option,Info-set equal weights,0.06209932,0.07679264,0.07849395,-0.01469332,-0.01639463,0.01469332,0.01639463,0.00021589,0.00026878,0.00170131,5.289e-05,0.11129957,0.00262995,0.02531464,0.02998237,0.00466773
2020-01-31,combo_equal_weight_har_om_across_ml_har_augmented_log_rolling,Equal Weight | HAR+Macro+Option,Info-set equal weights,0.07975763,0.07531005,0.07879248,0.00444758,0.00096515,0.00444758,0.00096515,1.978e-05,9.3e-07,-0.00348243,-1.885e-05,0.10781715,0.0026111,0.02382754,0.02576649,0.00193895
2020-02-29,combo_equal_weight_har_om_across_ml_har_augmented_log_rolling,Equal Weight | HAR+Macro+Option,Info-set equal weights,0.18564385,0.08279608,0.08500203,0.10284776,0.10064182,0.10284776,0.10064182,0.01057766,0.01012878,-0.00220595,-0.00044889,0.1056112,0.00216221,0.03137398,0.03116015,-0.00021383
2020-03-31,combo_equal_weight_har_om_across_ml_har_augmented_log_rolling,Equal Weight | HAR+Macro+Option,Info-set equal weights,0.58295547,0.25274125,0.14520964,0.33021422,0.43774583,0.33021422,0.43774583,0.10904143,0.19162141,0.10753161,0.08257998,0.21314281,0.0847422,0.05804759,0.06704156,0.00899397
2020-04-30,combo_equal_weight_har_om_across_ml_har_augmented_log_rolling,Equal Weight | HAR+Macro+Option,Info-set equal weights,0.24991991,0.76345489,1.54497553,-0.51353499,-1.29505562,0.51353499,1.29505562,0.26371818,1.67716907,0.78152063,1.41345088,0.99466344,1.49819308,0.09824347,0.17179787,0.0735544
2020-05-31,combo_equal_weight_har_om_across_ml_har_augmented_log_rolling,Equal Weight | HAR+Macro+Option,Info-set equal weights,0.16410989,0.15232467,0.187209,0.01178522,-0.0230991,0.01178522,0.0230991,0.00013889,0.00053357,0.01131388,0.00039468,1.00597733,1.49858776,0.09609803,0.17055719,0.07445917
2020-06-30,combo_equal_weight_har_om_across_ml_har_augmented_log_rolling,Equal Weight | HAR+Macro+Option,Info-set equal weights,0.18276328,0.15591461,0.13434073,0.02684867,0.04842255,0.02684867,0.04842255,0.00072085,0.00234474,0.02157388,0.00162389,1.02755121,1.50021165,0.09693422,0.17294748,0.07601326
2020-07-31,combo_equal_weight_har_om_across_ml_har_augmented_log_rolling,Equal Weight | HAR+Macro+Option,Info-set equal weights,0.13369031,0.20665605,0.14973507,-0.07296575,-0.01604476,0.07296575,0.01604476,0.005324,0.00025743,-0.05692098,-0.00506657,0.97063022,1.49514508,0.10161541,0.17223548,0.07062007
2020-08-31,combo_equal_weight_har_om_across_ml_har_augmented_log_rolling,Equal Weight | HAR+Macro+Option,Info-set equal weights,0.08711462,0.105136,0.12370315,-0.01802138,-0.03658853,0.01802138,0.03658853,0.00032477,0.00133872,0.01856715,0.00101395,0.98919738,1.49615903,0.09849002,0.17058913,0.07209911
2020-09-30,combo_equal_weight_har_om_across_ml_har_augmented_log_rolling,Equal Weight | HAR+Macro+Option,Info-set equal weights,0.18583484,0.14160897,0.10151568,0.04422586,0.08431916,0.04422586,0.08431916,0.00195593,0.00710972,0.0400933,0.00515379,1.02929067,1.50131283,0.09809352,0.17512254,0.07702902
2020-10-31,combo_equal_weight_har_om_across_ml_har_augmented_log_rolling,Equal Weight | HAR+Macro+Option,Info-set equal weights,0.14700764,0.21370807,0.14927946,-0.06670043,-0.00227183,0.06670043,0.00227183,0.00444895,5.16e-06,-0.06442861,-0.00444379,0.96486207,1.49686904,0.10275908,0.17508509,0.07232601
2020-11-30,combo_equal_weight_har_om_across_ml_har_augmented_log_rolling,Equal Weight | HAR+Macro+Option,Info-set equal weights,0.13540578,0.20608077,0.13272256,-0.07067499,0.00268322,0.07067499,0.00268322,0.00499495,7.2e-06,-0.06799177,-0.00498775,0.8968703,1.49188129,0.10641335,0.17201935,0.065606
2020-12-31,combo_equal_weight_har_om_across_ml_har_augmented_log_rolling,Equal Weight | HAR+Macro+Option,Info-set equal weights,0.08727809,0.10366205,0.13042698,-0.01638397,-0.04314889,0.01638397,0.04314889,0.00026843,0.00186183,0.02676492,0.00159339,0.92363522,1.49347468,0.10655423,0.17424887,0.06769464
2021-01-31,combo_equal_weight_har_om_across_ml_har_augmented_log_rolling,Equal Weight | HAR+Macro+Option,Info-set equal weights,0.12643455,0.14007003,0.10846867,-0.01363547,0.01796589,0.01363547,0.01796589,0.00018593,0.00032277,0.00433041,0.00013685,0.92796563,1.49361152,0.10731989,0.1756656,0.06834571
2021-02-28,combo_equal_weight_har_om_across_ml_har_augmented_log_rolling,Equal Weight | HAR+Macro+Option,Info-set equal weights,0.12196964,0.21890569,0.12688707,-0.09693605,-0.00491743,0.09693605,0.00491743,0.0093966,2.418e-05,-0.09201862,-0.00937242,0.83594702,1.48423911,0.10682725,0.16768857,0.06086132
2021-03-31,combo_equal_weight_har_om_across_ml_har_augmented_log_rolling,Equal Weight | HAR+Macro+Option,Info-set equal weights,0.14192329,0.12211019,0.12423121,0.0198131,0.01769207,0.0198131,0.01769207,0.00039256,0.00031301,-0.00212102,-7.955e-05,0.83382599,1.48415956,0.08096049,0.13268409,0.0517236
2021-04-30,combo_equal_weight_har_om_across_ml_har_augmented_log_rolling,Equal Weight | HAR+Macro+Option,Info-set equal weights,0.07227313,0.10588622,0.12520714,-0.03361309,-0.05293401,0.03361309,0.05293401,0.00112984,0.00280201,0.01932092,0.00167217,0.85314691,1.48583173,0.040967,0.02917395,-0.01179304
2021-05-31,combo_equal_weight_har_om_across_ml_har_augmented_log_rolling,Equal Weight | HAR+Macro+Option,Info-set equal weights,0.09818055,0.10797194,0.09539606,-0.00979139,0.00278449,0.00979139,0.00278449,9.587e-05,7.75e-06,-0.0070069,-8.812e-05,0.84614002,1.48574361,0.04080085,0.02748107,-0.01331978
2021-06-30,combo_equal_weight_har_om_across_ml_har_augmented_log_rolling,Equal Weight | HAR+Macro+Option,Info-set equal weights,0.06526994,0.09868148,0.10263326,-0.03341154,-0.03736333,0.03341154,0.03736333,0.00111633,0.00139602,0.00395179,0.00027969,0.8500918,1.4860233,0.04134775,0.02655947,-0.01478828
2021-07-31,combo_equal_weight_har_om_across_ml_har_augmented_log_rolling,Equal Weight | HAR+Macro+Option,Info-set equal weights,0.07520977,0.11077837,0.08885329,-0.0355686,-0.01364352,0.0355686,0.01364352,0.00126513,0.00018615,-0.02192508,-0.00107898,0.82816672,1.48494432,0.03823132,0.02635936,-0.01187196
2021-08-31,combo_equal_weight_har_om_across_ml_har_augmented_log_rolling,Equal Weight | HAR+Macro+Option,Info-set equal weights,0.06362476,0.11188216,0.09090206,-0.04825739,-0.02727729,0.04825739,0.02727729,0.00232878,0.00074405,-0.0209801,-0.00158473,0.80718662,1.48335959,0.04075099,0.02558343,-0.01516756
2021-09-30,combo_equal_weight_har_om_across_ml_har_augmented_log_rolling,Equal Weight | HAR+Macro+Option,Info-set equal weights,0.10189251,0.09951629,0.08521496,0.00237622,0.01667755,0.00237622,0.01667755,5.65e-06,0.00027814,0.01430133,0.00027249,0.82148795,1.48363209,0.03726352,0.01994663,-0.01731689
2021-10-31,combo_equal_weight_har_om_across_ml_har_augmented_log_rolling,Equal Weight | HAR+Macro+Option,Info-set equal weights,0.09768553,0.14083416,0.09621429,-0.04314864,0.00147123,0.04314864,0.00147123,0.0018618,2.16e-06,-0.0416774,-0.00185964,0.77981055,1.48177245,0.03530087,0.01987991,-0.01542096
2021-11-30,combo_equal_weight_har_om_across_ml_har_augmented_log_rolling,Equal Weight | HAR+Macro+Option,Info-set equal weights,0.08990034,0.08564825,0.09457941,0.00425209,-0.00467908,0.00425209,0.00467908,1.808e-05,2.189e-05,0.00042699,3.81e-06,0.78023754,1.48177626,0.02976563,0.02004623,-0.0097194
2021-12-31,combo_equal_weight_har_om_across_ml_har_augmented_log_rolling,Equal Weight | HAR+Macro+Option,Info-set equal weights,0.12715669,0.13892572,0.09180554,-0.01176903,0.03535115,0.01176903,0.03535115,0.00013851,0.0012497,0.02358212,0.00111119,0.80381966,1.48288745,0.02938105,0.01939642,-0.00998463
2022-01-31,combo_equal_weight_har_om_across_ml_har_augmented_log_rolling,Equal Weight | HAR+Macro+Option,Info-set equal weights,0.2054063,0.11514288,0.10455535,0.09026342,0.10085095,0.09026342,0.10085095,0.00814748,0.01017091,0.01058753,0.00202343,0.81440719,1.48491088,0.03576671,0.02630351,-0.0094632
2022-02-28,combo_equal_weight_har_om_across_ml_har_augmented_log_rolling,Equal Weight | HAR+Macro+Option,Info-set equal weights,0.18906515,0.15695276,0.13873051,0.03211239,0.05033464,0.03211239,0.05033464,0.00103121,0.00253358,0.01822224,0.00150237,0.83262944,1.48641325,0.03036474,0.03008828,-0.00027646
2022-03-31,combo_equal_weight_har_om_across_ml_har_augmented_log_rolling,Equal Weight | HAR+Macro+Option,Info-set equal weights,0.1731367,0.13044815,0.13572155,0.04268855,0.03741514,0.04268855,0.03741514,0.00182231,0.00139989,-0.00527341,-0.00042242,0.82735603,1.48599083,0.03227103,0.03173187,-0.00053916
2022-04-30,combo_equal_weight_har_om_across_ml_har_augmented_log_rolling,Equal Weight | HAR+Macro+Option,Info-set equal weights,0.15851479,0.14421673,0.13127507,0.01429806,0.02723972,0.01429806,0.02723972,0.00020443,0.000742,0.01294165,0.00053757,0.84029768,1.4865284,0.03066144,0.02959067,-0.00107077
2022-05-31,combo_equal_weight_har_om_across_ml_har_augmented_log_rolling,Equal Weight | HAR+Macro+Option,Info-set equal weights,0.2578389,0.21632183,0.12724383,0.04151708,0.13059508,0.04151708,0.13059508,0.00172367,0.01705507,0.089078,0.01533141,0.92937568,1.50185981,0.03330525,0.04024156,0.00693631
2022-06-30,combo_equal_weight_har_om_across_ml_har_augmented_log_rolling,Equal Weight | HAR+Macro+Option,Info-set equal weights,0.20628661,0.14889342,0.18639549,0.05739319,0.01989112,0.05739319,0.01989112,0.00329398,0.00039566,-0.03750207,-0.00289832,0.89187362,1.49896149,0.03530372,0.03878554,0.00348182
2022-07-31,combo_equal_weight_har_om_across_ml_har_augmented_log_rolling,Equal Weight | HAR+Macro+Option,Info-set equal weights,0.16389054,0.17088258,0.16323174,-0.00699204,0.0006588,0.00699204,0.0006588,4.889e-05,4.3e-07,-0.00633324,-4.845e-05,0.88554037,1.49891303,0.03292234,0.03770348,0.00478114
2022-08-31,combo_equal_weight_har_om_across_ml_har_augmented_log_rolling,Equal Weight | HAR+Macro+Option,Info-set equal weights,0.13005032,0.1005599,0.14456027,0.02949042,-0.01450995,0.02949042,0.01450995,0.00086969,0.00021054,-0.01498048,-0.00065915,0.8705599,1.49825389,0.03135843,0.03663953,0.00528111
2022-09-30,combo_equal_weight_har_om_across_ml_har_augmented_log_rolling,Equal Weight | HAR+Macro+Option,Info-set equal weights,0.19626273,0.13570887,0.12637585,0.06055385,0.06988687,0.06055385,0.06988687,0.00366677,0.00488417,0.00933302,0.00121741,0.87989292,1.49947129,0.03620656,0.04107364,0.00486708
2022-10-31,combo_equal_weight_har_om_across_ml_har_augmented_log_rolling,Equal Weight | HAR+Macro+Option,Info-set equal weights,0.19975826,0.18618256,0.1614805,0.0135757,0.03827776,0.0135757,0.03827776,0.0001843,0.00146519,0.02470206,0.00128089,0.90459498,1.50075218,0.03374215,0.04414085,0.0103987
2022-11-30,combo_equal_weight_har_om_across_ml_har_augmented_log_rolling,Equal Weight | HAR+Macro+Option,Info-set equal weights,0.16948675,0.15815364,0.170144,0.01133311,-0.00065725,0.01133311,0.00065725,0.00012844,4.3e-07,-0.01067586,-0.00012801,0.89391912,1.50062417,0.03433224,0.0438057,0.00947346
2022-12-31,combo_equal_weight_har_om_across_ml_har_augmented_log_rolling,Equal Weight | HAR+Macro+Option,Info-set equal weights,0.15877952,0.15579364,0.15843758,0.00298588,0.00034194,0.00298588,0.00034194,8.92e-06,1.2e-07,-0.00264394,-8.8e-06,0.89127517,1.50061537,0.03360031,0.04088827,0.00728796
2023-01-31,combo_equal_weight_har_om_across_ml_har_augmented_log_rolling,Equal Weight | HAR+Macro+Option,Info-set equal weights,0.14255764,0.12922801,0.15281384,0.01332962,-0.01025621,0.01332962,0.01025621,0.00017768,0.00010519,-0.00307342,-7.249e-05,0.88820176,1.50054288,0.02718916,0.03333871,0.00614955
2023-02-28,combo_equal_weight_har_om_across_ml_har_augmented_log_rolling,Equal Weight | HAR+Macro+Option,Info-set equal weights,0.14798801,0.08727165,0.14108966,0.06071636,0.00689835,0.06071636,0.00689835,0.00368648,4.759e-05,-0.05381801,-0.00363889,0.83438375,1.496904,0.02957282,0.02971902,0.00014619
2023-03-31,combo_equal_weight_har_om_across_ml_har_augmented_log_rolling,Equal Weight | HAR+Macro+Option,Info-set equal weights,0.16589266,0.12867531,0.14245861,0.03721735,0.02343405,0.03721735,0.02343405,0.00138513,0.00054915,-0.0137833,-0.00083598,0.82060045,1.49606802,0.02911689,0.02855393,-0.00056296
2023-04-30,combo_equal_weight_har_om_across_ml_har_augmented_log_rolling,Equal Weight | HAR+Macro+Option,Info-set equal weights,0.08994252,0.11559709,0.15253063,-0.02565456,-0.06258811,0.02565456,0.06258811,0.00065816,0.00391727,0.03693354,0.00325911,0.857534,1.49932713,0.03006327,0.03149962,0.00143636
2023-05-31,combo_equal_weight_har_om_across_ml_har_augmented_log_rolling,Equal Weight | HAR+Macro+Option,Info-set equal weights,0.10574234,0.08963273,0.11438662,0.01610962,-0.00864427,0.01610962,0.00864427,0.00025952,7.472e-05,-0.00746534,-0.0001848,0.85006865,1.49914234,0.02794598,0.02133706,-0.00660892
2023-06-30,combo_equal_weight_har_om_across_ml_har_augmented_log_rolling,Equal Weight | HAR+Macro+Option,Info-set equal weights,0.09100868,0.08039352,0.11566273,0.01061516,-0.02465406,0.01061516,0.02465406,0.00011268,0.00060782,0.0140389,0.00049514,0.86410755,1.49963748,0.02404781,0.02173397,-0.00231384
2023-07-31,combo_equal_weight_har_om_across_ml_har_augmented_log_rolling,Equal Weight | HAR+Macro+Option,Info-set equal weights,0.07268551,0.06926403,0.10498751,0.00342148,-0.032302,0.00342148,0.032302,1.171e-05,0.00104342,0.02888052,0.00103171,0.89298808,1.50066919,0.02375026,0.0243709,0.00062064
2023-08-31,combo_equal_weight_har_om_across_ml_har_augmented_log_rolling,Equal Weight | HAR+Macro+Option,Info-set equal weights,0.09745315,0.0840939,0.09628427,0.01335924,0.00116888,0.01335924,0.00116888,0.00017847,1.37e-06,-0.01219037,-0.0001771,0.88079771,1.50049209,0.022406,0.02325915,0.00085315
2023-09-30,combo_equal_weight_har_om_across_ml_har_augmented_log_rolling,Equal Weight | HAR+Macro+Option,Info-set equal weights,0.09176085,0.08780228,0.10361721,0.00395856,-0.01185637,0.00395856,0.01185637,1.567e-05,0.00014057,0.00789781,0.0001249,0.88869551,1.50061699,0.01768972,0.01842327,0.00073355
2023-10-31,combo_equal_weight_har_om_across_ml_har_augmented_log_rolling,Equal Weight | HAR+Macro+Option,Info-set equal weights,0.12613768,0.09653141,0.10019084,0.02960627,0.02594684,0.02960627,0.02594684,0.00087653,0.00067324,-0.00365943,-0.00020329,0.88503608,1.5004137,0.0190256,0.01739569,-0.00162991
2023-11-30,combo_equal_weight_har_om_across_ml_har_augmented_log_rolling,Equal Weight | HAR+Macro+Option,Info-set equal weights,0.08061106,0.12731602,0.11318387,-0.04670496,-0.03257281,0.04670496,0.03257281,0.00218135,0.00106099,-0.01413215,-0.00112037,0.87090394,1.49929333,0.02197326,0.02005532,-0.00191793
2023-12-31,combo_equal_weight_har_om_across_ml_har_augmented_log_rolling,Equal Weight | HAR+Macro+Option,Info-set equal weights,0.07463208,0.0708424,0.09612049,0.00378968,-0.0214884,0.00378968,0.0214884,1.436e-05,0.00046175,0.01769872,0.00044739,0.88860266,1.49974072,0.02204024,0.02181753,-0.00022271
2024-01-31,combo_equal_weight_har_om_across_ml_har_augmented_log_rolling,Equal Weight | HAR+Macro+Option,Info-set equal weights,0.0851791,0.08519455,0.09260378,-1.545e-05,-0.00742468,1.545e-05,0.00742468,0,5.513e-05,0.00740923,5.513e-05,0.89601189,1.49979585,0.02093072,0.02158157,0.00065084
2011-03-31,combo_equal_weight_enet_across_har_augmented_datasets_log_rolling,Elastic Net EW | Multiple,Method equal weights,0.1239968,0.10854687,0.11607562,0.01544993,0.00792117,0.01544993,0.00792117,0.0002387,6.274e-05,-0.00752875,-0.00017596,-0.00752875,-0.00017596,,,
2011-04-30,combo_equal_weight_enet_across_har_augmented_datasets_log_rolling,Elastic Net EW | Multiple,Method equal weights,0.08197577,0.12099735,0.12651617,-0.03902157,-0.0445404,0.03902157,0.0445404,0.00152268,0.00198385,0.00551882,0.00046116,-0.00200993,0.00028521,,,
2011-05-31,combo_equal_weight_enet_across_har_augmented_datasets_log_rolling,Elastic Net EW | Multiple,Method equal weights,0.10443997,0.10510771,0.11306831,-0.00066774,-0.00862834,0.00066774,0.00862834,4.5e-07,7.445e-05,0.0079606,7.4e-05,0.00595067,0.00035921,,,
2011-06-30,combo_equal_weight_enet_across_har_augmented_datasets_log_rolling,Elastic Net EW | Multiple,Method equal weights,0.11731825,0.11155509,0.11566157,0.00576317,0.00165669,0.00576317,0.00165669,3.321e-05,2.74e-06,-0.00410648,-3.047e-05,0.00184419,0.00032874,,,
2011-07-31,combo_equal_weight_enet_across_har_augmented_datasets_log_rolling,Elastic Net EW | Multiple,Method equal weights,0.11132267,0.11473614,0.11708849,-0.00341347,-0.00576582,0.00341347,0.00576582,1.165e-05,3.324e-05,0.00235235,2.159e-05,0.00419654,0.00035033,,,
2011-08-31,combo_equal_weight_enet_across_har_augmented_datasets_log_rolling,Elastic Net EW | Multiple,Method equal weights,0.30047559,0.13424801,0.11397057,0.16622757,0.18650502,0.16622757,0.18650502,0.02763161,0.03478412,0.02027745,0.00715252,0.02447399,0.00750285,,,
2011-09-30,combo_equal_weight_enet_across_har_augmented_datasets_log_rolling,Elastic Net EW | Multiple,Method equal weights,0.23741865,0.19344003,0.18733709,0.04397862,0.05008156,0.04397862,0.05008156,0.00193412,0.00250816,0.00610294,0.00057404,0.03057694,0.0080769,,,
2011-10-31,combo_equal_weight_enet_across_har_augmented_datasets_log_rolling,Elastic Net EW | Multiple,Method equal weights,0.21104059,0.2337592,0.15661848,-0.02271861,0.05442212,0.02271861,0.05442212,0.00051614,0.00296177,0.0317035,0.00244563,0.06228044,0.01052253,,,
2011-11-30,combo_equal_weight_enet_across_har_augmented_datasets_log_rolling,Elastic Net EW | Multiple,Method equal weights,0.18299764,0.15523743,0.14490642,0.02776021,0.03809122,0.02776021,0.03809122,0.00077063,0.00145094,0.01033101,0.00068031,0.07261145,0.01120284,,,
2011-12-31,combo_equal_weight_enet_across_har_augmented_datasets_log_rolling,Elastic Net EW | Multiple,Method equal weights,0.12641057,0.15443013,0.1422497,-0.02801956,-0.01583913,0.02801956,0.01583913,0.0007851,0.00025088,-0.01218043,-0.00053422,0.06043102,0.01066862,,,
2012-01-31,combo_equal_weight_enet_across_har_augmented_datasets_log_rolling,Elastic Net EW | Multiple,Method equal weights,0.09173477,0.15228821,0.12693949,-0.06055344,-0.03520472,0.06055344,0.03520472,0.00366672,0.00123937,-0.02534872,-0.00242735,0.0350823,0.00824127,,,
2012-02-29,combo_equal_weight_enet_across_har_augmented_datasets_log_rolling,Elastic Net EW | Multiple,Method equal weights,0.08055043,0.11280289,0.1137494,-0.03225246,-0.03319897,0.03225246,0.03319897,0.00104022,0.00110217,0.00094651,6.195e-05,0.03602882,0.00830323,0.0371522,0.0401546,0.0030024
2012-03-31,combo_equal_weight_enet_across_har_augmented_datasets_log_rolling,Elastic Net EW | Multiple,Method equal weights,0.07616645,0.10630296,0.10772076,-0.0301365,-0.03155431,0.0301365,0.03155431,0.00090821,0.00099567,0.0014178,8.747e-05,0.03744662,0.00839069,0.03837608,0.04212402,0.00374795
2012-04-30,combo_equal_weight_enet_across_har_augmented_datasets_log_rolling,Elastic Net EW | Multiple,Method equal weights,0.09057891,0.10141743,0.10505353,-0.01083852,-0.01447463,0.01083852,0.01447463,0.00011747,0.00020951,0.00363611,9.204e-05,0.04108273,0.00848273,0.03602749,0.03961854,0.00359106
2012-05-31,combo_equal_weight_enet_across_har_augmented_datasets_log_rolling,Elastic Net EW | Multiple,Method equal weights,0.12253117,0.10876917,0.10943598,0.01376201,0.0130952,0.01376201,0.0130952,0.00018939,0.00017148,-0.00066681,-1.791e-05,0.04041592,0.00846482,0.03711868,0.03999078,0.0028721
2012-06-30,combo_equal_weight_enet_across_har_augmented_datasets_log_rolling,Elastic Net EW | Multiple,Method equal weights,0.11937706,0.12692242,0.12178747,-0.00754537,-0.00241041,0.00754537,0.00241041,5.693e-05,5.81e-06,-0.00513496,-5.112e-05,0.03528096,0.0084137,0.03726719,0.04005359,0.0027864
2012-07-31,combo_equal_weight_enet_across_har_augmented_datasets_log_rolling,Elastic Net EW | Multiple,Method equal weights,0.1008825,0.11335879,0.12079751,-0.01247629,-0.01991501,0.01247629,0.01991501,0.00015566,0.00039661,0.00743872,0.00024095,0.04271968,0.00865465,0.03802243,0.04123269,0.00321026
2012-08-31,combo_equal_weight_enet_across_har_augmented_datasets_log_rolling,Elastic Net EW | Multiple,Method equal weights,0.08005638,0.11353499,0.11337364,-0.03347861,-0.03331726,0.03347861,0.03331726,0.00112082,0.00111004,-0.00016134,-1.078e-05,0.04255833,0.00864387,0.02696002,0.02846704,0.00150703
2012-09-30,combo_equal_weight_enet_across_har_augmented_datasets_log_rolling,Elastic Net EW | Multiple,Method equal weights,0.07940683,0.10513006,0.1036908,-0.02572323,-0.02428397,0.02572323,0.02428397,0.00066168,0.00058971,-0.00143926,-7.197e-05,0.04111907,0.0085719,0.02543873,0.02631724,0.00087851
2012-10-31,combo_equal_weight_enet_across_har_augmented_datasets_log_rolling,Elastic Net EW | Multiple,Method equal weights,0.09399635,0.10196801,0.09961429,-0.00797167,-0.00561794,0.00797167,0.00561794,6.355e-05,3.156e-05,-0.00235373,-3.199e-05,0.03876534,0.00853991,0.02420982,0.02225023,-0.00195959
2012-11-30,combo_equal_weight_enet_across_har_augmented_datasets_log_rolling,Elastic Net EW | Multiple,Method equal weights,0.11058386,0.10183189,0.10326854,0.00875198,0.00731532,0.00875198,0.00731532,7.66e-05,5.351e-05,-0.00143665,-2.308e-05,0.03732869,0.00851683,0.0226258,0.01968557,-0.00294023
2012-12-31,combo_equal_weight_enet_across_har_augmented_datasets_log_rolling,Elastic Net EW | Multiple,Method equal weights,0.0992343,0.10336091,0.10880533,-0.00412661,-0.00957103,0.00412661,0.00957103,1.703e-05,9.16e-05,0.00544442,7.458e-05,0.04277311,0.00859141,0.02063472,0.01916323,-0.00147149
2013-01-31,combo_equal_weight_enet_across_har_augmented_datasets_log_rolling,Elastic Net EW | Multiple,Method equal weights,0.06679532,0.10447521,0.105212,-0.03767989,-0.03841668,0.03767989,0.03841668,0.00141977,0.00147584,0.00073679,5.607e-05,0.0435099,0.00864747,0.01872859,0.01943089,0.0007023
2013-02-28,combo_equal_weight_enet_across_har_augmented_datasets_log_rolling,Elastic Net EW | Multiple,Method equal weights,0.07807531,0.0942528,0.09381858,-0.01617749,-0.01574327,0.01617749,0.01574327,0.00026171,0.00024785,-0.00043422,-1.386e-05,0.04307568,0.00863361,0.01738901,0.01797625,0.00058724
2013-03-31,combo_equal_weight_enet_across_har_augmented_datasets_log_rolling,Elastic Net EW | Multiple,Method equal weights,0.07750691,0.09730217,0.09632791,-0.01979526,-0.018821,0.01979526,0.018821,0.00039185,0.00035423,-0.00097426,-3.762e-05,0.04210142,0.00859599,0.01652724,0.01691514,0.0003879
2013-04-30,combo_equal_weight_enet_across_har_augmented_datasets_log_rolling,Elastic Net EW | Multiple,Method equal weights,0.09235894,0.09476037,0.09548052,-0.00240143,-0.00312158,0.00240143,0.00312158,5.77e-06,9.74e-06,0.00072015,3.98e-06,0.04282157,0.00859997,0.01582415,0.01596906,0.0001449
2013-05-31,combo_equal_weight_enet_across_har_augmented_datasets_log_rolling,Elastic Net EW | Multiple,Method equal weights,0.08770623,0.09659233,0.10060121,-0.0088861,-0.01289498,0.0088861,0.01289498,7.896e-05,0.00016628,0.00400888,8.732e-05,0.04683045,0.00868729,0.01541783,0.01595237,0.00053454
2013-06-30,combo_equal_weight_enet_across_har_augmented_datasets_log_rolling,Elastic Net EW | Multiple,Method equal weights,0.12836694,0.0985184,0.09896535,0.02984854,0.02940158,0.02984854,0.02940158,0.00089094,0.00086445,-0.00044696,-2.648e-05,0.04638349,0.0086608,0.01727642,0.01820164,0.00092521
2013-07-31,combo_equal_weight_enet_across_har_augmented_datasets_log_rolling,Elastic Net EW | Multiple,Method equal weights,0.07678995,0.11551954,0.11422798,-0.03872959,-0.03743803,0.03872959,0.03743803,0.00149998,0.00140161,-0.00129157,-9.838e-05,0.04509193,0.00856243,0.0194642,0.01966189,0.00019769
2013-08-31,combo_equal_weight_enet_across_har_augmented_datasets_log_rolling,Elastic Net EW | Multiple,Method equal weights,0.07837318,0.09527449,0.09643315,-0.0169013,-0.01805997,0.0169013,0.01805997,0.00028565,0.00032616,0.00115867,4.051e-05,0.04625059,0.00860294,0.01808276,0.01839045,0.00030769
2013-09-30,combo_equal_weight_enet_across_har_augmented_datasets_log_rolling,Elastic Net EW | Multiple,Method equal weights,0.07842193,0.10120961,0.09639643,-0.02278767,-0.01797449,0.02278767,0.01797449,0.00051928,0.00032308,-0.00481318,-0.0001962,0.04143741,0.00840674,0.01783813,0.01786466,2.653e-05
2013-10-31,combo_equal_weight_enet_across_har_augmented_datasets_log_rolling,Elastic Net EW | Multiple,Method equal weights,0.08610878,0.09792051,0.09514152,-0.01181173,-0.00903273,0.01181173,0.00903273,0.00013952,8.159e-05,-0.002779,-5.793e-05,0.03865842,0.00834881,0.01815813,0.01814922,-8.91e-06
2013-11-30,combo_equal_weight_enet_across_har_augmented_datasets_log_rolling,Elastic Net EW | Multiple,Method equal weights,0.06981601,0.09439275,0.09755242,-0.02457674,-0.02773641,0.02457674,0.02773641,0.00060402,0.00076931,0.00315967,0.00016529,0.04181809,0.00851411,0.01947686,0.01985098,0.00037412
2013-12-31,combo_equal_weight_enet_across_har_augmented_datasets_log_rolling,Elastic Net EW | Multiple,Method equal weights,0.07121165,0.08779711,0.09196516,-0.01658546,-0.02075351,0.01658546,0.02075351,0.00027508,0.00043071,0.00416805,0.00015563,0.04598614,0.00866974,0.0205151,0.02078285,0.00026775
2014-01-31,combo_equal_weight_enet_across_har_augmented_datasets_log_rolling,Elastic Net EW | Multiple,Method equal weights,0.0885142,0.08906109,0.09186938,-0.00054689,-0.00335518,0.00054689,0.00335518,3e-07,1.126e-05,0.0028083,1.096e-05,0.04879443,0.0086807,0.01742068,0.01786106,0.00044038
2014-02-28,combo_equal_weight_enet_across_har_augmented_datasets_log_rolling,Elastic Net EW | Multiple,Method equal weights,0.09024819,0.10186175,0.09720438,-0.01161356,-0.00695618,0.01161356,0.00695618,0.00013487,4.839e-05,-0.00465738,-8.649e-05,0.04413705,0.00859421,0.01704036,0.0171288,8.845e-05
2014-03-31,combo_equal_weight_enet_across_har_augmented_datasets_log_rolling,Elastic Net EW | Multiple,Method equal weights,0.09283748,0.09603194,0.09823287,-0.00319447,-0.0053954,0.00319447,0.0053954,1.02e-05,2.911e-05,0.00220093,1.891e-05,0.04633798,0.00861311,0.01565696,0.01601,0.00035305
2014-04-30,combo_equal_weight_enet_across_har_augmented_datasets_log_rolling,Elastic Net EW | Multiple,Method equal weights,0.0959287,0.09808676,0.09944134,-0.00215806,-0.00351264,0.00215806,0.00351264,4.66e-06,1.234e-05,0.00135458,7.68e-06,0.04769257,0.0086208,0.01563668,0.01604259,0.00040592
2014-05-31,combo_equal_weight_enet_across_har_augmented_datasets_log_rolling,Elastic Net EW | Multiple,Method equal weights,0.07303027,0.10085968,0.10058053,-0.0278294,-0.02755026,0.0278294,0.02755026,0.00077448,0.00075902,-0.00027914,-1.546e-05,0.04741342,0.00860534,0.01721528,0.01726387,4.858e-05
2014-06-30,combo_equal_weight_enet_across_har_augmented_datasets_log_rolling,Elastic Net EW | Multiple,Method equal weights,0.05653613,0.08936182,0.09262975,-0.03282569,-0.03609362,0.03282569,0.03609362,0.00107753,0.00130275,0.00326793,0.00022522,0.05068136,0.00883056,0.01746338,0.01782154,0.00035816
2014-07-31,combo_equal_weight_enet_across_har_augmented_datasets_log_rolling,Elastic Net EW | Multiple,Method equal weights,0.0660717,0.08898782,0.08642521,-0.02291612,-0.02035351,0.02291612,0.02035351,0.00052515,0.00041427,-0.00256261,-0.00011088,0.04811874,0.00871968,0.01614559,0.01639783,0.00025223
2014-08-31,combo_equal_weight_enet_across_har_augmented_datasets_log_rolling,Elastic Net EW | Multiple,Method equal weights,0.0752277,0.09180792,0.08808877,-0.01658022,-0.01286107,0.01658022,0.01286107,0.0002749,0.00016541,-0.00371915,-0.0001095,0.0443996,0.00861018,0.01611883,0.01596458,-0.00015425
2014-09-30,combo_equal_weight_enet_across_har_augmented_datasets_log_rolling,Elastic Net EW | Multiple,Method equal weights,0.0762108,0.08878094,0.09063727,-0.01257014,-0.01442647,0.01257014,0.01442647,0.00015801,0.00020812,0.00185633,5.011e-05,0.04625593,0.0086603,0.01526737,0.01566892,0.00040154
2014-10-31,combo_equal_weight_enet_across_har_augmented_datasets_log_rolling,Elastic Net EW | Multiple,Method equal weights,0.14399204,0.09048269,0.09121305,0.05350935,0.05277899,0.05350935,0.05277899,0.00286325,0.00278562,-0.00073036,-7.763e-05,0.04552557,0.00858267,0.01874217,0.01931444,0.00057226
2014-11-30,combo_equal_weight_enet_across_har_augmented_datasets_log_rolling,Elastic Net EW | Multiple,Method equal weights,0.06427653,0.11272031,0.1166976,-0.04844378,-0.05242108,0.04844378,0.05242108,0.0023468,0.00274797,0.0039773,0.00040117,0.04950286,0.00898384,0.02073109,0.02137149,0.0006404
2014-12-31,combo_equal_weight_enet_across_har_augmented_datasets_log_rolling,Elastic Net EW | Multiple,Method equal weights,0.10043239,0.08501248,0.08989329,0.01541991,0.0105391,0.01541991,0.0105391,0.00023777,0.00011107,-0.00488081,-0.0001267,0.04462205,0.00885714,0.02063397,0.02052029,-0.00011367
2015-01-31,combo_equal_weight_enet_across_har_augmented_datasets_log_rolling,Elastic Net EW | Multiple,Method equal weights,0.13813587,0.10692888,0.10182245,0.03120699,0.03631343,0.03120699,0.03631343,0.00097388,0.00131866,0.00510643,0.00034479,0.04972848,0.00920192,0.02318897,0.02326681,7.784e-05
2015-02-28,combo_equal_weight_enet_across_har_augmented_datasets_log_rolling,Elastic Net EW | Multiple,Method equal weights,0.09213617,0.12348418,0.11523843,-0.03134801,-0.02310226,0.03134801,0.02310226,0.0009827,0.00053371,-0.00824576,-0.00044898,0.04148273,0.00875294,0.02483351,0.02461232,-0.00022119
2015-03-31,combo_equal_weight_enet_across_har_augmented_datasets_log_rolling,Elastic Net EW | Multiple,Method equal weights,0.08527221,0.0990047,0.1007801,-0.0137325,-0.0155079,0.0137325,0.0155079,0.00018858,0.00024049,0.0017754,5.191e-05,0.04325813,0.00880485,0.02571168,0.02545503,-0.00025665
2015-04-30,combo_equal_weight_enet_across_har_augmented_datasets_log_rolling,Elastic Net EW | Multiple,Method equal weights,0.08426138,0.1025661,0.09809242,-0.01830472,-0.01383104,0.01830472,0.01383104,0.00033506,0.0001913,-0.00447369,-0.00014377,0.03878444,0.00866109,0.02705724,0.02631489,-0.00074234
2015-05-31,combo_equal_weight_enet_across_har_augmented_datasets_log_rolling,Elastic Net EW | Multiple,Method equal weights,0.0753713,0.0960384,0.09617712,-0.02066709,-0.02080582,0.02066709,0.02080582,0.00042713,0.00043288,0.00013872,5.75e-06,0.03892317,0.00866684,0.02646038,0.02575286,-0.00070752
2015-06-30,combo_equal_weight_enet_across_har_augmented_datasets_log_rolling,Elastic Net EW | Multiple,Method equal weights,0.08191996,0.09189502,0.09304976,-0.00997507,-0.01112981,0.00997507,0.01112981,9.95e-05,0.00012387,0.00115474,2.437e-05,0.04007791,0.00869121,0.02455616,0.02367254,-0.00088362
2015-07-31,combo_equal_weight_enet_across_har_augmented_datasets_log_rolling,Elastic Net EW | Multiple,Method equal weights,0.08281331,0.10068445,0.09519662,-0.01787114,-0.01238331,0.01787114,0.01238331,0.00031938,0.00015335,-0.00548783,-0.00016603,0.03459008,0.00852518,0.02413574,0.02300835,-0.00112739
2015-08-31,combo_equal_weight_enet_across_har_augmented_datasets_log_rolling,Elastic Net EW | Multiple,Method equal weights,0.18124678,0.09153937,0.09560516,0.0897074,0.08564162,0.0897074,0.08564162,0.00804742,0.00733449,-0.00406578,-0.00071293,0.0305243,0.00781225,0.03022968,0.0290734,-0.00115628
2015-09-30,combo_equal_weight_enet_across_har_augmented_datasets_log_rolling,Elastic Net EW | Multiple,Method equal weights,0.15257606,0.15171767,0.13513135,0.0008584,0.01744471,0.0008584,0.01744471,7.4e-07,0.00030432,0.01658632,0.00030358,0.04711061,0.00811583,0.0292537,0.02932492,7.122e-05
2015-10-31,combo_equal_weight_enet_across_har_augmented_datasets_log_rolling,Elastic Net EW | Multiple,Method equal weights,0.1095216,0.12923879,0.12697753,-0.0197172,-0.01745594,0.0197172,0.01745594,0.00038877,0.00030471,-0.00226126,-8.406e-05,0.04484935,0.00803177,0.02643768,0.02638133,-5.635e-05
2015-11-30,combo_equal_weight_enet_across_har_augmented_datasets_log_rolling,Elastic Net EW | Multiple,Method equal weights,0.09094525,0.11239997,0.11088782,-0.02145473,-0.01994257,0.02145473,0.01994257,0.00046031,0.00039771,-0.00151216,-6.26e-05,0.0433372,0.00796917,0.0241886,0.02367479,-0.00051381
2015-12-31,combo_equal_weight_enet_across_har_augmented_datasets_log_rolling,Elastic Net EW | Multiple,Method equal weights,0.12220819,0.10278408,0.10290397,0.01942412,0.01930422,0.01942412,0.01930422,0.0003773,0.00037265,-0.0001199,-4.64e-06,0.0432173,0.00796453,0.02452228,0.02440522,-0.00011706
2016-01-31,combo_equal_weight_enet_across_har_augmented_datasets_log_rolling,Elastic Net EW | Multiple,Method equal weights,0.19111779,0.11443076,0.11368516,0.07668702,0.07743262,0.07668702,0.07743262,0.0058809,0.00599581,0.0007456,0.00011491,0.0439629,0.00807944,0.02831228,0.02783182,-0.00048047
2016-02-29,combo_equal_weight_enet_across_har_augmented_datasets_log_rolling,Elastic Net EW | Multiple,Method equal weights,0.16301964,0.14645011,0.14513661,0.01656953,0.01788303,0.01656953,0.01788303,0.00027455,0.0003198,0.0013135,4.525e-05,0.0452764,0.0081247,0.02708074,0.02739688,0.00031614
2016-03-31,combo_equal_weight_enet_across_har_augmented_datasets_log_rolling,Elastic Net EW | Multiple,Method equal weights,0.09480278,0.13639284,0.13582316,-0.04159006,-0.04102037,0.04159006,0.04102037,0.00172973,0.00168267,-0.00056968,-4.706e-05,0.04470672,0.00807763,0.02940221,0.02952292,0.00012072
2016-04-30,combo_equal_weight_enet_across_har_augmented_datasets_log_rolling,Elastic Net EW | Multiple,Method equal weights,0.08229344,0.10828935,0.10862824,-0.02599591,-0.02633481,0.02599591,0.02633481,0.00067579,0.00069352,0.0003389,1.773e-05,0.04504561,0.00809537,0.03004314,0.0305649,0.00052176
2016-05-31,combo_equal_weight_enet_across_har_augmented_datasets_log_rolling,Elastic Net EW | Multiple,Method equal weights,0.08530203,0.10226986,0.10215381,-0.01696783,-0.01685178,0.01696783,0.01685178,0.00028791,0.00028398,-0.00011605,-3.92e-06,0.04492956,0.00809144,0.02973487,0.0302354,0.00050053
2016-06-30,combo_equal_weight_enet_across_har_augmented_datasets_log_rolling,Elastic Net EW | Multiple,Method equal weights,0.09397396,0.09837097,0.10191531,-0.00439701,-0.00794135,0.00439701,0.00794135,1.933e-05,6.307e-05,0.00354434,4.373e-05,0.0484739,0.00813517,0.02927003,0.02996969,0.00069967
2016-07-31,combo_equal_weight_enet_across_har_augmented_datasets_log_rolling,Elastic Net EW | Multiple,Method equal weights,0.06662709,0.10818904,0.10466726,-0.04156194,-0.03804017,0.04156194,0.03804017,0.0017274,0.00144705,-0.00352177,-0.00028034,0.04495213,0.00785483,0.03124426,0.03210777,0.0008635
2016-08-31,combo_equal_weight_enet_across_har_augmented_datasets_log_rolling,Elastic Net EW | Multiple,Method equal weights,0.05875578,0.09286306,0.09501239,-0.03410727,-0.03625661,0.03410727,0.03625661,0.00116331,0.00131454,0.00214934,0.00015124,0.04710146,0.00800607,0.02661092,0.02799235,0.00138143
2016-09-30,combo_equal_weight_enet_across_har_augmented_datasets_log_rolling,Elastic Net EW | Multiple,Method equal weights,0.08956114,0.0902247,0.09092766,-0.00066355,-0.00136651,0.00066355,0.00136651,4.4e-07,1.87e-06,0.00070296,1.43e-06,0.04780442,0.0080075,0.02659468,0.0266525,5.782e-05
2016-10-31,combo_equal_weight_enet_across_har_augmented_datasets_log_rolling,Elastic Net EW | Multiple,Method equal weights,0.07645832,0.0987998,0.10017519,-0.02234149,-0.02371688,0.02234149,0.02371688,0.00049914,0.00056249,0.00137539,6.335e-05,0.04917981,0.00807084,0.02681337,0.02717424,0.00036087
2016-11-30,combo_equal_weight_enet_across_har_augmented_datasets_log_rolling,Elastic Net EW | Multiple,Method equal weights,0.08613464,0.09897951,0.09596475,-0.01284488,-0.00983012,0.01284488,0.00983012,0.00016499,9.663e-05,-0.00301476,-6.836e-05,0.04616505,0.00800249,0.02609588,0.02633154,0.00023565
2016-12-31,combo_equal_weight_enet_across_har_augmented_datasets_log_rolling,Elastic Net EW | Multiple,Method equal weights,0.06241094,0.09642103,0.09959472,-0.03401009,-0.03718377,0.03401009,0.03718377,0.00115669,0.00138263,0.00317369,0.00022595,0.04933874,0.00822843,0.02731138,0.0278215,0.00051012
2017-01-31,combo_equal_weight_enet_across_har_augmented_datasets_log_rolling,Elastic Net EW | Multiple,Method equal weights,0.06212703,0.08953786,0.09131225,-0.02741083,-0.02918521,0.02741083,0.02918521,0.00075135,0.00085178,0.00177439,0.00010042,0.05111313,0.00832886,0.02320503,0.02380088,0.00059585
2017-02-28,combo_equal_weight_enet_across_har_augmented_datasets_log_rolling,Elastic Net EW | Multiple,Method equal weights,0.05181816,0.0851576,0.08981388,-0.03333944,-0.03799572,0.03333944,0.03799572,0.00111152,0.00144367,0.00465628,0.00033216,0.05576941,0.00866101,0.02460252,0.02547694,0.00087442
2017-03-31,combo_equal_weight_enet_across_har_augmented_datasets_log_rolling,Elastic Net EW | Multiple,Method equal weights,0.06543911,0.07925101,0.08508029,-0.0138119,-0.01964118,0.0138119,0.01964118,0.00019077,0.00038578,0.00582928,0.00019501,0.06159869,0.00885602,0.02228768,0.02369534,0.00140766
2017-04-30,combo_equal_weight_enet_across_har_augmented_datasets_log_rolling,Elastic Net EW | Multiple,Method equal weights,0.06821277,0.08467623,0.08807873,-0.01646346,-0.01986596,0.01646346,0.01986596,0.00027105,0.00039466,0.0034025,0.00012361,0.0650012,0.00897963,0.02149331,0.02315627,0.00166297
2017-05-31,combo_equal_weight_enet_across_har_augmented_datasets_log_rolling,Elastic Net EW | Multiple,Method equal weights,0.05167712,0.08360127,0.08906903,-0.03192415,-0.03739191,0.03192415,0.03739191,0.00101915,0.00139815,0.00546776,0.000379,0.07046895,0.00935863,0.02273967,0.02486795,0.00212828
2017-06-30,combo_equal_weight_enet_across_har_augmented_datasets_log_rolling,Elastic Net EW | Multiple,Method equal weights,0.06000712,0.07607386,0.08363599,-0.01606674,-0.02362887,0.01606674,0.02362887,0.00025814,0.00055832,0.00756212,0.00030018,0.07803108,0.00965882,0.02371214,0.02617524,0.0024631
2017-07-31,combo_equal_weight_enet_across_har_augmented_datasets_log_rolling,Elastic Net EW | Multiple,Method equal weights,0.04869214,0.07993542,0.08495022,-0.03124327,-0.03625807,0.03124327,0.03625807,0.00097614,0.00131465,0.0050148,0.00033851,0.08304588,0.00999732,0.02285226,0.02602673,0.00317448
2017-08-31,combo_equal_weight_enet_across_har_augmented_datasets_log_rolling,Elastic Net EW | Multiple,Method equal weights,0.05895137,0.07364415,0.08032493,-0.01469277,-0.02137356,0.01469277,0.02137356,0.00021588,0.00045683,0.00668078,0.00024095,0.08972666,0.01023827,0.02123438,0.02478648,0.0035521
2017-09-30,combo_equal_weight_enet_across_har_augmented_datasets_log_rolling,Elastic Net EW | Multiple,Method equal weights,0.04531107,0.07615199,0.08183425,-0.03084093,-0.03652319,0.03084093,0.03652319,0.00095116,0.00133394,0.00568226,0.00038278,0.09540893,0.01062105,0.02374916,0.0277162,0.00396704
2017-10-31,combo_equal_weight_enet_across_har_augmented_datasets_log_rolling,Elastic Net EW | Multiple,Method equal weights,0.03786706,0.07512953,0.07706881,-0.03726247,-0.03920175,0.03726247,0.03920175,0.00138849,0.00153678,0.00193928,0.00014829,0.09734821,0.01076934,0.02499258,0.02900661,0.00401403
2017-11-30,combo_equal_weight_enet_across_har_augmented_datasets_log_rolling,Elastic Net EW | Multiple,Method equal weights,0.04900293,0.06804228,0.07370597,-0.01903935,-0.02470304,0.01903935,0.02470304,0.0003625,0.00061024,0.00566369,0.00024774,0.1030119,0.01101708,0.02550878,0.03024602,0.00473724
2017-12-31,combo_equal_weight_enet_across_har_augmented_datasets_log_rolling,Elastic Net EW | Multiple,Method equal weights,0.06019932,0.07478536,0.07481554,-0.01458604,-0.01461623,0.01458604,0.01461623,0.00021275,0.00021363,3.018e-05,8.8e-07,0.10304208,0.01101797,0.02389011,0.02836539,0.00447528
2018-01-31,combo_equal_weight_enet_across_har_augmented_datasets_log_rolling,Elastic Net EW | Multiple,Method equal weights,0.06519769,0.07452503,0.07762023,-0.00932735,-0.01242254,0.00932735,0.01242254,8.7e-05,0.00015432,0.0030952,6.732e-05,0.10613728,0.01108529,0.02238316,0.0269685,0.00458535
2018-02-28,combo_equal_weight_enet_across_har_augmented_datasets_log_rolling,Elastic Net EW | Multiple,Method equal weights,0.1387046,0.07799425,0.07819547,0.06071034,0.06050912,0.06071034,0.06050912,0.00368575,0.00366135,-0.00020122,-2.439e-05,0.10593606,0.01106089,0.02466406,0.02884462,0.00418055
2018-03-31,combo_equal_weight_enet_across_har_augmented_datasets_log_rolling,Elastic Net EW | Multiple,Method equal weights,0.13891564,0.09728432,0.10438966,0.04163132,0.03452598,0.04163132,0.03452598,0.00173317,0.00119204,-0.00710534,-0.00054112,0.09883071,0.01051977,0.02698235,0.03008502,0.00310267
2018-04-30,combo_equal_weight_enet_across_har_augmented_datasets_log_rolling,Elastic Net EW | Multiple,Method equal weights,0.1407784,0.10618214,0.10640081,0.03459627,0.03437759,0.03459627,0.03437759,0.0011969,0.00118182,-0.00021868,-1.508e-05,0.09861204,0.01050469,0.02849342,0.03129432,0.0028009
2018-05-31,combo_equal_weight_enet_across_har_augmented_datasets_log_rolling,Elastic Net EW | Multiple,Method equal weights,0.09507116,0.10247135,0.10993222,-0.00740019,-0.01486106,0.00740019,0.01486106,5.476e-05,0.00022085,0.00746087,0.00016609,0.10607291,0.01067078,0.02644975,0.02941675,0.002967
2018-06-30,combo_equal_weight_enet_across_har_augmented_datasets_log_rolling,Elastic Net EW | Multiple,Method equal weights,0.08039533,0.09486522,0.09331526,-0.01446989,-0.01291992,0.01446989,0.01291992,0.00020938,0.00016692,-0.00154997,-4.245e-05,0.10452294,0.01062832,0.02631668,0.02852434,0.00220766
2018-07-31,combo_equal_weight_enet_across_har_augmented_datasets_log_rolling,Elastic Net EW | Multiple,Method equal weights,0.0690613,0.0924733,0.08786672,-0.023412,-0.01880541,0.023412,0.01880541,0.00054812,0.00035364,-0.00460658,-0.00019448,0.09991636,0.01043384,0.02566408,0.02706995,0.00140587
2018-08-31,combo_equal_weight_enet_across_har_augmented_datasets_log_rolling,Elastic Net EW | Multiple,Method equal weights,0.05968197,0.08326707,0.08387116,-0.0235851,-0.02418919,0.0235851,0.02418919,0.00055626,0.00058512,0.00060409,2.886e-05,0.10052045,0.0104627,0.0264051,0.02730459,0.00089948
2018-09-30,combo_equal_weight_enet_across_har_augmented_datasets_log_rolling,Elastic Net EW | Multiple,Method equal weights,0.0654128,0.07645008,0.08064715,-0.01103728,-0.01523435,0.01103728,0.01523435,0.00012182,0.00023209,0.00419707,0.00011026,0.10471752,0.01057297,0.0247548,0.02553052,0.00077572
2018-10-31,combo_equal_weight_enet_across_har_augmented_datasets_log_rolling,Elastic Net EW | Multiple,Method equal weights,0.17260155,0.07536918,0.08166035,0.09723236,0.0909412,0.09723236,0.0909412,0.00945413,0.0082703,-0.00629116,-0.00118383,0.09842636,0.00938914,0.02975229,0.02984214,8.985e-05
2018-11-30,combo_equal_weight_enet_across_har_augmented_datasets_log_rolling,Elastic Net EW | Multiple,Method equal weights,0.14550899,0.11888867,0.1199506,0.02662032,0.02555839,0.02662032,0.02555839,0.00070864,0.00065323,-0.00106193,-5.541e-05,0.09736443,0.00933373,0.03038404,0.02991342,-0.00047062
2018-12-31,combo_equal_weight_enet_across_har_augmented_datasets_log_rolling,Elastic Net EW | Multiple,Method equal weights,0.23558433,0.11514379,0.11588897,0.12044054,0.11969536,0.12044054,0.11969536,0.01450592,0.01432698,-0.00074518,-0.00017894,0.09661925,0.00915478,0.03920525,0.03867001,-0.00053524
2019-01-31,combo_equal_weight_enet_across_har_augmented_datasets_log_rolling,Elastic Net EW | Multiple,Method equal weights,0.13805562,0.19346818,0.18961141,-0.05541256,-0.05155579,0.05541256,0.05155579,0.00307055,0.002658,-0.00385677,-0.00041255,0.09276247,0.00874223,0.04304568,0.04193111,-0.00111457
2019-02-28,combo_equal_weight_enet_across_har_augmented_datasets_log_rolling,Elastic Net EW | Multiple,Method equal weights,0.08205478,0.11471386,0.11797261,-0.03265908,-0.03591783,0.03265908,0.03591783,0.00106662,0.00129009,0.00325875,0.00022347,0.09602122,0.0089657,0.04070808,0.03988184,-0.00082624
2019-03-31,combo_equal_weight_enet_across_har_augmented_datasets_log_rolling,Elastic Net EW | Multiple,Method equal weights,0.09470707,0.08824955,0.0875381,0.00645752,0.00716898,0.00645752,0.00716898,4.17e-05,5.139e-05,0.00071146,9.69e-06,0.09673268,0.0089754,0.03777693,0.03760209,-0.00017484
2019-04-30,combo_equal_weight_enet_across_har_augmented_datasets_log_rolling,Elastic Net EW | Multiple,Method equal weights,0.05727866,0.09372493,0.09525854,-0.03644627,-0.03797988,0.03644627,0.03797988,0.00132833,0.00144247,0.00153361,0.00011414,0.09826629,0.00908954,0.03793109,0.03790228,-2.881e-05
2019-05-31,combo_equal_weight_enet_across_har_augmented_datasets_log_rolling,Elastic Net EW | Multiple,Method equal weights,0.11646584,0.07784663,0.07847861,0.0386192,0.03798723,0.0386192,0.03798723,0.00149144,0.00144303,-0.00063197,-4.841e-05,0.09763431,0.00904113,0.04053268,0.03982946,-0.00070322
2019-06-30,combo_equal_weight_enet_across_har_augmented_datasets_log_rolling,Elastic Net EW | Multiple,Method equal weights,0.08633239,0.10310675,0.10607152,-0.01677436,-0.01973913,0.01677436,0.01973913,0.00028138,0.00038963,0.00296477,0.00010825,0.10059908,0.00914938,0.04072472,0.04039773,-0.00032699
2019-07-31,combo_equal_weight_enet_across_har_augmented_datasets_log_rolling,Elastic Net EW | Multiple,Method equal weights,0.06669148,0.08969718,0.09128019,-0.0230057,-0.02458871,0.0230057,0.02458871,0.00052926,0.0006046,0.00158301,7.534e-05,0.10218209,0.00922472,0.04069086,0.04087967,0.00018881
2019-08-31,combo_equal_weight_enet_across_har_augmented_datasets_log_rolling,Elastic Net EW | Multiple,Method equal weights,0.13916472,0.08298317,0.08281996,0.05618155,0.05634477,0.05618155,0.05634477,0.00315637,0.00317473,0.00016322,1.837e-05,0.10234531,0.00924309,0.04340723,0.0435593,0.00015207
2019-09-30,combo_equal_weight_enet_across_har_augmented_datasets_log_rolling,Elastic Net EW | Multiple,Method equal weights,0.08899928,0.11639426,0.11891754,-0.02739498,-0.02991826,0.02739498,0.02991826,0.00075048,0.0008951,0.00252328,0.00014462,0.10486859,0.00938771,0.04477037,0.04478296,1.259e-05
2019-10-31,combo_equal_weight_enet_across_har_augmented_datasets_log_rolling,Elastic Net EW | Multiple,Method equal weights,0.09164451,0.09915186,0.09436573,-0.00750735,-0.00272122,0.00750735,0.00272122,5.636e-05,7.41e-06,-0.00478613,-4.896e-05,0.10008246,0.00933875,0.03729329,0.0374313,0.00013801
2019-11-30,combo_equal_weight_enet_across_har_augmented_datasets_log_rolling,Elastic Net EW | Multiple,Method equal weights,0.05524849,0.08560338,0.09472056,-0.03035489,-0.03947207,0.03035489,0.03947207,0.00092142,0.00155804,0.00911718,0.00063662,0.10919964,0.00997538,0.0376045,0.03859077,0.00098627
2019-12-31,combo_equal_weight_enet_across_har_augmented_datasets_log_rolling,Elastic Net EW | Multiple,Method equal weights,0.06209932,0.07942541,0.07849395,-0.01732609,-0.01639463,0.01732609,0.01639463,0.00030019,0.00026878,-0.00093146,-3.141e-05,0.10826818,0.00994397,0.02901163,0.02998237,0.00097074
2020-01-31,combo_equal_weight_enet_across_har_augmented_datasets_log_rolling,Elastic Net EW | Multiple,Method equal weights,0.07975763,0.07703468,0.07879248,0.00272296,0.00096515,0.00272296,0.00096515,7.41e-06,9.3e-07,-0.0017578,-6.48e-06,0.10651038,0.00993748,0.02462083,0.02576649,0.00114566
2020-02-29,combo_equal_weight_enet_across_har_augmented_datasets_log_rolling,Elastic Net EW | Multiple,Method equal weights,0.18564385,0.08683208,0.08500203,0.09881177,0.10064182,0.09881177,0.10064182,0.00976377,0.01012878,0.00183005,0.00036501,0.10834043,0.01030249,0.03013355,0.03116015,0.0010266
2020-03-31,combo_equal_weight_enet_across_har_augmented_datasets_log_rolling,Elastic Net EW | Multiple,Method equal weights,0.58295547,0.24675804,0.14520964,0.33619743,0.43774583,0.33619743,0.43774583,0.11302872,0.19162141,0.1015484,0.0785927,0.20988883,0.08889519,0.05761188,0.06704156,0.00942968
2020-04-30,combo_equal_weight_enet_across_har_augmented_datasets_log_rolling,Elastic Net EW | Multiple,Method equal weights,0.24991991,1.04537462,1.54497553,-0.79545472,-1.29505562,0.79545472,1.29505562,0.63274821,1.67716907,0.4996009,1.04442086,0.70948973,1.13331605,0.12086258,0.17179787,0.05093529
2020-05-31,combo_equal_weight_enet_across_har_augmented_datasets_log_rolling,Elastic Net EW | Multiple,Method equal weights,0.16410989,0.15399507,0.187209,0.01011482,-0.0230991,0.01011482,0.0230991,0.00010231,0.00053357,0.01298428,0.00043126,0.72247401,1.13374731,0.11848722,0.17055719,0.05206997
2020-06-30,combo_equal_weight_enet_across_har_augmented_datasets_log_rolling,Elastic Net EW | Multiple,Method equal weights,0.18276328,0.12929461,0.13434073,0.05346867,0.04842255,0.05346867,0.04842255,0.0028589,0.00234474,-0.00504612,-0.00051416,0.71742789,1.13323315,0.12154508,0.17294748,0.0514024
2020-07-31,combo_equal_weight_enet_across_har_augmented_datasets_log_rolling,Elastic Net EW | Multiple,Method equal weights,0.13369031,0.16616082,0.14973507,-0.03247051,-0.01604476,0.03247051,0.01604476,0.00105433,0.00025743,-0.01642575,-0.0007969,0.70100214,1.13243625,0.12233381,0.17223548,0.04990167
2020-08-31,combo_equal_weight_enet_across_har_augmented_datasets_log_rolling,Elastic Net EW | Multiple,Method equal weights,0.08711462,0.11108785,0.12370315,-0.02397324,-0.03658853,0.02397324,0.03658853,0.00057472,0.00133872,0.01261529,0.000764,0.71361743,1.13320026,0.11964979,0.17058913,0.05093934
2020-09-30,combo_equal_weight_enet_across_har_augmented_datasets_log_rolling,Elastic Net EW | Multiple,Method equal weights,0.18583484,0.10396772,0.10151568,0.08186711,0.08431916,0.08186711,0.08431916,0.00670222,0.00710972,0.00245204,0.0004075,0.71606948,1.13360775,0.12418913,0.17512254,0.05093341
2020-10-31,combo_equal_weight_enet_across_har_augmented_datasets_log_rolling,Elastic Net EW | Multiple,Method equal weights,0.14700764,0.16475747,0.14927946,-0.01774984,-0.00227183,0.01774984,0.00227183,0.00031506,5.16e-06,-0.01547801,-0.0003099,0.70059147,1.13329786,0.12504267,0.17508509,0.05004242
2020-11-30,combo_equal_weight_enet_across_har_augmented_datasets_log_rolling,Elastic Net EW | Multiple,Method equal weights,0.13540578,0.16509239,0.13272256,-0.02968661,0.00268322,0.02968661,0.00268322,0.00088129,7.2e-06,-0.02700339,-0.0008741,0.67358808,1.13242376,0.12498698,0.17201935,0.04703237
2020-12-31,combo_equal_weight_enet_across_har_augmented_datasets_log_rolling,Elastic Net EW | Multiple,Method equal weights,0.08727809,0.12106825,0.13042698,-0.03379016,-0.04314889,0.03379016,0.04314889,0.00114178,0.00186183,0.00935872,0.00072005,0.6829468,1.13314381,0.12635899,0.17424887,0.04788988
2021-01-31,combo_equal_weight_enet_across_har_augmented_datasets_log_rolling,Elastic Net EW | Multiple,Method equal weights,0.12643455,0.11204413,0.10846867,0.01439043,0.01796589,0.01439043,0.01796589,0.00020708,0.00032277,0.00357546,0.00011569,0.68652226,1.1332595,0.12733128,0.1756656,0.04833432
2021-02-28,combo_equal_weight_enet_across_har_augmented_datasets_log_rolling,Elastic Net EW | Multiple,Method equal weights,0.12196964,0.16735459,0.12688707,-0.04538495,-0.00491743,0.04538495,0.00491743,0.00205979,2.418e-05,-0.04046751,-0.00203561,0.64605474,1.13122389,0.12287904,0.16768857,0.04480953
2021-03-31,combo_equal_weight_enet_across_har_augmented_datasets_log_rolling,Elastic Net EW | Multiple,Method equal weights,0.14192329,0.13058672,0.12423121,0.01133657,0.01769207,0.01133657,0.01769207,0.00012852,0.00031301,0.00635551,0.00018449,0.65241025,1.13140838,0.0958073,0.13268409,0.03687679
2021-04-30,combo_equal_weight_enet_across_har_augmented_datasets_log_rolling,Elastic Net EW | Multiple,Method equal weights,0.07227313,0.0969101,0.12520714,-0.02463697,-0.05293401,0.02463697,0.05293401,0.00060698,0.00280201,0.02829704,0.00219503,0.68070729,1.13360341,0.03157249,0.02917395,-0.00239854
2021-05-31,combo_equal_weight_enet_across_har_augmented_datasets_log_rolling,Elastic Net EW | Multiple,Method equal weights,0.09818055,0.10064284,0.09539606,-0.00246229,0.00278449,0.00246229,0.00278449,6.06e-06,7.75e-06,0.0003222,1.69e-06,0.6810295,1.1336051,0.03093478,0.02748107,-0.00345371
2021-06-30,combo_equal_weight_enet_across_har_augmented_datasets_log_rolling,Elastic Net EW | Multiple,Method equal weights,0.06526994,0.09507379,0.10263326,-0.02980386,-0.03736333,0.02980386,0.03736333,0.00088827,0.00139602,0.00755947,0.00050775,0.68858897,1.13411285,0.02896271,0.02655947,-0.00240324
2021-07-31,combo_equal_weight_enet_across_har_augmented_datasets_log_rolling,Elastic Net EW | Multiple,Method equal weights,0.07520977,0.0948801,0.08885329,-0.01967033,-0.01364352,0.01967033,0.01364352,0.00038692,0.00018615,-0.00602681,-0.00020078,0.68256216,1.13391207,0.02789603,0.02635936,-0.00153667
2021-08-31,combo_equal_weight_enet_across_har_augmented_datasets_log_rolling,Elastic Net EW | Multiple,Method equal weights,0.06362476,0.09692064,0.09090206,-0.03329588,-0.02727729,0.03329588,0.02727729,0.00110862,0.00074405,-0.00601859,-0.00036456,0.67654357,1.13354751,0.02867292,0.02558343,-0.00308949
2021-09-30,combo_equal_weight_enet_across_har_augmented_datasets_log_rolling,Elastic Net EW | Multiple,Method equal weights,0.10189251,0.08629863,0.08521496,0.01559388,0.01667755,0.01559388,0.01667755,0.00024317,0.00027814,0.00108367,3.497e-05,0.67762724,1.13358248,0.02315015,0.01994663,-0.00320352
2021-10-31,combo_equal_weight_enet_across_har_augmented_datasets_log_rolling,Elastic Net EW | Multiple,Method equal weights,0.09768553,0.12023545,0.09621429,-0.02254992,0.00147123,0.02254992,0.00147123,0.0005085,2.16e-06,-0.02107869,-0.00050633,0.65654855,1.13307615,0.02355015,0.01987991,-0.00367024
2021-11-30,combo_equal_weight_enet_across_har_augmented_datasets_log_rolling,Elastic Net EW | Multiple,Method equal weights,0.08990034,0.09029371,0.09457941,-0.00039337,-0.00467908,0.00039337,0.00467908,1.5e-07,2.189e-05,0.00428571,2.174e-05,0.66083426,1.13309788,0.02110905,0.02004623,-0.00106282
2021-12-31,combo_equal_weight_enet_across_har_augmented_datasets_log_rolling,Elastic Net EW | Multiple,Method equal weights,0.12715669,0.1141688,0.09180554,0.01298789,0.03535115,0.01298789,0.03535115,0.00016869,0.0012497,0.02236326,0.00108102,0.68319752,1.1341789,0.01937553,0.01939642,2.089e-05
2022-01-31,combo_equal_weight_enet_across_har_augmented_datasets_log_rolling,Elastic Net EW | Multiple,Method equal weights,0.2054063,0.10051886,0.10455535,0.10488744,0.10085095,0.10488744,0.10085095,0.01100138,0.01017091,-0.00403649,-0.00083046,0.67916102,1.13334844,0.02691694,0.02630351,-0.00061344
2022-02-28,combo_equal_weight_enet_across_har_augmented_datasets_log_rolling,Elastic Net EW | Multiple,Method equal weights,0.18906515,0.15255684,0.13873051,0.03650831,0.05033464,0.03650831,0.05033464,0.00133286,0.00253358,0.01382633,0.00120072,0.69298735,1.13454916,0.02617723,0.03008828,0.00391105
2022-03-31,combo_equal_weight_enet_across_har_augmented_datasets_log_rolling,Elastic Net EW | Multiple,Method equal weights,0.1731367,0.13992775,0.13572155,0.03320895,0.03741514,0.03320895,0.03741514,0.00110283,0.00139989,0.00420619,0.00029706,0.69719354,1.13484622,0.02799992,0.03173187,0.00373194
2022-04-30,combo_equal_weight_enet_across_har_augmented_datasets_log_rolling,Elastic Net EW | Multiple,Method equal weights,0.15851479,0.12203888,0.13127507,0.03647591,0.02723972,0.03647591,0.02723972,0.00133049,0.000742,-0.00923619,-0.00058849,0.68795735,1.13425773,0.0289865,0.02959067,0.00060417
2022-05-31,combo_equal_weight_enet_across_har_augmented_datasets_log_rolling,Elastic Net EW | Multiple,Method equal weights,0.2578389,0.17733118,0.12724383,0.08050772,0.13059508,0.08050772,0.13059508,0.00648149,0.01705507,0.05008736,0.01057358,0.73804471,1.14483131,0.03549029,0.04024156,0.00475127
2022-06-30,combo_equal_weight_enet_across_har_augmented_datasets_log_rolling,Elastic Net EW | Multiple,Method equal weights,0.20628661,0.16744304,0.18639549,0.03884356,0.01989112,0.03884356,0.01989112,0.00150882,0.00039566,-0.01895244,-0.00111317,0.71909227,1.14371814,0.0362436,0.03878554,0.00254194
2022-07-31,combo_equal_weight_enet_across_har_augmented_datasets_log_rolling,Elastic Net EW | Multiple,Method equal weights,0.16389054,0.16469928,0.16323174,-0.00080875,0.0006588,0.00080875,0.0006588,6.5e-07,4.3e-07,-0.00014994,-2.2e-07,0.71894232,1.14371792,0.0346718,0.03770348,0.00303168
2022-08-31,combo_equal_weight_enet_across_har_augmented_datasets_log_rolling,Elastic Net EW | Multiple,Method equal weights,0.13005032,0.123449,0.14456027,0.00660132,-0.01450995,0.00660132,0.01450995,4.358e-05,0.00021054,0.00790863,0.00016696,0.72685095,1.14388489,0.03244725,0.03663953,0.00419228
2022-09-30,combo_equal_weight_enet_across_har_augmented_datasets_log_rolling,Elastic Net EW | Multiple,Method equal weights,0.19626273,0.12868468,0.12637585,0.06757805,0.06988687,0.06757805,0.06988687,0.00456679,0.00488417,0.00230882,0.00031738,0.72915977,1.14420227,0.03677927,0.04107364,0.00429438
2022-10-31,combo_equal_weight_enet_across_har_augmented_datasets_log_rolling,Elastic Net EW | Multiple,Method equal weights,0.19975826,0.17312801,0.1614805,0.02663024,0.03827776,0.02663024,0.03827776,0.00070917,0.00146519,0.01164752,0.00075602,0.74080729,1.14495828,0.03711929,0.04414085,0.00702156
2022-11-30,combo_equal_weight_enet_across_har_augmented_datasets_log_rolling,Elastic Net EW | Multiple,Method equal weights,0.16948675,0.168009,0.170144,0.00147775,-0.00065725,0.00147775,0.00065725,2.18e-06,4.3e-07,-0.00082049,-1.75e-06,0.7399868,1.14495653,0.03720966,0.0438057,0.00659604
2022-12-31,combo_equal_weight_enet_across_har_augmented_datasets_log_rolling,Elastic Net EW | Multiple,Method equal weights,0.15877952,0.1470477,0.15843758,0.01173182,0.00034194,0.01173182,0.00034194,0.00013764,1.2e-07,-0.01138988,-0.00013752,0.72859691,1.14481901,0.03710499,0.04088827,0.00378328
2023-01-31,combo_equal_weight_enet_across_har_augmented_datasets_log_rolling,Elastic Net EW | Multiple,Method equal weights,0.14255764,0.14408663,0.15281384,-0.00152899,-0.01025621,0.00152899,0.01025621,2.34e-06,0.00010519,0.00872721,0.00010285,0.73732412,1.14492187,0.02849178,0.03333871,0.00484692
2023-02-28,combo_equal_weight_enet_across_har_augmented_datasets_log_rolling,Elastic Net EW | Multiple,Method equal weights,0.14798801,0.1085243,0.14108966,0.03946371,0.00689835,0.03946371,0.00689835,0.00155738,4.759e-05,-0.03256536,-0.0015098,0.70475877,1.14341207,0.02873806,0.02971902,0.00098095
2023-03-31,combo_equal_weight_enet_across_har_augmented_datasets_log_rolling,Elastic Net EW | Multiple,Method equal weights,0.16589266,0.13715415,0.14245861,0.02873851,0.02343405,0.02873851,0.02343405,0.0008259,0.00054915,-0.00530446,-0.00027675,0.69945431,1.14313532,0.02836553,0.02855393,0.0001884
2023-04-30,combo_equal_weight_enet_across_har_augmented_datasets_log_rolling,Elastic Net EW | Multiple,Method equal weights,0.08994252,0.13103571,0.15253063,-0.04109318,-0.06258811,0.04109318,0.06258811,0.00168865,0.00391727,0.02149492,0.00222862,0.72094923,1.14536394,0.0287503,0.03149962,0.00274932
2023-05-31,combo_equal_weight_enet_across_har_augmented_datasets_log_rolling,Elastic Net EW | Multiple,Method equal weights,0.10574234,0.09966633,0.11438662,0.00607601,-0.00864427,0.00607601,0.00864427,3.692e-05,7.472e-05,0.00256826,3.781e-05,0.72351749,1.14540175,0.02254766,0.02133706,-0.0012106
2023-06-30,combo_equal_weight_enet_across_har_augmented_datasets_log_rolling,Elastic Net EW | Multiple,Method equal weights,0.09100868,0.09861865,0.11566273,-0.00760997,-0.02465406,0.00760997,0.02465406,5.791e-05,0.00060782,0.01704409,0.00054991,0.74056158,1.14595166,0.01994486,0.02173397,0.00178911
2023-07-31,combo_equal_weight_enet_across_har_augmented_datasets_log_rolling,Elastic Net EW | Multiple,Method equal weights,0.07268551,0.09202095,0.10498751,-0.01933544,-0.032302,0.01933544,0.032302,0.00037386,0.00104342,0.01296656,0.00066956,0.75352813,1.14662122,0.02148875,0.0243709,0.00288215
2023-08-31,combo_equal_weight_enet_across_har_augmented_datasets_log_rolling,Elastic Net EW | Multiple,Method equal weights,0.09745315,0.08678452,0.09628427,0.01066863,0.00116888,0.01066863,0.00116888,0.00011382,1.37e-06,-0.00949975,-0.00011245,0.74402838,1.14650877,0.02182769,0.02325915,0.00143145
2023-09-30,combo_equal_weight_enet_across_har_augmented_datasets_log_rolling,Elastic Net EW | Multiple,Method equal weights,0.09176085,0.09256326,0.10361721,-0.00080241,-0.01185637,0.00080241,0.01185637,6.4e-07,0.00014057,0.01105395,0.00013993,0.75508233,1.1466487,0.01626306,0.01842327,0.00216021
2023-10-31,combo_equal_weight_enet_across_har_augmented_datasets_log_rolling,Elastic Net EW | Multiple,Method equal weights,0.12613768,0.09934953,0.10019084,0.02678814,0.02594684,0.02678814,0.02594684,0.0007176,0.00067324,-0.0008413,-4.437e-05,0.75424103,1.14660433,0.01627622,0.01739569,0.00111948
2023-11-30,combo_equal_weight_enet_across_har_augmented_datasets_log_rolling,Elastic Net EW | Multiple,Method equal weights,0.08061106,0.12063599,0.11318387,-0.04002493,-0.03257281,0.04002493,0.03257281,0.001602,0.00106099,-0.00745212,-0.00054101,0.74678891,1.14606332,0.01948848,0.02005532,0.00056684
2023-12-31,combo_equal_weight_enet_across_har_augmented_datasets_log_rolling,Elastic Net EW | Multiple,Method equal weights,0.07463208,0.08915466,0.09612049,-0.01452258,-0.0214884,0.01452258,0.0214884,0.00021091,0.00046175,0.00696582,0.00025085,0.75375474,1.14631417,0.01972104,0.02181753,0.00209649
2024-01-31,combo_equal_weight_enet_across_har_augmented_datasets_log_rolling,Elastic Net EW | Multiple,Method equal weights,0.0851791,0.08931622,0.09260378,-0.00413712,-0.00742468,0.00413712,0.00742468,1.712e-05,5.513e-05,0.00328756,3.801e-05,0.7570423,1.14635218,0.01993839,0.02158157,0.00164318
2011-03-31,combo_equal_weight_pca_across_har_augmented_datasets_log_rolling,PCA EW | Multiple,Method equal weights,0.1239968,0.11410948,0.11607562,0.00988732,0.00792117,0.00988732,0.00792117,9.776e-05,6.274e-05,-0.00196615,-3.501e-05,-0.00196615,-3.501e-05,,,
2011-04-30,combo_equal_weight_pca_across_har_augmented_datasets_log_rolling,PCA EW | Multiple,Method equal weights,0.08197577,0.12648331,0.12651617,-0.04450754,-0.0445404,0.04450754,0.0445404,0.00198092,0.00198385,3.285e-05,2.93e-06,-0.00193329,-3.209e-05,,,
2011-05-31,combo_equal_weight_pca_across_har_augmented_datasets_log_rolling,PCA EW | Multiple,Method equal weights,0.10443997,0.11187631,0.11306831,-0.00743634,-0.00862834,0.00743634,0.00862834,5.53e-05,7.445e-05,0.001192,1.915e-05,-0.00074129,-1.294e-05,,,
2011-06-30,combo_equal_weight_pca_across_har_augmented_datasets_log_rolling,PCA EW | Multiple,Method equal weights,0.11731825,0.11809992,0.11566157,-0.00078167,0.00165669,0.00078167,0.00165669,6.1e-07,2.74e-06,0.00087502,2.13e-06,0.00013373,-1.081e-05,,,
2011-07-31,combo_equal_weight_pca_across_har_augmented_datasets_log_rolling,PCA EW | Multiple,Method equal weights,0.11132267,0.12210227,0.11708849,-0.0107796,-0.00576582,0.0107796,0.00576582,0.0001162,3.324e-05,-0.00501378,-8.296e-05,-0.00488005,-9.376e-05,,,
2011-08-31,combo_equal_weight_pca_across_har_augmented_datasets_log_rolling,PCA EW | Multiple,Method equal weights,0.30047559,0.12080211,0.11397057,0.17967348,0.18650502,0.17967348,0.18650502,0.03228256,0.03478412,0.00683154,0.00250156,0.00195149,0.0024078,,,
2011-09-30,combo_equal_weight_pca_across_har_augmented_datasets_log_rolling,PCA EW | Multiple,Method equal weights,0.23741865,0.20574179,0.18733709,0.03167686,0.05008156,0.03167686,0.05008156,0.00100342,0.00250816,0.0184047,0.00150474,0.0203562,0.00391254,,,
2011-10-31,combo_equal_weight_pca_across_har_augmented_datasets_log_rolling,PCA EW | Multiple,Method equal weights,0.21104059,0.21289252,0.15661848,-0.00185193,0.05442212,0.00185193,0.05442212,3.43e-06,0.00296177,0.05257019,0.00295834,0.07292638,0.00687088,,,
2011-11-30,combo_equal_weight_pca_across_har_augmented_datasets_log_rolling,PCA EW | Multiple,Method equal weights,0.18299764,0.15029122,0.14490642,0.03270642,0.03809122,0.03270642,0.03809122,0.00106971,0.00145094,0.0053848,0.00038123,0.07831118,0.00725211,,,
2011-12-31,combo_equal_weight_pca_across_har_augmented_datasets_log_rolling,PCA EW | Multiple,Method equal weights,0.12641057,0.16179286,0.1422497,-0.03538229,-0.01583913,0.03538229,0.01583913,0.00125191,0.00025088,-0.01954316,-0.00100103,0.05876802,0.00625108,,,
2012-01-31,combo_equal_weight_pca_across_har_augmented_datasets_log_rolling,PCA EW | Multiple,Method equal weights,0.09173477,0.13753805,0.12693949,-0.04580328,-0.03520472,0.04580328,0.03520472,0.00209794,0.00123937,-0.01059856,-0.00085857,0.04816946,0.00539251,,,
2012-02-29,combo_equal_weight_pca_across_har_augmented_datasets_log_rolling,PCA EW | Multiple,Method equal weights,0.08055043,0.10986906,0.1137494,-0.02931863,-0.03319897,0.02931863,0.03319897,0.00085958,0.00110217,0.00388034,0.00024259,0.0520498,0.0056351,0.03581711,0.0401546,0.00433748
2012-03-31,combo_equal_weight_pca_across_har_augmented_datasets_log_rolling,PCA EW | Multiple,Method equal weights,0.07616645,0.1099981,0.10772076,-0.03383164,-0.03155431,0.03383164,0.03155431,0.00114458,0.00099567,-0.00227733,-0.00014891,0.04977246,0.0054862,0.03781247,0.04212402,0.00431155
2012-04-30,combo_equal_weight_pca_across_har_augmented_datasets_log_rolling,PCA EW | Multiple,Method equal weights,0.09057891,0.10950932,0.10505353,-0.01893042,-0.01447463,0.01893042,0.01447463,0.00035836,0.00020951,-0.00445579,-0.00014885,0.04531668,0.00533735,0.03568105,0.03961854,0.0039375
2012-05-31,combo_equal_weight_pca_across_har_augmented_datasets_log_rolling,PCA EW | Multiple,Method equal weights,0.12253117,0.11661583,0.10943598,0.00591535,0.0130952,0.00591535,0.0130952,3.499e-05,0.00017148,0.00717985,0.00013649,0.05249652,0.00547385,0.0355543,0.03999078,0.00443648
2012-06-30,combo_equal_weight_pca_across_har_augmented_datasets_log_rolling,PCA EW | Multiple,Method equal weights,0.11937706,0.13168344,0.12178747,-0.01230638,-0.00241041,0.01230638,0.00241041,0.00015145,5.81e-06,-0.00989597,-0.00014564,0.04260055,0.00532821,0.03651469,0.04005359,0.0035389
2012-07-31,combo_equal_weight_pca_across_har_augmented_datasets_log_rolling,PCA EW | Multiple,Method equal weights,0.1008825,0.12049597,0.12079751,-0.01961347,-0.01991501,0.01961347,0.01991501,0.00038469,0.00039661,0.00030154,1.192e-05,0.04290209,0.00534013,0.03725085,0.04123269,0.00398185
2012-08-31,combo_equal_weight_pca_across_har_augmented_datasets_log_rolling,PCA EW | Multiple,Method equal weights,0.08005638,0.11644092,0.11337364,-0.03638454,-0.03331726,0.03638454,0.03331726,0.00132383,0.00111004,-0.00306728,-0.00021379,0.03983481,0.00512633,0.0253101,0.02846704,0.00315694
2012-09-30,combo_equal_weight_pca_across_har_augmented_datasets_log_rolling,PCA EW | Multiple,Method equal weights,0.07940683,0.10314561,0.1036908,-0.02373878,-0.02428397,0.02373878,0.02428397,0.00056353,0.00058971,0.00054518,2.618e-05,0.04037999,0.00515251,0.02464859,0.02631724,0.00166865
2012-10-31,combo_equal_weight_pca_across_har_augmented_datasets_log_rolling,PCA EW | Multiple,Method equal weights,0.09399635,0.1015476,0.09961429,-0.00755126,-0.00561794,0.00755126,0.00561794,5.702e-05,3.156e-05,-0.00193332,-2.546e-05,0.03844668,0.00512705,0.02512354,0.02225023,-0.00287331
2012-11-30,combo_equal_weight_pca_across_har_augmented_datasets_log_rolling,PCA EW | Multiple,Method equal weights,0.11058386,0.10394017,0.10326854,0.00664369,0.00731532,0.00664369,0.00731532,4.414e-05,5.351e-05,0.00067164,9.38e-06,0.03911831,0.00513643,0.02295164,0.01968557,-0.00326607
2012-12-31,combo_equal_weight_pca_across_har_augmented_datasets_log_rolling,PCA EW | Multiple,Method equal weights,0.0992343,0.1066725,0.10880533,-0.0074382,-0.00957103,0.0074382,0.00957103,5.533e-05,9.16e-05,0.00213284,3.628e-05,0.04125115,0.00517271,0.02062297,0.01916323,-0.00145974
2013-01-31,combo_equal_weight_pca_across_har_augmented_datasets_log_rolling,PCA EW | Multiple,Method equal weights,0.06679532,0.10425524,0.105212,-0.03745992,-0.03841668,0.03745992,0.03841668,0.00140325,0.00147584,0.00095676,7.26e-05,0.0422079,0.0052453,0.01992769,0.01943089,-0.0004968
2013-02-28,combo_equal_weight_pca_across_har_augmented_datasets_log_rolling,PCA EW | Multiple,Method equal weights,0.07807531,0.094428,0.09381858,-0.0163527,-0.01574327,0.0163527,0.01574327,0.00026741,0.00024785,-0.00060942,-1.956e-05,0.04159848,0.00522574,0.01884719,0.01797625,-0.00087094
2013-03-31,combo_equal_weight_pca_across_har_augmented_datasets_log_rolling,PCA EW | Multiple,Method equal weights,0.07750691,0.09952227,0.09632791,-0.02201536,-0.018821,0.02201536,0.018821,0.00048468,0.00035423,-0.00319435,-0.00013045,0.03840413,0.0050953,0.0178625,0.01691514,-0.00094736
2013-04-30,combo_equal_weight_pca_across_har_augmented_datasets_log_rolling,PCA EW | Multiple,Method equal weights,0.09235894,0.09903699,0.09548052,-0.00667805,-0.00312158,0.00667805,0.00312158,4.46e-05,9.74e-06,-0.00355646,-3.485e-05,0.03484767,0.00506044,0.01684147,0.01596906,-0.00087242
2013-05-31,combo_equal_weight_pca_across_har_augmented_datasets_log_rolling,PCA EW | Multiple,Method equal weights,0.08770623,0.10111248,0.10060121,-0.01340625,-0.01289498,0.01340625,0.01289498,0.00017973,0.00016628,-0.00051127,-1.345e-05,0.03433639,0.005047,0.01746572,0.01595237,-0.00151334
2013-06-30,combo_equal_weight_pca_across_har_augmented_datasets_log_rolling,PCA EW | Multiple,Method equal weights,0.12836694,0.09594545,0.09896535,0.03242149,0.02940158,0.03242149,0.02940158,0.00105115,0.00086445,-0.0030199,-0.0001867,0.03131649,0.0048603,0.01914197,0.01820164,-0.00094034
2013-07-31,combo_equal_weight_pca_across_har_augmented_datasets_log_rolling,PCA EW | Multiple,Method equal weights,0.07678995,0.11299101,0.11422798,-0.03620106,-0.03743803,0.03620106,0.03743803,0.00131052,0.00140161,0.00123697,9.109e-05,0.03255346,0.00495139,0.02052427,0.01966189,-0.00086239
2013-08-31,combo_equal_weight_pca_across_har_augmented_datasets_log_rolling,PCA EW | Multiple,Method equal weights,0.07837318,0.09500634,0.09643315,-0.01663315,-0.01805997,0.01663315,0.01805997,0.00027666,0.00032616,0.00142682,4.95e-05,0.03398027,0.00500089,0.01887832,0.01839045,-0.00048788
2013-09-30,combo_equal_weight_pca_across_har_augmented_datasets_log_rolling,PCA EW | Multiple,Method equal weights,0.07842193,0.10064884,0.09639643,-0.02222691,-0.01797449,0.02222691,0.01797449,0.00049404,0.00032308,-0.00425241,-0.00017095,0.02972786,0.00482993,0.01875233,0.01786466,-0.00088768
2013-10-31,combo_equal_weight_pca_across_har_augmented_datasets_log_rolling,PCA EW | Multiple,Method equal weights,0.08610878,0.09783456,0.09514152,-0.01172578,-0.00903273,0.01172578,0.00903273,0.00013749,8.159e-05,-0.00269304,-5.59e-05,0.02703482,0.00477403,0.01910021,0.01814922,-0.00095099
2013-11-30,combo_equal_weight_pca_across_har_augmented_datasets_log_rolling,PCA EW | Multiple,Method equal weights,0.06981601,0.09814812,0.09755242,-0.0283321,-0.02773641,0.0283321,0.02773641,0.00080271,0.00076931,-0.0005957,-3.34e-05,0.02643912,0.00474063,0.02090758,0.01985098,-0.0010566
2013-12-31,combo_equal_weight_pca_across_har_augmented_datasets_log_rolling,PCA EW | Multiple,Method equal weights,0.07121165,0.08826381,0.09196516,-0.01705216,-0.02075351,0.01705216,0.02075351,0.00029078,0.00043071,0.00370135,0.00013993,0.03014047,0.00488056,0.02170874,0.02078285,-0.00092589
2014-01-31,combo_equal_weight_pca_across_har_augmented_datasets_log_rolling,PCA EW | Multiple,Method equal weights,0.0885142,0.09451005,0.09186938,-0.00599585,-0.00335518,0.00599585,0.00335518,3.595e-05,1.126e-05,-0.00264067,-2.469e-05,0.02749981,0.00485587,0.01908674,0.01786106,-0.00122567
2014-02-28,combo_equal_weight_pca_across_har_augmented_datasets_log_rolling,PCA EW | Multiple,Method equal weights,0.09024819,0.10187825,0.09720438,-0.01163005,-0.00695618,0.01163005,0.00695618,0.00013526,4.839e-05,-0.00467387,-8.687e-05,0.02282593,0.004769,0.01869318,0.0171288,-0.00156438
2014-03-31,combo_equal_weight_pca_across_har_augmented_datasets_log_rolling,PCA EW | Multiple,Method equal weights,0.09283748,0.1015048,0.09823287,-0.00866732,-0.0053954,0.00866732,0.0053954,7.512e-05,2.911e-05,-0.00327192,-4.601e-05,0.01955401,0.00472299,0.01758085,0.01601,-0.00157084
2014-04-30,combo_equal_weight_pca_across_har_augmented_datasets_log_rolling,PCA EW | Multiple,Method equal weights,0.0959287,0.09800161,0.09944134,-0.00207291,-0.00351264,0.00207291,0.00351264,4.3e-06,1.234e-05,0.00143973,8.04e-06,0.02099374,0.00473103,0.01719709,0.01604259,-0.00115449
2014-05-31,combo_equal_weight_pca_across_har_augmented_datasets_log_rolling,PCA EW | Multiple,Method equal weights,0.07303027,0.10235287,0.10058053,-0.0293226,-0.02755026,0.0293226,0.02755026,0.00085981,0.00075902,-0.00177234,-0.0001008,0.0192214,0.00463023,0.01852345,0.01726387,-0.00125958
2014-06-30,combo_equal_weight_pca_across_har_augmented_datasets_log_rolling,PCA EW | Multiple,Method equal weights,0.05653613,0.09244272,0.09262975,-0.03590658,-0.03609362,0.03590658,0.03609362,0.00128928,0.00130275,0.00018704,1.347e-05,0.01940843,0.0046437,0.01881387,0.01782154,-0.00099234
2014-07-31,combo_equal_weight_pca_across_har_augmented_datasets_log_rolling,PCA EW | Multiple,Method equal weights,0.0660717,0.08945284,0.08642521,-0.02338113,-0.02035351,0.02338113,0.02035351,0.00054668,0.00041427,-0.00302762,-0.00013241,0.01638081,0.00451129,0.01774555,0.01639783,-0.00134772
2014-08-31,combo_equal_weight_pca_across_har_augmented_datasets_log_rolling,PCA EW | Multiple,Method equal weights,0.0752277,0.0922592,0.08808877,-0.0170315,-0.01286107,0.0170315,0.01286107,0.00029007,0.00016541,-0.00417043,-0.00012466,0.01221038,0.00438662,0.01777874,0.01596458,-0.00181416
2014-09-30,combo_equal_weight_pca_across_har_augmented_datasets_log_rolling,PCA EW | Multiple,Method equal weights,0.0762108,0.08977255,0.09063727,-0.01356175,-0.01442647,0.01356175,0.01442647,0.00018392,0.00020812,0.00086472,2.42e-05,0.01307509,0.00441082,0.01705665,0.01566892,-0.00138773
2014-10-31,combo_equal_weight_pca_across_har_augmented_datasets_log_rolling,PCA EW | Multiple,Method equal weights,0.14399204,0.0932987,0.09121305,0.05069334,0.05277899,0.05069334,0.05277899,0.00256981,0.00278562,0.00208565,0.00021581,0.01516074,0.00462663,0.02030394,0.01931444,-0.00098951
2014-11-30,combo_equal_weight_pca_across_har_augmented_datasets_log_rolling,PCA EW | Multiple,Method equal weights,0.06427653,0.11024949,0.1166976,-0.04597297,-0.05242108,0.04597297,0.05242108,0.00211351,0.00274797,0.00644811,0.00063446,0.02160885,0.00526109,0.02177401,0.02137149,-0.00040252
2014-12-31,combo_equal_weight_pca_across_har_augmented_datasets_log_rolling,PCA EW | Multiple,Method equal weights,0.10043239,0.09260078,0.08989329,0.00783161,0.0105391,0.00783161,0.0105391,6.133e-05,0.00011107,0.00270749,4.974e-05,0.02431634,0.00531082,0.02100564,0.02052029,-0.00048534
2015-01-31,combo_equal_weight_pca_across_har_augmented_datasets_log_rolling,PCA EW | Multiple,Method equal weights,0.13813587,0.10865587,0.10182245,0.02948,0.03631343,0.02948,0.03631343,0.00086907,0.00131866,0.00683342,0.00044959,0.03114976,0.00576042,0.02296265,0.02326681,0.00030416
2015-02-28,combo_equal_weight_pca_across_har_augmented_datasets_log_rolling,PCA EW | Multiple,Method equal weights,0.09213617,0.12163983,0.11523843,-0.02950366,-0.02310226,0.02950366,0.02310226,0.00087047,0.00053371,-0.0064014,-0.00033675,0.02474836,0.00542367,0.02445212,0.02461232,0.0001602
2015-03-31,combo_equal_weight_pca_across_har_augmented_datasets_log_rolling,PCA EW | Multiple,Method equal weights,0.08527221,0.09884139,0.1007801,-0.01356919,-0.0155079,0.01356919,0.0155079,0.00018412,0.00024049,0.00193871,5.637e-05,0.02668707,0.00548004,0.0248606,0.02545503,0.00059442
2015-04-30,combo_equal_weight_pca_across_har_augmented_datasets_log_rolling,PCA EW | Multiple,Method equal weights,0.08426138,0.09792526,0.09809242,-0.01366388,-0.01383104,0.01366388,0.01383104,0.0001867,0.0001913,0.00016716,4.6e-06,0.02685422,0.00548464,0.02582652,0.02631489,0.00048837
2015-05-31,combo_equal_weight_pca_across_har_augmented_datasets_log_rolling,PCA EW | Multiple,Method equal weights,0.0753713,0.09451819,0.09617712,-0.01914689,-0.02080582,0.01914689,0.02080582,0.0003666,0.00043288,0.00165893,6.628e-05,0.02851315,0.00555091,0.02497854,0.02575286,0.00077431
2015-06-30,combo_equal_weight_pca_across_har_augmented_datasets_log_rolling,PCA EW | Multiple,Method equal weights,0.08191996,0.0893862,0.09304976,-0.00746625,-0.01112981,0.00746625,0.01112981,5.574e-05,0.00012387,0.00366356,6.813e-05,0.03217671,0.00561904,0.02260851,0.02367254,0.00106402
2015-07-31,combo_equal_weight_pca_across_har_augmented_datasets_log_rolling,PCA EW | Multiple,Method equal weights,0.08281331,0.09667635,0.09519662,-0.01386304,-0.01238331,0.01386304,0.01238331,0.00019218,0.00015335,-0.00147973,-3.884e-05,0.03069699,0.0055802,0.02181534,0.02300835,0.00119301
2015-08-31,combo_equal_weight_pca_across_har_augmented_datasets_log_rolling,PCA EW | Multiple,Method equal weights,0.18124678,0.09398473,0.09560516,0.08726204,0.08564162,0.08726204,0.08564162,0.00761466,0.00733449,-0.00162042,-0.00028018,0.02907657,0.00530003,0.02766788,0.0290734,0.00140552
2015-09-30,combo_equal_weight_pca_across_har_augmented_datasets_log_rolling,PCA EW | Multiple,Method equal weights,0.15257606,0.14248766,0.13513135,0.01008841,0.01744471,0.01008841,0.01744471,0.00010178,0.00030432,0.00735631,0.00020254,0.03643287,0.00550257,0.02737844,0.02932492,0.00194648
2015-10-31,combo_equal_weight_pca_across_har_augmented_datasets_log_rolling,PCA EW | Multiple,Method equal weights,0.1095216,0.13108839,0.12697753,-0.0215668,-0.01745594,0.0215668,0.01745594,0.00046513,0.00030471,-0.00411086,-0.00016042,0.03232201,0.00534215,0.02495123,0.02638133,0.00143011
2015-11-30,combo_equal_weight_pca_across_har_augmented_datasets_log_rolling,PCA EW | Multiple,Method equal weights,0.09094525,0.11595974,0.11088782,-0.02501449,-0.01994257,0.02501449,0.01994257,0.00062572,0.00039771,-0.00507192,-0.00022802,0.02725009,0.00511413,0.02320469,0.02367479,0.0004701
2015-12-31,combo_equal_weight_pca_across_har_augmented_datasets_log_rolling,PCA EW | Multiple,Method equal weights,0.12220819,0.09899693,0.10290397,0.02321126,0.01930422,0.02321126,0.01930422,0.00053876,0.00037265,-0.00390704,-0.00016611,0.02334305,0.00494802,0.02448633,0.02440522,-8.111e-05
2016-01-31,combo_equal_weight_pca_across_har_augmented_datasets_log_rolling,PCA EW | Multiple,Method equal weights,0.19111779,0.11282956,0.11368516,0.07828823,0.07743262,0.07828823,0.07743262,0.00612905,0.00599581,-0.0008556,-0.00013324,0.02248745,0.00481479,0.02855368,0.02783182,-0.00072186
2016-02-29,combo_equal_weight_pca_across_har_augmented_datasets_log_rolling,PCA EW | Multiple,Method equal weights,0.16301964,0.15062086,0.14513661,0.01239878,0.01788303,0.01239878,0.01788303,0.00015373,0.0003198,0.00548424,0.00016607,0.02797169,0.00498086,0.02712827,0.02739688,0.00026861
2016-03-31,combo_equal_weight_pca_across_har_augmented_datasets_log_rolling,PCA EW | Multiple,Method equal weights,0.09480278,0.13541127,0.13582316,-0.04060848,-0.04102037,0.04060848,0.04102037,0.00164905,0.00168267,0.00041189,3.362e-05,0.02838358,0.00501448,0.02938155,0.02952292,0.00014138
2016-04-30,combo_equal_weight_pca_across_har_augmented_datasets_log_rolling,PCA EW | Multiple,Method equal weights,0.08229344,0.1073465,0.10862824,-0.02505306,-0.02633481,0.02505306,0.02633481,0.00062766,0.00069352,0.00128175,6.587e-05,0.02966533,0.00508035,0.03033064,0.0305649,0.00023426
2016-05-31,combo_equal_weight_pca_across_har_augmented_datasets_log_rolling,PCA EW | Multiple,Method equal weights,0.08530203,0.10011124,0.10215381,-0.01480921,-0.01685178,0.01480921,0.01685178,0.00021931,0.00028398,0.00204256,6.467e-05,0.03170789,0.00514502,0.02996917,0.0302354,0.00026623
2016-06-30,combo_equal_weight_pca_across_har_augmented_datasets_log_rolling,PCA EW | Multiple,Method equal weights,0.09397396,0.0989694,0.10191531,-0.00499545,-0.00794135,0.00499545,0.00794135,2.495e-05,6.307e-05,0.0029459,3.811e-05,0.03465379,0.00518313,0.02976327,0.02996969,0.00020642
2016-07-31,combo_equal_weight_pca_across_har_augmented_datasets_log_rolling,PCA EW | Multiple,Method equal weights,0.06662709,0.11190506,0.10466726,-0.04527797,-0.03804017,0.04527797,0.03804017,0.00205009,0.00144705,-0.0072378,-0.00060304,0.027416,0.00458009,0.03238118,0.03210777,-0.00027342
2016-08-31,combo_equal_weight_pca_across_har_augmented_datasets_log_rolling,PCA EW | Multiple,Method equal weights,0.05875578,0.09187518,0.09501239,-0.0331194,-0.03625661,0.0331194,0.03625661,0.00109689,0.00131454,0.00313721,0.00021765,0.03055321,0.00479774,0.02786929,0.02799235,0.00012305
2016-09-30,combo_equal_weight_pca_across_har_augmented_datasets_log_rolling,PCA EW | Multiple,Method equal weights,0.08956114,0.09092137,0.09092766,-0.00136023,-0.00136651,0.00136023,0.00136651,1.85e-06,1.87e-06,6.28e-06,2e-08,0.0305595,0.00479776,0.02714195,0.0266525,-0.00048945
2016-10-31,combo_equal_weight_pca_across_har_augmented_datasets_log_rolling,PCA EW | Multiple,Method equal weights,0.07645832,0.10001943,0.10017519,-0.02356111,-0.02371688,0.02356111,0.02371688,0.00055513,0.00056249,0.00015577,7.36e-06,0.03071526,0.00480512,0.02730814,0.02717424,-0.0001339
2016-11-30,combo_equal_weight_pca_across_har_augmented_datasets_log_rolling,PCA EW | Multiple,Method equal weights,0.08613464,0.09528145,0.09596475,-0.00914681,-0.00983012,0.00914681,0.00983012,8.366e-05,9.663e-05,0.00068331,1.297e-05,0.03139857,0.00481809,0.02598583,0.02633154,0.00034571
2016-12-31,combo_equal_weight_pca_across_har_augmented_datasets_log_rolling,PCA EW | Multiple,Method equal weights,0.06241094,0.09240253,0.09959472,-0.02999159,-0.03718377,0.02999159,0.03718377,0.0008995,0.00138263,0.00719218,0.00048314,0.03859075,0.00530122,0.02655086,0.0278215,0.00127064
2017-01-31,combo_equal_weight_pca_across_har_augmented_datasets_log_rolling,PCA EW | Multiple,Method equal weights,0.06212703,0.08887255,0.09131225,-0.02674551,-0.02918521,0.02674551,0.02918521,0.00071532,0.00085178,0.0024397,0.00013645,0.04103045,0.00543768,0.02225563,0.02380088,0.00154525
2017-02-28,combo_equal_weight_pca_across_har_augmented_datasets_log_rolling,PCA EW | Multiple,Method equal weights,0.05181816,0.08955793,0.08981388,-0.03773977,-0.03799572,0.03773977,0.03799572,0.00142429,0.00144367,0.00025595,1.938e-05,0.0412864,0.00545706,0.02436738,0.02547694,0.00110956
2017-03-31,combo_equal_weight_pca_across_har_augmented_datasets_log_rolling,PCA EW | Multiple,Method equal weights,0.06543911,0.08611161,0.08508029,-0.0206725,-0.01964118,0.0206725,0.01964118,0.00042735,0.00038578,-0.00103132,-4.158e-05,0.04025508,0.00541549,0.02270605,0.02369534,0.00098929
2017-04-30,combo_equal_weight_pca_across_har_augmented_datasets_log_rolling,PCA EW | Multiple,Method equal weights,0.06821277,0.08990454,0.08807873,-0.02169176,-0.01986596,0.02169176,0.01986596,0.00047053,0.00039466,-0.0018258,-7.588e-05,0.03842928,0.00533961,0.02242594,0.02315627,0.00073033
2017-05-31,combo_equal_weight_pca_across_har_augmented_datasets_log_rolling,PCA EW | Multiple,Method equal weights,0.05167712,0.0910098,0.08906903,-0.03933269,-0.03739191,0.03933269,0.03739191,0.00154706,0.00139815,-0.00194078,-0.00014891,0.0364885,0.0051907,0.02446957,0.02486795,0.00039838
2017-06-30,combo_equal_weight_pca_across_har_augmented_datasets_log_rolling,PCA EW | Multiple,Method equal weights,0.06000712,0.08850722,0.08363599,-0.0285001,-0.02362887,0.0285001,0.02362887,0.00081226,0.00055832,-0.00487124,-0.00025393,0.03161726,0.00493677,0.02642829,0.02617524,-0.00025304
2017-07-31,combo_equal_weight_pca_across_har_augmented_datasets_log_rolling,PCA EW | Multiple,Method equal weights,0.04869214,0.07983464,0.08495022,-0.0311425,-0.03625807,0.0311425,0.03625807,0.00096986,0.00131465,0.00511557,0.00034479,0.03673284,0.00528156,0.02525033,0.02602673,0.0007764
2017-08-31,combo_equal_weight_pca_across_har_augmented_datasets_log_rolling,PCA EW | Multiple,Method equal weights,0.05895137,0.07966087,0.08032493,-0.0207095,-0.02137356,0.0207095,0.02137356,0.00042888,0.00045683,0.00066406,2.795e-05,0.0373969,0.00530951,0.02421617,0.02478648,0.00057031
2017-09-30,combo_equal_weight_pca_across_har_augmented_datasets_log_rolling,PCA EW | Multiple,Method equal weights,0.04531107,0.08384267,0.08183425,-0.03853161,-0.03652319,0.03853161,0.03652319,0.00148468,0.00133394,-0.00200842,-0.00015074,0.03538848,0.00515877,0.02731379,0.0277162,0.00040242
2017-10-31,combo_equal_weight_pca_across_har_augmented_datasets_log_rolling,PCA EW | Multiple,Method equal weights,0.03786706,0.07568582,0.07706881,-0.03781876,-0.03920175,0.03781876,0.03920175,0.00143026,0.00153678,0.00138299,0.00010652,0.03677147,0.00526529,0.02850193,0.02900661,0.00050468
2017-11-30,combo_equal_weight_pca_across_har_augmented_datasets_log_rolling,PCA EW | Multiple,Method equal weights,0.04900293,0.07597995,0.07370597,-0.02697702,-0.02470304,0.02697702,0.02470304,0.00072776,0.00061024,-0.00227398,-0.00011752,0.03449749,0.00514777,0.02998778,0.03024602,0.00025824
2017-12-31,combo_equal_weight_pca_across_har_augmented_datasets_log_rolling,PCA EW | Multiple,Method equal weights,0.06019932,0.07709652,0.07481554,-0.0168972,-0.01461623,0.0168972,0.01461623,0.00028552,0.00021363,-0.00228098,-7.188e-05,0.03221651,0.00507589,0.02889658,0.02836539,-0.00053119
2018-01-31,combo_equal_weight_pca_across_har_augmented_datasets_log_rolling,PCA EW | Multiple,Method equal weights,0.06519769,0.07779828,0.07762023,-0.01260059,-0.01242254,0.01260059,0.01242254,0.00015877,0.00015432,-0.00017805,-4.46e-06,0.03203846,0.00507143,0.02771783,0.0269685,-0.00074933
2018-02-28,combo_equal_weight_pca_across_har_augmented_datasets_log_rolling,PCA EW | Multiple,Method equal weights,0.1387046,0.07681905,0.07819547,0.06188555,0.06050912,0.06188555,0.06050912,0.00382982,0.00366135,-0.00137643,-0.00016847,0.03066204,0.00490296,0.02972998,0.02884462,-0.00088536
2018-03-31,combo_equal_weight_pca_across_har_augmented_datasets_log_rolling,PCA EW | Multiple,Method equal weights,0.13891564,0.10433785,0.10438966,0.03457779,0.03452598,0.03457779,0.03452598,0.00119562,0.00119204,-5.181e-05,-3.58e-06,0.03061023,0.00489938,0.03088876,0.03008502,-0.00080374
2018-04-30,combo_equal_weight_pca_across_har_augmented_datasets_log_rolling,PCA EW | Multiple,Method equal weights,0.1407784,0.10187494,0.10640081,0.03890346,0.03437759,0.03890346,0.03437759,0.00151348,0.00118182,-0.00452587,-0.00033166,0.02608435,0.00456772,0.03232306,0.03129432,-0.00102874
2018-05-31,combo_equal_weight_pca_across_har_augmented_datasets_log_rolling,PCA EW | Multiple,Method equal weights,0.09507116,0.10292093,0.10993222,-0.00784977,-0.01486106,0.00784977,0.01486106,6.162e-05,0.00022085,0.00701129,0.00015923,0.03309564,0.00472696,0.02969949,0.02941675,-0.00028274
2018-06-30,combo_equal_weight_pca_across_har_augmented_datasets_log_rolling,PCA EW | Multiple,Method equal weights,0.08039533,0.09247503,0.09331526,-0.01207969,-0.01291992,0.01207969,0.01291992,0.00014592,0.00016692,0.00084023,2.101e-05,0.03393587,0.00474796,0.02833112,0.02852434,0.00019322
2018-07-31,combo_equal_weight_pca_across_har_augmented_datasets_log_rolling,PCA EW | Multiple,Method equal weights,0.0690613,0.09251944,0.08786672,-0.02345814,-0.01880541,0.02345814,0.01880541,0.00055028,0.00035364,-0.00465272,-0.00019664,0.02928315,0.00455132,0.02769076,0.02706995,-0.00062081
2018-08-31,combo_equal_weight_pca_across_har_augmented_datasets_log_rolling,PCA EW | Multiple,Method equal weights,0.05968197,0.08592925,0.08387116,-0.02624728,-0.02418919,0.02624728,0.02418919,0.00068892,0.00058512,-0.00205809,-0.0001038,0.02722506,0.00444752,0.02815224,0.02730459,-0.00084765
2018-09-30,combo_equal_weight_pca_across_har_augmented_datasets_log_rolling,PCA EW | Multiple,Method equal weights,0.0654128,0.08327209,0.08064715,-0.01785929,-0.01523435,0.01785929,0.01523435,0.00031895,0.00023209,-0.00262494,-8.687e-05,0.02460012,0.00436065,0.02642955,0.02553052,-0.00089903
2018-10-31,combo_equal_weight_pca_across_har_augmented_datasets_log_rolling,PCA EW | Multiple,Method equal weights,0.17260155,0.08452797,0.08166035,0.08807358,0.0909412,0.08807358,0.0909412,0.00775695,0.0082703,0.00286762,0.00051335,0.02746774,0.004874,0.03061745,0.02984214,-0.00077531
2018-11-30,combo_equal_weight_pca_across_har_augmented_datasets_log_rolling,PCA EW | Multiple,Method equal weights,0.14550899,0.11444577,0.1199506,0.03106323,0.02555839,0.03106323,0.02555839,0.00096492,0.00065323,-0.00550484,-0.00031169,0.02196291,0.0045623,0.03095796,0.02991342,-0.00104455
2018-12-31,combo_equal_weight_pca_across_har_augmented_datasets_log_rolling,PCA EW | Multiple,Method equal weights,0.23558433,0.10586935,0.11588897,0.12971497,0.11969536,0.12971497,0.11969536,0.01682597,0.01432698,-0.01001962,-0.002499,0.01194329,0.00206331,0.04035945,0.03867001,-0.00168944
2019-01-31,combo_equal_weight_pca_across_har_augmented_datasets_log_rolling,PCA EW | Multiple,Method equal weights,0.13805562,0.17271275,0.18961141,-0.03465712,-0.05155579,0.03465712,0.05155579,0.00120112,0.002658,0.01689866,0.00145688,0.02884195,0.00352019,0.04219749,0.04193111,-0.00026638
2019-02-28,combo_equal_weight_pca_across_har_augmented_datasets_log_rolling,PCA EW | Multiple,Method equal weights,0.08205478,0.10347288,0.11797261,-0.02141811,-0.03591783,0.02141811,0.03591783,0.00045874,0.00129009,0.01449973,0.00083136,0.04334168,0.00435155,0.0388252,0.03988184,0.00105664
2019-03-31,combo_equal_weight_pca_across_har_augmented_datasets_log_rolling,PCA EW | Multiple,Method equal weights,0.09470707,0.08861164,0.0875381,0.00609543,0.00716898,0.00609543,0.00716898,3.715e-05,5.139e-05,0.00107354,1.424e-05,0.04441522,0.00436579,0.03645167,0.03760209,0.00115042
2019-04-30,combo_equal_weight_pca_across_har_augmented_datasets_log_rolling,PCA EW | Multiple,Method equal weights,0.05727866,0.09135065,0.09525854,-0.03407199,-0.03797988,0.03407199,0.03797988,0.0011609,0.00144247,0.0039079,0.00028157,0.04832312,0.00464736,0.03604905,0.03790228,0.00185323
2019-05-31,combo_equal_weight_pca_across_har_augmented_datasets_log_rolling,PCA EW | Multiple,Method equal weights,0.11646584,0.07941183,0.07847861,0.03705401,0.03798723,0.03705401,0.03798723,0.001373,0.00144303,0.00093322,7.003e-05,0.04925634,0.00471739,0.03848274,0.03982946,0.00134672
2019-06-30,combo_equal_weight_pca_across_har_augmented_datasets_log_rolling,PCA EW | Multiple,Method equal weights,0.08633239,0.10830411,0.10607152,-0.02197172,-0.01973913,0.02197172,0.01973913,0.00048276,0.00038963,-0.00223259,-9.312e-05,0.04702375,0.00462426,0.03930707,0.04039773,0.00109066
2019-07-31,combo_equal_weight_pca_across_har_augmented_datasets_log_rolling,PCA EW | Multiple,Method equal weights,0.06669148,0.08728333,0.09128019,-0.02059185,-0.02458871,0.02059185,0.02458871,0.00042402,0.0006046,0.00399686,0.00018058,0.05102062,0.00480484,0.03906821,0.04087967,0.00181146
2019-08-31,combo_equal_weight_pca_across_har_augmented_datasets_log_rolling,PCA EW | Multiple,Method equal weights,0.13916472,0.08471634,0.08281996,0.05444839,0.05634477,0.05444839,0.05634477,0.00296463,0.00317473,0.00189638,0.00021011,0.052917,0.00501495,0.04141831,0.0435593,0.00214099
2019-09-30,combo_equal_weight_pca_across_har_augmented_datasets_log_rolling,PCA EW | Multiple,Method equal weights,0.08899928,0.12309268,0.11891754,-0.0340934,-0.02991826,0.0340934,0.02991826,0.00116236,0.0008951,-0.00417514,-0.00026726,0.04874185,0.00474769,0.04277115,0.04478296,0.00201181
2019-10-31,combo_equal_weight_pca_across_har_augmented_datasets_log_rolling,PCA EW | Multiple,Method equal weights,0.09164451,0.09475236,0.09436573,-0.00310785,-0.00272122,0.00310785,0.00272122,9.66e-06,7.41e-06,-0.00038663,-2.25e-06,0.04835523,0.00474544,0.03569067,0.0374313,0.00174062
2019-11-30,combo_equal_weight_pca_across_har_augmented_datasets_log_rolling,PCA EW | Multiple,Method equal weights,0.05524849,0.0898616,0.09472056,-0.03461311,-0.03947207,0.03461311,0.03947207,0.00119807,0.00155804,0.00485896,0.00035998,0.05321419,0.00510542,0.03598649,0.03859077,0.00260427
2019-12-31,combo_equal_weight_pca_across_har_augmented_datasets_log_rolling,PCA EW | Multiple,Method equal weights,0.06209932,0.07723656,0.07849395,-0.01513724,-0.01639463,0.01513724,0.01639463,0.00022914,0.00026878,0.00125739,3.965e-05,0.05447158,0.00514506,0.02643835,0.02998237,0.00354402
2020-01-31,combo_equal_weight_pca_across_har_augmented_datasets_log_rolling,PCA EW | Multiple,Method equal weights,0.07975763,0.07979745,0.07879248,-3.981e-05,0.00096515,3.981e-05,0.00096515,0,9.3e-07,0.00092534,9.3e-07,0.05539692,0.00514599,0.02355357,0.02576649,0.00221291
2020-02-29,combo_equal_weight_pca_across_har_augmented_datasets_log_rolling,PCA EW | Multiple,Method equal weights,0.18564385,0.09174182,0.08500203,0.09390203,0.10064182,0.09390203,0.10064182,0.00881759,0.01012878,0.00673978,0.00131118,0.06213671,0.00645718,0.0295939,0.03116015,0.00156625
2020-03-31,combo_equal_weight_pca_across_har_augmented_datasets_log_rolling,PCA EW | Multiple,Method equal weights,0.58295547,0.19925458,0.14520964,0.3837009,0.43774583,0.3837009,0.43774583,0.14722638,0.19162141,0.05404494,0.04439504,0.11618164,0.05085221,0.06106102,0.06704156,0.00598054
2020-04-30,combo_equal_weight_pca_across_har_augmented_datasets_log_rolling,PCA EW | Multiple,Method equal weights,0.24991991,1.51554058,1.54497553,-1.26562067,-1.29505562,1.26562067,1.29505562,1.60179568,1.67716907,0.02943495,0.07537338,0.14561659,0.1262256,0.16369008,0.17179787,0.00810779
2020-05-31,combo_equal_weight_pca_across_har_augmented_datasets_log_rolling,PCA EW | Multiple,Method equal weights,0.16410989,0.20379419,0.187209,-0.0396843,-0.0230991,0.0396843,0.0230991,0.00157484,0.00053357,-0.01658519,-0.00104127,0.1290314,0.12518432,0.16390927,0.17055719,0.00664792
2020-06-30,combo_equal_weight_pca_across_har_augmented_datasets_log_rolling,PCA EW | Multiple,Method equal weights,0.18276328,0.14728353,0.13434073,0.03547974,0.04842255,0.03547974,0.04842255,0.00125881,0.00234474,0.01294281,0.00108593,0.14197421,0.12627025,0.16503494,0.17294748,0.00791254
2020-07-31,combo_equal_weight_pca_across_har_augmented_datasets_log_rolling,PCA EW | Multiple,Method equal weights,0.13369031,0.15423195,0.14973507,-0.02054164,-0.01604476,0.02054164,0.01604476,0.00042196,0.00025743,-0.00449688,-0.00016452,0.13747733,0.12610573,0.16503076,0.17223548,0.00720473
2020-08-31,combo_equal_weight_pca_across_har_augmented_datasets_log_rolling,PCA EW | Multiple,Method equal weights,0.08711462,0.12361124,0.12370315,-0.03649662,-0.03658853,0.03649662,0.03658853,0.001332,0.00133872,9.191e-05,6.72e-06,0.13756924,0.12611245,0.16353478,0.17058913,0.00705435
2020-09-30,combo_equal_weight_pca_across_har_augmented_datasets_log_rolling,PCA EW | Multiple,Method equal weights,0.18583484,0.1309075,0.10151568,0.05492734,0.08431916,0.05492734,0.08431916,0.00301701,0.00710972,0.02939182,0.00409271,0.16696106,0.13020515,0.16527094,0.17512254,0.0098516
2020-10-31,combo_equal_weight_pca_across_har_augmented_datasets_log_rolling,PCA EW | Multiple,Method equal weights,0.14700764,0.15362645,0.14927946,-0.00661881,-0.00227183,0.00661881,0.00227183,4.381e-05,5.16e-06,-0.00434698,-3.865e-05,0.16261408,0.13016651,0.16556352,0.17508509,0.00952157
2020-11-30,combo_equal_weight_pca_across_har_augmented_datasets_log_rolling,PCA EW | Multiple,Method equal weights,0.13540578,0.207704,0.13272256,-0.07229822,0.00268322,0.07229822,0.00268322,0.00522703,7.2e-06,-0.069615,-0.00521983,0.09299908,0.12494667,0.16870394,0.17201935,0.00331541
2020-12-31,combo_equal_weight_pca_across_har_augmented_datasets_log_rolling,PCA EW | Multiple,Method equal weights,0.08727809,0.13102797,0.13042698,-0.04374988,-0.04314889,0.04374988,0.04314889,0.00191405,0.00186183,-0.00060099,-5.223e-05,0.09239808,0.12489445,0.17108833,0.17424887,0.00316054
2021-01-31,combo_equal_weight_pca_across_har_augmented_datasets_log_rolling,PCA EW | Multiple,Method equal weights,0.12643455,0.11444394,0.10846867,0.01199062,0.01796589,0.01199062,0.01796589,0.00014377,0.00032277,0.00597527,0.000179,0.09837335,0.12507345,0.17208423,0.1756656,0.00358137
2021-02-28,combo_equal_weight_pca_across_har_augmented_datasets_log_rolling,PCA EW | Multiple,Method equal weights,0.12196964,0.14035199,0.12688707,-0.01838235,-0.00491743,0.01838235,0.00491743,0.00033791,2.418e-05,-0.01346492,-0.00031373,0.08490843,0.12475972,0.16579092,0.16768857,0.00189764
2021-03-31,combo_equal_weight_pca_across_har_augmented_datasets_log_rolling,PCA EW | Multiple,Method equal weights,0.14192329,0.14000281,0.12423121,0.00192048,0.01769207,0.00192048,0.01769207,3.69e-06,0.00031301,0.0157716,0.00030932,0.10068003,0.12506904,0.13397589,0.13268409,-0.0012918
2021-04-30,combo_equal_weight_pca_across_har_augmented_datasets_log_rolling,PCA EW | Multiple,Method equal weights,0.07227313,0.11820231,0.12520714,-0.04592919,-0.05293401,0.04592919,0.05293401,0.00210949,0.00280201,0.00700482,0.00069252,0.10768485,0.12576156,0.03233493,0.02917395,-0.00316098
2021-05-31,combo_equal_weight_pca_across_har_augmented_datasets_log_rolling,PCA EW | Multiple,Method equal weights,0.09818055,0.10354159,0.09539606,-0.00536104,0.00278449,0.00536104,0.00278449,2.874e-05,7.75e-06,-0.00257655,-2.099e-05,0.1051083,0.12574057,0.02947466,0.02748107,-0.00199359
2021-06-30,combo_equal_weight_pca_across_har_augmented_datasets_log_rolling,PCA EW | Multiple,Method equal weights,0.06526994,0.1060132,0.10263326,-0.04074326,-0.03736333,0.04074326,0.03736333,0.00166001,0.00139602,-0.00337993,-0.000264,0.10172837,0.12547657,0.02991329,0.02655947,-0.00335382
2021-07-31,combo_equal_weight_pca_across_har_augmented_datasets_log_rolling,PCA EW | Multiple,Method equal weights,0.07520977,0.09550165,0.08885329,-0.02029188,-0.01364352,0.02029188,0.01364352,0.00041176,0.00018615,-0.00664836,-0.00022561,0.09508001,0.12525096,0.02989247,0.02635936,-0.00353311
2021-08-31,combo_equal_weight_pca_across_har_augmented_datasets_log_rolling,PCA EW | Multiple,Method equal weights,0.06362476,0.10397585,0.09090206,-0.04035109,-0.02727729,0.04035109,0.02727729,0.00162821,0.00074405,-0.01307379,-0.00088416,0.08200621,0.1243668,0.03021368,0.02558343,-0.00463025
2021-09-30,combo_equal_weight_pca_across_har_augmented_datasets_log_rolling,PCA EW | Multiple,Method equal weights,0.10189251,0.09778912,0.08521496,0.00410339,0.01667755,0.00410339,0.01667755,1.684e-05,0.00027814,0.01257416,0.0002613,0.09458038,0.1246281,0.02597835,0.01994663,-0.00603172
2021-10-31,combo_equal_weight_pca_across_har_augmented_datasets_log_rolling,PCA EW | Multiple,Method equal weights,0.09768553,0.11339875,0.09621429,-0.01571322,0.00147123,0.01571322,0.00147123,0.00024691,2.16e-06,-0.01424199,-0.00024474,0.08033839,0.12438336,0.02673622,0.01987991,-0.00685631
2021-11-30,combo_equal_weight_pca_across_har_augmented_datasets_log_rolling,PCA EW | Multiple,Method equal weights,0.08990034,0.093549,0.09457941,-0.00364866,-0.00467908,0.00364866,0.00467908,1.331e-05,2.189e-05,0.00103041,8.58e-06,0.0813688,0.12439194,0.02101542,0.02004623,-0.00096919
2021-12-31,combo_equal_weight_pca_across_har_augmented_datasets_log_rolling,PCA EW | Multiple,Method equal weights,0.12715669,0.10898667,0.09180554,0.01817002,0.03535115,0.01817002,0.03535115,0.00033015,0.0012497,0.01718113,0.00091955,0.09854994,0.1253115,0.01888377,0.01939642,0.00051265
2022-01-31,combo_equal_weight_pca_across_har_augmented_datasets_log_rolling,PCA EW | Multiple,Method equal weights,0.2054063,0.09843072,0.10455535,0.10697558,0.10085095,0.10697558,0.10085095,0.01144377,0.01017091,-0.00612463,-0.00127286,0.09242531,0.12403864,0.02679918,0.02630351,-0.00049567
2022-02-28,combo_equal_weight_pca_across_har_augmented_datasets_log_rolling,PCA EW | Multiple,Method equal weights,0.18906515,0.14031891,0.13873051,0.04874624,0.05033464,0.04874624,0.05033464,0.0023762,0.00253358,0.0015884,0.00015738,0.0940137,0.12419602,0.0293295,0.03008828,0.00075877
2022-03-31,combo_equal_weight_pca_across_har_augmented_datasets_log_rolling,PCA EW | Multiple,Method equal weights,0.1731367,0.14543375,0.13572155,0.02770295,0.03741514,0.02770295,0.03741514,0.00076745,0.00139989,0.00971219,0.00063244,0.10372589,0.12482846,0.03147804,0.03173187,0.00025382
2022-04-30,combo_equal_weight_pca_across_har_augmented_datasets_log_rolling,PCA EW | Multiple,Method equal weights,0.15851479,0.1278847,0.13127507,0.03063009,0.02723972,0.03063009,0.02723972,0.0009382,0.000742,-0.00339038,-0.0001962,0.10033552,0.12463226,0.03020312,0.02959067,-0.00061244
2022-05-31,combo_equal_weight_pca_across_har_augmented_datasets_log_rolling,PCA EW | Multiple,Method equal weights,0.2578389,0.16687005,0.12724383,0.09096885,0.13059508,0.09096885,0.13059508,0.00827533,0.01705507,0.03962622,0.00877974,0.13996174,0.133412,0.0373371,0.04024156,0.00290445
2022-06-30,combo_equal_weight_pca_across_har_augmented_datasets_log_rolling,PCA EW | Multiple,Method equal weights,0.20628661,0.15611798,0.18639549,0.05016863,0.01989112,0.05016863,0.01989112,0.00251689,0.00039566,-0.03027751,-0.00212123,0.10968423,0.13129076,0.03812255,0.03878554,0.00066299
2022-07-31,combo_equal_weight_pca_across_har_augmented_datasets_log_rolling,PCA EW | Multiple,Method equal weights,0.16389054,0.17676427,0.16323174,-0.01287373,0.0006588,0.01287373,0.0006588,0.00016573,4.3e-07,-0.01221493,-0.0001653,0.0974693,0.13112546,0.03750437,0.03770348,0.00019911
2022-08-31,combo_equal_weight_pca_across_har_augmented_datasets_log_rolling,PCA EW | Multiple,Method equal weights,0.13005032,0.11773198,0.14456027,0.01231834,-0.01450995,0.01231834,0.01450995,0.00015174,0.00021054,0.00219161,5.88e-05,0.09966091,0.13118426,0.03516831,0.03663953,0.00147122
2022-09-30,combo_equal_weight_pca_across_har_augmented_datasets_log_rolling,PCA EW | Multiple,Method equal weights,0.19626273,0.12984396,0.12637585,0.06641877,0.06988687,0.06641877,0.06988687,0.00441145,0.00488417,0.0034681,0.00047272,0.10312901,0.13165698,0.04036126,0.04107364,0.00071239
2022-10-31,combo_equal_weight_pca_across_har_augmented_datasets_log_rolling,PCA EW | Multiple,Method equal weights,0.19975826,0.17053487,0.1614805,0.02922339,0.03827776,0.02922339,0.03827776,0.00085401,0.00146519,0.00905438,0.00061118,0.11218339,0.13226816,0.0414871,0.04414085,0.00265375
2022-11-30,combo_equal_weight_pca_across_har_augmented_datasets_log_rolling,PCA EW | Multiple,Method equal weights,0.16948675,0.15442792,0.170144,0.01505883,-0.00065725,0.01505883,0.00065725,0.00022677,4.3e-07,-0.01440158,-0.00022634,0.09778181,0.13204183,0.04243795,0.0438057,0.00136775
2022-12-31,combo_equal_weight_pca_across_har_augmented_datasets_log_rolling,PCA EW | Multiple,Method equal weights,0.15877952,0.13812901,0.15843758,0.02065051,0.00034194,0.02065051,0.00034194,0.00042644,1.2e-07,-0.02030857,-0.00042633,0.07747324,0.1316155,0.04264466,0.04088827,-0.00175639
2023-01-31,combo_equal_weight_pca_across_har_augmented_datasets_log_rolling,PCA EW | Multiple,Method equal weights,0.14255764,0.14920895,0.15281384,-0.00665132,-0.01025621,0.00665132,0.01025621,4.424e-05,0.00010519,0.00360489,6.095e-05,0.08107813,0.13167645,0.0342843,0.03333871,-0.0009456
2023-02-28,combo_equal_weight_pca_across_har_augmented_datasets_log_rolling,PCA EW | Multiple,Method equal weights,0.14798801,0.1078055,0.14108966,0.0401825,0.00689835,0.0401825,0.00689835,0.00161463,4.759e-05,-0.03328415,-0.00156705,0.04779398,0.1301094,0.03357066,0.02971902,-0.00385164
2023-03-31,combo_equal_weight_pca_across_har_augmented_datasets_log_rolling,PCA EW | Multiple,Method equal weights,0.16589266,0.13229193,0.14245861,0.03360073,0.02343405,0.03360073,0.02343405,0.00112901,0.00054915,-0.01016668,-0.00057985,0.0376273,0.12952955,0.03406214,0.02855393,-0.00550822
2023-04-30,combo_equal_weight_pca_across_har_augmented_datasets_log_rolling,PCA EW | Multiple,Method equal weights,0.08994252,0.124432,0.15253063,-0.03448948,-0.06258811,0.03448948,0.06258811,0.00118952,0.00391727,0.02809863,0.00272775,0.06572593,0.1322573,0.03438376,0.03149962,-0.00288413
2023-05-31,combo_equal_weight_pca_across_har_augmented_datasets_log_rolling,PCA EW | Multiple,Method equal weights,0.10574234,0.11288269,0.11438662,-0.00714034,-0.00864427,0.00714034,0.00864427,5.098e-05,7.472e-05,0.00150393,2.374e-05,0.06722986,0.13228104,0.02739805,0.02133706,-0.00606099
2023-06-30,combo_equal_weight_pca_across_har_augmented_datasets_log_rolling,PCA EW | Multiple,Method equal weights,0.09100868,0.1025341,0.11566273,-0.01152543,-0.02465406,0.01152543,0.02465406,0.00013284,0.00060782,0.01312863,0.00047499,0.08035849,0.13275602,0.02417778,0.02173397,-0.00244381
2023-07-31,combo_equal_weight_pca_across_har_augmented_datasets_log_rolling,PCA EW | Multiple,Method equal weights,0.07268551,0.08849169,0.10498751,-0.01580619,-0.032302,0.01580619,0.032302,0.00024984,0.00104342,0.01649582,0.00079358,0.0968543,0.13354961,0.02442215,0.0243709,-5.125e-05
2023-08-31,combo_equal_weight_pca_across_har_augmented_datasets_log_rolling,PCA EW | Multiple,Method equal weights,0.09745315,0.0872964,0.09628427,0.01015675,0.00116888,0.01015675,0.00116888,0.00010316,1.37e-06,-0.00898787,-0.00010179,0.08786643,0.13344781,0.02424202,0.02325915,-0.00098287
2023-09-30,combo_equal_weight_pca_across_har_augmented_datasets_log_rolling,PCA EW | Multiple,Method equal weights,0.09176085,0.09564151,0.10361721,-0.00388067,-0.01185637,0.00388067,0.01185637,1.506e-05,0.00014057,0.0079757,0.00012551,0.09584213,0.13357333,0.01903051,0.01842327,-0.00060724
2023-10-31,combo_equal_weight_pca_across_har_augmented_datasets_log_rolling,PCA EW | Multiple,Method equal weights,0.12613768,0.10192201,0.10019084,0.02421567,0.02594684,0.02421567,0.02594684,0.0005864,0.00067324,0.00173117,8.684e-05,0.0975733,0.13366017,0.0186132,0.01739569,-0.00121751
2023-11-30,combo_equal_weight_pca_across_har_augmented_datasets_log_rolling,PCA EW | Multiple,Method equal weights,0.08061106,0.11430964,0.11318387,-0.03369858,-0.03257281,0.03369858,0.03257281,0.00113559,0.00106099,-0.00112577,-7.461e-05,0.09644753,0.13358556,0.02016651,0.02005532,-0.00011119
2023-12-31,combo_equal_weight_pca_across_har_augmented_datasets_log_rolling,PCA EW | Multiple,Method equal weights,0.07463208,0.08851335,0.09612049,-0.01388127,-0.0214884,0.01388127,0.0214884,0.00019269,0.00046175,0.00760714,0.00026906,0.10405467,0.13385462,0.01960241,0.02181753,0.00221512
2024-01-31,combo_equal_weight_pca_across_har_augmented_datasets_log_rolling,PCA EW | Multiple,Method equal weights,0.0851791,0.08605136,0.09260378,-0.00087226,-0.00742468,0.00087226,0.00742468,7.6e-07,5.513e-05,0.00655242,5.437e-05,0.11060709,0.13390899,0.01912082,0.02158157,0.00246075
2011-03-31,combo_equal_weight_rf_across_har_augmented_datasets_log_rolling,Random Forest EW | Multiple,Method equal weights,0.1239968,0.09806789,0.11607562,0.0259289,0.00792117,0.0259289,0.00792117,0.00067231,6.274e-05,-0.01800773,-0.00060956,-0.01800773,-0.00060956,,,
2011-04-30,combo_equal_weight_rf_across_har_augmented_datasets_log_rolling,Random Forest EW | Multiple,Method equal weights,0.08197577,0.10892419,0.12651617,-0.02694842,-0.0445404,0.02694842,0.0445404,0.00072622,0.00198385,0.01759197,0.00125763,-0.00041576,0.00064807,,,
2011-05-31,combo_equal_weight_rf_across_har_augmented_datasets_log_rolling,Random Forest EW | Multiple,Method equal weights,0.10443997,0.09596747,0.11306831,0.0084725,-0.00862834,0.0084725,0.00862834,7.178e-05,7.445e-05,0.00015584,2.67e-06,-0.00025991,0.00065073,,,
2011-06-30,combo_equal_weight_rf_across_har_augmented_datasets_log_rolling,Random Forest EW | Multiple,Method equal weights,0.11731825,0.10277225,0.11566157,0.014546,0.00165669,0.014546,0.00165669,0.00021159,2.74e-06,-0.01288932,-0.00020884,-0.01314923,0.00044189,,,
2011-07-31,combo_equal_weight_rf_across_har_augmented_datasets_log_rolling,Random Forest EW | Multiple,Method equal weights,0.11132267,0.10263007,0.11708849,0.0086926,-0.00576582,0.0086926,0.00576582,7.556e-05,3.324e-05,-0.00292678,-4.232e-05,-0.01607601,0.00039957,,,
2011-08-31,combo_equal_weight_rf_across_har_augmented_datasets_log_rolling,Random Forest EW | Multiple,Method equal weights,0.30047559,0.13383345,0.11397057,0.16664214,0.18650502,0.16664214,0.18650502,0.0277696,0.03478412,0.01986288,0.00701452,0.00378687,0.00741409,,,
2011-09-30,combo_equal_weight_rf_across_har_augmented_datasets_log_rolling,Random Forest EW | Multiple,Method equal weights,0.23741865,0.21009289,0.18733709,0.02732577,0.05008156,0.02732577,0.05008156,0.0007467,0.00250816,0.0227558,0.00176147,0.02654267,0.00917556,,,
2011-10-31,combo_equal_weight_rf_across_har_augmented_datasets_log_rolling,Random Forest EW | Multiple,Method equal weights,0.21104059,0.25890712,0.15661848,-0.04786653,0.05442212,0.04786653,0.05442212,0.0022912,0.00296177,0.00655559,0.00067056,0.03309826,0.00984612,,,
2011-11-30,combo_equal_weight_rf_across_har_augmented_datasets_log_rolling,Random Forest EW | Multiple,Method equal weights,0.18299764,0.18459439,0.14490642,-0.00159675,0.03809122,0.00159675,0.03809122,2.55e-06,0.00145094,0.03649447,0.00144839,0.06959273,0.01129451,,,
2011-12-31,combo_equal_weight_rf_across_har_augmented_datasets_log_rolling,Random Forest EW | Multiple,Method equal weights,0.12641057,0.15522395,0.1422497,-0.02881338,-0.01583913,0.02881338,0.01583913,0.00083021,0.00025088,-0.01297425,-0.00057933,0.05661848,0.01071518,,,
2012-01-31,combo_equal_weight_rf_across_har_augmented_datasets_log_rolling,Random Forest EW | Multiple,Method equal weights,0.09173477,0.14518563,0.12693949,-0.05345086,-0.03520472,0.05345086,0.03520472,0.00285699,0.00123937,-0.01824614,-0.00161762,0.03837234,0.00909756,,,
2012-02-29,combo_equal_weight_rf_across_har_augmented_datasets_log_rolling,Random Forest EW | Multiple,Method equal weights,0.08055043,0.12526456,0.1137494,-0.04471413,-0.03319897,0.04471413,0.03319897,0.00199935,0.00110217,-0.01151516,-0.00089718,0.02685718,0.00820038,0.0379165,0.0401546,0.0022381
2012-03-31,combo_equal_weight_rf_across_har_augmented_datasets_log_rolling,Random Forest EW | Multiple,Method equal weights,0.07616645,0.09840774,0.10772076,-0.02224129,-0.03155431,0.02224129,0.03155431,0.00049467,0.00099567,0.00931302,0.000501,0.0361702,0.00870138,0.0376092,0.04212402,0.00451483
2012-04-30,combo_equal_weight_rf_across_har_augmented_datasets_log_rolling,Random Forest EW | Multiple,Method equal weights,0.09057891,0.10085755,0.10505353,-0.01027864,-0.01447463,0.01027864,0.01447463,0.00010565,0.00020951,0.00419599,0.00010386,0.04036619,0.00880524,0.03622005,0.03961854,0.0033985
2012-05-31,combo_equal_weight_rf_across_har_augmented_datasets_log_rolling,Random Forest EW | Multiple,Method equal weights,0.12253117,0.10323115,0.10943598,0.01930003,0.0130952,0.01930003,0.0130952,0.00037249,0.00017148,-0.00620483,-0.00020101,0.03416136,0.00860423,0.03712234,0.03999078,0.00286844
2012-06-30,combo_equal_weight_rf_across_har_augmented_datasets_log_rolling,Random Forest EW | Multiple,Method equal weights,0.11937706,0.12962608,0.12178747,-0.01024903,-0.00241041,0.01024903,0.00241041,0.00010504,5.81e-06,-0.00783862,-9.923e-05,0.02632274,0.008505,0.03676426,0.04005359,0.00328933
2012-07-31,combo_equal_weight_rf_across_har_augmented_datasets_log_rolling,Random Forest EW | Multiple,Method equal weights,0.1008825,0.10939418,0.12079751,-0.00851168,-0.01991501,0.00851168,0.01991501,7.245e-05,0.00039661,0.01140333,0.00032416,0.03772606,0.00882916,0.03674919,0.04123269,0.00448351
2012-08-31,combo_equal_weight_rf_across_har_augmented_datasets_log_rolling,Random Forest EW | Multiple,Method equal weights,0.08005638,0.11703196,0.11337364,-0.03697558,-0.03331726,0.03697558,0.03331726,0.00136719,0.00111004,-0.00365832,-0.00025715,0.03406775,0.00857201,0.02594364,0.02846704,0.00252341
2012-09-30,combo_equal_weight_rf_across_har_augmented_datasets_log_rolling,Random Forest EW | Multiple,Method equal weights,0.07940683,0.09514076,0.1036908,-0.01573393,-0.02428397,0.01573393,0.02428397,0.00024756,0.00058971,0.00855004,0.00034215,0.04261778,0.00891416,0.02497765,0.02631724,0.00133959
2012-10-31,combo_equal_weight_rf_across_har_augmented_datasets_log_rolling,Random Forest EW | Multiple,Method equal weights,0.09399635,0.09360825,0.09961429,0.00038809,-0.00561794,0.00038809,0.00561794,1.5e-07,3.156e-05,0.00522984,3.141e-05,0.04784763,0.00894557,0.02102112,0.02225023,0.00122911
2012-11-30,combo_equal_weight_rf_across_har_augmented_datasets_log_rolling,Random Forest EW | Multiple,Method equal weights,0.11058386,0.10212771,0.10326854,0.00845615,0.00731532,0.00845615,0.00731532,7.151e-05,5.351e-05,-0.00114083,-1.799e-05,0.0467068,0.00892758,0.02159273,0.01968557,-0.00190716
2012-12-31,combo_equal_weight_rf_across_har_augmented_datasets_log_rolling,Random Forest EW | Multiple,Method equal weights,0.0992343,0.10211729,0.10880533,-0.00288299,-0.00957103,0.00288299,0.00957103,8.31e-06,9.16e-05,0.00668804,8.329e-05,0.05339484,0.00901087,0.01943187,0.01916323,-0.00026864
2013-01-31,combo_equal_weight_rf_across_har_augmented_datasets_log_rolling,Random Forest EW | Multiple,Method equal weights,0.06679532,0.09703157,0.105212,-0.03023625,-0.03841668,0.03023625,0.03841668,0.00091423,0.00147584,0.00818043,0.00056161,0.06157526,0.00957248,0.01749732,0.01943089,0.00193358
2013-02-28,combo_equal_weight_rf_across_har_augmented_datasets_log_rolling,Random Forest EW | Multiple,Method equal weights,0.07807531,0.08756127,0.09381858,-0.00948597,-0.01574327,0.00948597,0.01574327,8.998e-05,0.00024785,0.0062573,0.00015787,0.06783257,0.00973035,0.01456164,0.01797625,0.00341462
2013-03-31,combo_equal_weight_rf_across_har_augmented_datasets_log_rolling,Random Forest EW | Multiple,Method equal weights,0.07750691,0.09231412,0.09632791,-0.01480721,-0.018821,0.01480721,0.018821,0.00021925,0.00035423,0.00401379,0.00013498,0.07184636,0.00986532,0.01394213,0.01691514,0.00297301
2013-04-30,combo_equal_weight_rf_across_har_augmented_datasets_log_rolling,Random Forest EW | Multiple,Method equal weights,0.09235894,0.08707285,0.09548052,0.00528609,-0.00312158,0.00528609,0.00312158,2.794e-05,9.74e-06,-0.00216451,-1.82e-05,0.06968184,0.00984713,0.01352608,0.01596906,0.00244297
2013-05-31,combo_equal_weight_rf_across_har_augmented_datasets_log_rolling,Random Forest EW | Multiple,Method equal weights,0.08770623,0.09332211,0.10060121,-0.00561588,-0.01289498,0.00561588,0.01289498,3.154e-05,0.00016628,0.0072791,0.00013474,0.07696094,0.00998187,0.01238574,0.01595237,0.00356663
2013-06-30,combo_equal_weight_rf_across_har_augmented_datasets_log_rolling,Random Forest EW | Multiple,Method equal weights,0.12836694,0.09225562,0.09896535,0.03611131,0.02940158,0.03611131,0.02940158,0.00130403,0.00086445,-0.00670973,-0.00043957,0.07025122,0.00954229,0.01454093,0.01820164,0.00366071
2013-07-31,combo_equal_weight_rf_across_har_augmented_datasets_log_rolling,Random Forest EW | Multiple,Method equal weights,0.07678995,0.10965207,0.11422798,-0.03286212,-0.03743803,0.03286212,0.03743803,0.00107992,0.00140161,0.0045759,0.00032169,0.07482712,0.00986398,0.01657013,0.01966189,0.00309175
2013-08-31,combo_equal_weight_rf_across_har_augmented_datasets_log_rolling,Random Forest EW | Multiple,Method equal weights,0.07837318,0.08525816,0.09643315,-0.00688498,-0.01805997,0.00688498,0.01805997,4.74e-05,0.00032616,0.01117499,0.00027876,0.08600211,0.01014274,0.01406258,0.01839045,0.00432786
2013-09-30,combo_equal_weight_rf_across_har_augmented_datasets_log_rolling,Random Forest EW | Multiple,Method equal weights,0.07842193,0.09132762,0.09639643,-0.01290569,-0.01797449,0.01290569,0.01797449,0.00016656,0.00032308,0.0050688,0.00015653,0.09107091,0.01029927,0.0138269,0.01786466,0.00403776
2013-10-31,combo_equal_weight_rf_across_har_augmented_datasets_log_rolling,Random Forest EW | Multiple,Method equal weights,0.08610878,0.09103656,0.09514152,-0.00492778,-0.00903273,0.00492778,0.00903273,2.428e-05,8.159e-05,0.00410495,5.731e-05,0.09517587,0.01035657,0.0142052,0.01814922,0.00394402
2013-11-30,combo_equal_weight_rf_across_har_augmented_datasets_log_rolling,Random Forest EW | Multiple,Method equal weights,0.06981601,0.09450518,0.09755242,-0.02468917,-0.02773641,0.02468917,0.02773641,0.00060956,0.00076931,0.00304724,0.00015975,0.09822311,0.01051633,0.01555795,0.01985098,0.00429303
2013-12-31,combo_equal_weight_rf_across_har_augmented_datasets_log_rolling,Random Forest EW | Multiple,Method equal weights,0.07121165,0.09656525,0.09196516,-0.0253536,-0.02075351,0.0253536,0.02075351,0.00064281,0.00043071,-0.00460009,-0.0002121,0.09362302,0.01030423,0.0174305,0.02078285,0.00335235
2014-01-31,combo_equal_weight_rf_across_har_augmented_datasets_log_rolling,Random Forest EW | Multiple,Method equal weights,0.0885142,0.08659277,0.09186938,0.00192143,-0.00335518,0.00192143,0.00335518,3.69e-06,1.126e-05,0.00143375,7.57e-06,0.09505677,0.0103118,0.01507094,0.01786106,0.00279013
2014-02-28,combo_equal_weight_rf_across_har_augmented_datasets_log_rolling,Random Forest EW | Multiple,Method equal weights,0.09024819,0.10420626,0.09720438,-0.01395806,-0.00695618,0.01395806,0.00695618,0.00019483,4.839e-05,-0.00700188,-0.00014644,0.08805489,0.01016536,0.01544361,0.0171288,0.00168519
2014-03-31,combo_equal_weight_rf_across_har_augmented_datasets_log_rolling,Random Forest EW | Multiple,Method equal weights,0.09283748,0.09488718,0.09823287,-0.00204971,-0.0053954,0.00204971,0.0053954,4.2e-06,2.911e-05,0.00334569,2.491e-05,0.09140058,0.01019027,0.01438049,0.01601,0.00162952
2014-04-30,combo_equal_weight_rf_across_har_augmented_datasets_log_rolling,Random Forest EW | Multiple,Method equal weights,0.0959287,0.10110707,0.09944134,-0.00517837,-0.00351264,0.00517837,0.00351264,2.682e-05,1.234e-05,-0.00166573,-1.448e-05,0.08973485,0.01017579,0.01437151,0.01604259,0.00167108
2014-05-31,combo_equal_weight_rf_across_har_augmented_datasets_log_rolling,Random Forest EW | Multiple,Method equal weights,0.07303027,0.10159047,0.10058053,-0.0285602,-0.02755026,0.0285602,0.02755026,0.00081569,0.00075902,-0.00100994,-5.667e-05,0.08872491,0.01011912,0.01628354,0.01726387,0.00098033
2014-06-30,combo_equal_weight_rf_across_har_augmented_datasets_log_rolling,Random Forest EW | Multiple,Method equal weights,0.05653613,0.08804879,0.09262975,-0.03151266,-0.03609362,0.03151266,0.03609362,0.00099305,0.00130275,0.00458096,0.0003097,0.09330587,0.01042882,0.01590031,0.01782154,0.00192122
2014-07-31,combo_equal_weight_rf_across_har_augmented_datasets_log_rolling,Random Forest EW | Multiple,Method equal weights,0.0660717,0.09031875,0.08642521,-0.02424704,-0.02035351,0.02424704,0.02035351,0.00058792,0.00041427,-0.00389353,-0.00017365,0.08941234,0.01025517,0.01518239,0.01639783,0.00121543
2014-08-31,combo_equal_weight_rf_across_har_augmented_datasets_log_rolling,Random Forest EW | Multiple,Method equal weights,0.0752277,0.09028009,0.08808877,-0.01505239,-0.01286107,0.01505239,0.01286107,0.00022657,0.00016541,-0.00219132,-6.117e-05,0.08722102,0.010194,0.01586301,0.01596458,0.00010158
2014-09-30,combo_equal_weight_rf_across_har_augmented_datasets_log_rolling,Random Forest EW | Multiple,Method equal weights,0.0762108,0.0821476,0.09063727,-0.0059368,-0.01442647,0.0059368,0.01442647,3.525e-05,0.00020812,0.00848967,0.00017288,0.09571069,0.01036688,0.01528227,0.01566892,0.00038665
2014-10-31,combo_equal_weight_rf_across_har_augmented_datasets_log_rolling,Random Forest EW | Multiple,Method equal weights,0.14399204,0.09745835,0.09121305,0.04653369,0.05277899,0.04653369,0.05277899,0.00216538,0.00278562,0.0062453,0.00062024,0.10195599,0.01098712,0.01874943,0.01931444,0.00056501
2014-11-30,combo_equal_weight_rf_across_har_augmented_datasets_log_rolling,Random Forest EW | Multiple,Method equal weights,0.06427653,0.1157077,0.1166976,-0.05143118,-0.05242108,0.05143118,0.05242108,0.00264517,0.00274797,0.0009899,0.0001028,0.10294589,0.01108992,0.02097793,0.02137149,0.00039357
2014-12-31,combo_equal_weight_rf_across_har_augmented_datasets_log_rolling,Random Forest EW | Multiple,Method equal weights,0.10043239,0.10206415,0.08989329,-0.00163176,0.0105391,0.00163176,0.0105391,2.66e-06,0.00011107,0.00890734,0.00010841,0.11185323,0.01119833,0.01900111,0.02052029,0.00151918
2015-01-31,combo_equal_weight_rf_across_har_augmented_datasets_log_rolling,Random Forest EW | Multiple,Method equal weights,0.13813587,0.11453263,0.10182245,0.02360324,0.03631343,0.02360324,0.03631343,0.00055711,0.00131866,0.01271019,0.00076155,0.12456342,0.01195988,0.02080792,0.02326681,0.00245889
2015-02-28,combo_equal_weight_rf_across_har_augmented_datasets_log_rolling,Random Forest EW | Multiple,Method equal weights,0.09213617,0.1264353,0.11523843,-0.03429913,-0.02310226,0.03429913,0.02310226,0.00117643,0.00053371,-0.01119687,-0.00064272,0.11336655,0.01131717,0.02250301,0.02461232,0.0021093
2015-03-31,combo_equal_weight_rf_across_har_augmented_datasets_log_rolling,Random Forest EW | Multiple,Method equal weights,0.08527221,0.09345297,0.1007801,-0.00818076,-0.0155079,0.00818076,0.0155079,6.692e-05,0.00024049,0.00732713,0.00017357,0.12069368,0.01149074,0.02301393,0.02545503,0.00244109
2015-04-30,combo_equal_weight_rf_across_har_augmented_datasets_log_rolling,Random Forest EW | Multiple,Method equal weights,0.08426138,0.0971426,0.09809242,-0.01288122,-0.01383104,0.01288122,0.01383104,0.00016593,0.0001913,0.00094981,2.537e-05,0.12164349,0.01151611,0.02365584,0.02631489,0.00265905
2015-05-31,combo_equal_weight_rf_across_har_augmented_datasets_log_rolling,Random Forest EW | Multiple,Method equal weights,0.0753713,0.09756395,0.09617712,-0.02219265,-0.02080582,0.02219265,0.02080582,0.00049251,0.00043288,-0.00138683,-5.963e-05,0.12025666,0.01145648,0.02312521,0.02575286,0.00262765
2015-06-30,combo_equal_weight_rf_across_har_augmented_datasets_log_rolling,Random Forest EW | Multiple,Method equal weights,0.08191996,0.09139015,0.09304976,-0.0094702,-0.01112981,0.0094702,0.01112981,8.968e-05,0.00012387,0.00165961,3.419e-05,0.12191627,0.01149066,0.02128834,0.02367254,0.0023842
2015-07-31,combo_equal_weight_rf_across_har_augmented_datasets_log_rolling,Random Forest EW | Multiple,Method equal weights,0.08281331,0.09727071,0.09519662,-0.0144574,-0.01238331,0.0144574,0.01238331,0.00020902,0.00015335,-0.00207408,-5.567e-05,0.11984219,0.01143499,0.02047253,0.02300835,0.00253582
2015-08-31,combo_equal_weight_rf_across_har_augmented_datasets_log_rolling,Random Forest EW | Multiple,Method equal weights,0.18124678,0.1063215,0.09560516,0.07492528,0.08564162,0.07492528,0.08564162,0.0056138,0.00733449,0.01071634,0.00172069,0.13055853,0.01315568,0.02546194,0.0290734,0.00361146
2015-09-30,combo_equal_weight_rf_across_har_augmented_datasets_log_rolling,Random Forest EW | Multiple,Method equal weights,0.15257606,0.15208768,0.13513135,0.00048839,0.01744471,0.00048839,0.01744471,2.4e-07,0.00030432,0.01695633,0.00030408,0.14751486,0.01345976,0.02500791,0.02932492,0.00431701
2015-10-31,combo_equal_weight_rf_across_har_augmented_datasets_log_rolling,Random Forest EW | Multiple,Method equal weights,0.1095216,0.15269562,0.12697753,-0.04317402,-0.01745594,0.04317402,0.01745594,0.001864,0.00030471,-0.02571809,-0.00155929,0.12179677,0.01190048,0.02472793,0.02638133,0.0016534
2015-11-30,combo_equal_weight_rf_across_har_augmented_datasets_log_rolling,Random Forest EW | Multiple,Method equal weights,0.09094525,0.12917357,0.11088782,-0.03822832,-0.01994257,0.03822832,0.01994257,0.0014614,0.00039771,-0.01828575,-0.0010637,0.10351102,0.01083678,0.0236277,0.02367479,4.709e-05
2015-12-31,combo_equal_weight_rf_across_har_augmented_datasets_log_rolling,Random Forest EW | Multiple,Method equal weights,0.12220819,0.10377309,0.10290397,0.0184351,0.01930422,0.0184351,0.01930422,0.00033985,0.00037265,0.00086911,3.28e-05,0.10438014,0.01086958,0.02502798,0.02440522,-0.00062276
2016-01-31,combo_equal_weight_rf_across_har_augmented_datasets_log_rolling,Random Forest EW | Multiple,Method equal weights,0.19111779,0.11402202,0.11368516,0.07709576,0.07743262,0.07709576,0.07743262,0.00594376,0.00599581,0.00033686,5.205e-05,0.104717,0.01092163,0.02948569,0.02783182,-0.00165387
2016-02-29,combo_equal_weight_rf_across_har_augmented_datasets_log_rolling,Random Forest EW | Multiple,Method equal weights,0.16301964,0.15468608,0.14513661,0.00833356,0.01788303,0.00833356,0.01788303,6.945e-05,0.0003198,0.00954947,0.00025035,0.11426647,0.01117199,0.02732189,0.02739688,7.499e-05
2016-03-31,combo_equal_weight_rf_across_har_augmented_datasets_log_rolling,Random Forest EW | Multiple,Method equal weights,0.09480278,0.1421923,0.13582316,-0.04738952,-0.04102037,0.04738952,0.04102037,0.00224577,0.00168267,-0.00636915,-0.0005631,0.10789732,0.01060889,0.03058928,0.02952292,-0.00106636
2016-04-30,combo_equal_weight_rf_across_har_augmented_datasets_log_rolling,Random Forest EW | Multiple,Method equal weights,0.08229344,0.11169744,0.10862824,-0.029404,-0.02633481,0.029404,0.02633481,0.0008646,0.00069352,-0.0030692,-0.00017107,0.10482812,0.01043782,0.03196618,0.0305649,-0.00140128
2016-05-31,combo_equal_weight_rf_across_har_augmented_datasets_log_rolling,Random Forest EW | Multiple,Method equal weights,0.08530203,0.10829407,0.10215381,-0.02299204,-0.01685178,0.02299204,0.01685178,0.00052863,0.00028398,-0.00614027,-0.00024465,0.09868786,0.01019317,0.0320328,0.0302354,-0.0017974
2016-06-30,combo_equal_weight_rf_across_har_augmented_datasets_log_rolling,Random Forest EW | Multiple,Method equal weights,0.09397396,0.09641758,0.10191531,-0.00244362,-0.00794135,0.00244362,0.00794135,5.97e-06,6.307e-05,0.00549773,5.709e-05,0.10418559,0.01025026,0.03144725,0.02996969,-0.00147756
2016-07-31,combo_equal_weight_rf_across_har_augmented_datasets_log_rolling,Random Forest EW | Multiple,Method equal weights,0.06662709,0.11099905,0.10466726,-0.04437196,-0.03804017,0.04437196,0.03804017,0.00196887,0.00144705,-0.00633179,-0.00052182,0.0978538,0.00972844,0.03394013,0.03210777,-0.00183237
2016-08-31,combo_equal_weight_rf_across_har_augmented_datasets_log_rolling,Random Forest EW | Multiple,Method equal weights,0.05875578,0.08706689,0.09501239,-0.02831111,-0.03625661,0.02831111,0.03625661,0.00080152,0.00131454,0.0079455,0.00051302,0.1057993,0.01024147,0.03005562,0.02799235,-0.00206327
2016-09-30,combo_equal_weight_rf_across_har_augmented_datasets_log_rolling,Random Forest EW | Multiple,Method equal weights,0.08956114,0.08607663,0.09092766,0.00348452,-0.00136651,0.00348452,0.00136651,1.214e-05,1.87e-06,-0.00211801,-1.027e-05,0.10368129,0.01023119,0.03030529,0.0266525,-0.0036528
2016-10-31,combo_equal_weight_rf_across_har_augmented_datasets_log_rolling,Random Forest EW | Multiple,Method equal weights,0.07645832,0.09654375,0.10017519,-0.02008544,-0.02371688,0.02008544,0.02371688,0.00040342,0.00056249,0.00363144,0.00015907,0.10731273,0.01039026,0.02838125,0.02717424,-0.001207
2016-11-30,combo_equal_weight_rf_across_har_augmented_datasets_log_rolling,Random Forest EW | Multiple,Method equal weights,0.08613464,0.0991332,0.09596475,-0.01299856,-0.00983012,0.01299856,0.00983012,0.00016896,9.663e-05,-0.00316844,-7.233e-05,0.10414429,0.01031793,0.02627877,0.02633154,5.277e-05
2016-12-31,combo_equal_weight_rf_across_har_augmented_datasets_log_rolling,Random Forest EW | Multiple,Method equal weights,0.06241094,0.10657512,0.09959472,-0.04416417,-0.03718377,0.04416417,0.03718377,0.00195047,0.00138263,-0.0069804,-0.00056784,0.09716389,0.00975009,0.02842286,0.0278215,-0.00060135
2017-01-31,combo_equal_weight_rf_across_har_augmented_datasets_log_rolling,Random Forest EW | Multiple,Method equal weights,0.06212703,0.08587706,0.09131225,-0.02375003,-0.02918521,0.02375003,0.02918521,0.00056406,0.00085178,0.00543519,0.00028771,0.10259908,0.0100378,0.02397738,0.02380088,-0.00017649
2017-02-28,combo_equal_weight_rf_across_har_augmented_datasets_log_rolling,Random Forest EW | Multiple,Method equal weights,0.05181816,0.07915182,0.08981388,-0.02733367,-0.03799572,0.02733367,0.03799572,0.00074713,0.00144367,0.01066205,0.00069655,0.11326113,0.01073434,0.02556072,0.02547694,-8.378e-05
2017-03-31,combo_equal_weight_rf_across_har_augmented_datasets_log_rolling,Random Forest EW | Multiple,Method equal weights,0.06543911,0.08680751,0.08508029,-0.0213684,-0.01964118,0.0213684,0.01964118,0.00045661,0.00038578,-0.00172722,-7.083e-05,0.11153391,0.01066351,0.02339229,0.02369534,0.00030305
2017-04-30,combo_equal_weight_rf_across_har_augmented_datasets_log_rolling,Random Forest EW | Multiple,Method equal weights,0.06821277,0.07765679,0.08807873,-0.00944402,-0.01986596,0.00944402,0.01986596,8.919e-05,0.00039466,0.01042194,0.00030547,0.12195585,0.01096898,0.02172896,0.02315627,0.00142731
2017-05-31,combo_equal_weight_rf_across_har_augmented_datasets_log_rolling,Random Forest EW | Multiple,Method equal weights,0.05167712,0.08009851,0.08906903,-0.0284214,-0.03739191,0.0284214,0.03739191,0.00080778,0.00139815,0.00897051,0.00059038,0.13092636,0.01155936,0.02218141,0.02486795,0.00268654
2017-06-30,combo_equal_weight_rf_across_har_augmented_datasets_log_rolling,Random Forest EW | Multiple,Method equal weights,0.06000712,0.09140992,0.08363599,-0.0314028,-0.02362887,0.0314028,0.02362887,0.00098614,0.00055832,-0.00777394,-0.00042781,0.12315243,0.01113154,0.02459467,0.02617524,0.00158057
2017-07-31,combo_equal_weight_rf_across_har_augmented_datasets_log_rolling,Random Forest EW | Multiple,Method equal weights,0.04869214,0.06926838,0.08495022,-0.02057624,-0.03625807,0.02057624,0.03625807,0.00042338,0.00131465,0.01568183,0.00089127,0.13883426,0.01202281,0.0226117,0.02602673,0.00341504
2017-08-31,combo_equal_weight_rf_across_har_augmented_datasets_log_rolling,Random Forest EW | Multiple,Method equal weights,0.05895137,0.06864056,0.08032493,-0.00968918,-0.02137356,0.00968918,0.02137356,9.388e-05,0.00045683,0.01168437,0.00036295,0.15051863,0.01238576,0.02105987,0.02478648,0.00372661
2017-09-30,combo_equal_weight_rf_across_har_augmented_datasets_log_rolling,Random Forest EW | Multiple,Method equal weights,0.04531107,0.07080595,0.08183425,-0.02549489,-0.03652319,0.02549489,0.03652319,0.00064999,0.00133394,0.0110283,0.00068395,0.16154693,0.01306971,0.02289407,0.0277162,0.00482214
2017-10-31,combo_equal_weight_rf_across_har_augmented_datasets_log_rolling,Random Forest EW | Multiple,Method equal weights,0.03786706,0.06770239,0.07706881,-0.02983533,-0.03920175,0.02983533,0.03920175,0.00089015,0.00153678,0.00936642,0.00064663,0.17091336,0.01371634,0.02370656,0.02900661,0.00530005
2017-11-30,combo_equal_weight_rf_across_har_augmented_datasets_log_rolling,Random Forest EW | Multiple,Method equal weights,0.04900293,0.05686936,0.07370597,-0.00786643,-0.02470304,0.00786643,0.02470304,6.188e-05,0.00061024,0.01683661,0.00054836,0.18774997,0.0142647,0.02327888,0.03024602,0.00696714
2017-12-31,combo_equal_weight_rf_across_har_augmented_datasets_log_rolling,Random Forest EW | Multiple,Method equal weights,0.06019932,0.06140378,0.07481554,-0.00120446,-0.01461623,0.00120446,0.01461623,1.45e-06,0.00021363,0.01341176,0.00021218,0.20116173,0.01447689,0.0196989,0.02836539,0.00866649
2018-01-31,combo_equal_weight_rf_across_har_augmented_datasets_log_rolling,Random Forest EW | Multiple,Method equal weights,0.06519769,0.06017257,0.07762023,0.00502512,-0.01242254,0.00502512,0.01242254,2.525e-05,0.00015432,0.00739743,0.00012907,0.20855916,0.01460595,0.01813849,0.0269685,0.00883001
2018-02-28,combo_equal_weight_rf_across_har_augmented_datasets_log_rolling,Random Forest EW | Multiple,Method equal weights,0.1387046,0.07186574,0.07819547,0.06683886,0.06050912,0.06683886,0.06050912,0.00446743,0.00366135,-0.00632973,-0.00080608,0.20222942,0.01379988,0.02143059,0.02884462,0.00741402
2018-03-31,combo_equal_weight_rf_across_har_augmented_datasets_log_rolling,Random Forest EW | Multiple,Method equal weights,0.13891564,0.10700803,0.10438966,0.03190761,0.03452598,0.03190761,0.03452598,0.0010181,0.00119204,0.00261837,0.00017395,0.20484779,0.01397382,0.02230886,0.03008502,0.00777616
2018-04-30,combo_equal_weight_rf_across_har_augmented_datasets_log_rolling,Random Forest EW | Multiple,Method equal weights,0.1407784,0.10388316,0.10640081,0.03689524,0.03437759,0.03689524,0.03437759,0.00136126,0.00118182,-0.00251765,-0.00017944,0.20233014,0.01379438,0.02459646,0.03129432,0.00669786
2018-05-31,combo_equal_weight_rf_across_har_augmented_datasets_log_rolling,Random Forest EW | Multiple,Method equal weights,0.09507116,0.10439968,0.10993222,-0.00932851,-0.01486106,0.00932851,0.01486106,8.702e-05,0.00022085,0.00553255,0.00013383,0.20786269,0.01392821,0.02300539,0.02941675,0.00641136
2018-06-30,combo_equal_weight_rf_across_har_augmented_datasets_log_rolling,Random Forest EW | Multiple,Method equal weights,0.08039533,0.09906379,0.09331526,-0.01866846,-0.01291992,0.01866846,0.01291992,0.00034851,0.00016692,-0.00574854,-0.00018159,0.20211415,0.01374663,0.02194419,0.02852434,0.00658014
2018-07-31,combo_equal_weight_rf_across_har_augmented_datasets_log_rolling,Random Forest EW | Multiple,Method equal weights,0.0690613,0.09244452,0.08786672,-0.02338322,-0.01880541,0.02338322,0.01880541,0.00054677,0.00035364,-0.0045778,-0.00019313,0.19753635,0.01355349,0.02217811,0.02706995,0.00489184
2018-08-31,combo_equal_weight_rf_across_har_augmented_datasets_log_rolling,Random Forest EW | Multiple,Method equal weights,0.05968197,0.07449485,0.08387116,-0.01481288,-0.02418919,0.01481288,0.02418919,0.00021942,0.00058512,0.00937631,0.0003657,0.20691266,0.01391919,0.02260508,0.02730459,0.0046995
2018-09-30,combo_equal_weight_rf_across_har_augmented_datasets_log_rolling,Random Forest EW | Multiple,Method equal weights,0.0654128,0.07417948,0.08064715,-0.00876668,-0.01523435,0.00876668,0.01523435,7.685e-05,0.00023209,0.00646767,0.00015523,0.21338033,0.01407442,0.02121107,0.02553052,0.00431945
2018-10-31,combo_equal_weight_rf_across_har_augmented_datasets_log_rolling,Random Forest EW | Multiple,Method equal weights,0.17260155,0.07169374,0.08166035,0.10090781,0.0909412,0.10090781,0.0909412,0.01018239,0.0082703,-0.00996661,-0.00191208,0.20341373,0.01216234,0.02713377,0.02984214,0.00270836
2018-11-30,combo_equal_weight_rf_across_har_augmented_datasets_log_rolling,Random Forest EW | Multiple,Method equal weights,0.14550899,0.11662862,0.1199506,0.02888038,0.02555839,0.02888038,0.02555839,0.00083408,0.00065323,-0.00332198,-0.00018084,0.20009174,0.01198149,0.02888493,0.02991342,0.00102848
2018-12-31,combo_equal_weight_rf_across_har_augmented_datasets_log_rolling,Random Forest EW | Multiple,Method equal weights,0.23558433,0.10330894,0.11588897,0.13227539,0.11969536,0.13227539,0.11969536,0.01749678,0.01432698,-0.01258003,-0.0031698,0.18751171,0.00881169,0.03980751,0.03867001,-0.0011375
2019-01-31,combo_equal_weight_rf_across_har_augmented_datasets_log_rolling,Random Forest EW | Multiple,Method equal weights,0.13805562,0.1442917,0.18961141,-0.00623608,-0.05155579,0.00623608,0.05155579,3.889e-05,0.002658,0.04531971,0.00261911,0.23283142,0.0114308,0.03990843,0.04193111,0.00202269
2019-02-28,combo_equal_weight_rf_across_har_augmented_datasets_log_rolling,Random Forest EW | Multiple,Method equal weights,0.08205478,0.10975302,0.11797261,-0.02769825,-0.03591783,0.02769825,0.03591783,0.00076719,0.00129009,0.00821959,0.0005229,0.24105101,0.0119537,0.03664671,0.03988184,0.00323513
2019-03-31,combo_equal_weight_rf_across_har_augmented_datasets_log_rolling,Random Forest EW | Multiple,Method equal weights,0.09470707,0.09246771,0.0875381,0.00223936,0.00716898,0.00223936,0.00716898,5.01e-06,5.139e-05,0.00492961,4.638e-05,0.24598062,0.01200008,0.03417435,0.03760209,0.00342774
2019-04-30,combo_equal_weight_rf_across_har_augmented_datasets_log_rolling,Random Forest EW | Multiple,Method equal weights,0.05727866,0.09211263,0.09525854,-0.03483397,-0.03797988,0.03483397,0.03797988,0.00121341,0.00144247,0.00314591,0.00022907,0.24912653,0.01222915,0.03400258,0.03790228,0.0038997
2019-05-31,combo_equal_weight_rf_across_har_augmented_datasets_log_rolling,Random Forest EW | Multiple,Method equal weights,0.11646584,0.07898891,0.07847861,0.03747693,0.03798723,0.03747693,0.03798723,0.00140452,0.00144303,0.0005103,3.851e-05,0.24963683,0.01226766,0.03634828,0.03982946,0.00348118
2019-06-30,combo_equal_weight_rf_across_har_augmented_datasets_log_rolling,Random Forest EW | Multiple,Method equal weights,0.08633239,0.11856648,0.10607152,-0.03223409,-0.01973913,0.03223409,0.01973913,0.00103904,0.00038963,-0.01249496,-0.0006494,0.23714187,0.01161825,0.03747875,0.04039773,0.00291898
2019-07-31,combo_equal_weight_rf_across_har_augmented_datasets_log_rolling,Random Forest EW | Multiple,Method equal weights,0.06669148,0.08595594,0.09128019,-0.01926446,-0.02458871,0.01926446,0.02458871,0.00037112,0.0006046,0.00532425,0.00023349,0.24246612,0.01185174,0.03713552,0.04087967,0.00374415
2019-08-31,combo_equal_weight_rf_across_har_augmented_datasets_log_rolling,Random Forest EW | Multiple,Method equal weights,0.13916472,0.08348865,0.08281996,0.05567607,0.05634477,0.05567607,0.05634477,0.00309982,0.00317473,0.0006687,7.491e-05,0.24313482,0.01192665,0.04054079,0.0435593,0.00301851
2019-09-30,combo_equal_weight_rf_across_har_augmented_datasets_log_rolling,Random Forest EW | Multiple,Method equal weights,0.08899928,0.11693223,0.11891754,-0.02793295,-0.02991826,0.02793295,0.02991826,0.00078025,0.0008951,0.00198531,0.00011485,0.24512013,0.0120415,0.04213798,0.04478296,0.00264498
2019-10-31,combo_equal_weight_rf_across_har_augmented_datasets_log_rolling,Random Forest EW | Multiple,Method equal weights,0.09164451,0.10030124,0.09436573,-0.00865673,-0.00272122,0.00865673,0.00272122,7.494e-05,7.41e-06,-0.00593551,-6.753e-05,0.23918462,0.01197396,0.03445039,0.0374313,0.00298091
2019-11-30,combo_equal_weight_rf_across_har_augmented_datasets_log_rolling,Random Forest EW | Multiple,Method equal weights,0.05524849,0.08869241,0.09472056,-0.03344392,-0.03947207,0.03344392,0.03947207,0.0011185,0.00155804,0.00602815,0.00043955,0.24521277,0.01241351,0.03483068,0.03859077,0.00376009
2019-12-31,combo_equal_weight_rf_across_har_augmented_datasets_log_rolling,Random Forest EW | Multiple,Method equal weights,0.06209932,0.08587092,0.07849395,-0.0237716,-0.01639463,0.0237716,0.01639463,0.00056509,0.00026878,-0.00737697,-0.00029631,0.23783579,0.01211721,0.0257887,0.02998237,0.00419367
2020-01-31,combo_equal_weight_rf_across_har_augmented_datasets_log_rolling,Random Forest EW | Multiple,Method equal weights,0.07975763,0.08022183,0.07879248,-0.00046419,0.00096515,0.00046419,0.00096515,2.2e-07,9.3e-07,0.00050096,7.2e-07,0.23833675,0.01211792,0.02530771,0.02576649,0.00045878
2020-02-29,combo_equal_weight_rf_across_har_augmented_datasets_log_rolling,Random Forest EW | Multiple,Method equal weights,0.18564385,0.09775642,0.08500203,0.08788742,0.10064182,0.08788742,0.10064182,0.0077242,0.01012878,0.01275439,0.00240458,0.25109115,0.0145225,0.03032348,0.03116015,0.00083668
2020-03-31,combo_equal_weight_rf_across_har_augmented_datasets_log_rolling,Random Forest EW | Multiple,Method equal weights,0.58295547,0.14331906,0.14520964,0.43963641,0.43774583,0.43963641,0.43774583,0.19328018,0.19162141,-0.00189058,-0.00165876,0.24920056,0.01286374,0.06677323,0.06704156,0.00026833
2020-04-30,combo_equal_weight_rf_across_har_augmented_datasets_log_rolling,Random Forest EW | Multiple,Method equal weights,0.24991991,0.2171119,1.54497553,0.03280801,-1.29505562,0.03280801,1.29505562,0.00107637,1.67716907,1.26224761,1.6760927,1.51144818,1.68895644,0.0666044,0.17179787,0.10519347
2020-05-31,combo_equal_weight_rf_across_har_augmented_datasets_log_rolling,Random Forest EW | Multiple,Method equal weights,0.16410989,0.177916,0.187209,-0.01380611,-0.0230991,0.01380611,0.0230991,0.00019061,0.00053357,0.00929299,0.00034296,1.52074117,1.6892994,0.06463183,0.17055719,0.10592536
2020-06-30,combo_equal_weight_rf_across_har_augmented_datasets_log_rolling,Random Forest EW | Multiple,Method equal weights,0.18276328,0.17795422,0.13434073,0.00480906,0.04842255,0.00480906,0.04842255,2.313e-05,0.00234474,0.04361349,0.00232162,1.56435466,1.69162101,0.06234641,0.17294748,0.11060107
2020-07-31,combo_equal_weight_rf_across_har_augmented_datasets_log_rolling,Random Forest EW | Multiple,Method equal weights,0.13369031,0.15014041,0.14973507,-0.0164501,-0.01604476,0.0164501,0.01604476,0.00027061,0.00025743,-0.00040534,-1.317e-05,1.56394932,1.69160784,0.06211188,0.17223548,0.1101236
2020-08-31,combo_equal_weight_rf_across_har_augmented_datasets_log_rolling,Random Forest EW | Multiple,Method equal weights,0.08711462,0.1195744,0.12370315,-0.03245978,-0.03658853,0.03245978,0.03658853,0.00105364,0.00133872,0.00412875,0.00028508,1.56807807,1.69189292,0.06017719,0.17058913,0.11041194
2020-09-30,combo_equal_weight_rf_across_har_augmented_datasets_log_rolling,Random Forest EW | Multiple,Method equal weights,0.18583484,0.11878409,0.10151568,0.06705075,0.08431916,0.06705075,0.08431916,0.0044958,0.00710972,0.01726841,0.00261392,1.58534648,1.69450684,0.06343701,0.17512254,0.11168553
2020-10-31,combo_equal_weight_rf_across_har_augmented_datasets_log_rolling,Random Forest EW | Multiple,Method equal weights,0.14700764,0.14562178,0.14927946,0.00138586,-0.00227183,0.00138586,0.00227183,1.92e-06,5.16e-06,0.00088597,3.24e-06,1.58623245,1.69451008,0.0628311,0.17508509,0.11225399
2020-11-30,combo_equal_weight_rf_across_har_augmented_datasets_log_rolling,Random Forest EW | Multiple,Method equal weights,0.13540578,0.14644878,0.13272256,-0.011043,0.00268322,0.011043,0.00268322,0.00012195,7.2e-06,-0.00835978,-0.00011475,1.57787267,1.69439533,0.06096436,0.17201935,0.11105499
2020-12-31,combo_equal_weight_rf_across_har_augmented_datasets_log_rolling,Random Forest EW | Multiple,Method equal weights,0.08727809,0.11480583,0.13042698,-0.02752774,-0.04314889,0.02752774,0.04314889,0.00075778,0.00186183,0.01562115,0.00110405,1.59349382,1.69549938,0.06127737,0.17424887,0.1129715
2021-01-31,combo_equal_weight_rf_across_har_augmented_datasets_log_rolling,Random Forest EW | Multiple,Method equal weights,0.12643455,0.1111076,0.10846867,0.01532695,0.01796589,0.01532695,0.01796589,0.00023492,0.00032277,0.00263893,8.786e-05,1.59613275,1.69558724,0.06251593,0.1756656,0.11314967
2021-02-28,combo_equal_weight_rf_across_har_augmented_datasets_log_rolling,Random Forest EW | Multiple,Method equal weights,0.12196964,0.1444031,0.12688707,-0.02243346,-0.00491743,0.02243346,0.00491743,0.00050326,2.418e-05,-0.01751603,-0.00047908,1.57861672,1.69510816,0.05706144,0.16768857,0.11062713
2021-03-31,combo_equal_weight_rf_across_har_augmented_datasets_log_rolling,Random Forest EW | Multiple,Method equal weights,0.14192329,0.13415157,0.12423121,0.00777172,0.01769207,0.00777172,0.01769207,6.04e-05,0.00031301,0.00992035,0.00025261,1.58853707,1.69536077,0.02107271,0.13268409,0.11161138
2021-04-30,combo_equal_weight_rf_across_har_augmented_datasets_log_rolling,Random Forest EW | Multiple,Method equal weights,0.07227313,0.11371142,0.12520714,-0.04143829,-0.05293401,0.04143829,0.05293401,0.00171713,0.00280201,0.01149572,0.00108488,1.60003279,1.69644565,0.0217919,0.02917395,0.00738205
2021-05-31,combo_equal_weight_rf_across_har_augmented_datasets_log_rolling,Random Forest EW | Multiple,Method equal weights,0.09818055,0.10367712,0.09539606,-0.00549657,0.00278449,0.00549657,0.00278449,3.021e-05,7.75e-06,-0.00271208,-2.246e-05,1.59732071,1.69642319,0.02109944,0.02748107,0.00638163
2021-06-30,combo_equal_weight_rf_across_har_augmented_datasets_log_rolling,Random Forest EW | Multiple,Method equal weights,0.06526994,0.09357734,0.10263326,-0.0283074,-0.03736333,0.0283074,0.03736333,0.00080131,0.00139602,0.00905592,0.00059471,1.60637664,1.6970179,0.02305764,0.02655947,0.00350183
2021-07-31,combo_equal_weight_rf_across_har_augmented_datasets_log_rolling,Random Forest EW | Multiple,Method equal weights,0.07520977,0.10833352,0.08885329,-0.03312374,-0.01364352,0.03312374,0.01364352,0.00109718,0.00018615,-0.01948022,-0.00091104,1.58689641,1.69610686,0.02444711,0.02635936,0.00191226
2021-08-31,combo_equal_weight_rf_across_har_augmented_datasets_log_rolling,Random Forest EW | Multiple,Method equal weights,0.06362476,0.11185038,0.09090206,-0.04822562,-0.02727729,0.04822562,0.02727729,0.00232571,0.00074405,-0.02094833,-0.00158166,1.56594809,1.6945252,0.02576093,0.02558343,-0.0001775
2021-09-30,combo_equal_weight_rf_across_har_augmented_datasets_log_rolling,Random Forest EW | Multiple,Method equal weights,0.10189251,0.0920872,0.08521496,0.00980531,0.01667755,0.00980531,0.01667755,9.614e-05,0.00027814,0.00687224,0.000182,1.57282033,1.6947072,0.02099047,0.01994663,-0.00104385
2021-10-31,combo_equal_weight_rf_across_har_augmented_datasets_log_rolling,Random Forest EW | Multiple,Method equal weights,0.09768553,0.1060032,0.09621429,-0.00831767,0.00147123,0.00831767,0.00147123,6.918e-05,2.16e-06,-0.00684644,-6.702e-05,1.56597389,1.69464018,0.02156812,0.01987991,-0.00168821
2021-11-30,combo_equal_weight_rf_across_har_augmented_datasets_log_rolling,Random Forest EW | Multiple,Method equal weights,0.08990034,0.08652211,0.09457941,0.00337823,-0.00467908,0.00337823,0.00467908,1.141e-05,2.189e-05,0.00130085,1.048e-05,1.56727474,1.69465066,0.02092939,0.02004623,-0.00088316
2021-12-31,combo_equal_weight_rf_across_har_augmented_datasets_log_rolling,Random Forest EW | Multiple,Method equal weights,0.12715669,0.10935981,0.09180554,0.01779688,0.03535115,0.01779688,0.03535115,0.00031673,0.0012497,0.01755427,0.00093297,1.58482901,1.69558364,0.02011849,0.01939642,-0.00072207
2022-01-31,combo_equal_weight_rf_across_har_augmented_datasets_log_rolling,Random Forest EW | Multiple,Method equal weights,0.2054063,0.09472031,0.10455535,0.11068599,0.10085095,0.11068599,0.10085095,0.01225139,0.01017091,-0.00983504,-0.00208047,1.57499397,1.69350316,0.02806507,0.02630351,-0.00176156
2022-02-28,combo_equal_weight_rf_across_har_augmented_datasets_log_rolling,Random Forest EW | Multiple,Method equal weights,0.18906515,0.13386862,0.13873051,0.05519652,0.05033464,0.05519652,0.05033464,0.00304666,0.00253358,-0.00486189,-0.00051308,1.57013208,1.69299008,0.03079533,0.03008828,-0.00070705
2022-03-31,combo_equal_weight_rf_across_har_augmented_datasets_log_rolling,Random Forest EW | Multiple,Method equal weights,0.1731367,0.12900637,0.13572155,0.04413033,0.03741514,0.04413033,0.03741514,0.00194749,0.00139989,-0.00671518,-0.00054759,1.5634169,1.69244249,0.03382521,0.03173187,-0.00209335
2022-04-30,combo_equal_weight_rf_across_har_augmented_datasets_log_rolling,Random Forest EW | Multiple,Method equal weights,0.15851479,0.12671342,0.13127507,0.03180137,0.02723972,0.03180137,0.02723972,0.00101133,0.000742,-0.00456166,-0.00026933,1.55885524,1.69217317,0.03302214,0.02959067,-0.00343146
2022-05-31,combo_equal_weight_rf_across_har_augmented_datasets_log_rolling,Random Forest EW | Multiple,Method equal weights,0.2578389,0.13371932,0.12724383,0.12411959,0.13059508,0.12411959,0.13059508,0.01540567,0.01705507,0.00647549,0.0016494,1.56533073,1.69382257,0.04290739,0.04024156,-0.00266583
2022-06-30,combo_equal_weight_rf_across_har_augmented_datasets_log_rolling,Random Forest EW | Multiple,Method equal weights,0.20628661,0.14391305,0.18639549,0.06237356,0.01989112,0.06237356,0.01989112,0.00389046,0.00039566,-0.04248244,-0.0034948,1.5228483,1.69032776,0.04574623,0.03878554,-0.00696069
2022-07-31,combo_equal_weight_rf_across_har_augmented_datasets_log_rolling,Random Forest EW | Multiple,Method equal weights,0.16389054,0.15753502,0.16323174,0.00635552,0.0006588,0.00635552,0.0006588,4.039e-05,4.3e-07,-0.00569672,-3.996e-05,1.51715158,1.69028781,0.04351555,0.03770348,-0.00581207
2022-08-31,combo_equal_weight_rf_across_har_augmented_datasets_log_rolling,Random Forest EW | Multiple,Method equal weights,0.13005032,0.13613987,0.14456027,-0.00608954,-0.01450995,0.00608954,0.01450995,3.708e-05,0.00021054,0.0084204,0.00017346,1.52557198,1.69046126,0.04000421,0.03663953,-0.00336468
2022-09-30,combo_equal_weight_rf_across_har_augmented_datasets_log_rolling,Random Forest EW | Multiple,Method equal weights,0.19626273,0.1163255,0.12637585,0.07993723,0.06988687,0.07993723,0.06988687,0.00638996,0.00488417,-0.01005035,-0.00150579,1.51552163,1.68895548,0.04584854,0.04107364,-0.00477489
2022-10-31,combo_equal_weight_rf_across_har_augmented_datasets_log_rolling,Random Forest EW | Multiple,Method equal weights,0.19975826,0.14756802,0.1614805,0.05219024,0.03827776,0.05219024,0.03827776,0.00272382,0.00146519,-0.01391248,-0.00125863,1.50160915,1.68769684,0.04950458,0.04414085,-0.00536373
2022-11-30,combo_equal_weight_rf_across_har_augmented_datasets_log_rolling,Random Forest EW | Multiple,Method equal weights,0.16948675,0.1516191,0.170144,0.01786765,-0.00065725,0.01786765,0.00065725,0.00031925,4.3e-07,-0.01721039,-0.00031882,1.48439876,1.68737802,0.05071203,0.0438057,-0.00690633
2022-12-31,combo_equal_weight_rf_across_har_augmented_datasets_log_rolling,Random Forest EW | Multiple,Method equal weights,0.15877952,0.14102919,0.15843758,0.01775033,0.00034194,0.01775033,0.00034194,0.00031507,1.2e-07,-0.01740839,-0.00031496,1.46699037,1.68706306,0.05070816,0.04088827,-0.00981989
2023-01-31,combo_equal_weight_rf_across_har_augmented_datasets_log_rolling,Random Forest EW | Multiple,Method equal weights,0.14255764,0.15388577,0.15281384,-0.01132813,-0.01025621,0.01132813,0.01025621,0.00012833,0.00010519,-0.00107193,-2.314e-05,1.46591844,1.68703993,0.04242833,0.03333871,-0.00908963
2023-02-28,combo_equal_weight_rf_across_har_augmented_datasets_log_rolling,Random Forest EW | Multiple,Method equal weights,0.14798801,0.11661369,0.14108966,0.03137432,0.00689835,0.03137432,0.00689835,0.00098435,4.759e-05,-0.02447597,-0.00093676,1.44144248,1.68610317,0.04044315,0.02971902,-0.01072413
2023-03-31,combo_equal_weight_rf_across_har_augmented_datasets_log_rolling,Random Forest EW | Multiple,Method equal weights,0.16589266,0.12975429,0.14245861,0.03613837,0.02343405,0.03613837,0.02343405,0.00130598,0.00054915,-0.01270432,-0.00075683,1.42873816,1.68534634,0.03977715,0.02855393,-0.01122323
2023-04-30,combo_equal_weight_rf_across_har_augmented_datasets_log_rolling,Random Forest EW | Multiple,Method equal weights,0.08994252,0.14542232,0.15253063,-0.05547979,-0.06258811,0.05547979,0.06258811,0.00307801,0.00391727,0.00710831,0.00083926,1.43584647,1.6861856,0.04175036,0.03149962,-0.01025073
2023-05-31,combo_equal_weight_rf_across_har_augmented_datasets_log_rolling,Random Forest EW | Multiple,Method equal weights,0.10574234,0.10473465,0.11438662,0.0010077,-0.00864427,0.0010077,0.00864427,1.02e-06,7.472e-05,0.00763657,7.371e-05,1.44348304,1.68625931,0.03149103,0.02133706,-0.01015397
2023-06-30,combo_equal_weight_rf_across_har_augmented_datasets_log_rolling,Random Forest EW | Multiple,Method equal weights,0.09100868,0.11173885,0.11566273,-0.02073017,-0.02465406,0.02073017,0.02465406,0.00042974,0.00060782,0.00392389,0.00017808,1.44740693,1.68643739,0.02802075,0.02173397,-0.00628678
2023-07-31,combo_equal_weight_rf_across_har_augmented_datasets_log_rolling,Random Forest EW | Multiple,Method equal weights,0.07268551,0.08180344,0.10498751,-0.00911793,-0.032302,0.00911793,0.032302,8.314e-05,0.00104342,0.02318407,0.00096028,1.470591,1.68739768,0.02825095,0.0243709,-0.00388005
2023-08-31,combo_equal_weight_rf_across_har_augmented_datasets_log_rolling,Random Forest EW | Multiple,Method equal weights,0.09745315,0.08192245,0.09628427,0.0155307,0.00116888,0.0155307,0.00116888,0.0002412,1.37e-06,-0.01436182,-0.00023984,1.45622918,1.68715784,0.02903771,0.02325915,-0.00577857
2023-09-30,combo_equal_weight_rf_across_har_augmented_datasets_log_rolling,Random Forest EW | Multiple,Method equal weights,0.09176085,0.08934205,0.10361721,0.0024188,-0.01185637,0.0024188,0.01185637,5.85e-06,0.00014057,0.00943757,0.00013472,1.46566675,1.68729256,0.02257784,0.01842327,-0.00415457
2023-10-31,combo_equal_weight_rf_across_har_augmented_datasets_log_rolling,Random Forest EW | Multiple,Method equal weights,0.12613768,0.09407955,0.10019084,0.03205813,0.02594684,0.03205813,0.02594684,0.00102772,0.00067324,-0.00611129,-0.00035448,1.45955546,1.68693808,0.02090017,0.01739569,-0.00350447
2023-11-30,combo_equal_weight_rf_across_har_augmented_datasets_log_rolling,Random Forest EW | Multiple,Method equal weights,0.08061106,0.11843086,0.11318387,-0.0378198,-0.03257281,0.0378198,0.03257281,0.00143034,0.00106099,-0.00524699,-0.00036935,1.45430848,1.68656873,0.02256285,0.02005532,-0.00250752
2023-12-31,combo_equal_weight_rf_across_har_augmented_datasets_log_rolling,Random Forest EW | Multiple,Method equal weights,0.07463208,0.08655155,0.09612049,-0.01191947,-0.0214884,0.01191947,0.0214884,0.00014207,0.00046175,0.00956894,0.00031968,1.46387741,1.68688841,0.02207694,0.02181753,-0.00025941
2024-01-31,combo_equal_weight_rf_across_har_augmented_datasets_log_rolling,Random Forest EW | Multiple,Method equal weights,0.0851791,0.08775792,0.09260378,-0.00257882,-0.00742468,0.00257882,0.00742468,6.65e-06,5.513e-05,0.00484586,4.848e-05,1.46872328,1.68693688,0.02134783,0.02158157,0.00023374
2011-03-31,combo_equal_weight_nn_across_har_augmented_datasets_log_rolling,Neural Network EW | Multiple,Method equal weights,0.1239968,0.07598543,0.11607562,0.04801137,0.00792117,0.04801137,0.00792117,0.00230509,6.274e-05,-0.04009019,-0.00224235,-0.04009019,-0.00224235,,,
2011-04-30,combo_equal_weight_nn_across_har_augmented_datasets_log_rolling,Neural Network EW | Multiple,Method equal weights,0.08197577,0.08922455,0.12651617,-0.00724878,-0.0445404,0.00724878,0.0445404,5.254e-05,0.00198385,0.03729162,0.0019313,-0.00279858,-0.00031104,,,
2011-05-31,combo_equal_weight_nn_across_har_augmented_datasets_log_rolling,Neural Network EW | Multiple,Method equal weights,0.10443997,0.09040693,0.11306831,0.01403305,-0.00862834,0.01403305,0.00862834,0.00019693,7.445e-05,-0.0054047,-0.00012248,-0.00820328,-0.00043352,,,
2011-06-30,combo_equal_weight_nn_across_har_augmented_datasets_log_rolling,Neural Network EW | Multiple,Method equal weights,0.11731825,0.11330277,0.11566157,0.00401549,0.00165669,0.00401549,0.00165669,1.612e-05,2.74e-06,-0.0023588,-1.338e-05,-0.01056208,-0.0004469,,,
2011-07-31,combo_equal_weight_nn_across_har_augmented_datasets_log_rolling,Neural Network EW | Multiple,Method equal weights,0.11132267,0.09851799,0.11708849,0.01280468,-0.00576582,0.01280468,0.00576582,0.00016396,3.324e-05,-0.00703886,-0.00013072,-0.01760094,-0.00057762,,,
2011-08-31,combo_equal_weight_nn_across_har_augmented_datasets_log_rolling,Neural Network EW | Multiple,Method equal weights,0.30047559,0.13932443,0.11397057,0.16115115,0.18650502,0.16115115,0.18650502,0.02596969,0.03478412,0.02535387,0.00881443,0.00775293,0.00823681,,,
2011-09-30,combo_equal_weight_nn_across_har_augmented_datasets_log_rolling,Neural Network EW | Multiple,Method equal weights,0.23741865,0.28356863,0.18733709,-0.04614997,0.05008156,0.04614997,0.05008156,0.00212982,0.00250816,0.00393159,0.00037834,0.01168452,0.00861516,,,
2011-10-31,combo_equal_weight_nn_across_har_augmented_datasets_log_rolling,Neural Network EW | Multiple,Method equal weights,0.21104059,0.28429249,0.15661848,-0.0732519,0.05442212,0.0732519,0.05442212,0.00536584,0.00296177,-0.01882978,-0.00240407,-0.00714526,0.00621108,,,
2011-11-30,combo_equal_weight_nn_across_har_augmented_datasets_log_rolling,Neural Network EW | Multiple,Method equal weights,0.18299764,0.16774821,0.14490642,0.01524944,0.03809122,0.01524944,0.03809122,0.00023255,0.00145094,0.02284179,0.0012184,0.01569653,0.00742948,,,
2011-12-31,combo_equal_weight_nn_across_har_augmented_datasets_log_rolling,Neural Network EW | Multiple,Method equal weights,0.12641057,0.14339278,0.1422497,-0.01698221,-0.01583913,0.01698221,0.01583913,0.0002884,0.00025088,-0.00114308,-3.752e-05,0.01455344,0.00739196,,,
2012-01-31,combo_equal_weight_nn_across_har_augmented_datasets_log_rolling,Neural Network EW | Multiple,Method equal weights,0.09173477,0.16919709,0.12693949,-0.07746232,-0.03520472,0.07746232,0.03520472,0.00600041,0.00123937,-0.0422576,-0.00476104,-0.02770416,0.00263092,,,
2012-02-29,combo_equal_weight_nn_across_har_augmented_datasets_log_rolling,Neural Network EW | Multiple,Method equal weights,0.08055043,0.12957969,0.1137494,-0.04902926,-0.03319897,0.04902926,0.03319897,0.00240387,0.00110217,-0.01583029,-0.0013017,-0.04353445,0.00132922,0.04378247,0.0401546,-0.00362787
2012-03-31,combo_equal_weight_nn_across_har_augmented_datasets_log_rolling,Neural Network EW | Multiple,Method equal weights,0.07616645,0.0974712,0.10772076,-0.02130474,-0.03155431,0.02130474,0.03155431,0.00045389,0.00099567,0.01024957,0.00054178,-0.03328488,0.00187101,0.04155692,0.04212402,0.00056711
2012-04-30,combo_equal_weight_nn_across_har_augmented_datasets_log_rolling,Neural Network EW | Multiple,Method equal weights,0.09057891,0.08509096,0.10505353,0.00548795,-0.01447463,0.00548795,0.01447463,3.012e-05,0.00020951,0.00898668,0.0001794,-0.0242982,0.0020504,0.04141018,0.03961854,-0.00179164
2012-05-31,combo_equal_weight_nn_across_har_augmented_datasets_log_rolling,Neural Network EW | Multiple,Method equal weights,0.12253117,0.08370039,0.10943598,0.03883078,0.0130952,0.03883078,0.0130952,0.00150783,0.00017148,-0.02573559,-0.00133635,-0.05003378,0.00071406,0.04347666,0.03999078,-0.00348588
2012-06-30,combo_equal_weight_nn_across_har_augmented_datasets_log_rolling,Neural Network EW | Multiple,Method equal weights,0.11937706,0.1049553,0.12178747,0.01442176,-0.00241041,0.01442176,0.00241041,0.00020799,5.81e-06,-0.01201135,-0.00020218,-0.06204513,0.00051188,0.04434385,0.04005359,-0.00429025
2012-07-31,combo_equal_weight_nn_across_har_augmented_datasets_log_rolling,Neural Network EW | Multiple,Method equal weights,0.1008825,0.12836765,0.12079751,-0.02748515,-0.01991501,0.02748515,0.01991501,0.00075543,0.00039661,-0.00757014,-0.00035883,-0.06961527,0.00015306,0.04556722,0.04123269,-0.00433453
2012-08-31,combo_equal_weight_nn_across_har_augmented_datasets_log_rolling,Neural Network EW | Multiple,Method equal weights,0.08005638,0.14403398,0.11337364,-0.0639776,-0.03331726,0.0639776,0.03331726,0.00409313,0.00111004,-0.03066034,-0.00298309,-0.10027561,-0.00283004,0.03746942,0.02846704,-0.00900238
2012-09-30,combo_equal_weight_nn_across_har_augmented_datasets_log_rolling,Neural Network EW | Multiple,Method equal weights,0.07940683,0.08880302,0.1036908,-0.00939619,-0.02428397,0.00939619,0.02428397,8.829e-05,0.00058971,0.01488778,0.00050142,-0.08538784,-0.00232862,0.03440661,0.02631724,-0.00808936
2012-10-31,combo_equal_weight_nn_across_har_augmented_datasets_log_rolling,Neural Network EW | Multiple,Method equal weights,0.09399635,0.09462411,0.09961429,-0.00062777,-0.00561794,0.00062777,0.00561794,3.9e-07,3.156e-05,0.00499017,3.117e-05,-0.08039767,-0.00229745,0.0283546,0.02225023,-0.00610437
2012-11-30,combo_equal_weight_nn_across_har_augmented_datasets_log_rolling,Neural Network EW | Multiple,Method equal weights,0.11058386,0.09808237,0.10326854,0.0125015,0.00731532,0.0125015,0.00731532,0.00015629,5.351e-05,-0.00518617,-0.00010277,-0.08558384,-0.00240022,0.0281256,0.01968557,-0.00844003
2012-12-31,combo_equal_weight_nn_across_har_augmented_datasets_log_rolling,Neural Network EW | Multiple,Method equal weights,0.0992343,0.10153486,0.10880533,-0.00230056,-0.00957103,0.00230056,0.00957103,5.29e-06,9.16e-05,0.00727048,8.631e-05,-0.07831336,-0.00231391,0.02690213,0.01916323,-0.0077389
2013-01-31,combo_equal_weight_nn_across_har_augmented_datasets_log_rolling,Neural Network EW | Multiple,Method equal weights,0.06679532,0.09684437,0.105212,-0.03004905,-0.03841668,0.03004905,0.03841668,0.00090295,0.00147584,0.00836763,0.0005729,-0.06994573,-0.00174101,0.02295103,0.01943089,-0.00352013
2013-02-28,combo_equal_weight_nn_across_har_augmented_datasets_log_rolling,Neural Network EW | Multiple,Method equal weights,0.07807531,0.08541238,0.09381858,-0.00733707,-0.01574327,0.00733707,0.01574327,5.383e-05,0.00024785,0.0084062,0.00019402,-0.06153953,-0.001547,0.01947668,0.01797625,-0.00150042
2013-03-31,combo_equal_weight_nn_across_har_augmented_datasets_log_rolling,Neural Network EW | Multiple,Method equal weights,0.07750691,0.08849063,0.09632791,-0.01098372,-0.018821,0.01098372,0.018821,0.00012064,0.00035423,0.00783729,0.00023359,-0.05370224,-0.00131341,0.01861659,0.01691514,-0.00170145
2013-04-30,combo_equal_weight_nn_across_har_augmented_datasets_log_rolling,Neural Network EW | Multiple,Method equal weights,0.09235894,0.08144202,0.09548052,0.01091692,-0.00312158,0.01091692,0.00312158,0.00011918,9.74e-06,-0.00779534,-0.00010943,-0.06149758,-0.00142284,0.01906901,0.01596906,-0.00309995
2013-05-31,combo_equal_weight_nn_across_har_augmented_datasets_log_rolling,Neural Network EW | Multiple,Method equal weights,0.08770623,0.08524382,0.10060121,0.00246241,-0.01289498,0.00246241,0.01289498,6.06e-06,0.00016628,0.01043257,0.00016022,-0.05106502,-0.00126263,0.01603831,0.01595237,-8.594e-05
2013-06-30,combo_equal_weight_nn_across_har_augmented_datasets_log_rolling,Neural Network EW | Multiple,Method equal weights,0.12836694,0.09201597,0.09896535,0.03635097,0.02940158,0.03635097,0.02940158,0.00132139,0.00086445,-0.00694939,-0.00045694,-0.0580144,-0.00171957,0.01786574,0.01820164,0.00033589
2013-07-31,combo_equal_weight_nn_across_har_augmented_datasets_log_rolling,Neural Network EW | Multiple,Method equal weights,0.07678995,0.17146867,0.11422798,-0.09467873,-0.03743803,0.09467873,0.03743803,0.00896406,0.00140161,-0.0572407,-0.00756246,-0.1152551,-0.00928202,0.02346521,0.01966189,-0.00380332
2013-08-31,combo_equal_weight_nn_across_har_augmented_datasets_log_rolling,Neural Network EW | Multiple,Method equal weights,0.07837318,0.08782198,0.09643315,-0.0094488,-0.01805997,0.0094488,0.01805997,8.928e-05,0.00032616,0.00861117,0.00023688,-0.10664393,-0.00904514,0.01892114,0.01839045,-0.00053069
2013-09-30,combo_equal_weight_nn_across_har_augmented_datasets_log_rolling,Neural Network EW | Multiple,Method equal weights,0.07842193,0.11173801,0.09639643,-0.03331607,-0.01797449,0.03331607,0.01797449,0.00110996,0.00032308,-0.01534158,-0.00078688,-0.12198551,-0.00983202,0.02091446,0.01786466,-0.00304981
2013-10-31,combo_equal_weight_nn_across_har_augmented_datasets_log_rolling,Neural Network EW | Multiple,Method equal weights,0.08610878,0.09124137,0.09514152,-0.00513258,-0.00903273,0.00513258,0.00903273,2.634e-05,8.159e-05,0.00390015,5.525e-05,-0.11808536,-0.00977677,0.02128986,0.01814922,-0.00314064
2013-11-30,combo_equal_weight_nn_across_har_augmented_datasets_log_rolling,Neural Network EW | Multiple,Method equal weights,0.06981601,0.0894521,0.09755242,-0.01963609,-0.02773641,0.01963609,0.02773641,0.00038558,0.00076931,0.00810032,0.00038373,-0.10998504,-0.00939304,0.02188441,0.01985098,-0.00203343
2013-12-31,combo_equal_weight_nn_across_har_augmented_datasets_log_rolling,Neural Network EW | Multiple,Method equal weights,0.07121165,0.09204314,0.09196516,-0.02083149,-0.02075351,0.02083149,0.02075351,0.00043395,0.00043071,-7.797e-05,-3.24e-06,-0.11006301,-0.00939628,0.02342866,0.02078285,-0.0026458
2014-01-31,combo_equal_weight_nn_across_har_augmented_datasets_log_rolling,Neural Network EW | Multiple,Method equal weights,0.0885142,0.07946863,0.09186938,0.00904556,-0.00335518,0.00904556,0.00335518,8.182e-05,1.126e-05,-0.00569038,-7.056e-05,-0.11575339,-0.00946684,0.02167837,0.01786106,-0.0038173
2014-02-28,combo_equal_weight_nn_across_har_augmented_datasets_log_rolling,Neural Network EW | Multiple,Method equal weights,0.09024819,0.11386227,0.09720438,-0.02361408,-0.00695618,0.02361408,0.00695618,0.00055762,4.839e-05,-0.01665789,-0.00050924,-0.13241129,-0.00997608,0.02303478,0.0171288,-0.00590598
2014-03-31,combo_equal_weight_nn_across_har_augmented_datasets_log_rolling,Neural Network EW | Multiple,Method equal weights,0.09283748,0.08180145,0.09823287,0.01103602,-0.0053954,0.01103602,0.0053954,0.00012179,2.911e-05,-0.00564063,-9.268e-05,-0.13805192,-0.01006876,0.02303914,0.01601,-0.00702914
2014-04-30,combo_equal_weight_nn_across_har_augmented_datasets_log_rolling,Neural Network EW | Multiple,Method equal weights,0.0959287,0.08340589,0.09944134,0.01252281,-0.00351264,0.01252281,0.00351264,0.00015682,1.234e-05,-0.00901016,-0.00014448,-0.14706208,-0.01021325,0.02317297,0.01604259,-0.00713037
2014-05-31,combo_equal_weight_nn_across_har_augmented_datasets_log_rolling,Neural Network EW | Multiple,Method equal weights,0.07303027,0.10630022,0.10058053,-0.03326994,-0.02755026,0.03326994,0.02755026,0.00110689,0.00075902,-0.00571968,-0.00034787,-0.15278176,-0.01056112,0.02574026,0.01726387,-0.0084764
2014-06-30,combo_equal_weight_nn_across_har_augmented_datasets_log_rolling,Neural Network EW | Multiple,Method equal weights,0.05653613,0.07987691,0.09262975,-0.02334078,-0.03609362,0.02334078,0.03609362,0.00054479,0.00130275,0.01275284,0.00075796,-0.14002892,-0.00980316,0.02465608,0.01782154,-0.00683454
2014-07-31,combo_equal_weight_nn_across_har_augmented_datasets_log_rolling,Neural Network EW | Multiple,Method equal weights,0.0660717,0.11322625,0.08642521,-0.04715455,-0.02035351,0.04715455,0.02035351,0.00222355,0.00041427,-0.02680104,-0.00180929,-0.16682996,-0.01161245,0.02069573,0.01639783,-0.00429791
2014-08-31,combo_equal_weight_nn_across_har_augmented_datasets_log_rolling,Neural Network EW | Multiple,Method equal weights,0.0752277,0.07685572,0.08808877,-0.00162802,-0.01286107,0.00162802,0.01286107,2.65e-06,0.00016541,0.01123305,0.00016276,-0.15559691,-0.01144969,0.020044,0.01596458,-0.00407942
2014-09-30,combo_equal_weight_nn_across_har_augmented_datasets_log_rolling,Neural Network EW | Multiple,Method equal weights,0.0762108,0.073356,0.09063727,0.0028548,-0.01442647,0.0028548,0.01442647,8.15e-06,0.00020812,0.01157167,0.00019997,-0.14402524,-0.01124972,0.01750556,0.01566892,-0.00183664
2014-10-31,combo_equal_weight_nn_across_har_augmented_datasets_log_rolling,Neural Network EW | Multiple,Method equal weights,0.14399204,0.10619063,0.09121305,0.03780141,0.05277899,0.03780141,0.05277899,0.00142895,0.00278562,0.01497758,0.00135667,-0.12904767,-0.00989304,0.02022796,0.01931444,-0.00091353
2014-11-30,combo_equal_weight_nn_across_har_augmented_datasets_log_rolling,Neural Network EW | Multiple,Method equal weights,0.06427653,0.14065562,0.1166976,-0.07637909,-0.05242108,0.07637909,0.05242108,0.00583377,0.00274797,-0.02395801,-0.0030858,-0.15300568,-0.01297884,0.02495655,0.02137149,-0.00358505
2014-12-31,combo_equal_weight_nn_across_har_augmented_datasets_log_rolling,Neural Network EW | Multiple,Method equal weights,0.10043239,0.09696441,0.08989329,0.00346798,0.0105391,0.00346798,0.0105391,1.203e-05,0.00011107,0.00707112,9.905e-05,-0.14593456,-0.01287979,0.02350959,0.02052029,-0.0029893
2015-01-31,combo_equal_weight_nn_across_har_augmented_datasets_log_rolling,Neural Network EW | Multiple,Method equal weights,0.13813587,0.16292911,0.10182245,-0.02479323,0.03631343,0.02479323,0.03631343,0.0006147,0.00131866,0.01152019,0.00070396,-0.13441437,-0.01217583,0.02482189,0.02326681,-0.00155508
2015-02-28,combo_equal_weight_nn_across_har_augmented_datasets_log_rolling,Neural Network EW | Multiple,Method equal weights,0.09213617,0.14770769,0.11523843,-0.05557152,-0.02310226,0.05557152,0.02310226,0.00308819,0.00053371,-0.03246926,-0.00255448,-0.16688363,-0.01473031,0.02748501,0.02461232,-0.00287269
2015-03-31,combo_equal_weight_nn_across_har_augmented_datasets_log_rolling,Neural Network EW | Multiple,Method equal weights,0.08527221,0.0882537,0.1007801,-0.00298149,-0.0155079,0.00298149,0.0155079,8.89e-06,0.00024049,0.0125264,0.00023161,-0.15435723,-0.01449871,0.0268138,0.02545503,-0.00135878
2015-04-30,combo_equal_weight_nn_across_har_augmented_datasets_log_rolling,Neural Network EW | Multiple,Method equal weights,0.08426138,0.12146264,0.09809242,-0.03720126,-0.01383104,0.03720126,0.01383104,0.00138393,0.0001913,-0.02337023,-0.00119264,-0.17772745,-0.01569134,0.02887034,0.02631489,-0.00255545
2015-05-31,combo_equal_weight_nn_across_har_augmented_datasets_log_rolling,Neural Network EW | Multiple,Method equal weights,0.0753713,0.08714561,0.09617712,-0.0117743,-0.02080582,0.0117743,0.02080582,0.00013863,0.00043288,0.00903151,0.00029425,-0.16869594,-0.01539709,0.02707904,0.02575286,-0.00132618
2015-06-30,combo_equal_weight_nn_across_har_augmented_datasets_log_rolling,Neural Network EW | Multiple,Method equal weights,0.08191996,0.06419487,0.09304976,0.01772509,-0.01112981,0.01772509,0.01112981,0.00031418,0.00012387,-0.00659528,-0.00019031,-0.17529122,-0.0155874,0.02661106,0.02367254,-0.00293853
2015-07-31,combo_equal_weight_nn_across_har_augmented_datasets_log_rolling,Neural Network EW | Multiple,Method equal weights,0.08281331,0.0868639,0.09519662,-0.00405059,-0.01238331,0.00405059,0.01238331,1.641e-05,0.00015335,0.00833272,0.00013694,-0.1669585,-0.01545046,0.02301907,0.02300835,-1.071e-05
2015-08-31,combo_equal_weight_nn_across_har_augmented_datasets_log_rolling,Neural Network EW | Multiple,Method equal weights,0.18124678,0.10428692,0.09560516,0.07695985,0.08564162,0.07695985,0.08564162,0.00592282,0.00733449,0.00868176,0.00141167,-0.15827674,-0.01403879,0.02929672,0.0290734,-0.00022332
2015-09-30,combo_equal_weight_nn_across_har_augmented_datasets_log_rolling,Neural Network EW | Multiple,Method equal weights,0.15257606,0.16278481,0.13513135,-0.01020875,0.01744471,0.01020875,0.01744471,0.00010422,0.00030432,0.00723597,0.0002001,-0.15104077,-0.01383869,0.02990955,0.02932492,-0.00058463
2015-10-31,combo_equal_weight_nn_across_har_augmented_datasets_log_rolling,Neural Network EW | Multiple,Method equal weights,0.1095216,0.13062784,0.12697753,-0.02110625,-0.01745594,0.02110625,0.01745594,0.00044547,0.00030471,-0.00365031,-0.00014076,-0.15469108,-0.01397946,0.02851828,0.02638133,-0.00213695
2015-11-30,combo_equal_weight_nn_across_har_augmented_datasets_log_rolling,Neural Network EW | Multiple,Method equal weights,0.09094525,0.09232345,0.11088782,-0.0013782,-0.01994257,0.0013782,0.01994257,1.9e-06,0.00039771,0.01856437,0.00039581,-0.13612671,-0.01358365,0.02226821,0.02367479,0.00140658
2015-12-31,combo_equal_weight_nn_across_har_augmented_datasets_log_rolling,Neural Network EW | Multiple,Method equal weights,0.12220819,0.07402456,0.10290397,0.04818364,0.01930422,0.04818364,0.01930422,0.00232166,0.00037265,-0.02887942,-0.00194901,-0.16500613,-0.01553266,0.02599451,0.02440522,-0.0015893
2016-01-31,combo_equal_weight_nn_across_har_augmented_datasets_log_rolling,Neural Network EW | Multiple,Method equal weights,0.19111779,0.12421683,0.11368516,0.06690095,0.07743262,0.06690095,0.07743262,0.00447574,0.00599581,0.01053167,0.00152007,-0.15447445,-0.01401259,0.02950349,0.02783182,-0.00167167
2016-02-29,combo_equal_weight_nn_across_har_augmented_datasets_log_rolling,Neural Network EW | Multiple,Method equal weights,0.16301964,0.20710632,0.14513661,-0.04408668,0.01788303,0.04408668,0.01788303,0.00194364,0.0003198,-0.02620365,-0.00162383,-0.18067811,-0.01563642,0.02854642,0.02739688,-0.00114954
2016-03-31,combo_equal_weight_nn_across_har_augmented_datasets_log_rolling,Neural Network EW | Multiple,Method equal weights,0.09480278,0.16918032,0.13582316,-0.07437754,-0.04102037,0.07437754,0.04102037,0.00553202,0.00168267,-0.03335716,-0.00384935,-0.21403527,-0.01948577,0.03449609,0.02952292,-0.00497317
2016-04-30,combo_equal_weight_nn_across_har_augmented_datasets_log_rolling,Neural Network EW | Multiple,Method equal weights,0.08229344,0.09720652,0.10862824,-0.01491308,-0.02633481,0.01491308,0.02633481,0.0002224,0.00069352,0.01142173,0.00047112,-0.20261354,-0.01901464,0.03263874,0.0305649,-0.00207384
2016-05-31,combo_equal_weight_nn_across_har_augmented_datasets_log_rolling,Neural Network EW | Multiple,Method equal weights,0.08530203,0.1035851,0.10215381,-0.01828307,-0.01685178,0.01828307,0.01685178,0.00033427,0.00028398,-0.00143129,-5.029e-05,-0.20404484,-0.01906493,0.03318114,0.0302354,-0.00294574
2016-06-30,combo_equal_weight_nn_across_har_augmented_datasets_log_rolling,Neural Network EW | Multiple,Method equal weights,0.09397396,0.10602824,0.10191531,-0.01205428,-0.00794135,0.01205428,0.00794135,0.00014531,6.307e-05,-0.00411293,-8.224e-05,-0.20815777,-0.01914717,0.03270857,0.02996969,-0.00273888
2016-07-31,combo_equal_weight_nn_across_har_augmented_datasets_log_rolling,Neural Network EW | Multiple,Method equal weights,0.06662709,0.09431862,0.10466726,-0.02769152,-0.03804017,0.02769152,0.03804017,0.00076682,0.00144705,0.01034865,0.00068023,-0.19780912,-0.01846694,0.03467865,0.03210777,-0.00257089
2016-08-31,combo_equal_weight_nn_across_har_augmented_datasets_log_rolling,Neural Network EW | Multiple,Method equal weights,0.05875578,0.07578975,0.09501239,-0.01703396,-0.03625661,0.01703396,0.03625661,0.00029016,0.00131454,0.01922265,0.00102439,-0.17858648,-0.01744255,0.02968483,0.02799235,-0.00169248
2016-09-30,combo_equal_weight_nn_across_har_augmented_datasets_log_rolling,Neural Network EW | Multiple,Method equal weights,0.08956114,0.09546561,0.09092766,-0.00590446,-0.00136651,0.00590446,0.00136651,3.486e-05,1.87e-06,-0.00453795,-3.3e-05,-0.18312443,-0.01747555,0.02932614,0.0266525,-0.00267364
2016-10-31,combo_equal_weight_nn_across_har_augmented_datasets_log_rolling,Neural Network EW | Multiple,Method equal weights,0.07645832,0.09821751,0.10017519,-0.0217592,-0.02371688,0.0217592,0.02371688,0.00047346,0.00056249,0.00195768,8.903e-05,-0.18116675,-0.01738652,0.02938055,0.02717424,-0.00220631
2016-11-30,combo_equal_weight_nn_across_har_augmented_datasets_log_rolling,Neural Network EW | Multiple,Method equal weights,0.08613464,0.10005591,0.09596475,-0.01392128,-0.00983012,0.01392128,0.00983012,0.0001938,9.663e-05,-0.00409116,-9.717e-05,-0.18525791,-0.01748369,0.0304258,0.02633154,-0.00409427
2016-12-31,combo_equal_weight_nn_across_har_augmented_datasets_log_rolling,Neural Network EW | Multiple,Method equal weights,0.06241094,0.09405174,0.09959472,-0.0316408,-0.03718377,0.0316408,0.03718377,0.00100114,0.00138263,0.00554297,0.00038149,-0.17971493,-0.0171022,0.02904724,0.0278215,-0.00122573
2017-01-31,combo_equal_weight_nn_across_har_augmented_datasets_log_rolling,Neural Network EW | Multiple,Method equal weights,0.06212703,0.08185923,0.09131225,-0.01973219,-0.02918521,0.01973219,0.02918521,0.00038936,0.00085178,0.00945302,0.00046242,-0.17026191,-0.01663978,0.02511651,0.02380088,-0.00131562
2017-02-28,combo_equal_weight_nn_across_har_augmented_datasets_log_rolling,Neural Network EW | Multiple,Method equal weights,0.05181816,0.06656913,0.08981388,-0.01475097,-0.03799572,0.01475097,0.03799572,0.00021759,0.00144367,0.02324475,0.00122608,-0.14701716,-0.0154137,0.02267186,0.02547694,0.00280508
2017-03-31,combo_equal_weight_nn_across_har_augmented_datasets_log_rolling,Neural Network EW | Multiple,Method equal weights,0.06543911,0.07154597,0.08508029,-0.00610686,-0.01964118,0.00610686,0.01964118,3.729e-05,0.00038578,0.01353432,0.00034848,-0.13348284,-0.01506522,0.01698264,0.02369534,0.0067127
2017-04-30,combo_equal_weight_nn_across_har_augmented_datasets_log_rolling,Neural Network EW | Multiple,Method equal weights,0.06821277,0.07133766,0.08807873,-0.00312489,-0.01986596,0.00312489,0.01986596,9.76e-06,0.00039466,0.01674107,0.00038489,-0.11674177,-0.01468033,0.01600029,0.02315627,0.00715598
2017-05-31,combo_equal_weight_nn_across_har_augmented_datasets_log_rolling,Neural Network EW | Multiple,Method equal weights,0.05167712,0.08025503,0.08906903,-0.02857791,-0.03739191,0.02857791,0.03739191,0.0008167,0.00139815,0.008814,0.00058146,-0.10792777,-0.01409887,0.01685819,0.02486795,0.00800976
2017-06-30,combo_equal_weight_nn_across_har_augmented_datasets_log_rolling,Neural Network EW | Multiple,Method equal weights,0.06000712,0.06031003,0.08363599,-0.00030291,-0.02362887,0.00030291,0.02362887,9e-08,0.00055832,0.02332596,0.00055823,-0.08460181,-0.01354064,0.01587891,0.02617524,0.01029633
2017-07-31,combo_equal_weight_nn_across_har_augmented_datasets_log_rolling,Neural Network EW | Multiple,Method equal weights,0.04869214,0.06032264,0.08495022,-0.0116305,-0.03625807,0.0116305,0.03625807,0.00013527,0.00131465,0.02462758,0.00117938,-0.05997424,-0.01236126,0.01454049,0.02602673,0.01148624
2017-08-31,combo_equal_weight_nn_across_har_augmented_datasets_log_rolling,Neural Network EW | Multiple,Method equal weights,0.05895137,0.05388674,0.08032493,0.00506463,-0.02137356,0.00506463,0.02137356,2.565e-05,0.00045683,0.01630892,0.00043118,-0.04366532,-0.01193008,0.01354305,0.02478648,0.01124343
2017-09-30,combo_equal_weight_nn_across_har_augmented_datasets_log_rolling,Neural Network EW | Multiple,Method equal weights,0.04531107,0.0708253,0.08183425,-0.02551424,-0.03652319,0.02551424,0.03652319,0.00065098,0.00133394,0.01100895,0.00068297,-0.03265637,-0.01124711,0.0151772,0.0277162,0.01253901
2017-10-31,combo_equal_weight_nn_across_har_augmented_datasets_log_rolling,Neural Network EW | Multiple,Method equal weights,0.03786706,0.07275324,0.07706881,-0.03488618,-0.03920175,0.03488618,0.03920175,0.00121705,0.00153678,0.00431557,0.00031973,-0.0283408,-0.01092738,0.01627111,0.02900661,0.0127355
2017-11-30,combo_equal_weight_nn_across_har_augmented_datasets_log_rolling,Neural Network EW | Multiple,Method equal weights,0.04900293,0.04663806,0.07370597,0.00236487,-0.02470304,0.00236487,0.02470304,5.59e-06,0.00061024,0.02233816,0.00060465,-0.00600263,-0.01032273,0.01530808,0.03024602,0.01493794
2017-12-31,combo_equal_weight_nn_across_har_augmented_datasets_log_rolling,Neural Network EW | Multiple,Method equal weights,0.06019932,0.06955652,0.07481554,-0.00935721,-0.01461623,0.00935721,0.01461623,8.756e-05,0.00021363,0.00525902,0.00012608,-0.00074361,-0.01019666,0.01345111,0.02836539,0.01491428
2018-01-31,combo_equal_weight_nn_across_har_augmented_datasets_log_rolling,Neural Network EW | Multiple,Method equal weights,0.06519769,0.07144626,0.07762023,-0.00624857,-0.01242254,0.00624857,0.01242254,3.904e-05,0.00015432,0.00617397,0.00011527,0.00543036,-0.01008138,0.01232748,0.0269685,0.01464102
2018-02-28,combo_equal_weight_nn_across_har_augmented_datasets_log_rolling,Neural Network EW | Multiple,Method equal weights,0.1387046,0.06547608,0.07819547,0.07322852,0.06050912,0.07322852,0.06050912,0.00536242,0.00366135,-0.01271939,-0.00170106,-0.00728903,-0.01178244,0.01720061,0.02884462,0.01164401
2018-03-31,combo_equal_weight_nn_across_har_augmented_datasets_log_rolling,Neural Network EW | Multiple,Method equal weights,0.13891564,0.11794106,0.10438966,0.02097457,0.03452598,0.02097457,0.03452598,0.00043993,0.00119204,0.01355141,0.00075211,0.00626237,-0.01103033,0.01843958,0.03008502,0.01164543
2018-04-30,combo_equal_weight_nn_across_har_augmented_datasets_log_rolling,Neural Network EW | Multiple,Method equal weights,0.1407784,0.21708666,0.10640081,-0.07630826,0.03437759,0.07630826,0.03437759,0.00582295,0.00118182,-0.04193067,-0.00464113,-0.0356683,-0.01567146,0.0245382,0.03129432,0.00675612
2018-05-31,combo_equal_weight_nn_across_har_augmented_datasets_log_rolling,Neural Network EW | Multiple,Method equal weights,0.09507116,0.12710222,0.10993222,-0.03203106,-0.01486106,0.03203106,0.01486106,0.00102599,0.00022085,-0.01717,-0.00080514,-0.0528383,-0.0164766,0.02482596,0.02941675,0.00459079
2018-06-30,combo_equal_weight_nn_across_har_augmented_datasets_log_rolling,Neural Network EW | Multiple,Method equal weights,0.08039533,0.07894914,0.09331526,0.0014462,-0.01291992,0.0014462,0.01291992,2.09e-06,0.00016692,0.01147373,0.00016483,-0.04136457,-0.01631177,0.02492123,0.02852434,0.0036031
2018-07-31,combo_equal_weight_nn_across_har_augmented_datasets_log_rolling,Neural Network EW | Multiple,Method equal weights,0.0690613,0.09069371,0.08786672,-0.02163241,-0.01880541,0.02163241,0.01880541,0.00046796,0.00035364,-0.002827,-0.00011432,-0.04419157,-0.01642609,0.02575473,0.02706995,0.00131522
2018-08-31,combo_equal_weight_nn_across_har_augmented_datasets_log_rolling,Neural Network EW | Multiple,Method equal weights,0.05968197,0.06744783,0.08387116,-0.00776586,-0.02418919,0.00776586,0.02418919,6.031e-05,0.00058512,0.01642333,0.00052481,-0.02776824,-0.01590128,0.02597983,0.02730459,0.00132476
2018-09-30,combo_equal_weight_nn_across_har_augmented_datasets_log_rolling,Neural Network EW | Multiple,Method equal weights,0.0654128,0.07571782,0.08064715,-0.01030502,-0.01523435,0.01030502,0.01523435,0.00010619,0.00023209,0.00492933,0.00012589,-0.02283891,-0.01577539,0.02471239,0.02553052,0.00081812
2018-10-31,combo_equal_weight_nn_across_har_augmented_datasets_log_rolling,Neural Network EW | Multiple,Method equal weights,0.17260155,0.06430339,0.08166035,0.10829815,0.0909412,0.10829815,0.0909412,0.01172849,0.0082703,-0.01735695,-0.00345819,-0.04019586,-0.01923357,0.03083006,0.02984214,-0.00098792
2018-11-30,combo_equal_weight_nn_across_har_augmented_datasets_log_rolling,Neural Network EW | Multiple,Method equal weights,0.14550899,0.10775243,0.1199506,0.03775657,0.02555839,0.03775657,0.02555839,0.00142556,0.00065323,-0.01219817,-0.00077233,-0.05239403,-0.0200059,0.03377937,0.02991342,-0.00386595
2018-12-31,combo_equal_weight_nn_across_har_augmented_datasets_log_rolling,Neural Network EW | Multiple,Method equal weights,0.23558433,0.12694708,0.11588897,0.10863725,0.11969536,0.10863725,0.11969536,0.01180205,0.01432698,0.01105811,0.00252493,-0.04133592,-0.01748097,0.0420527,0.03867001,-0.00338269
2019-01-31,combo_equal_weight_nn_across_har_augmented_datasets_log_rolling,Neural Network EW | Multiple,Method equal weights,0.13805562,0.21678714,0.18961141,-0.07873151,-0.05155579,0.07873151,0.05155579,0.00619865,0.002658,-0.02717573,-0.00354065,-0.06851165,-0.02102163,0.04809295,0.04193111,-0.00616183
2019-02-28,combo_equal_weight_nn_across_har_augmented_datasets_log_rolling,Neural Network EW | Multiple,Method equal weights,0.08205478,0.09226932,0.11797261,-0.01021454,-0.03591783,0.01021454,0.03591783,0.00010434,0.00129009,0.02570329,0.00118575,-0.04280836,-0.01983587,0.04284178,0.03988184,-0.00295994
2019-03-31,combo_equal_weight_nn_across_har_augmented_datasets_log_rolling,Neural Network EW | Multiple,Method equal weights,0.09470707,0.11689203,0.0875381,-0.02218496,0.00716898,0.02218496,0.00716898,0.00049217,5.139e-05,-0.01501598,-0.00044078,-0.05782434,-0.02027665,0.04294265,0.03760209,-0.00534056
2019-04-30,combo_equal_weight_nn_across_har_augmented_datasets_log_rolling,Neural Network EW | Multiple,Method equal weights,0.05727866,0.09779696,0.09525854,-0.0405183,-0.03797988,0.0405183,0.03797988,0.00164173,0.00144247,-0.00253842,-0.00019926,-0.06036276,-0.02047591,0.03996015,0.03790228,-0.00205787
2019-05-31,combo_equal_weight_nn_across_har_augmented_datasets_log_rolling,Neural Network EW | Multiple,Method equal weights,0.11646584,0.06435394,0.07847861,0.0521119,0.03798723,0.0521119,0.03798723,0.00271565,0.00144303,-0.01412467,-0.00127262,-0.07448743,-0.02174853,0.04163356,0.03982946,-0.00180409
2019-06-30,combo_equal_weight_nn_across_har_augmented_datasets_log_rolling,Neural Network EW | Multiple,Method equal weights,0.08633239,0.14499511,0.10607152,-0.05866272,-0.01973913,0.05866272,0.01973913,0.00344131,0.00038963,-0.03892359,-0.00305168,-0.11341102,-0.02480021,0.0464016,0.04039773,-0.00600387
2019-07-31,combo_equal_weight_nn_across_har_augmented_datasets_log_rolling,Neural Network EW | Multiple,Method equal weights,0.06669148,0.08767853,0.09128019,-0.02098705,-0.02458871,0.02098705,0.02458871,0.00044046,0.0006046,0.00360166,0.00016415,-0.10980936,-0.02463606,0.04634782,0.04087967,-0.00546815
2019-08-31,combo_equal_weight_nn_across_har_augmented_datasets_log_rolling,Neural Network EW | Multiple,Method equal weights,0.13916472,0.08028674,0.08281996,0.05887799,0.05634477,0.05887799,0.05634477,0.00346662,0.00317473,-0.00253322,-0.00029188,-0.11234258,-0.02492795,0.05060716,0.0435593,-0.00704786
2019-09-30,combo_equal_weight_nn_across_har_augmented_datasets_log_rolling,Neural Network EW | Multiple,Method equal weights,0.08899928,0.11862765,0.11891754,-0.02962837,-0.02991826,0.02962837,0.02991826,0.00087784,0.0008951,0.00028989,1.726e-05,-0.11205269,-0.02491069,0.05221744,0.04478296,-0.00743448
2019-10-31,combo_equal_weight_nn_across_har_augmented_datasets_log_rolling,Neural Network EW | Multiple,Method equal weights,0.09164451,0.18460824,0.09436573,-0.09296373,-0.00272122,0.09296373,0.00272122,0.00864225,7.41e-06,-0.09024251,-0.00863485,-0.2022952,-0.03354554,0.05093957,0.0374313,-0.01350828
2019-11-30,combo_equal_weight_nn_across_har_augmented_datasets_log_rolling,Neural Network EW | Multiple,Method equal weights,0.05524849,0.07889525,0.09472056,-0.02364676,-0.03947207,0.02364676,0.03947207,0.00055917,0.00155804,0.01582531,0.00099887,-0.18646989,-0.03254666,0.04976376,0.03859077,-0.01117299
2019-12-31,combo_equal_weight_nn_across_har_augmented_datasets_log_rolling,Neural Network EW | Multiple,Method equal weights,0.06209932,0.08586276,0.07849395,-0.02376344,-0.01639463,0.02376344,0.01639463,0.0005647,0.00026878,-0.00736881,-0.00029592,-0.1938387,-0.03284258,0.04269094,0.02998237,-0.01270856
2020-01-31,combo_equal_weight_nn_across_har_augmented_datasets_log_rolling,Neural Network EW | Multiple,Method equal weights,0.07975763,0.06137871,0.07879248,0.01837892,0.00096515,0.01837892,0.00096515,0.00033778,9.3e-07,-0.01741377,-0.00033685,-0.21125247,-0.03317943,0.03766156,0.02576649,-0.01189507
2020-02-29,combo_equal_weight_nn_across_har_augmented_datasets_log_rolling,Neural Network EW | Multiple,Method equal weights,0.18564385,0.10494239,0.08500203,0.08070145,0.10064182,0.08070145,0.10064182,0.00651272,0.01012878,0.01994036,0.00361605,-0.19131211,-0.02956338,0.04353547,0.03116015,-0.01237531
2020-03-31,combo_equal_weight_nn_across_har_augmented_datasets_log_rolling,Neural Network EW | Multiple,Method equal weights,0.58295547,0.24272323,0.14520964,0.34023225,0.43774583,0.34023225,0.43774583,0.11575798,0.19162141,0.09751359,0.07586343,-0.09379852,0.04630005,0.07003941,0.06704156,-0.00299785
2020-04-30,combo_equal_weight_nn_across_har_augmented_datasets_log_rolling,Neural Network EW | Multiple,Method equal weights,0.24991991,0.75286177,1.54497553,-0.50294186,-1.29505562,0.50294186,1.29505562,0.25295052,1.67716907,0.79211376,1.42421855,0.69831523,1.4705186,0.1085747,0.17179787,0.06322317
2020-05-31,combo_equal_weight_nn_across_har_augmented_datasets_log_rolling,Neural Network EW | Multiple,Method equal weights,0.16410989,0.07890191,0.187209,0.08520799,-0.0230991,0.08520799,0.0230991,0.0072604,0.00053357,-0.06210888,-0.00672683,0.63620635,1.46379177,0.11133271,0.17055719,0.05922448
2020-06-30,combo_equal_weight_nn_across_har_augmented_datasets_log_rolling,Neural Network EW | Multiple,Method equal weights,0.18276328,0.13955213,0.13434073,0.04321115,0.04842255,0.04321115,0.04842255,0.0018672,0.00234474,0.0052114,0.00047754,0.64141775,1.46426931,0.11004508,0.17294748,0.0629024
2020-07-31,combo_equal_weight_nn_across_har_augmented_datasets_log_rolling,Neural Network EW | Multiple,Method equal weights,0.13369031,0.22353256,0.14973507,-0.08984225,-0.01604476,0.08984225,0.01604476,0.00807163,0.00025743,-0.07379749,-0.0078142,0.56762026,1.45645511,0.11578301,0.17223548,0.05645247
2020-08-31,combo_equal_weight_nn_across_har_augmented_datasets_log_rolling,Neural Network EW | Multiple,Method equal weights,0.08711462,0.14573717,0.12370315,-0.05862255,-0.03658853,0.05862255,0.03658853,0.0034366,0.00133872,-0.02203402,-0.00209788,0.54558625,1.45435723,0.11576173,0.17058913,0.0548274
2020-09-30,combo_equal_weight_nn_across_har_augmented_datasets_log_rolling,Neural Network EW | Multiple,Method equal weights,0.18583484,0.11846825,0.10151568,0.06736658,0.08431916,0.06736658,0.08431916,0.00453826,0.00710972,0.01695258,0.00257146,0.56253882,1.45692869,0.11890658,0.17512254,0.05621596
2020-10-31,combo_equal_weight_nn_across_har_augmented_datasets_log_rolling,Neural Network EW | Multiple,Method equal weights,0.14700764,0.17791155,0.14927946,-0.03090392,-0.00227183,0.03090392,0.00227183,0.00095505,5.16e-06,-0.02863209,-0.00094989,0.53390673,1.4559788,0.11373493,0.17508509,0.06135016
2020-11-30,combo_equal_weight_nn_across_har_augmented_datasets_log_rolling,Neural Network EW | Multiple,Method equal weights,0.13540578,0.12058514,0.13272256,0.01482064,0.00268322,0.01482064,0.00268322,0.00021965,7.2e-06,-0.01213742,-0.00021245,0.52176931,1.45576635,0.11299942,0.17201935,0.05901993
2020-12-31,combo_equal_weight_nn_across_har_augmented_datasets_log_rolling,Neural Network EW | Multiple,Method equal weights,0.08727809,0.09842504,0.13042698,-0.01114695,-0.04314889,0.01114695,0.04314889,0.00012425,0.00186183,0.03200194,0.00173757,0.55377125,1.45750392,0.11194804,0.17424887,0.06230083
2021-01-31,combo_equal_weight_nn_across_har_augmented_datasets_log_rolling,Neural Network EW | Multiple,Method equal weights,0.12643455,0.19704212,0.10846867,-0.07060756,0.01796589,0.07060756,0.01796589,0.00498543,0.00032277,-0.05264168,-0.00466265,0.50112957,1.45284127,0.11630043,0.1756656,0.05936517
2021-02-28,combo_equal_weight_nn_across_har_augmented_datasets_log_rolling,Neural Network EW | Multiple,Method equal weights,0.12196964,0.16025652,0.12688707,-0.03828688,-0.00491743,0.03828688,0.00491743,0.00146589,2.418e-05,-0.03336945,-0.0014417,0.46776012,1.45139956,0.11276588,0.16768857,0.05492269
2021-03-31,combo_equal_weight_nn_across_har_augmented_datasets_log_rolling,Neural Network EW | Multiple,Method equal weights,0.14192329,0.08817693,0.12423121,0.05374636,0.01769207,0.05374636,0.01769207,0.00288867,0.00031301,-0.03605428,-0.00257566,0.43170584,1.4488239,0.08889206,0.13268409,0.04379203
2021-04-30,combo_equal_weight_nn_across_har_augmented_datasets_log_rolling,Neural Network EW | Multiple,Method equal weights,0.07227313,0.11171839,0.12520714,-0.03944527,-0.05293401,0.03944527,0.05293401,0.00155593,0.00280201,0.01348874,0.00124608,0.44519458,1.45006998,0.05026734,0.02917395,-0.02109339
2021-05-31,combo_equal_weight_nn_across_har_augmented_datasets_log_rolling,Neural Network EW | Multiple,Method equal weights,0.09818055,0.10538827,0.09539606,-0.00720772,0.00278449,0.00720772,0.00278449,5.195e-05,7.75e-06,-0.00442323,-4.42e-05,0.44077135,1.45002578,0.04376732,0.02748107,-0.01628625
2021-06-30,combo_equal_weight_nn_across_har_augmented_datasets_log_rolling,Neural Network EW | Multiple,Method equal weights,0.06526994,0.09573864,0.10263326,-0.03046871,-0.03736333,0.03046871,0.03736333,0.00092834,0.00139602,0.00689462,0.00046768,0.44766597,1.45049346,0.04270545,0.02655947,-0.01614598
2021-07-31,combo_equal_weight_nn_across_har_augmented_datasets_log_rolling,Neural Network EW | Multiple,Method equal weights,0.07520977,0.11705753,0.08885329,-0.04184776,-0.01364352,0.04184776,0.01364352,0.00175124,0.00018615,-0.02820424,-0.00156509,0.41946173,1.44892837,0.03870591,0.02635936,-0.01234654
2021-08-31,combo_equal_weight_nn_across_har_augmented_datasets_log_rolling,Neural Network EW | Multiple,Method equal weights,0.06362476,0.09455164,0.09090206,-0.03092688,-0.02727729,0.03092688,0.02727729,0.00095647,0.00074405,-0.00364958,-0.00021242,0.41581215,1.44871595,0.03639794,0.02558343,-0.01081451
2021-09-30,combo_equal_weight_nn_across_har_augmented_datasets_log_rolling,Neural Network EW | Multiple,Method equal weights,0.10189251,0.07281902,0.08521496,0.02907349,0.01667755,0.02907349,0.01667755,0.00084527,0.00027814,-0.01239594,-0.00056713,0.40341621,1.44814882,0.03320684,0.01994663,-0.01326022
2021-10-31,combo_equal_weight_nn_across_har_augmented_datasets_log_rolling,Neural Network EW | Multiple,Method equal weights,0.09768553,0.10880235,0.09621429,-0.01111682,0.00147123,0.01111682,0.00147123,0.00012358,2.16e-06,-0.00964559,-0.00012142,0.39377062,1.4480274,0.03155792,0.01987991,-0.01167801
2021-11-30,combo_equal_weight_nn_across_har_augmented_datasets_log_rolling,Neural Network EW | Multiple,Method equal weights,0.08990034,0.0599336,0.09457941,0.02996674,-0.00467908,0.02996674,0.00467908,0.00089801,2.189e-05,-0.02528766,-0.00087611,0.36848296,1.44715129,0.03282009,0.02004623,-0.01277386
2021-12-31,combo_equal_weight_nn_across_har_augmented_datasets_log_rolling,Neural Network EW | Multiple,Method equal weights,0.12715669,0.10842702,0.09180554,0.01872967,0.03535115,0.01872967,0.03535115,0.0003508,0.0012497,0.01662148,0.0008989,0.38510444,1.44805019,0.03345199,0.01939642,-0.01405557
2022-01-31,combo_equal_weight_nn_across_har_augmented_datasets_log_rolling,Neural Network EW | Multiple,Method equal weights,0.2054063,0.10336856,0.10455535,0.10203774,0.10085095,0.10203774,0.10085095,0.0104117,0.01017091,-0.00118679,-0.00024079,0.38391764,1.44780941,0.03607117,0.02630351,-0.00976766
2022-02-28,combo_equal_weight_nn_across_har_augmented_datasets_log_rolling,Neural Network EW | Multiple,Method equal weights,0.18906515,0.17911685,0.13873051,0.0099483,0.05033464,0.0099483,0.05033464,9.897e-05,0.00253358,0.04038634,0.00243461,0.42430398,1.45024401,0.03370962,0.03008828,-0.00362134
2022-03-31,combo_equal_weight_nn_across_har_augmented_datasets_log_rolling,Neural Network EW | Multiple,Method equal weights,0.1731367,0.23795734,0.13572155,-0.06482064,0.03741514,0.06482064,0.03741514,0.00420172,0.00139989,-0.0274055,-0.00280182,0.39689849,1.44744219,0.03463248,0.03173187,-0.00290061
2022-04-30,combo_equal_weight_nn_across_har_augmented_datasets_log_rolling,Neural Network EW | Multiple,Method equal weights,0.15851479,0.152474,0.13127507,0.00604079,0.02723972,0.00604079,0.02723972,3.649e-05,0.000742,0.02119892,0.00070551,0.41809741,1.4481477,0.03184877,0.02959067,-0.0022581
2022-05-31,combo_equal_weight_nn_across_har_augmented_datasets_log_rolling,Neural Network EW | Multiple,Method equal weights,0.2578389,0.16413642,0.12724383,0.09370249,0.13059508,0.09370249,0.13059508,0.00878016,0.01705507,0.03689259,0.00827492,0.45499,1.45642262,0.03905667,0.04024156,0.00118489
2022-06-30,combo_equal_weight_nn_across_har_augmented_datasets_log_rolling,Neural Network EW | Multiple,Method equal weights,0.20628661,0.2942648,0.18639549,-0.08797819,0.01989112,0.08797819,0.01989112,0.00774016,0.00039566,-0.06808707,-0.00734451,0.38690293,1.44907811,0.04384913,0.03878554,-0.00506359
2022-07-31,combo_equal_weight_nn_across_har_augmented_datasets_log_rolling,Neural Network EW | Multiple,Method equal weights,0.16389054,0.24626958,0.16323174,-0.08237904,0.0006588,0.08237904,0.0006588,0.00678631,4.3e-07,-0.08172023,-0.00678587,0.30518269,1.44229224,0.04722673,0.03770348,-0.00952325
2022-08-31,combo_equal_weight_nn_across_har_augmented_datasets_log_rolling,Neural Network EW | Multiple,Method equal weights,0.13005032,0.11796966,0.14456027,0.01208066,-0.01450995,0.01208066,0.01450995,0.00014594,0.00021054,0.00242929,6.46e-05,0.30761198,1.44235684,0.04565621,0.03663953,-0.00901668
2022-09-30,combo_equal_weight_nn_across_har_augmented_datasets_log_rolling,Neural Network EW | Multiple,Method equal weights,0.19626273,0.13053234,0.12637585,0.06573039,0.06988687,0.06573039,0.06988687,0.00432048,0.00488417,0.00415648,0.00056369,0.31176846,1.44292053,0.04871096,0.04107364,-0.00763731
2022-10-31,combo_equal_weight_nn_across_har_augmented_datasets_log_rolling,Neural Network EW | Multiple,Method equal weights,0.19975826,0.21335994,0.1614805,-0.01360168,0.03827776,0.01360168,0.03827776,0.00018501,0.00146519,0.02467608,0.00128018,0.33644454,1.44420071,0.04891803,0.04414085,-0.00477717
2022-11-30,combo_equal_weight_nn_across_har_augmented_datasets_log_rolling,Neural Network EW | Multiple,Method equal weights,0.16948675,0.15585865,0.170144,0.0136281,-0.00065725,0.0136281,0.00065725,0.00018573,4.3e-07,-0.01297084,-0.00018529,0.3234737,1.44401542,0.04755647,0.0438057,-0.00375077
2022-12-31,combo_equal_weight_nn_across_har_augmented_datasets_log_rolling,Neural Network EW | Multiple,Method equal weights,0.15877952,0.21620735,0.15843758,-0.05742783,0.00034194,0.05742783,0.00034194,0.00329796,1.2e-07,-0.05708589,-0.00329784,0.26638781,1.44071758,0.05078132,0.04088827,-0.00989305
2023-01-31,combo_equal_weight_nn_across_har_augmented_datasets_log_rolling,Neural Network EW | Multiple,Method equal weights,0.14255764,0.14316907,0.15281384,-0.00061143,-0.01025621,0.00061143,0.01025621,3.7e-07,0.00010519,0.00964477,0.00010482,0.27603258,1.44082239,0.04232913,0.03333871,-0.00899042
2023-02-28,combo_equal_weight_nn_across_har_augmented_datasets_log_rolling,Neural Network EW | Multiple,Method equal weights,0.14798801,0.12623495,0.14108966,0.02175306,0.00689835,0.02175306,0.00689835,0.0004732,4.759e-05,-0.0148547,-0.00042561,0.26117788,1.44039679,0.04331286,0.02971902,-0.01359384
2023-03-31,combo_equal_weight_nn_across_har_augmented_datasets_log_rolling,Neural Network EW | Multiple,Method equal weights,0.16589266,0.13345927,0.14245861,0.03243339,0.02343405,0.03243339,0.02343405,0.00105192,0.00054915,-0.00899934,-0.00050277,0.25217854,1.43989402,0.04061392,0.02855393,-0.01206
2023-04-30,combo_equal_weight_nn_across_har_augmented_datasets_log_rolling,Neural Network EW | Multiple,Method equal weights,0.08994252,0.09924958,0.15253063,-0.00930706,-0.06258811,0.00930706,0.06258811,8.662e-05,0.00391727,0.05328105,0.00383065,0.30545959,1.44372467,0.04088611,0.03149962,-0.00938649
2023-05-31,combo_equal_weight_nn_across_har_augmented_datasets_log_rolling,Neural Network EW | Multiple,Method equal weights,0.10574234,0.09516092,0.11438662,0.01058142,-0.00864427,0.01058142,0.00864427,0.00011197,7.472e-05,-0.00193715,-3.724e-05,0.30352244,1.44368742,0.03395935,0.02133706,-0.0126223
2023-06-30,combo_equal_weight_nn_across_har_augmented_datasets_log_rolling,Neural Network EW | Multiple,Method equal weights,0.09100868,0.08623879,0.11566273,0.00476988,-0.02465406,0.00476988,0.02465406,2.275e-05,0.00060782,0.01988417,0.00058507,0.32340661,1.44427249,0.02702533,0.02173397,-0.00529136
2023-07-31,combo_equal_weight_nn_across_har_augmented_datasets_log_rolling,Neural Network EW | Multiple,Method equal weights,0.07268551,0.07962674,0.10498751,-0.00694123,-0.032302,0.00694123,0.032302,4.818e-05,0.00104342,0.02536077,0.00099524,0.34876738,1.44526773,0.02073884,0.0243709,0.00363206
2023-08-31,combo_equal_weight_nn_across_har_augmented_datasets_log_rolling,Neural Network EW | Multiple,Method equal weights,0.09745315,0.09036032,0.09628427,0.00709283,0.00116888,0.00709283,0.00116888,5.031e-05,1.37e-06,-0.00592395,-4.894e-05,0.34284343,1.44521879,0.02032319,0.02325915,0.00293595
2023-09-30,combo_equal_weight_nn_across_har_augmented_datasets_log_rolling,Neural Network EW | Multiple,Method equal weights,0.09176085,0.07323184,0.10361721,0.01852901,-0.01185637,0.01852901,0.01185637,0.00034332,0.00014057,-0.00667264,-0.00020275,0.33617078,1.44501604,0.01638974,0.01842327,0.00203353
2023-10-31,combo_equal_weight_nn_across_har_augmented_datasets_log_rolling,Neural Network EW | Multiple,Method equal weights,0.12613768,0.07383636,0.10019084,0.05230132,0.02594684,0.05230132,0.02594684,0.00273543,0.00067324,-0.02635448,-0.00206219,0.3098163,1.44295385,0.01961471,0.01739569,-0.00221902
2023-11-30,combo_equal_weight_nn_across_har_augmented_datasets_log_rolling,Neural Network EW | Multiple,Method equal weights,0.08061106,0.1167525,0.11318387,-0.03614144,-0.03257281,0.03614144,0.03257281,0.0013062,0.00106099,-0.00356863,-0.00024522,0.30624767,1.44270863,0.02149083,0.02005532,-0.0014355
2023-12-31,combo_equal_weight_nn_across_har_augmented_datasets_log_rolling,Neural Network EW | Multiple,Method equal weights,0.07463208,0.06720316,0.09612049,0.00742893,-0.0214884,0.00742893,0.0214884,5.519e-05,0.00046175,0.01405948,0.00040656,0.32030715,1.4431152,0.01732425,0.02181753,0.00449328
2024-01-31,combo_equal_weight_nn_across_har_augmented_datasets_log_rolling,Neural Network EW | Multiple,Method equal weights,0.0851791,0.10435802,0.09260378,-0.01917892,-0.00742468,0.01917892,0.00742468,0.00036783,5.513e-05,-0.01175424,-0.00031271,0.30855291,1.44280249,0.01887154,0.02158157,0.00271003
2011-03-31,combo_equal_weight_all_har_augmented_ml_x_dataset_log_rolling,Equal Weight | All ML,All-model forecast combinations,0.1239968,0.09917742,0.11607562,0.02481938,0.00792117,0.02481938,0.00792117,0.000616,6.274e-05,-0.01689821,-0.00055326,-0.01689821,-0.00055326,,,
2011-04-30,combo_equal_weight_all_har_augmented_ml_x_dataset_log_rolling,Equal Weight | All ML,All-model forecast combinations,0.08197577,0.11140735,0.12651617,-0.02943158,-0.0445404,0.02943158,0.0445404,0.00086622,0.00198385,0.01510882,0.00111763,-0.00178939,0.00056437,,,
2011-05-31,combo_equal_weight_all_har_augmented_ml_x_dataset_log_rolling,Equal Weight | All ML,All-model forecast combinations,0.10443997,0.1008396,0.11306831,0.00360037,-0.00862834,0.00360037,0.00862834,1.296e-05,7.445e-05,0.00502797,6.149e-05,0.00323859,0.00062586,,,
2011-06-30,combo_equal_weight_all_har_augmented_ml_x_dataset_log_rolling,Equal Weight | All ML,All-model forecast combinations,0.11731825,0.11143251,0.11566157,0.00588575,0.00165669,0.00588575,0.00165669,3.464e-05,2.74e-06,-0.00422906,-3.19e-05,-0.00099047,0.00059396,,,
2011-07-31,combo_equal_weight_all_har_augmented_ml_x_dataset_log_rolling,Equal Weight | All ML,All-model forecast combinations,0.11132267,0.10949662,0.11708849,0.00182605,-0.00576582,0.00182605,0.00576582,3.33e-06,3.324e-05,0.00393977,2.991e-05,0.0029493,0.00062387,,,
2011-08-31,combo_equal_weight_all_har_augmented_ml_x_dataset_log_rolling,Equal Weight | All ML,All-model forecast combinations,0.30047559,0.132052,0.11397057,0.16842358,0.18650502,0.16842358,0.18650502,0.0283665,0.03478412,0.01808144,0.00641762,0.02103073,0.00704149,,,
2011-09-30,combo_equal_weight_all_har_augmented_ml_x_dataset_log_rolling,Equal Weight | All ML,All-model forecast combinations,0.23741865,0.22321083,0.18733709,0.01420782,0.05008156,0.01420782,0.05008156,0.00020186,0.00250816,0.03587374,0.0023063,0.05690448,0.00934779,,,
2011-10-31,combo_equal_weight_all_har_augmented_ml_x_dataset_log_rolling,Equal Weight | All ML,All-model forecast combinations,0.21104059,0.24746283,0.15661848,-0.03642224,0.05442212,0.03642224,0.05442212,0.00132658,0.00296177,0.01799987,0.00163519,0.07490435,0.01098298,,,
2011-11-30,combo_equal_weight_all_har_augmented_ml_x_dataset_log_rolling,Equal Weight | All ML,All-model forecast combinations,0.18299764,0.16446781,0.14490642,0.01852983,0.03809122,0.01852983,0.03809122,0.00034335,0.00145094,0.01956139,0.00110759,0.09446574,0.01209056,,,
2011-12-31,combo_equal_weight_all_har_augmented_ml_x_dataset_log_rolling,Equal Weight | All ML,All-model forecast combinations,0.12641057,0.15370993,0.1422497,-0.02729936,-0.01583913,0.02729936,0.01583913,0.00074526,0.00025088,-0.01146023,-0.00049438,0.08300551,0.01159619,,,
2012-01-31,combo_equal_weight_all_har_augmented_ml_x_dataset_log_rolling,Equal Weight | All ML,All-model forecast combinations,0.09173477,0.15105225,0.12693949,-0.05931747,-0.03520472,0.05931747,0.03520472,0.00351856,0.00123937,-0.02411276,-0.00227919,0.05889275,0.009317,,,
2012-02-29,combo_equal_weight_all_har_augmented_ml_x_dataset_log_rolling,Equal Weight | All ML,All-model forecast combinations,0.08055043,0.11937905,0.1137494,-0.03882862,-0.03319897,0.03882862,0.03319897,0.00150766,0.00110217,-0.00562965,-0.00040549,0.05326311,0.00891151,0.035716,0.0401546,0.00443859
2012-03-31,combo_equal_weight_all_har_augmented_ml_x_dataset_log_rolling,Equal Weight | All ML,All-model forecast combinations,0.07616645,0.103045,0.10772076,-0.02687854,-0.03155431,0.02687854,0.03155431,0.00072246,0.00099567,0.00467576,0.00027322,0.05793887,0.00918472,0.0358876,0.04212402,0.00623642
2012-04-30,combo_equal_weight_all_har_augmented_ml_x_dataset_log_rolling,Equal Weight | All ML,All-model forecast combinations,0.09057891,0.09921881,0.10505353,-0.00863991,-0.01447463,0.00863991,0.01447463,7.465e-05,0.00020951,0.00583472,0.00013487,0.06377359,0.00931959,0.03415496,0.03961854,0.00546358
2012-05-31,combo_equal_weight_all_har_augmented_ml_x_dataset_log_rolling,Equal Weight | All ML,All-model forecast combinations,0.12253117,0.10307913,0.10943598,0.01945204,0.0130952,0.01945204,0.0130952,0.00037838,0.00017148,-0.00635685,-0.0002069,0.05741675,0.00911269,0.03547594,0.03999078,0.00451485
2012-06-30,combo_equal_weight_all_har_augmented_ml_x_dataset_log_rolling,Equal Weight | All ML,All-model forecast combinations,0.11937706,0.12329681,0.12178747,-0.00391976,-0.00241041,0.00391976,0.00241041,1.536e-05,5.81e-06,-0.00150935,-9.55e-06,0.0559074,0.00910314,0.0353121,0.04005359,0.00474149
2012-07-31,combo_equal_weight_all_har_augmented_ml_x_dataset_log_rolling,Equal Weight | All ML,All-model forecast combinations,0.1008825,0.11790415,0.12079751,-0.01702165,-0.01991501,0.01702165,0.01991501,0.00028974,0.00039661,0.00289336,0.00010687,0.05880076,0.00921001,0.0365784,0.04123269,0.00465429
2012-08-31,combo_equal_weight_all_har_augmented_ml_x_dataset_log_rolling,Equal Weight | All ML,All-model forecast combinations,0.08005638,0.12276046,0.11337364,-0.04270408,-0.03331726,0.04270408,0.03331726,0.00182364,0.00111004,-0.00938682,-0.0007136,0.04941394,0.00849641,0.02610178,0.02846704,0.00236527
2012-09-30,combo_equal_weight_all_har_augmented_ml_x_dataset_log_rolling,Equal Weight | All ML,All-model forecast combinations,0.07940683,0.09805486,0.1036908,-0.01864803,-0.02428397,0.01864803,0.02428397,0.00034775,0.00058971,0.00563593,0.00024196,0.05504988,0.00873837,0.02647179,0.02631724,-0.00015455
2012-10-31,combo_equal_weight_all_har_augmented_ml_x_dataset_log_rolling,Equal Weight | All ML,All-model forecast combinations,0.09399635,0.097937,0.09961429,-0.00394065,-0.00561794,0.00394065,0.00561794,1.553e-05,3.156e-05,0.00167729,1.603e-05,0.05672716,0.00875441,0.023765,0.02225023,-0.00151477
2012-11-30,combo_equal_weight_all_har_augmented_ml_x_dataset_log_rolling,Equal Weight | All ML,All-model forecast combinations,0.11058386,0.10149553,0.10326854,0.00908833,0.00731532,0.00908833,0.00731532,8.26e-05,5.351e-05,-0.00177301,-2.908e-05,0.05495416,0.00872532,0.0229782,0.01968557,-0.00329263
2012-12-31,combo_equal_weight_all_har_augmented_ml_x_dataset_log_rolling,Equal Weight | All ML,All-model forecast combinations,0.0992343,0.10342139,0.10880533,-0.00418709,-0.00957103,0.00418709,0.00957103,1.753e-05,9.16e-05,0.00538394,7.407e-05,0.0603381,0.0087994,0.02105218,0.01916323,-0.00188895
2013-01-31,combo_equal_weight_all_har_augmented_ml_x_dataset_log_rolling,Equal Weight | All ML,All-model forecast combinations,0.06679532,0.1006516,0.105212,-0.03385628,-0.03841668,0.03385628,0.03841668,0.00114625,0.00147584,0.0045604,0.00032959,0.0648985,0.00912899,0.01893041,0.01943089,0.00050048
2013-02-28,combo_equal_weight_all_har_augmented_ml_x_dataset_log_rolling,Equal Weight | All ML,All-model forecast combinations,0.07807531,0.09041361,0.09381858,-0.01233831,-0.01574327,0.01233831,0.01574327,0.00015223,0.00024785,0.00340497,9.562e-05,0.06830347,0.00922461,0.01672289,0.01797625,0.00125336
2013-03-31,combo_equal_weight_all_har_augmented_ml_x_dataset_log_rolling,Equal Weight | All ML,All-model forecast combinations,0.07750691,0.0944073,0.09632791,-0.01690039,-0.018821,0.01690039,0.018821,0.00028562,0.00035423,0.00192062,6.861e-05,0.07022409,0.00929321,0.01589138,0.01691514,0.00102377
2013-04-30,combo_equal_weight_all_har_augmented_ml_x_dataset_log_rolling,Equal Weight | All ML,All-model forecast combinations,0.09235894,0.09057806,0.09548052,0.00178088,-0.00312158,0.00178088,0.00312158,3.17e-06,9.74e-06,0.0013407,6.57e-06,0.07156478,0.00929979,0.01531979,0.01596906,0.00064927
2013-05-31,combo_equal_weight_all_har_augmented_ml_x_dataset_log_rolling,Equal Weight | All ML,All-model forecast combinations,0.08770623,0.09406768,0.10060121,-0.00636145,-0.01289498,0.00636145,0.01289498,4.047e-05,0.00016628,0.00653352,0.00012581,0.07809831,0.0094256,0.01422891,0.01595237,0.00172346
2013-06-30,combo_equal_weight_all_har_augmented_ml_x_dataset_log_rolling,Equal Weight | All ML,All-model forecast combinations,0.12836694,0.09468386,0.09896535,0.03368308,0.02940158,0.03368308,0.02940158,0.00113455,0.00086445,-0.00428149,-0.0002701,0.07381681,0.0091555,0.01670918,0.01820164,0.00149245
2013-07-31,combo_equal_weight_all_har_augmented_ml_x_dataset_log_rolling,Equal Weight | All ML,All-model forecast combinations,0.07678995,0.12740782,0.11422798,-0.05061787,-0.03743803,0.05061787,0.03743803,0.00256217,0.00140161,-0.01317985,-0.00116056,0.06063697,0.00799494,0.01950887,0.01966189,0.00015302
2013-08-31,combo_equal_weight_all_har_augmented_ml_x_dataset_log_rolling,Equal Weight | All ML,All-model forecast combinations,0.07837318,0.09084024,0.09643315,-0.01246706,-0.01805997,0.01246706,0.01805997,0.00015543,0.00032616,0.00559291,0.00017073,0.06622988,0.00816567,0.01698912,0.01839045,0.00140133
2013-09-30,combo_equal_weight_all_har_augmented_ml_x_dataset_log_rolling,Equal Weight | All ML,All-model forecast combinations,0.07842193,0.10123102,0.09639643,-0.02280909,-0.01797449,0.02280909,0.01797449,0.00052025,0.00032308,-0.00483459,-0.00019717,0.06139528,0.0079685,0.01733587,0.01786466,0.00052878
2013-10-31,combo_equal_weight_all_har_augmented_ml_x_dataset_log_rolling,Equal Weight | All ML,All-model forecast combinations,0.08610878,0.09450825,0.09514152,-0.00839947,-0.00903273,0.00839947,0.00903273,7.055e-05,8.159e-05,0.00063327,1.104e-05,0.06202855,0.00797954,0.01770744,0.01814922,0.00044178
2013-11-30,combo_equal_weight_all_har_augmented_ml_x_dataset_log_rolling,Equal Weight | All ML,All-model forecast combinations,0.06981601,0.09412454,0.09755242,-0.02430852,-0.02773641,0.02430852,0.02773641,0.0005909,0.00076931,0.00342788,0.0001784,0.06545643,0.00815794,0.01897579,0.01985098,0.00087519
2013-12-31,combo_equal_weight_all_har_augmented_ml_x_dataset_log_rolling,Equal Weight | All ML,All-model forecast combinations,0.07121165,0.09116733,0.09196516,-0.01995568,-0.02075351,0.01995568,0.02075351,0.00039823,0.00043071,0.00079784,3.248e-05,0.06625427,0.00819042,0.02028984,0.02078285,0.00049301
2014-01-31,combo_equal_weight_all_har_augmented_ml_x_dataset_log_rolling,Equal Weight | All ML,All-model forecast combinations,0.0885142,0.08740814,0.09186938,0.00110606,-0.00335518,0.00110606,0.00335518,1.22e-06,1.126e-05,0.00224912,1.003e-05,0.06850339,0.00820046,0.01756066,0.01786106,0.00030041
2014-02-28,combo_equal_weight_all_har_augmented_ml_x_dataset_log_rolling,Equal Weight | All ML,All-model forecast combinations,0.09024819,0.10545213,0.09720438,-0.01520394,-0.00695618,0.01520394,0.00695618,0.00023116,4.839e-05,-0.00824776,-0.00018277,0.06025563,0.00801769,0.01779946,0.0171288,-0.00067065
2014-03-31,combo_equal_weight_all_har_augmented_ml_x_dataset_log_rolling,Equal Weight | All ML,All-model forecast combinations,0.09283748,0.09355634,0.09823287,-0.00071887,-0.0053954,0.00071887,0.0053954,5.2e-07,2.911e-05,0.00467653,2.859e-05,0.06493216,0.00804628,0.016451,0.01601,-0.00044099
2014-04-30,combo_equal_weight_all_har_augmented_ml_x_dataset_log_rolling,Equal Weight | All ML,All-model forecast combinations,0.0959287,0.09515034,0.09944134,0.00077837,-0.00351264,0.00077837,0.00351264,6.1e-07,1.234e-05,0.00273428,1.173e-05,0.06766644,0.00805801,0.01636745,0.01604259,-0.00032486
2014-05-31,combo_equal_weight_all_har_augmented_ml_x_dataset_log_rolling,Equal Weight | All ML,All-model forecast combinations,0.07303027,0.10277581,0.10058053,-0.02974554,-0.02755026,0.02974554,0.02755026,0.0008848,0.00075902,-0.00219528,-0.00012578,0.06547116,0.00793223,0.01831613,0.01726387,-0.00105226
2014-06-30,combo_equal_weight_all_har_augmented_ml_x_dataset_log_rolling,Equal Weight | All ML,All-model forecast combinations,0.05653613,0.08743256,0.09262975,-0.03089643,-0.03609362,0.03089643,0.03609362,0.00095459,0.00130275,0.00519719,0.00034816,0.07066835,0.00828039,0.01808391,0.01782154,-0.00026237
2014-07-31,combo_equal_weight_all_har_augmented_ml_x_dataset_log_rolling,Equal Weight | All ML,All-model forecast combinations,0.0660717,0.09549642,0.08642521,-0.02942471,-0.02035351,0.02942471,0.02035351,0.00086581,0.00041427,-0.0090712,-0.00045155,0.06159715,0.00782884,0.01631781,0.01639783,8.002e-05
2014-08-31,combo_equal_weight_all_har_augmented_ml_x_dataset_log_rolling,Equal Weight | All ML,All-model forecast combinations,0.0752277,0.08780073,0.08808877,-0.01257303,-0.01286107,0.01257303,0.01286107,0.00015808,0.00016541,0.00028804,7.33e-06,0.06188519,0.00783617,0.01632664,0.01596458,-0.00036206
2014-09-30,combo_equal_weight_all_har_augmented_ml_x_dataset_log_rolling,Equal Weight | All ML,All-model forecast combinations,0.0762108,0.08351427,0.09063727,-0.00730347,-0.01442647,0.00730347,0.01442647,5.334e-05,0.00020812,0.007123,0.00015478,0.06900819,0.00799095,0.01503451,0.01566892,0.00063441
2014-10-31,combo_equal_weight_all_har_augmented_ml_x_dataset_log_rolling,Equal Weight | All ML,All-model forecast combinations,0.14399204,0.09685759,0.09121305,0.04713445,0.05277899,0.04713445,0.05277899,0.00222166,0.00278562,0.00564454,0.00056397,0.07465273,0.00855492,0.01826242,0.01931444,0.00105201
2014-11-30,combo_equal_weight_all_har_augmented_ml_x_dataset_log_rolling,Equal Weight | All ML,All-model forecast combinations,0.06427653,0.11983328,0.1166976,-0.05555675,-0.05242108,0.05555675,0.05242108,0.00308655,0.00274797,-0.00313568,-0.00033858,0.07151705,0.00821633,0.02086644,0.02137149,0.00050505
2014-12-31,combo_equal_weight_all_har_augmented_ml_x_dataset_log_rolling,Equal Weight | All ML,All-model forecast combinations,0.10043239,0.09416045,0.08989329,0.00627194,0.0105391,0.00627194,0.0105391,3.934e-05,0.00011107,0.00426716,7.174e-05,0.07578422,0.00828807,0.01972613,0.02052029,0.00079416
2015-01-31,combo_equal_weight_all_har_augmented_ml_x_dataset_log_rolling,Equal Weight | All ML,All-model forecast combinations,0.13813587,0.12326162,0.10182245,0.01487425,0.03631343,0.01487425,0.03631343,0.00022124,0.00131866,0.02143917,0.00109742,0.09722339,0.00938549,0.02087348,0.02326681,0.00239333
2015-02-28,combo_equal_weight_all_har_augmented_ml_x_dataset_log_rolling,Equal Weight | All ML,All-model forecast combinations,0.09213617,0.12981675,0.11523843,-0.03768058,-0.02310226,0.03768058,0.02310226,0.00141983,0.00053371,-0.01457832,-0.00088611,0.08264507,0.00849938,0.02274653,0.02461232,0.00186579
2015-03-31,combo_equal_weight_all_har_augmented_ml_x_dataset_log_rolling,Equal Weight | All ML,All-model forecast combinations,0.08527221,0.09488819,0.1007801,-0.00961598,-0.0155079,0.00961598,0.0155079,9.247e-05,0.00024049,0.00589191,0.00014803,0.08853698,0.00864741,0.02348796,0.02545503,0.00196707
2015-04-30,combo_equal_weight_all_har_augmented_ml_x_dataset_log_rolling,Equal Weight | All ML,All-model forecast combinations,0.08426138,0.10477415,0.09809242,-0.02051277,-0.01383104,0.02051277,0.01383104,0.00042077,0.0001913,-0.00668174,-0.00022948,0.08185525,0.00841793,0.02513249,0.02631489,0.0011824
2015-05-31,combo_equal_weight_all_har_augmented_ml_x_dataset_log_rolling,Equal Weight | All ML,All-model forecast combinations,0.0753713,0.09381654,0.09617712,-0.01844523,-0.02080582,0.01844523,0.02080582,0.00034023,0.00043288,0.00236058,9.266e-05,0.08421583,0.00851059,0.0241908,0.02575286,0.00156206
2015-06-30,combo_equal_weight_all_har_augmented_ml_x_dataset_log_rolling,Equal Weight | All ML,All-model forecast combinations,0.08191996,0.08421656,0.09304976,-0.00229661,-0.01112981,0.00229661,0.01112981,5.27e-06,0.00012387,0.0088332,0.0001186,0.09304903,0.00862918,0.02180748,0.02367254,0.00186506
2015-07-31,combo_equal_weight_all_har_augmented_ml_x_dataset_log_rolling,Equal Weight | All ML,All-model forecast combinations,0.08281331,0.09537385,0.09519662,-0.01256054,-0.01238331,0.01256054,0.01238331,0.00015777,0.00015335,-0.00017723,-4.42e-06,0.0928718,0.00862476,0.02040213,0.02300835,0.00260622
2015-08-31,combo_equal_weight_all_har_augmented_ml_x_dataset_log_rolling,Equal Weight | All ML,All-model forecast combinations,0.18124678,0.09903313,0.09560516,0.08221364,0.08564162,0.08221364,0.08564162,0.00675908,0.00733449,0.00342798,0.0005754,0.09629978,0.00920017,0.02620552,0.0290734,0.00286788
2015-09-30,combo_equal_weight_all_har_augmented_ml_x_dataset_log_rolling,Equal Weight | All ML,All-model forecast combinations,0.15257606,0.15226945,0.13513135,0.00030661,0.01744471,0.00030661,0.01744471,9e-08,0.00030432,0.0171381,0.00030422,0.11343788,0.00950439,0.02562245,0.02932492,0.00370247
2015-10-31,combo_equal_weight_all_har_augmented_ml_x_dataset_log_rolling,Equal Weight | All ML,All-model forecast combinations,0.1095216,0.13591266,0.12697753,-0.02639107,-0.01745594,0.02639107,0.01745594,0.00069649,0.00030471,-0.00893513,-0.00039178,0.10450275,0.00911261,0.02389383,0.02638133,0.0024875
2015-11-30,combo_equal_weight_all_har_augmented_ml_x_dataset_log_rolling,Equal Weight | All ML,All-model forecast combinations,0.09094525,0.11246418,0.11088782,-0.02151894,-0.01994257,0.02151894,0.01994257,0.00046306,0.00039771,-0.00157637,-6.536e-05,0.10292639,0.00904725,0.02105735,0.02367479,0.00261744
2015-12-31,combo_equal_weight_all_har_augmented_ml_x_dataset_log_rolling,Equal Weight | All ML,All-model forecast combinations,0.12220819,0.09489466,0.10290397,0.02731353,0.01930422,0.02731353,0.01930422,0.00074603,0.00037265,-0.00800931,-0.00037338,0.09491708,0.00867388,0.02281081,0.02440522,0.0015944
2016-01-31,combo_equal_weight_all_har_augmented_ml_x_dataset_log_rolling,Equal Weight | All ML,All-model forecast combinations,0.19111779,0.11637479,0.11368516,0.07474299,0.07743262,0.07474299,0.07743262,0.00558651,0.00599581,0.00268963,0.0004093,0.09760671,0.00908317,0.02779987,0.02783182,3.194e-05
2016-02-29,combo_equal_weight_all_har_augmented_ml_x_dataset_log_rolling,Equal Weight | All ML,All-model forecast combinations,0.16301964,0.16471584,0.14513661,-0.0016962,0.01788303,0.0016962,0.01788303,2.88e-06,0.0003198,0.01618682,0.00031693,0.11379353,0.0094001,0.02480118,0.02739688,0.00259571
2016-03-31,combo_equal_weight_all_har_augmented_ml_x_dataset_log_rolling,Equal Weight | All ML,All-model forecast combinations,0.09480278,0.14579418,0.13582316,-0.0509914,-0.04102037,0.0509914,0.04102037,0.00260012,0.00168267,-0.00997103,-0.00091745,0.10382251,0.00848265,0.02824913,0.02952292,0.00127379
2016-04-30,combo_equal_weight_all_har_augmented_ml_x_dataset_log_rolling,Equal Weight | All ML,All-model forecast combinations,0.08229344,0.10613495,0.10862824,-0.02384151,-0.02633481,0.02384151,0.02633481,0.00056842,0.00069352,0.00249329,0.0001251,0.1063158,0.00860775,0.02852652,0.0305649,0.00203838
2016-05-31,combo_equal_weight_all_har_augmented_ml_x_dataset_log_rolling,Equal Weight | All ML,All-model forecast combinations,0.08530203,0.10356507,0.10215381,-0.01826304,-0.01685178,0.01826304,0.01685178,0.00033354,0.00028398,-0.00141126,-4.956e-05,0.10490454,0.0085582,0.02851134,0.0302354,0.00172406
2016-06-30,combo_equal_weight_all_har_augmented_ml_x_dataset_log_rolling,Equal Weight | All ML,All-model forecast combinations,0.09397396,0.09994655,0.10191531,-0.00597259,-0.00794135,0.00597259,0.00794135,3.567e-05,6.307e-05,0.00196876,2.739e-05,0.1068733,0.00858559,0.02881767,0.02996969,0.00115202
2016-07-31,combo_equal_weight_all_har_augmented_ml_x_dataset_log_rolling,Equal Weight | All ML,All-model forecast combinations,0.06662709,0.10635294,0.10466726,-0.03972585,-0.03804017,0.03972585,0.03804017,0.00157814,0.00144705,-0.00168568,-0.00013109,0.10518762,0.0084545,0.03108145,0.03210777,0.00102632
2016-08-31,combo_equal_weight_all_har_augmented_ml_x_dataset_log_rolling,Equal Weight | All ML,All-model forecast combinations,0.05875578,0.08689872,0.09501239,-0.02814294,-0.03625661,0.02814294,0.03625661,0.00079202,0.00131454,0.00811367,0.00052252,0.11330129,0.00897702,0.02657555,0.02799235,0.00141679
2016-09-30,combo_equal_weight_all_har_augmented_ml_x_dataset_log_rolling,Equal Weight | All ML,All-model forecast combinations,0.08956114,0.09067208,0.09092766,-0.00111093,-0.00136651,0.00111093,0.00136651,1.23e-06,1.87e-06,0.00025558,6.3e-07,0.11355687,0.00897765,0.02664258,0.0266525,9.92e-06
2016-10-31,combo_equal_weight_all_har_augmented_ml_x_dataset_log_rolling,Equal Weight | All ML,All-model forecast combinations,0.07645832,0.09839512,0.10017519,-0.02193681,-0.02371688,0.02193681,0.02371688,0.00048122,0.00056249,0.00178007,8.127e-05,0.11533694,0.00905892,0.02627139,0.02717424,0.00090285
2016-11-30,combo_equal_weight_all_har_augmented_ml_x_dataset_log_rolling,Equal Weight | All ML,All-model forecast combinations,0.08613464,0.09836252,0.09596475,-0.01222788,-0.00983012,0.01222788,0.00983012,0.00014952,9.663e-05,-0.00239776,-5.289e-05,0.11293918,0.00900603,0.02549714,0.02633154,0.0008344
2016-12-31,combo_equal_weight_all_har_augmented_ml_x_dataset_log_rolling,Equal Weight | All ML,All-model forecast combinations,0.06241094,0.09736261,0.09959472,-0.03495166,-0.03718377,0.03495166,0.03718377,0.00122162,0.00138263,0.00223211,0.00016101,0.11517129,0.00916704,0.02613365,0.0278215,0.00168785
2017-01-31,combo_equal_weight_all_har_augmented_ml_x_dataset_log_rolling,Equal Weight | All ML,All-model forecast combinations,0.06212703,0.08653667,0.09131225,-0.02440964,-0.02918521,0.02440964,0.02918521,0.00059583,0.00085178,0.00477557,0.00025595,0.11994686,0.00942299,0.0219392,0.02380088,0.00186168
2017-02-28,combo_equal_weight_all_har_augmented_ml_x_dataset_log_rolling,Equal Weight | All ML,All-model forecast combinations,0.05181816,0.08010912,0.08981388,-0.02829096,-0.03799572,0.02829096,0.03799572,0.00080038,0.00144367,0.00970476,0.0006433,0.12965162,0.01006629,0.02415543,0.02547694,0.00132151
2017-03-31,combo_equal_weight_all_har_augmented_ml_x_dataset_log_rolling,Equal Weight | All ML,All-model forecast combinations,0.06543911,0.08092903,0.08508029,-0.01548992,-0.01964118,0.01548992,0.01964118,0.00023994,0.00038578,0.00415127,0.00014584,0.13380289,0.01021212,0.02119698,0.02369534,0.00249837
2017-04-30,combo_equal_weight_all_har_augmented_ml_x_dataset_log_rolling,Equal Weight | All ML,All-model forecast combinations,0.06821277,0.08089381,0.08807873,-0.01268103,-0.01986596,0.01268103,0.01986596,0.00016081,0.00039466,0.00718493,0.00023385,0.14098782,0.01044597,0.02026694,0.02315627,0.00288933
2017-05-31,combo_equal_weight_all_har_augmented_ml_x_dataset_log_rolling,Equal Weight | All ML,All-model forecast combinations,0.05167712,0.08374115,0.08906903,-0.03206404,-0.03739191,0.03206404,0.03739191,0.0010281,0.00139815,0.00532787,0.00037005,0.14631569,0.01081602,0.02141702,0.02486795,0.00345093
2017-06-30,combo_equal_weight_all_har_augmented_ml_x_dataset_log_rolling,Equal Weight | All ML,All-model forecast combinations,0.06000712,0.07907526,0.08363599,-0.01906814,-0.02362887,0.01906814,0.02362887,0.00036359,0.00055832,0.00456073,0.00019473,0.15087642,0.01101075,0.02250832,0.02617524,0.00366693
2017-07-31,combo_equal_weight_all_har_augmented_ml_x_dataset_log_rolling,Equal Weight | All ML,All-model forecast combinations,0.04869214,0.07234027,0.08495022,-0.02364813,-0.03625807,0.02364813,0.03625807,0.00055923,0.00131465,0.01260995,0.00075541,0.16348636,0.01176617,0.02116851,0.02602673,0.00485823
2017-08-31,combo_equal_weight_all_har_augmented_ml_x_dataset_log_rolling,Equal Weight | All ML,All-model forecast combinations,0.05895137,0.06895808,0.08032493,-0.0100067,-0.02137356,0.0100067,0.02137356,0.00010013,0.00045683,0.01136685,0.00035669,0.17485321,0.01212286,0.01965715,0.02478648,0.00512933
2017-09-30,combo_equal_weight_all_har_augmented_ml_x_dataset_log_rolling,Equal Weight | All ML,All-model forecast combinations,0.04531107,0.07540648,0.08183425,-0.03009541,-0.03652319,0.03009541,0.03652319,0.00090573,0.00133394,0.00642777,0.00042821,0.18128099,0.01255107,0.02207253,0.0277162,0.00564368
2017-10-31,combo_equal_weight_all_har_augmented_ml_x_dataset_log_rolling,Equal Weight | All ML,All-model forecast combinations,0.03786706,0.07281775,0.07706881,-0.03495068,-0.03920175,0.03495068,0.03920175,0.00122155,0.00153678,0.00425107,0.00031523,0.18553206,0.0128663,0.02315702,0.02900661,0.00584959
2017-11-30,combo_equal_weight_all_har_augmented_ml_x_dataset_log_rolling,Equal Weight | All ML,All-model forecast combinations,0.04900293,0.06188241,0.07370597,-0.01287948,-0.02470304,0.01287948,0.02470304,0.00016588,0.00061024,0.01182356,0.00044436,0.19735561,0.01331066,0.02321132,0.03024602,0.0070347
2017-12-31,combo_equal_weight_all_har_augmented_ml_x_dataset_log_rolling,Equal Weight | All ML,All-model forecast combinations,0.06019932,0.07071055,0.07481554,-0.01051123,-0.01461623,0.01051123,0.01461623,0.00011049,0.00021363,0.004105,0.00010315,0.20146061,0.01341381,0.02117461,0.02836539,0.00719078
2018-01-31,combo_equal_weight_all_har_augmented_ml_x_dataset_log_rolling,Equal Weight | All ML,All-model forecast combinations,0.06519769,0.07098554,0.07762023,-0.00578785,-0.01242254,0.00578785,0.01242254,3.35e-05,0.00015432,0.0066347,0.00012082,0.2080953,0.01353463,0.0196228,0.0269685,0.0073457
2018-02-28,combo_equal_weight_all_har_augmented_ml_x_dataset_log_rolling,Equal Weight | All ML,All-model forecast combinations,0.1387046,0.07303878,0.07819547,0.06566582,0.06050912,0.06566582,0.06050912,0.004312,0.00366135,-0.00515669,-0.00065065,0.20293861,0.01288398,0.02273737,0.02884462,0.00610725
2018-03-31,combo_equal_weight_all_har_augmented_ml_x_dataset_log_rolling,Equal Weight | All ML,All-model forecast combinations,0.13891564,0.10664282,0.10438966,0.03227282,0.03452598,0.03227282,0.03452598,0.00104154,0.00119204,0.00225316,0.00015051,0.20519177,0.01303449,0.02413594,0.03008502,0.00594907
2018-04-30,combo_equal_weight_all_har_augmented_ml_x_dataset_log_rolling,Equal Weight | All ML,All-model forecast combinations,0.1407784,0.13225672,0.10640081,0.00852168,0.03437759,0.00852168,0.03437759,7.262e-05,0.00118182,0.02585591,0.0011092,0.23104768,0.01414369,0.02378933,0.03129432,0.00750499
2018-05-31,combo_equal_weight_all_har_augmented_ml_x_dataset_log_rolling,Equal Weight | All ML,All-model forecast combinations,0.09507116,0.10922355,0.10993222,-0.01415238,-0.01486106,0.01415238,0.01486106,0.00020029,0.00022085,0.00070868,2.056e-05,0.23175636,0.01416425,0.02229669,0.02941675,0.00712006
2018-06-30,combo_equal_weight_all_har_augmented_ml_x_dataset_log_rolling,Equal Weight | All ML,All-model forecast combinations,0.08039533,0.0913383,0.09331526,-0.01094296,-0.01291992,0.01094296,0.01291992,0.00011975,0.00016692,0.00197696,4.718e-05,0.23373332,0.01421143,0.0216196,0.02852434,0.00690474
2018-07-31,combo_equal_weight_all_har_augmented_ml_x_dataset_log_rolling,Equal Weight | All ML,All-model forecast combinations,0.0690613,0.09203274,0.08786672,-0.02297144,-0.01880541,0.02297144,0.01880541,0.00052769,0.00035364,-0.00416603,-0.00017404,0.22956729,0.01403738,0.02156321,0.02706995,0.00550674
2018-08-31,combo_equal_weight_all_har_augmented_ml_x_dataset_log_rolling,Equal Weight | All ML,All-model forecast combinations,0.05968197,0.07778475,0.08387116,-0.01810278,-0.02418919,0.01810278,0.02418919,0.00032771,0.00058512,0.00608641,0.00025741,0.2356537,0.01429479,0.02223788,0.02730459,0.00506671
2018-09-30,combo_equal_weight_all_har_augmented_ml_x_dataset_log_rolling,Equal Weight | All ML,All-model forecast combinations,0.0654128,0.07740487,0.08064715,-0.01199207,-0.01523435,0.01199207,0.01523435,0.00014381,0.00023209,0.00324228,8.828e-05,0.23889598,0.01438306,0.02072927,0.02553052,0.00480125
2018-10-31,combo_equal_weight_all_har_augmented_ml_x_dataset_log_rolling,Equal Weight | All ML,All-model forecast combinations,0.17260155,0.07397357,0.08166035,0.09862797,0.0909412,0.09862797,0.0909412,0.00972748,0.0082703,-0.00768678,-0.00145718,0.23120921,0.01292589,0.02603571,0.02984214,0.00380643
2018-11-30,combo_equal_weight_all_har_augmented_ml_x_dataset_log_rolling,Equal Weight | All ML,All-model forecast combinations,0.14550899,0.11442887,0.1199506,0.03108012,0.02555839,0.03108012,0.02555839,0.00096597,0.00065323,-0.00552173,-0.00031274,0.22568748,0.01261315,0.02755243,0.02991342,0.00236099
2018-12-31,combo_equal_weight_all_har_augmented_ml_x_dataset_log_rolling,Equal Weight | All ML,All-model forecast combinations,0.23558433,0.11281729,0.11588897,0.12276704,0.11969536,0.12276704,0.11969536,0.01507175,0.01432698,-0.00307168,-0.00074477,0.2226158,0.01186838,0.03690708,0.03867001,0.00176293
2019-01-31,combo_equal_weight_all_har_augmented_ml_x_dataset_log_rolling,Equal Weight | All ML,All-model forecast combinations,0.13805562,0.18181494,0.18961141,-0.04375932,-0.05155579,0.04375932,0.05155579,0.00191488,0.002658,0.00779647,0.00074312,0.23041227,0.0126115,0.04007137,0.04193111,0.00185975
2019-02-28,combo_equal_weight_all_har_augmented_ml_x_dataset_log_rolling,Equal Weight | All ML,All-model forecast combinations,0.08205478,0.10505227,0.11797261,-0.02299749,-0.03591783,0.02299749,0.03591783,0.00052888,0.00129009,0.01292034,0.00076121,0.2433326,0.01337271,0.03651567,0.03988184,0.00336617
2019-03-31,combo_equal_weight_all_har_augmented_ml_x_dataset_log_rolling,Equal Weight | All ML,All-model forecast combinations,0.09470707,0.09655523,0.0875381,-0.00184816,0.00716898,0.00184816,0.00716898,3.42e-06,5.139e-05,0.00532082,4.798e-05,0.24865342,0.01342068,0.03398028,0.03760209,0.0036218
2019-04-30,combo_equal_weight_all_har_augmented_ml_x_dataset_log_rolling,Equal Weight | All ML,All-model forecast combinations,0.05727866,0.09374629,0.09525854,-0.03646763,-0.03797988,0.03646763,0.03797988,0.00132989,0.00144247,0.00151225,0.00011258,0.25016567,0.01353327,0.03630911,0.03790228,0.00159317
2019-05-31,combo_equal_weight_all_har_augmented_ml_x_dataset_log_rolling,Equal Weight | All ML,All-model forecast combinations,0.11646584,0.07515033,0.07847861,0.04131551,0.03798723,0.04131551,0.03798723,0.00170697,0.00144303,-0.00332828,-0.00026394,0.24683739,0.01326933,0.03857271,0.03982946,0.00125675
2019-06-30,combo_equal_weight_all_har_augmented_ml_x_dataset_log_rolling,Equal Weight | All ML,All-model forecast combinations,0.08633239,0.11874311,0.10607152,-0.03241072,-0.01973913,0.03241072,0.01973913,0.00105045,0.00038963,-0.01267159,-0.00066082,0.2341658,0.0126085,0.04036169,0.04039773,3.604e-05
2019-07-31,combo_equal_weight_all_har_augmented_ml_x_dataset_log_rolling,Equal Weight | All ML,All-model forecast combinations,0.06669148,0.08765375,0.09128019,-0.02096227,-0.02458871,0.02096227,0.02458871,0.00043942,0.0006046,0.00362645,0.00016519,0.23779224,0.01277369,0.04019426,0.04087967,0.00068541
2019-08-31,combo_equal_weight_all_har_augmented_ml_x_dataset_log_rolling,Equal Weight | All ML,All-model forecast combinations,0.13916472,0.08286873,0.08281996,0.056296,0.05634477,0.056296,0.05634477,0.00316924,0.00317473,4.877e-05,5.49e-06,0.23784101,0.01277919,0.04337703,0.0435593,0.00018228
2019-09-30,combo_equal_weight_all_har_augmented_ml_x_dataset_log_rolling,Equal Weight | All ML,All-model forecast combinations,0.08899928,0.1187617,0.11891754,-0.02976243,-0.02991826,0.02976243,0.02991826,0.0008858,0.0008951,0.00015583,9.3e-06,0.23799685,0.01278849,0.04485789,0.04478296,-7.493e-05
2019-10-31,combo_equal_weight_all_har_augmented_ml_x_dataset_log_rolling,Equal Weight | All ML,All-model forecast combinations,0.09164451,0.11970342,0.09436573,-0.02805891,-0.00272122,0.02805891,0.00272122,0.0007873,7.41e-06,-0.02533769,-0.0007799,0.21265916,0.01200859,0.03897713,0.0374313,-0.00154584
2019-11-30,combo_equal_weight_all_har_augmented_ml_x_dataset_log_rolling,Equal Weight | All ML,All-model forecast combinations,0.05524849,0.08576316,0.09472056,-0.03051467,-0.03947207,0.03051467,0.03947207,0.00093115,0.00155804,0.0089574,0.0006269,0.22161655,0.01263549,0.03893001,0.03859077,-0.00033924
2019-12-31,combo_equal_weight_all_har_augmented_ml_x_dataset_log_rolling,Equal Weight | All ML,All-model forecast combinations,0.06209932,0.08209891,0.07849395,-0.01999959,-0.01639463,0.01999959,0.01639463,0.00039998,0.00026878,-0.00360496,-0.0001312,0.21801159,0.01250429,0.03036606,0.02998237,-0.00038368
2020-01-31,combo_equal_weight_all_har_augmented_ml_x_dataset_log_rolling,Equal Weight | All ML,All-model forecast combinations,0.07975763,0.07460816,0.07879248,0.00514947,0.00096515,0.00514947,0.00096515,2.652e-05,9.3e-07,-0.00418432,-2.559e-05,0.21382728,0.0124787,0.02714857,0.02576649,-0.00138208
2020-02-29,combo_equal_weight_all_har_augmented_ml_x_dataset_log_rolling,Equal Weight | All ML,All-model forecast combinations,0.18564385,0.09531818,0.08500203,0.09032567,0.10064182,0.09032567,0.10064182,0.00815873,0.01012878,0.01031615,0.00197005,0.22414342,0.01444875,0.03275925,0.03116015,-0.0015991
2020-03-31,combo_equal_weight_all_har_augmented_ml_x_dataset_log_rolling,Equal Weight | All ML,All-model forecast combinations,0.58295547,0.20801373,0.14520964,0.37494175,0.43774583,0.37494175,0.43774583,0.14058131,0.19162141,0.06280408,0.0510401,0.28694751,0.06548885,0.06385038,0.06704156,0.00319117
2020-04-30,combo_equal_weight_all_har_augmented_ml_x_dataset_log_rolling,Equal Weight | All ML,All-model forecast combinations,0.24991991,0.88272222,1.54497553,-0.63280231,-1.29505562,0.63280231,1.29505562,0.40043876,1.67716907,0.66225331,1.2767303,0.94920082,1.34221915,0.11354494,0.17179787,0.05825293
2020-05-31,combo_equal_weight_all_har_augmented_ml_x_dataset_log_rolling,Equal Weight | All ML,All-model forecast combinations,0.16410989,0.15365179,0.187209,0.0104581,-0.0230991,0.0104581,0.0230991,0.00010937,0.00053357,0.012641,0.0004242,0.96184182,1.34264335,0.11097349,0.17055719,0.0595837
2020-06-30,combo_equal_weight_all_har_augmented_ml_x_dataset_log_rolling,Equal Weight | All ML,All-model forecast combinations,0.18276328,0.14852112,0.13434073,0.03424216,0.04842255,0.03424216,0.04842255,0.00117253,0.00234474,0.01418039,0.00117222,0.97602221,1.34381557,0.11112611,0.17294748,0.06182137
2020-07-31,combo_equal_weight_all_har_augmented_ml_x_dataset_log_rolling,Equal Weight | All ML,All-model forecast combinations,0.13369031,0.17351644,0.14973507,-0.03982613,-0.01604476,0.03982613,0.01604476,0.00158612,0.00025743,-0.02378136,-0.00132869,0.95224085,1.34248688,0.1126981,0.17223548,0.05953738
2020-08-31,combo_equal_weight_all_har_augmented_ml_x_dataset_log_rolling,Equal Weight | All ML,All-model forecast combinations,0.08711462,0.12500266,0.12370315,-0.03788805,-0.03658853,0.03788805,0.03658853,0.0014355,0.00133872,-0.00129952,-9.678e-05,0.95094133,1.3423901,0.1111641,0.17058913,0.05942503
2020-09-30,combo_equal_weight_all_har_augmented_ml_x_dataset_log_rolling,Equal Weight | All ML,All-model forecast combinations,0.18583484,0.11803189,0.10151568,0.06780294,0.08431916,0.06780294,0.08431916,0.00459724,0.00710972,0.01651621,0.00251248,0.96745755,1.34490258,0.11433415,0.17512254,0.06078839
2020-10-31,combo_equal_weight_all_har_augmented_ml_x_dataset_log_rolling,Equal Weight | All ML,All-model forecast combinations,0.14700764,0.16047931,0.14927946,-0.01347168,-0.00227183,0.01347168,0.00227183,0.00018149,5.16e-06,-0.01119985,-0.00017632,0.9562577,1.34472625,0.11311854,0.17508509,0.06196655
2020-11-30,combo_equal_weight_all_har_augmented_ml_x_dataset_log_rolling,Equal Weight | All ML,All-model forecast combinations,0.13540578,0.15995758,0.13272256,-0.0245518,0.00268322,0.0245518,0.00268322,0.00060279,7.2e-06,-0.02186858,-0.00059559,0.93438912,1.34413066,0.11262164,0.17201935,0.05939771
2020-12-31,combo_equal_weight_all_har_augmented_ml_x_dataset_log_rolling,Equal Weight | All ML,All-model forecast combinations,0.08727809,0.11633177,0.13042698,-0.02905368,-0.04314889,0.02905368,0.04314889,0.00084412,0.00186183,0.0140952,0.00101771,0.94848432,1.34514837,0.11337614,0.17424887,0.06087273
2021-01-31,combo_equal_weight_all_har_augmented_ml_x_dataset_log_rolling,Equal Weight | All ML,All-model forecast combinations,0.12643455,0.13365945,0.10846867,-0.00722489,0.01796589,0.00722489,0.01796589,5.22e-05,0.00032277,0.01074099,0.00027057,0.95922532,1.34541895,0.1135491,0.1756656,0.0621165
2021-02-28,combo_equal_weight_all_har_augmented_ml_x_dataset_log_rolling,Equal Weight | All ML,All-model forecast combinations,0.12196964,0.15309155,0.12688707,-0.03112191,-0.00491743,0.03112191,0.00491743,0.00096857,2.418e-05,-0.02620448,-0.00094439,0.93302084,1.34447455,0.10861545,0.16768857,0.05907312
2021-03-31,combo_equal_weight_all_har_augmented_ml_x_dataset_log_rolling,Equal Weight | All ML,All-model forecast combinations,0.14192329,0.12322951,0.12423121,0.01869378,0.01769207,0.01869378,0.01769207,0.00034946,0.00031301,-0.00100171,-3.645e-05,0.93201913,1.34443811,0.07892812,0.13268409,0.05375597
2021-04-30,combo_equal_weight_all_har_augmented_ml_x_dataset_log_rolling,Equal Weight | All ML,All-model forecast combinations,0.07227313,0.11013556,0.12520714,-0.03786243,-0.05293401,0.03786243,0.05293401,0.00143356,0.00280201,0.01507158,0.00136845,0.94709071,1.34580655,0.0293498,0.02917395,-0.00017584
2021-05-31,combo_equal_weight_all_har_augmented_ml_x_dataset_log_rolling,Equal Weight | All ML,All-model forecast combinations,0.09818055,0.10331246,0.09539606,-0.00513191,0.00278449,0.00513191,0.00278449,2.634e-05,7.75e-06,-0.00234741,-1.858e-05,0.9447433,1.34578797,0.02890595,0.02748107,-0.00142488
2021-06-30,combo_equal_weight_all_har_augmented_ml_x_dataset_log_rolling,Equal Weight | All ML,All-model forecast combinations,0.06526994,0.09760074,0.10263326,-0.03233081,-0.03736333,0.03233081,0.03736333,0.00104528,0.00139602,0.00503252,0.00035074,0.94977582,1.34613871,0.02874667,0.02655947,-0.0021872
2021-07-31,combo_equal_weight_all_har_augmented_ml_x_dataset_log_rolling,Equal Weight | All ML,All-model forecast combinations,0.07520977,0.1039432,0.08885329,-0.02873343,-0.01364352,0.02873343,0.01364352,0.00082561,0.00018615,-0.01508991,-0.00063946,0.93468591,1.34549924,0.02782227,0.02635936,-0.00146291
2021-08-31,combo_equal_weight_all_har_augmented_ml_x_dataset_log_rolling,Equal Weight | All ML,All-model forecast combinations,0.06362476,0.10182463,0.09090206,-0.03819987,-0.02727729,0.03819987,0.02727729,0.00145923,0.00074405,-0.01092257,-0.00071518,0.92376334,1.34478406,0.02784826,0.02558343,-0.00226483
2021-09-30,combo_equal_weight_all_har_augmented_ml_x_dataset_log_rolling,Equal Weight | All ML,All-model forecast combinations,0.10189251,0.08724849,0.08521496,0.01464402,0.01667755,0.01464402,0.01667755,0.00021445,0.00027814,0.00203353,6.369e-05,0.92579688,1.34484776,0.02341835,0.01994663,-0.00347172
2021-10-31,combo_equal_weight_all_har_augmented_ml_x_dataset_log_rolling,Equal Weight | All ML,All-model forecast combinations,0.09768553,0.11210994,0.09621429,-0.01442441,0.00147123,0.01442441,0.00147123,0.00020806,2.16e-06,-0.01295318,-0.0002059,0.9128437,1.34464186,0.02349774,0.01987991,-0.00361783
2021-11-30,combo_equal_weight_all_har_augmented_ml_x_dataset_log_rolling,Equal Weight | All ML,All-model forecast combinations,0.08990034,0.0825746,0.09457941,0.00732573,-0.00467908,0.00732573,0.00467908,5.367e-05,2.189e-05,-0.00264666,-3.177e-05,0.91019704,1.34461008,0.02206224,0.02004623,-0.00201601
2021-12-31,combo_equal_weight_all_har_augmented_ml_x_dataset_log_rolling,Equal Weight | All ML,All-model forecast combinations,0.12715669,0.11023558,0.09180554,0.01692112,0.03535115,0.01692112,0.03535115,0.00028632,0.0012497,0.01843003,0.00096338,0.92862707,1.34557346,0.02105119,0.01939642,-0.00165477
2022-01-31,combo_equal_weight_all_har_augmented_ml_x_dataset_log_rolling,Equal Weight | All ML,All-model forecast combinations,0.2054063,0.09925961,0.10455535,0.10614669,0.10085095,0.10614669,0.10085095,0.01126712,0.01017091,-0.00529574,-0.00109621,0.92333134,1.34447726,0.02929467,0.02630351,-0.00299117
2022-02-28,combo_equal_weight_all_har_augmented_ml_x_dataset_log_rolling,Equal Weight | All ML,All-model forecast combinations,0.18906515,0.15146531,0.13873051,0.03759984,0.05033464,0.03759984,0.05033464,0.00141375,0.00253358,0.01273479,0.00111983,0.93606613,1.34559709,0.0298345,0.03008828,0.00025377
2022-03-31,combo_equal_weight_all_har_augmented_ml_x_dataset_log_rolling,Equal Weight | All ML,All-model forecast combinations,0.1731367,0.1630813,0.13572155,0.0100554,0.03741514,0.0100554,0.03741514,0.00010111,0.00139989,0.02735975,0.00129878,0.96342588,1.34689587,0.02911464,0.03173187,0.00261723
2022-04-30,combo_equal_weight_all_har_augmented_ml_x_dataset_log_rolling,Equal Weight | All ML,All-model forecast combinations,0.15851479,0.13227775,0.13127507,0.02623704,0.02723972,0.02623704,0.02723972,0.00068838,0.000742,0.00100267,5.362e-05,0.96442855,1.34694949,0.02814585,0.02959067,0.00144482
2022-05-31,combo_equal_weight_all_har_augmented_ml_x_dataset_log_rolling,Equal Weight | All ML,All-model forecast combinations,0.2578389,0.16051424,0.12724383,0.09732466,0.13059508,0.09732466,0.13059508,0.00947209,0.01705507,0.03327041,0.00758298,0.99769896,1.35453247,0.03582858,0.04024156,0.00441297
2022-06-30,combo_equal_weight_all_har_augmented_ml_x_dataset_log_rolling,Equal Weight | All ML,All-model forecast combinations,0.20628661,0.19043472,0.18639549,0.01585189,0.01989112,0.01585189,0.01989112,0.00025128,0.00039566,0.00403923,0.00014437,1.0017382,1.35467685,0.03445534,0.03878554,0.0043302
2022-07-31,combo_equal_weight_all_har_augmented_ml_x_dataset_log_rolling,Equal Weight | All ML,All-model forecast combinations,0.16389054,0.18631704,0.16323174,-0.0224265,0.0006588,0.0224265,0.0006588,0.00050295,4.3e-07,-0.0217677,-0.00050251,0.9799705,1.35417433,0.03392976,0.03770348,0.00377372
2022-08-31,combo_equal_weight_all_har_augmented_ml_x_dataset_log_rolling,Equal Weight | All ML,All-model forecast combinations,0.13005032,0.12382263,0.14456027,0.00622769,-0.01450995,0.00622769,0.01450995,3.878e-05,0.00021054,0.00828225,0.00017175,0.98825275,1.35434609,0.03126542,0.03663953,0.00537412
2022-09-30,combo_equal_weight_all_har_augmented_ml_x_dataset_log_rolling,Equal Weight | All ML,All-model forecast combinations,0.19626273,0.12634662,0.12637585,0.06991611,0.06988687,0.06991611,0.06988687,0.00488826,0.00488417,-2.924e-05,-4.09e-06,0.98822352,1.354342,0.03587142,0.04107364,0.00520222
2022-10-31,combo_equal_weight_all_har_augmented_ml_x_dataset_log_rolling,Equal Weight | All ML,All-model forecast combinations,0.19975826,0.17614771,0.1614805,0.02361055,0.03827776,0.02361055,0.03827776,0.00055746,0.00146519,0.01466722,0.00090773,1.00289073,1.35524973,0.03663693,0.04414085,0.00750392
2022-11-30,combo_equal_weight_all_har_augmented_ml_x_dataset_log_rolling,Equal Weight | All ML,All-model forecast combinations,0.16948675,0.15747867,0.170144,0.01200808,-0.00065725,0.01200808,0.00065725,0.00014419,4.3e-07,-0.01135083,-0.00014376,0.9915399,1.35510597,0.03702713,0.0438057,0.00677857
2022-12-31,combo_equal_weight_all_har_augmented_ml_x_dataset_log_rolling,Equal Weight | All ML,All-model forecast combinations,0.15877952,0.16060331,0.15843758,-0.00182379,0.00034194,0.00182379,0.00034194,3.33e-06,1.2e-07,-0.00148185,-3.21e-06,0.99005805,1.35510276,0.03576902,0.04088827,0.00511925
2023-01-31,combo_equal_weight_all_har_augmented_ml_x_dataset_log_rolling,Equal Weight | All ML,All-model forecast combinations,0.14255764,0.14758761,0.15281384,-0.00502997,-0.01025621,0.00502997,0.01025621,2.53e-05,0.00010519,0.00522624,7.989e-05,0.99528429,1.35518265,0.02734263,0.03333871,0.00599608
2023-02-28,combo_equal_weight_all_har_augmented_ml_x_dataset_log_rolling,Equal Weight | All ML,All-model forecast combinations,0.14798801,0.11479461,0.14108966,0.0331934,0.00689835,0.0331934,0.00689835,0.0011018,4.759e-05,-0.02629504,-0.00105421,0.96898925,1.35412843,0.02697542,0.02971902,0.00274359
2023-03-31,combo_equal_weight_all_har_augmented_ml_x_dataset_log_rolling,Equal Weight | All ML,All-model forecast combinations,0.16589266,0.13316491,0.14245861,0.03272775,0.02343405,0.03272775,0.02343405,0.00107111,0.00054915,-0.0092937,-0.00052195,0.95969555,1.35360648,0.02886479,0.02855393,-0.00031086
2023-04-30,combo_equal_weight_all_har_augmented_ml_x_dataset_log_rolling,Equal Weight | All ML,All-model forecast combinations,0.08994252,0.1250349,0.15253063,-0.03509238,-0.06258811,0.03509238,0.06258811,0.00123147,0.00391727,0.02749573,0.0026858,0.98719127,1.35629228,0.02960273,0.03149962,0.00189689
2023-05-31,combo_equal_weight_all_har_augmented_ml_x_dataset_log_rolling,Equal Weight | All ML,All-model forecast combinations,0.10574234,0.10311115,0.11438662,0.0026312,-0.00864427,0.0026312,0.00864427,6.92e-06,7.472e-05,0.00601307,6.78e-05,0.99320435,1.35636008,0.02171161,0.02133706,-0.00037455
2023-06-30,combo_equal_weight_all_har_augmented_ml_x_dataset_log_rolling,Equal Weight | All ML,All-model forecast combinations,0.09100868,0.0997826,0.11566273,-0.00877392,-0.02465406,0.00877392,0.02465406,7.698e-05,0.00060782,0.01588014,0.00053084,1.00908449,1.35689092,0.02112178,0.02173397,0.00061219
2023-07-31,combo_equal_weight_all_har_augmented_ml_x_dataset_log_rolling,Equal Weight | All ML,All-model forecast combinations,0.07268551,0.08548571,0.10498751,-0.0128002,-0.032302,0.0128002,0.032302,0.00016385,0.00104342,0.0195018,0.00087957,1.02858629,1.35777049,0.02031959,0.0243709,0.00405132
2023-08-31,combo_equal_weight_all_har_augmented_ml_x_dataset_log_rolling,Equal Weight | All ML,All-model forecast combinations,0.09745315,0.08659092,0.09628427,0.01086223,0.00116888,0.01086223,0.00116888,0.00011799,1.37e-06,-0.00969335,-0.00011662,1.01889294,1.35765387,0.0207058,0.02325915,0.00255335
2023-09-30,combo_equal_weight_all_har_augmented_ml_x_dataset_log_rolling,Equal Weight | All ML,All-model forecast combinations,0.09176085,0.08769466,0.10361721,0.00406618,-0.01185637,0.00406618,0.01185637,1.653e-05,0.00014057,0.00779019,0.00012404,1.02668312,1.35777791,0.0152183,0.01842327,0.00320497
2023-10-31,combo_equal_weight_all_har_augmented_ml_x_dataset_log_rolling,Equal Weight | All ML,All-model forecast combinations,0.12613768,0.09229686,0.10019084,0.03384081,0.02594684,0.03384081,0.02594684,0.0011452,0.00067324,-0.00789397,-0.00047196,1.01878915,1.35730595,0.01607083,0.01739569,0.00132487
2023-11-30,combo_equal_weight_all_har_augmented_ml_x_dataset_log_rolling,Equal Weight | All ML,All-model forecast combinations,0.08061106,0.11753225,0.11318387,-0.03692119,-0.03257281,0.03692119,0.03257281,0.00136317,0.00106099,-0.00434838,-0.00030219,1.01444077,1.35700376,0.01814692,0.02005532,0.00190841
2023-12-31,combo_equal_weight_all_har_augmented_ml_x_dataset_log_rolling,Equal Weight | All ML,All-model forecast combinations,0.07463208,0.08285568,0.09612049,-0.0082236,-0.0214884,0.0082236,0.0214884,6.763e-05,0.00046175,0.01326481,0.00039412,1.02770558,1.35739789,0.01868024,0.02181753,0.00313729
2024-01-31,combo_equal_weight_all_har_augmented_ml_x_dataset_log_rolling,Equal Weight | All ML,All-model forecast combinations,0.0851791,0.09187088,0.09260378,-0.00669178,-0.00742468,0.00669178,0.00742468,4.478e-05,5.513e-05,0.0007329,1.035e-05,1.02843848,1.35740823,0.01881872,0.02158157,0.00276285
2011-03-31,stacked_rf_on_har_augmented_forecasts_log_rolling,Stacked Random Forest,All-model forecast combinations,0.1239968,0.11461759,0.11607562,0.00937921,0.00792117,0.00937921,0.00792117,8.797e-05,6.274e-05,-0.00145804,-2.522e-05,-0.00145804,-2.522e-05,,,
2011-04-30,stacked_rf_on_har_augmented_forecasts_log_rolling,Stacked Random Forest,All-model forecast combinations,0.08197577,0.11125964,0.12651617,-0.02928386,-0.0445404,0.02928386,0.0445404,0.00085754,0.00198385,0.01525653,0.0011263,0.0137985,0.00110108,,,
2011-05-31,stacked_rf_on_har_augmented_forecasts_log_rolling,Stacked Random Forest,All-model forecast combinations,0.10443997,0.11788489,0.11306831,-0.01344492,-0.00862834,0.01344492,0.00862834,0.00018077,7.445e-05,-0.00481658,-0.00010632,0.00898192,0.00099476,,,
2011-06-30,stacked_rf_on_har_augmented_forecasts_log_rolling,Stacked Random Forest,All-model forecast combinations,0.11731825,0.11028788,0.11566157,0.00703037,0.00165669,0.00703037,0.00165669,4.943e-05,2.74e-06,-0.00537369,-4.668e-05,0.00360824,0.00094808,,,
2011-07-31,stacked_rf_on_har_augmented_forecasts_log_rolling,Stacked Random Forest,All-model forecast combinations,0.11132267,0.10440748,0.11708849,0.00691519,-0.00576582,0.00691519,0.00576582,4.782e-05,3.324e-05,-0.00114936,-1.458e-05,0.00245887,0.0009335,,,
2011-08-31,stacked_rf_on_har_augmented_forecasts_log_rolling,Stacked Random Forest,All-model forecast combinations,0.30047559,0.1254882,0.11397057,0.17498739,0.18650502,0.17498739,0.18650502,0.03062059,0.03478412,0.01151763,0.00416354,0.01397651,0.00509704,,,
2011-09-30,stacked_rf_on_har_augmented_forecasts_log_rolling,Stacked Random Forest,All-model forecast combinations,0.23741865,0.20149712,0.18733709,0.03592153,0.05008156,0.03592153,0.05008156,0.00129036,0.00250816,0.01416003,0.00121781,0.02813653,0.00631485,,,
2011-10-31,stacked_rf_on_har_augmented_forecasts_log_rolling,Stacked Random Forest,All-model forecast combinations,0.21104059,0.24475282,0.15661848,-0.03371222,0.05442212,0.03371222,0.05442212,0.00113651,0.00296177,0.02070989,0.00182525,0.04884643,0.0081401,,,
2011-11-30,stacked_rf_on_har_augmented_forecasts_log_rolling,Stacked Random Forest,All-model forecast combinations,0.18299764,0.16382195,0.14490642,0.0191757,0.03809122,0.0191757,0.03809122,0.00036771,0.00145094,0.01891553,0.00108323,0.06776195,0.00922333,,,
2011-12-31,stacked_rf_on_har_augmented_forecasts_log_rolling,Stacked Random Forest,All-model forecast combinations,0.12641057,0.14937549,0.1422497,-0.02296492,-0.01583913,0.02296492,0.01583913,0.00052739,0.00025088,-0.00712579,-0.00027651,0.06063616,0.00894682,,,
2012-01-31,stacked_rf_on_har_augmented_forecasts_log_rolling,Stacked Random Forest,All-model forecast combinations,0.09173477,0.14139308,0.12693949,-0.0496583,-0.03520472,0.0496583,0.03520472,0.00246595,0.00123937,-0.01445359,-0.00122658,0.04618257,0.00772025,,,
2012-02-29,stacked_rf_on_har_augmented_forecasts_log_rolling,Stacked Random Forest,All-model forecast combinations,0.08055043,0.1271043,0.1137494,-0.04655387,-0.03319897,0.04655387,0.03319897,0.00216726,0.00110217,-0.0133549,-0.00106509,0.03282767,0.00665516,0.03741896,0.0401546,0.00273564
2012-03-31,stacked_rf_on_har_augmented_forecasts_log_rolling,Stacked Random Forest,All-model forecast combinations,0.07616645,0.11450179,0.10772076,-0.03833533,-0.03155431,0.03833533,0.03155431,0.0014696,0.00099567,-0.00678103,-0.00047392,0.02604665,0.00618123,0.03983197,0.04212402,0.00229206
2012-04-30,stacked_rf_on_har_augmented_forecasts_log_rolling,Stacked Random Forest,All-model forecast combinations,0.09057891,0.10698172,0.10505353,-0.01640281,-0.01447463,0.01640281,0.01447463,0.00026905,0.00020951,-0.00192818,-5.954e-05,0.02411847,0.0061217,0.03875855,0.03961854,0.00086
2012-05-31,stacked_rf_on_har_augmented_forecasts_log_rolling,Stacked Random Forest,All-model forecast combinations,0.12253117,0.10569435,0.10943598,0.01683682,0.0130952,0.01683682,0.0130952,0.00028348,0.00017148,-0.00374163,-0.00011199,0.02037684,0.0060097,0.03904121,0.03999078,0.00094958
2012-06-30,stacked_rf_on_har_augmented_forecasts_log_rolling,Stacked Random Forest,All-model forecast combinations,0.11937706,0.121149,0.12178747,-0.00177194,-0.00241041,0.00177194,0.00241041,3.14e-06,5.81e-06,0.00063847,2.67e-06,0.02101531,0.00601237,0.038603,0.04005359,0.00145059
2012-07-31,stacked_rf_on_har_augmented_forecasts_log_rolling,Stacked Random Forest,All-model forecast combinations,0.1008825,0.11058579,0.12079751,-0.00970329,-0.01991501,0.00970329,0.01991501,9.415e-05,0.00039661,0.01021172,0.00030245,0.03122703,0.00631483,0.03883534,0.04123269,0.00239735
2012-08-31,stacked_rf_on_har_augmented_forecasts_log_rolling,Stacked Random Forest,All-model forecast combinations,0.08005638,0.10156369,0.11337364,-0.0215073,-0.03331726,0.0215073,0.03331726,0.00046256,0.00111004,0.01180996,0.00064748,0.04303699,0.0069623,0.02604534,0.02846704,0.00242171
2012-09-30,stacked_rf_on_har_augmented_forecasts_log_rolling,Stacked Random Forest,All-model forecast combinations,0.07940683,0.09420591,0.1036908,-0.01479908,-0.02428397,0.01479908,0.02428397,0.00021901,0.00058971,0.00948489,0.0003707,0.05252188,0.007333,0.02428513,0.02631724,0.00203211
2012-10-31,stacked_rf_on_har_augmented_forecasts_log_rolling,Stacked Random Forest,All-model forecast combinations,0.09399635,0.09219343,0.09961429,0.00180292,-0.00561794,0.00180292,0.00561794,3.25e-06,3.156e-05,0.00381502,2.831e-05,0.05633689,0.00736131,0.02162602,0.02225023,0.00062421
2012-11-30,stacked_rf_on_har_augmented_forecasts_log_rolling,Stacked Random Forest,All-model forecast combinations,0.11058386,0.09394876,0.10326854,0.01663511,0.00731532,0.01663511,0.00731532,0.00027673,5.351e-05,-0.00931978,-0.00022321,0.04701711,0.0071381,0.02141431,0.01968557,-0.00172874
2012-12-31,stacked_rf_on_har_augmented_forecasts_log_rolling,Stacked Random Forest,All-model forecast combinations,0.0992343,0.10167033,0.10880533,-0.00243603,-0.00957103,0.00243603,0.00957103,5.93e-06,9.16e-05,0.007135,8.567e-05,0.05415211,0.00722377,0.01970357,0.01916323,-0.00054034
2013-01-31,stacked_rf_on_har_augmented_forecasts_log_rolling,Stacked Random Forest,All-model forecast combinations,0.06679532,0.09171492,0.105212,-0.0249196,-0.03841668,0.0249196,0.03841668,0.00062099,0.00147584,0.01349708,0.00085485,0.06764919,0.00807862,0.01764201,0.01943089,0.00178888
2013-02-28,stacked_rf_on_har_augmented_forecasts_log_rolling,Stacked Random Forest,All-model forecast combinations,0.07807531,0.09197784,0.09381858,-0.01390253,-0.01574327,0.01390253,0.01574327,0.00019328,0.00024785,0.00184074,5.457e-05,0.06948993,0.00813319,0.01492106,0.01797625,0.00305519
2013-03-31,stacked_rf_on_har_augmented_forecasts_log_rolling,Stacked Random Forest,All-model forecast combinations,0.07750691,0.08905558,0.09632791,-0.01154867,-0.018821,0.01154867,0.018821,0.00013337,0.00035423,0.00727233,0.00022086,0.07676226,0.00835405,0.01268884,0.01691514,0.0042263
2013-04-30,stacked_rf_on_har_augmented_forecasts_log_rolling,Stacked Random Forest,All-model forecast combinations,0.09235894,0.0861101,0.09548052,0.00624884,-0.00312158,0.00624884,0.00312158,3.905e-05,9.74e-06,-0.00312726,-2.93e-05,0.07363501,0.00832475,0.01184268,0.01596906,0.00412638
2013-05-31,stacked_rf_on_har_augmented_forecasts_log_rolling,Stacked Random Forest,All-model forecast combinations,0.08770623,0.09552481,0.10060121,-0.00781858,-0.01289498,0.00781858,0.01289498,6.113e-05,0.00016628,0.0050764,0.00010515,0.0787114,0.0084299,0.01109116,0.01595237,0.00486121
2013-06-30,stacked_rf_on_har_augmented_forecasts_log_rolling,Stacked Random Forest,All-model forecast combinations,0.12836694,0.08253903,0.09896535,0.04582791,0.02940158,0.04582791,0.02940158,0.0021002,0.00086445,-0.01642632,-0.00123574,0.06228508,0.00719415,0.01476249,0.01820164,0.00343915
2013-07-31,stacked_rf_on_har_augmented_forecasts_log_rolling,Stacked Random Forest,All-model forecast combinations,0.07678995,0.10700719,0.11422798,-0.03021724,-0.03743803,0.03021724,0.03743803,0.00091308,0.00140161,0.00722079,0.00048852,0.06950587,0.00768268,0.01647198,0.01966189,0.0031899
2013-08-31,stacked_rf_on_har_augmented_forecasts_log_rolling,Stacked Random Forest,All-model forecast combinations,0.07837318,0.08996537,0.09643315,-0.01159218,-0.01805997,0.01159218,0.01805997,0.00013438,0.00032616,0.00646779,0.00019178,0.07597366,0.00787446,0.01564572,0.01839045,0.00274472
2013-09-30,stacked_rf_on_har_augmented_forecasts_log_rolling,Stacked Random Forest,All-model forecast combinations,0.07842193,0.08997188,0.09639643,-0.01154994,-0.01797449,0.01154994,0.01797449,0.0001334,0.00032308,0.00642455,0.00018968,0.0823982,0.00806414,0.01537496,0.01786466,0.00248969
2013-10-31,stacked_rf_on_har_augmented_forecasts_log_rolling,Stacked Random Forest,All-model forecast combinations,0.08610878,0.08418209,0.09514152,0.0019267,-0.00903273,0.0019267,0.00903273,3.71e-06,8.159e-05,0.00710604,7.788e-05,0.08950424,0.00814202,0.01538528,0.01814922,0.00276395
2013-11-30,stacked_rf_on_har_augmented_forecasts_log_rolling,Stacked Random Forest,All-model forecast combinations,0.06981601,0.08749219,0.09755242,-0.01767618,-0.02773641,0.01767618,0.02773641,0.00031245,0.00076931,0.01006023,0.00045686,0.09956447,0.00859888,0.01547203,0.01985098,0.00437895
2013-12-31,stacked_rf_on_har_augmented_forecasts_log_rolling,Stacked Random Forest,All-model forecast combinations,0.07121165,0.09145602,0.09196516,-0.02024437,-0.02075351,0.02024437,0.02075351,0.00040983,0.00043071,0.00050914,2.087e-05,0.10007362,0.00861976,0.01695606,0.02078285,0.00382679
2014-01-31,stacked_rf_on_har_augmented_forecasts_log_rolling,Stacked Random Forest,All-model forecast combinations,0.0885142,0.08467225,0.09186938,0.00384195,-0.00335518,0.00384195,0.00335518,1.476e-05,1.126e-05,-0.00048677,-3.5e-06,0.09958685,0.00861625,0.01519959,0.01786106,0.00266147
2014-02-28,stacked_rf_on_har_augmented_forecasts_log_rolling,Stacked Random Forest,All-model forecast combinations,0.09024819,0.08847147,0.09720438,0.00177673,-0.00695618,0.00177673,0.00695618,3.16e-06,4.839e-05,0.00517945,4.523e-05,0.10476631,0.00866149,0.01418911,0.0171288,0.0029397
2014-03-31,stacked_rf_on_har_augmented_forecasts_log_rolling,Stacked Random Forest,All-model forecast combinations,0.09283748,0.08935334,0.09823287,0.00348414,-0.0053954,0.00348414,0.0053954,1.214e-05,2.911e-05,0.00191126,1.697e-05,0.10667756,0.00867846,0.01351706,0.01601,0.00249294
2014-04-30,stacked_rf_on_har_augmented_forecasts_log_rolling,Stacked Random Forest,All-model forecast combinations,0.0959287,0.0918728,0.09944134,0.0040559,-0.00351264,0.0040559,0.00351264,1.645e-05,1.234e-05,-0.00054325,-4.11e-06,0.10613431,0.00867434,0.01333432,0.01604259,0.00270828
2014-05-31,stacked_rf_on_har_augmented_forecasts_log_rolling,Stacked Random Forest,All-model forecast combinations,0.07303027,0.0936996,0.10058053,-0.02066933,-0.02755026,0.02066933,0.02755026,0.00042722,0.00075902,0.00688093,0.0003318,0.11301524,0.00900614,0.01440521,0.01726387,0.00285865
2014-06-30,stacked_rf_on_har_augmented_forecasts_log_rolling,Stacked Random Forest,All-model forecast combinations,0.05653613,0.08694854,0.09262975,-0.03041241,-0.03609362,0.03041241,0.03609362,0.00092491,0.00130275,0.00568121,0.00037783,0.11869645,0.00938397,0.01312059,0.01782154,0.00470095
2014-07-31,stacked_rf_on_har_augmented_forecasts_log_rolling,Stacked Random Forest,All-model forecast combinations,0.0660717,0.07687668,0.08642521,-0.01080497,-0.02035351,0.01080497,0.02035351,0.00011675,0.00041427,0.00954854,0.00029752,0.12824499,0.00968149,0.0115029,0.01639783,0.00489493
2014-08-31,stacked_rf_on_har_augmented_forecasts_log_rolling,Stacked Random Forest,All-model forecast combinations,0.0752277,0.07855081,0.08808877,-0.00332311,-0.01286107,0.00332311,0.01286107,1.104e-05,0.00016541,0.00953796,0.00015436,0.13778295,0.00983586,0.01081381,0.01596458,0.00515077
2014-09-30,stacked_rf_on_har_augmented_forecasts_log_rolling,Stacked Random Forest,All-model forecast combinations,0.0762108,0.07589325,0.09063727,0.00031755,-0.01442647,0.00031755,0.01442647,1e-07,0.00020812,0.01410892,0.00020802,0.15189187,0.01004388,0.00987778,0.01566892,0.00579114
2014-10-31,stacked_rf_on_har_augmented_forecasts_log_rolling,Stacked Random Forest,All-model forecast combinations,0.14399204,0.07753029,0.09121305,0.06646174,0.05277899,0.06646174,0.05277899,0.00441716,0.00278562,-0.01368275,-0.00163154,0.13820911,0.00841234,0.0152557,0.01931444,0.00405874
2014-11-30,stacked_rf_on_har_augmented_forecasts_log_rolling,Stacked Random Forest,All-model forecast combinations,0.06427653,0.09770073,0.1166976,-0.0334242,-0.05242108,0.0334242,0.05242108,0.00111718,0.00274797,0.01899688,0.00163079,0.15720599,0.01004313,0.01656803,0.02137149,0.00480346
2014-12-31,stacked_rf_on_har_augmented_forecasts_log_rolling,Stacked Random Forest,All-model forecast combinations,0.10043239,0.09097569,0.08989329,0.0094567,0.0105391,0.0094567,0.0105391,8.943e-05,0.00011107,0.0010824,2.164e-05,0.15828839,0.01006477,0.01566906,0.02052029,0.00485123
2015-01-31,stacked_rf_on_har_augmented_forecasts_log_rolling,Stacked Random Forest,All-model forecast combinations,0.13813587,0.10821677,0.10182245,0.02991911,0.03631343,0.02991911,0.03631343,0.00089515,0.00131866,0.00639432,0.00042351,0.16468271,0.01048828,0.01784216,0.02326681,0.00542465
2015-02-28,stacked_rf_on_har_augmented_forecasts_log_rolling,Stacked Random Forest,All-model forecast combinations,0.09213617,0.12999357,0.11523843,-0.03785739,-0.02310226,0.03785739,0.02310226,0.00143318,0.00053371,-0.01475514,-0.00089947,0.14992757,0.00958882,0.02084888,0.02461232,0.00376344
2015-03-31,stacked_rf_on_har_augmented_forecasts_log_rolling,Stacked Random Forest,All-model forecast combinations,0.08527221,0.08760466,0.1007801,-0.00233245,-0.0155079,0.00233245,0.0155079,5.44e-06,0.00024049,0.01317544,0.00023505,0.16310301,0.00982387,0.02075291,0.02545503,0.00470212
2015-04-30,stacked_rf_on_har_augmented_forecasts_log_rolling,Stacked Random Forest,All-model forecast combinations,0.08426138,0.08621316,0.09809242,-0.00195178,-0.01383104,0.00195178,0.01383104,3.81e-06,0.0001913,0.01187925,0.00018749,0.17498226,0.01001136,0.02057756,0.02631489,0.00573733
2015-05-31,stacked_rf_on_har_augmented_forecasts_log_rolling,Stacked Random Forest,All-model forecast combinations,0.0753713,0.08957613,0.09617712,-0.01420482,-0.02080582,0.01420482,0.02080582,0.00020178,0.00043288,0.00660099,0.0002311,0.18158325,0.01024246,0.02003885,0.02575286,0.005714
2015-06-30,stacked_rf_on_har_augmented_forecasts_log_rolling,Stacked Random Forest,All-model forecast combinations,0.08191996,0.07992269,0.09304976,0.00199726,-0.01112981,0.00199726,0.01112981,3.99e-06,0.00012387,0.00913255,0.00011988,0.1907158,0.01036235,0.01767093,0.02367254,0.00600161
2015-07-31,stacked_rf_on_har_augmented_forecasts_log_rolling,Stacked Random Forest,All-model forecast combinations,0.08281331,0.08824499,0.09519662,-0.00543168,-0.01238331,0.00543168,0.01238331,2.95e-05,0.00015335,0.00695163,0.00012384,0.19766743,0.01048619,0.01722315,0.02300835,0.0057852
2015-08-31,stacked_rf_on_har_augmented_forecasts_log_rolling,Stacked Random Forest,All-model forecast combinations,0.18124678,0.09014189,0.09560516,0.09110488,0.08564162,0.09110488,0.08564162,0.0083001,0.00733449,-0.00546326,-0.00096561,0.19220417,0.00952058,0.0245383,0.0290734,0.0045351
2015-09-30,stacked_rf_on_har_augmented_forecasts_log_rolling,Stacked Random Forest,All-model forecast combinations,0.15257606,0.16222327,0.13513135,-0.00964721,0.01744471,0.00964721,0.01744471,9.307e-05,0.00030432,0.0077975,0.00021125,0.20000167,0.00973183,0.02531577,0.02932492,0.00400915
2015-10-31,stacked_rf_on_har_augmented_forecasts_log_rolling,Stacked Random Forest,All-model forecast combinations,0.1095216,0.11967322,0.12697753,-0.01015163,-0.01745594,0.01015163,0.01745594,0.00010306,0.00030471,0.00730431,0.00020165,0.20730598,0.00993348,0.02062326,0.02638133,0.00575807
2015-11-30,stacked_rf_on_har_augmented_forecasts_log_rolling,Stacked Random Forest,All-model forecast combinations,0.09094525,0.0995838,0.11088782,-0.00863855,-0.01994257,0.00863855,0.01994257,7.462e-05,0.00039771,0.01130402,0.00032308,0.21861,0.01025656,0.01855779,0.02367479,0.005117
2015-12-31,stacked_rf_on_har_augmented_forecasts_log_rolling,Stacked Random Forest,All-model forecast combinations,0.12220819,0.0947898,0.10290397,0.02741839,0.01930422,0.02741839,0.01930422,0.00075177,0.00037265,-0.00811417,-0.00037912,0.21049583,0.00987745,0.0200546,0.02440522,0.00435062
2016-01-31,stacked_rf_on_har_augmented_forecasts_log_rolling,Stacked Random Forest,All-model forecast combinations,0.19111779,0.08888181,0.11368516,0.10223597,0.07743262,0.10223597,0.07743262,0.01045219,0.00599581,-0.02480335,-0.00445638,0.18569248,0.00542107,0.026081,0.02783182,0.00175081
2016-02-29,stacked_rf_on_har_augmented_forecasts_log_rolling,Stacked Random Forest,All-model forecast combinations,0.16301964,0.14743762,0.14513661,0.01558202,0.01788303,0.01558202,0.01788303,0.0002428,0.0003198,0.00230101,7.7e-05,0.18799349,0.00549807,0.02422472,0.02739688,0.00317216
2016-03-31,stacked_rf_on_har_augmented_forecasts_log_rolling,Stacked Random Forest,All-model forecast combinations,0.09480278,0.13281078,0.13582316,-0.038008,-0.04102037,0.038008,0.04102037,0.00144461,0.00168267,0.00301238,0.00023806,0.19100587,0.00573613,0.02719768,0.02952292,0.00232524
2016-04-30,stacked_rf_on_har_augmented_forecasts_log_rolling,Stacked Random Forest,All-model forecast combinations,0.08229344,0.09865973,0.10862824,-0.01636629,-0.02633481,0.01636629,0.02633481,0.00026786,0.00069352,0.00996851,0.00042567,0.20097438,0.0061618,0.02839889,0.0305649,0.00216601
2016-05-31,stacked_rf_on_har_augmented_forecasts_log_rolling,Stacked Random Forest,All-model forecast combinations,0.08530203,0.09227933,0.10215381,-0.0069773,-0.01685178,0.0069773,0.01685178,4.868e-05,0.00028398,0.00987447,0.0002353,0.21084886,0.0063971,0.0277966,0.0302354,0.0024388
2016-06-30,stacked_rf_on_har_augmented_forecasts_log_rolling,Stacked Random Forest,All-model forecast combinations,0.09397396,0.08599514,0.10191531,0.00797882,-0.00794135,0.00797882,0.00794135,6.366e-05,6.307e-05,-3.747e-05,-6e-07,0.21081139,0.0063965,0.02829506,0.02996969,0.00167463
2016-07-31,stacked_rf_on_har_augmented_forecasts_log_rolling,Stacked Random Forest,All-model forecast combinations,0.06662709,0.1052728,0.10466726,-0.03864571,-0.03804017,0.03864571,0.03804017,0.00149349,0.00144705,-0.00060554,-4.644e-05,0.21020585,0.00635007,0.0310629,0.03210777,0.00104487
2016-08-31,stacked_rf_on_har_augmented_forecasts_log_rolling,Stacked Random Forest,All-model forecast combinations,0.05875578,0.0781498,0.09501239,-0.01939401,-0.03625661,0.01939401,0.03625661,0.00037613,0.00131454,0.0168626,0.00093841,0.22706845,0.00728848,0.02508699,0.02799235,0.00290536
2016-09-30,stacked_rf_on_har_augmented_forecasts_log_rolling,Stacked Random Forest,All-model forecast combinations,0.08956114,0.07563875,0.09092766,0.01392239,-0.00136651,0.01392239,0.00136651,0.00019383,1.87e-06,-0.01255588,-0.00019197,0.21451257,0.00709651,0.02544326,0.0266525,0.00120924
2016-10-31,stacked_rf_on_har_augmented_forecasts_log_rolling,Stacked Random Forest,All-model forecast combinations,0.07645832,0.08876143,0.10017519,-0.01230312,-0.02371688,0.01230312,0.02371688,0.00015137,0.00056249,0.01141376,0.00041112,0.22592633,0.00750764,0.02562255,0.02717424,0.0015517
2016-11-30,stacked_rf_on_har_augmented_forecasts_log_rolling,Stacked Random Forest,All-model forecast combinations,0.08613464,0.08809515,0.09596475,-0.00196051,-0.00983012,0.00196051,0.00983012,3.84e-06,9.663e-05,0.0078696,9.279e-05,0.23379593,0.00760043,0.02506604,0.02633154,0.00126549
2016-12-31,stacked_rf_on_har_augmented_forecasts_log_rolling,Stacked Random Forest,All-model forecast combinations,0.06241094,0.08967623,0.09959472,-0.02726528,-0.03718377,0.02726528,0.03718377,0.0007434,0.00138263,0.00991849,0.00063924,0.24371442,0.00823966,0.02505329,0.0278215,0.00276822
2017-01-31,stacked_rf_on_har_augmented_forecasts_log_rolling,Stacked Random Forest,All-model forecast combinations,0.06212703,0.07654025,0.09131225,-0.01441321,-0.02918521,0.01441321,0.02918521,0.00020774,0.00085178,0.014772,0.00064404,0.25848642,0.0088837,0.01773472,0.02380088,0.00606616
2017-02-28,stacked_rf_on_har_augmented_forecasts_log_rolling,Stacked Random Forest,All-model forecast combinations,0.05181816,0.07556378,0.08981388,-0.02374562,-0.03799572,0.02374562,0.03799572,0.00056385,0.00144367,0.0142501,0.00087982,0.27273652,0.00976352,0.01841502,0.02547694,0.00706192
2017-03-31,stacked_rf_on_har_augmented_forecasts_log_rolling,Stacked Random Forest,All-model forecast combinations,0.06543911,0.06624216,0.08508029,-0.00080305,-0.01964118,0.00080305,0.01964118,6.4e-07,0.00038578,0.01883814,0.00038513,0.29157466,0.01014865,0.01531461,0.02369534,0.00838073
2017-04-30,stacked_rf_on_har_augmented_forecasts_log_rolling,Stacked Random Forest,All-model forecast combinations,0.06821277,0.06731749,0.08807873,0.00089529,-0.01986596,0.00089529,0.01986596,8e-07,0.00039466,0.01897067,0.00039385,0.31054533,0.0105425,0.01402536,0.02315627,0.00913091
2017-05-31,stacked_rf_on_har_augmented_forecasts_log_rolling,Stacked Random Forest,All-model forecast combinations,0.05167712,0.06965769,0.08906903,-0.01798058,-0.03739191,0.01798058,0.03739191,0.0003233,0.00139815,0.01941133,0.00107485,0.32995666,0.01161736,0.0149423,0.02486795,0.00992565
2017-06-30,stacked_rf_on_har_augmented_forecasts_log_rolling,Stacked Random Forest,All-model forecast combinations,0.06000712,0.07697161,0.08363599,-0.01696449,-0.02362887,0.01696449,0.02362887,0.00028779,0.00055832,0.00666438,0.00027053,0.33662104,0.01188789,0.01569111,0.02617524,0.01048414
2017-07-31,stacked_rf_on_har_augmented_forecasts_log_rolling,Stacked Random Forest,All-model forecast combinations,0.04869214,0.06281406,0.08495022,-0.01412192,-0.03625807,0.01412192,0.03625807,0.00019943,0.00131465,0.02213616,0.00111522,0.3587572,0.01300311,0.01364746,0.02602673,0.01237928
2017-08-31,stacked_rf_on_har_augmented_forecasts_log_rolling,Stacked Random Forest,All-model forecast combinations,0.05895137,0.05714339,0.08032493,0.00180799,-0.02137356,0.00180799,0.02137356,3.27e-06,0.00045683,0.01956557,0.00045356,0.37832277,0.01345667,0.01218195,0.02478648,0.01260453
2017-09-30,stacked_rf_on_har_augmented_forecasts_log_rolling,Stacked Random Forest,All-model forecast combinations,0.04531107,0.05899381,0.08183425,-0.01368275,-0.03652319,0.01368275,0.03652319,0.00018722,0.00133394,0.02284044,0.00114673,0.40116321,0.01460339,0.01216198,0.0277162,0.01555422
2017-10-31,stacked_rf_on_har_augmented_forecasts_log_rolling,Stacked Random Forest,All-model forecast combinations,0.03786706,0.05639083,0.07706881,-0.01852377,-0.03920175,0.01852377,0.03920175,0.00034313,0.00153678,0.02067798,0.00119365,0.42184118,0.01579704,0.01268037,0.02900661,0.01632624
2017-11-30,stacked_rf_on_har_augmented_forecasts_log_rolling,Stacked Random Forest,All-model forecast combinations,0.04900293,0.04715068,0.07370597,0.00185225,-0.02470304,0.00185225,0.02470304,3.43e-06,0.00061024,0.02285078,0.00060681,0.44469197,0.01640385,0.01267135,0.03024602,0.01757467
2017-12-31,stacked_rf_on_har_augmented_forecasts_log_rolling,Stacked Random Forest,All-model forecast combinations,0.06019932,0.04905544,0.07481554,0.01114388,-0.01461623,0.01114388,0.01461623,0.00012419,0.00021363,0.00347235,8.945e-05,0.44816432,0.0164933,0.0113279,0.02836539,0.01703749
2018-01-31,stacked_rf_on_har_augmented_forecasts_log_rolling,Stacked Random Forest,All-model forecast combinations,0.06519769,0.05165844,0.07762023,0.01353925,-0.01242254,0.01353925,0.01242254,0.00018331,0.00015432,-0.0011167,-2.899e-05,0.44704762,0.01646431,0.01125507,0.0269685,0.01571343
2018-02-28,stacked_rf_on_har_augmented_forecasts_log_rolling,Stacked Random Forest,All-model forecast combinations,0.1387046,0.0540433,0.07819547,0.08466129,0.06050912,0.08466129,0.06050912,0.00716753,0.00366135,-0.02415217,-0.00350618,0.42289545,0.01295813,0.01633137,0.02884462,0.01251324
2018-03-31,stacked_rf_on_har_augmented_forecasts_log_rolling,Stacked Random Forest,All-model forecast combinations,0.13891564,0.09338552,0.10438966,0.04553012,0.03452598,0.04553012,0.03452598,0.00207299,0.00119204,-0.01100414,-0.00088095,0.41189131,0.01207718,0.02005863,0.03008502,0.01002639
2018-04-30,stacked_rf_on_har_augmented_forecasts_log_rolling,Stacked Random Forest,All-model forecast combinations,0.1407784,0.09528242,0.10640081,0.04549598,0.03437759,0.04549598,0.03437759,0.00206988,0.00118182,-0.01111839,-0.00088807,0.40077292,0.01118911,0.02377535,0.03129432,0.00751897
2018-05-31,stacked_rf_on_har_augmented_forecasts_log_rolling,Stacked Random Forest,All-model forecast combinations,0.09507116,0.10578597,0.10993222,-0.01071481,-0.01486106,0.01071481,0.01486106,0.00011481,0.00022085,0.00414625,0.00010604,0.40491917,0.01129516,0.02316987,0.02941675,0.00624688
2018-06-30,stacked_rf_on_har_augmented_forecasts_log_rolling,Stacked Random Forest,All-model forecast combinations,0.08039533,0.07727796,0.09331526,0.00311737,-0.01291992,0.00311737,0.01291992,9.72e-06,0.00016692,0.00980255,0.00015721,0.41472173,0.01145236,0.02201595,0.02852434,0.00650839
2018-07-31,stacked_rf_on_har_augmented_forecasts_log_rolling,Stacked Random Forest,All-model forecast combinations,0.0690613,0.08000874,0.08786672,-0.01094744,-0.01880541,0.01094744,0.01880541,0.00011985,0.00035364,0.00785798,0.0002338,0.4225797,0.01168616,0.02175141,0.02706995,0.00531854
2018-08-31,stacked_rf_on_har_augmented_forecasts_log_rolling,Stacked Random Forest,All-model forecast combinations,0.05968197,0.05939279,0.08387116,0.00028918,-0.02418919,0.00028918,0.02418919,8e-08,0.00058512,0.02390001,0.00058503,0.44647971,0.01227119,0.02162484,0.02730459,0.00567975
2018-09-30,stacked_rf_on_har_augmented_forecasts_log_rolling,Stacked Random Forest,All-model forecast combinations,0.0654128,0.05821926,0.08064715,0.00719354,-0.01523435,0.00719354,0.01523435,5.175e-05,0.00023209,0.00804082,0.00018034,0.45452053,0.01245153,0.02108407,0.02553052,0.00444644
2018-10-31,stacked_rf_on_har_augmented_forecasts_log_rolling,Stacked Random Forest,All-model forecast combinations,0.17260155,0.0586461,0.08166035,0.11395545,0.0909412,0.11395545,0.0909412,0.01298584,0.0082703,-0.02301425,-0.00471554,0.43150628,0.00773599,0.02903671,0.02984214,0.00080542
2018-11-30,stacked_rf_on_har_augmented_forecasts_log_rolling,Stacked Random Forest,All-model forecast combinations,0.14550899,0.10584484,0.1199506,0.03966415,0.02555839,0.03966415,0.02555839,0.00157324,0.00065323,-0.01410576,-0.00092001,0.41740052,0.00681597,0.0321877,0.02991342,-0.00227429
2018-12-31,stacked_rf_on_har_augmented_forecasts_log_rolling,Stacked Random Forest,All-model forecast combinations,0.23558433,0.10315772,0.11588897,0.13242661,0.11969536,0.13242661,0.11969536,0.01753681,0.01432698,-0.01273125,-0.00320983,0.40466927,0.00360615,0.0422946,0.03867001,-0.00362459
2019-01-31,stacked_rf_on_har_augmented_forecasts_log_rolling,Stacked Random Forest,All-model forecast combinations,0.13805562,0.14239271,0.18961141,-0.00433708,-0.05155579,0.00433708,0.05155579,1.881e-05,0.002658,0.0472187,0.00263919,0.45188797,0.00624534,0.04152775,0.04193111,0.00040336
2019-02-28,stacked_rf_on_har_augmented_forecasts_log_rolling,Stacked Random Forest,All-model forecast combinations,0.08205478,0.10380301,0.11797261,-0.02174823,-0.03591783,0.02174823,0.03591783,0.00047299,0.00129009,0.0141696,0.00081711,0.46605757,0.00706244,0.036285,0.03988184,0.00359684
2019-03-31,stacked_rf_on_har_augmented_forecasts_log_rolling,Stacked Random Forest,All-model forecast combinations,0.09470707,0.08445006,0.0875381,0.01025702,0.00716898,0.01025702,0.00716898,0.00010521,5.139e-05,-0.00308804,-5.381e-05,0.46296953,0.00700863,0.03334557,0.03760209,0.00425652
2019-04-30,stacked_rf_on_har_augmented_forecasts_log_rolling,Stacked Random Forest,All-model forecast combinations,0.05727866,0.08027679,0.09525854,-0.02299813,-0.03797988,0.02299813,0.03797988,0.00052891,0.00144247,0.01498175,0.00091356,0.47795128,0.00792219,0.03147075,0.03790228,0.00643153
2019-05-31,stacked_rf_on_har_augmented_forecasts_log_rolling,Stacked Random Forest,All-model forecast combinations,0.11646584,0.06907482,0.07847861,0.04739102,0.03798723,0.04739102,0.03798723,0.00224591,0.00144303,-0.00940379,-0.00080288,0.4685475,0.00711931,0.0345271,0.03982946,0.00530236
2019-06-30,stacked_rf_on_har_augmented_forecasts_log_rolling,Stacked Random Forest,All-model forecast combinations,0.08633239,0.09825634,0.10607152,-0.01192395,-0.01973913,0.01192395,0.01973913,0.00014218,0.00038963,0.00781518,0.00024745,0.47636268,0.00736676,0.03526098,0.04039773,0.00513675
2019-07-31,stacked_rf_on_har_augmented_forecasts_log_rolling,Stacked Random Forest,All-model forecast combinations,0.06669148,0.0703381,0.09128019,-0.00364662,-0.02458871,0.00364662,0.02458871,1.33e-05,0.0006046,0.02094209,0.00059131,0.49730476,0.00795807,0.03465258,0.04087967,0.00622709
2019-08-31,stacked_rf_on_har_augmented_forecasts_log_rolling,Stacked Random Forest,All-model forecast combinations,0.13916472,0.0701255,0.08281996,0.06903923,0.05634477,0.06903923,0.05634477,0.00476641,0.00317473,-0.01269446,-0.00159168,0.48461031,0.00636639,0.04038175,0.0435593,0.00317755
2019-09-30,stacked_rf_on_har_augmented_forecasts_log_rolling,Stacked Random Forest,All-model forecast combinations,0.08899928,0.10417495,0.11891754,-0.01517568,-0.02991826,0.01517568,0.02991826,0.0002303,0.0008951,0.01474259,0.0006648,0.49935289,0.00703119,0.04104693,0.04478296,0.00373603
2019-10-31,stacked_rf_on_har_augmented_forecasts_log_rolling,Stacked Random Forest,All-model forecast combinations,0.09164451,0.0917466,0.09436573,-0.00010209,-0.00272122,0.00010209,0.00272122,1e-08,7.41e-06,0.00261913,7.39e-06,0.50197202,0.00703858,0.03155915,0.0374313,0.00587215
2019-11-30,stacked_rf_on_har_augmented_forecasts_log_rolling,Stacked Random Forest,All-model forecast combinations,0.05524849,0.07355475,0.09472056,-0.01830626,-0.03947207,0.01830626,0.03947207,0.00033512,0.00155804,0.02116581,0.00122292,0.52313783,0.00826151,0.02977933,0.03859077,0.00881144
2019-12-31,stacked_rf_on_har_augmented_forecasts_log_rolling,Stacked Random Forest,All-model forecast combinations,0.06209932,0.09288759,0.07849395,-0.03078827,-0.01639463,0.03078827,0.01639463,0.00094792,0.00026878,-0.01439364,-0.00067913,0.50874419,0.00758237,0.02130946,0.02998237,0.00867291
2020-01-31,stacked_rf_on_har_augmented_forecasts_log_rolling,Stacked Random Forest,All-model forecast combinations,0.07975763,0.09656067,0.07879248,-0.01680304,0.00096515,0.01680304,0.00096515,0.00028234,9.3e-07,-0.01583788,-0.00028141,0.4929063,0.00730096,0.02234829,0.02576649,0.00341819
2020-02-29,stacked_rf_on_har_augmented_forecasts_log_rolling,Stacked Random Forest,All-model forecast combinations,0.18564385,0.09335785,0.08500203,0.092286,0.10064182,0.092286,0.10064182,0.00851671,0.01012878,0.00835581,0.00161207,0.50126212,0.00891303,0.02822644,0.03116015,0.00293371
2020-03-31,stacked_rf_on_har_augmented_forecasts_log_rolling,Stacked Random Forest,All-model forecast combinations,0.58295547,0.17637427,0.14520964,0.40658121,0.43774583,0.40658121,0.43774583,0.16530828,0.19162141,0.03116462,0.02631313,0.53242674,0.03522616,0.06125346,0.06704156,0.0057881
2020-04-30,stacked_rf_on_har_augmented_forecasts_log_rolling,Stacked Random Forest,All-model forecast combinations,0.24991991,0.23542408,1.54497553,0.01449583,-1.29505562,0.01449583,1.29505562,0.00021013,1.67716907,1.28055979,1.67695894,1.81298653,1.7121851,0.06054493,0.17179787,0.11125294
2020-05-31,stacked_rf_on_har_augmented_forecasts_log_rolling,Stacked Random Forest,All-model forecast combinations,0.16410989,0.16875518,0.187209,-0.00464529,-0.0230991,0.00464529,0.0230991,2.158e-05,0.00053357,0.01845381,0.00051199,1.83144035,1.71269709,0.05698279,0.17055719,0.1135744
2020-06-30,stacked_rf_on_har_augmented_forecasts_log_rolling,Stacked Random Forest,All-model forecast combinations,0.18276328,0.13764008,0.13434073,0.0451232,0.04842255,0.0451232,0.04842255,0.0020361,0.00234474,0.00329935,0.00030864,1.8347397,1.71300573,0.05974939,0.17294748,0.11319809
2020-07-31,stacked_rf_on_har_augmented_forecasts_log_rolling,Stacked Random Forest,All-model forecast combinations,0.13369031,0.16405528,0.14973507,-0.03036497,-0.01604476,0.03036497,0.01604476,0.00092203,0.00025743,-0.0143202,-0.0006646,1.82041949,1.71234113,0.06197592,0.17223548,0.11025956
2020-08-31,stacked_rf_on_har_augmented_forecasts_log_rolling,Stacked Random Forest,All-model forecast combinations,0.08711462,0.11221757,0.12370315,-0.02510295,-0.03658853,0.02510295,0.03658853,0.00063016,0.00133872,0.01148558,0.00070856,1.83190507,1.7130497,0.05831457,0.17058913,0.11227456
2020-09-30,stacked_rf_on_har_augmented_forecasts_log_rolling,Stacked Random Forest,All-model forecast combinations,0.18583484,0.11632284,0.10151568,0.069512,0.08431916,0.069512,0.08431916,0.00483192,0.00710972,0.01480716,0.0022778,1.84671223,1.7153275,0.06284259,0.17512254,0.11227994
2020-10-31,stacked_rf_on_har_augmented_forecasts_log_rolling,Stacked Random Forest,All-model forecast combinations,0.14700764,0.14368507,0.14927946,0.00332257,-0.00227183,0.00332257,0.00227183,1.104e-05,5.16e-06,-0.00105074,-5.88e-06,1.84566149,1.71532162,0.06311097,0.17508509,0.11197412
2020-11-30,stacked_rf_on_har_augmented_forecasts_log_rolling,Stacked Random Forest,All-model forecast combinations,0.13540578,0.20408735,0.13272256,-0.06868158,0.00268322,0.06868158,0.00268322,0.00471716,7.2e-06,-0.06599836,-0.00470996,1.77966313,1.71061166,0.06730891,0.17201935,0.10471044
2020-12-31,stacked_rf_on_har_augmented_forecasts_log_rolling,Stacked Random Forest,All-model forecast combinations,0.08727809,0.11325208,0.13042698,-0.025974,-0.04314889,0.025974,0.04314889,0.00067465,0.00186183,0.01717489,0.00118718,1.79683802,1.71179884,0.06690772,0.17424887,0.10734115
2021-01-31,stacked_rf_on_har_augmented_forecasts_log_rolling,Stacked Random Forest,All-model forecast combinations,0.12643455,0.10664372,0.10846867,0.01979083,0.01796589,0.01979083,0.01796589,0.00039168,0.00032277,-0.00182494,-6.89e-05,1.79501308,1.71172994,0.0671567,0.1756656,0.1085089
2021-02-28,stacked_rf_on_har_augmented_forecasts_log_rolling,Stacked Random Forest,All-model forecast combinations,0.12196964,0.16892248,0.12688707,-0.04695284,-0.00491743,0.04695284,0.00491743,0.00220457,2.418e-05,-0.04203541,-0.00218039,1.75297767,1.70954955,0.06337894,0.16768857,0.10430963
2021-03-31,stacked_rf_on_har_augmented_forecasts_log_rolling,Stacked Random Forest,All-model forecast combinations,0.14192329,0.1401442,0.12423121,0.00177908,0.01769207,0.00177908,0.01769207,3.17e-06,0.00031301,0.01591299,0.00030984,1.76889066,1.70985939,0.02964543,0.13268409,0.10303866
2021-04-30,stacked_rf_on_har_augmented_forecasts_log_rolling,Stacked Random Forest,All-model forecast combinations,0.07227313,0.10102456,0.12520714,-0.02875143,-0.05293401,0.02875143,0.05293401,0.00082664,0.00280201,0.02418257,0.00197536,1.79307323,1.71183476,0.0308334,0.02917395,-0.00165944
2021-05-31,stacked_rf_on_har_augmented_forecasts_log_rolling,Stacked Random Forest,All-model forecast combinations,0.09818055,0.09325785,0.09539606,0.0049227,0.00278449,0.0049227,0.00278449,2.423e-05,7.75e-06,-0.0021382,-1.648e-05,1.79093503,1.71181828,0.03085651,0.02748107,-0.00337544
2021-06-30,stacked_rf_on_har_augmented_forecasts_log_rolling,Stacked Random Forest,All-model forecast combinations,0.06526994,0.09232927,0.10263326,-0.02705933,-0.03736333,0.02705933,0.03736333,0.00073221,0.00139602,0.010304,0.00066381,1.80123903,1.71248209,0.02935119,0.02655947,-0.00279172
2021-07-31,stacked_rf_on_har_augmented_forecasts_log_rolling,Stacked Random Forest,All-model forecast combinations,0.07520977,0.11879965,0.08885329,-0.04358988,-0.01364352,0.04358988,0.01364352,0.00190008,0.00018615,-0.02994636,-0.00171393,1.77129267,1.71076816,0.03045327,0.02635936,-0.0040939
2021-08-31,stacked_rf_on_har_augmented_forecasts_log_rolling,Stacked Random Forest,All-model forecast combinations,0.06362476,0.09890203,0.09090206,-0.03527727,-0.02727729,0.03527727,0.02727729,0.00124449,0.00074405,-0.00799997,-0.00050043,1.7632927,1.71026772,0.03130113,0.02558343,-0.0057177
2021-09-30,stacked_rf_on_har_augmented_forecasts_log_rolling,Stacked Random Forest,All-model forecast combinations,0.10189251,0.09450356,0.08521496,0.00738895,0.01667755,0.00738895,0.01667755,5.46e-05,0.00027814,0.0092886,0.00022354,1.7725813,1.71049126,0.0261242,0.01994663,-0.00617758
2021-10-31,stacked_rf_on_har_augmented_forecasts_log_rolling,Stacked Random Forest,All-model forecast combinations,0.09768553,0.11638052,0.09621429,-0.01869499,0.00147123,0.01869499,0.00147123,0.0003495,2.16e-06,-0.01722375,-0.00034734,1.75535754,1.71014393,0.02740524,0.01987991,-0.00752533
2021-11-30,stacked_rf_on_har_augmented_forecasts_log_rolling,Stacked Random Forest,All-model forecast combinations,0.08990034,0.0743651,0.09457941,0.01553523,-0.00467908,0.01553523,0.00467908,0.00024134,2.189e-05,-0.01085616,-0.00021945,1.74450139,1.70992448,0.02297638,0.02004623,-0.00293015
2021-12-31,stacked_rf_on_har_augmented_forecasts_log_rolling,Stacked Random Forest,All-model forecast combinations,0.12715669,0.11574144,0.09180554,0.01141525,0.03535115,0.01141525,0.03535115,0.00013031,0.0012497,0.0239359,0.0011194,1.76843729,1.71104387,0.02176315,0.01939642,-0.00236673
2022-01-31,stacked_rf_on_har_augmented_forecasts_log_rolling,Stacked Random Forest,All-model forecast combinations,0.2054063,0.09429885,0.10455535,0.11110745,0.10085095,0.11110745,0.10085095,0.01234486,0.01017091,-0.0102565,-0.00217395,1.75818079,1.70886992,0.02937287,0.02630351,-0.00306936
2022-02-28,stacked_rf_on_har_augmented_forecasts_log_rolling,Stacked Random Forest,All-model forecast combinations,0.18906515,0.12683192,0.13873051,0.06223323,0.05033464,0.06223323,0.05033464,0.00387298,0.00253358,-0.0118986,-0.0013394,1.74628219,1.70753052,0.03064623,0.03008828,-0.00055796
2022-03-31,stacked_rf_on_har_augmented_forecasts_log_rolling,Stacked Random Forest,All-model forecast combinations,0.1731367,0.16014475,0.13572155,0.01299194,0.03741514,0.01299194,0.03741514,0.00016879,0.00139989,0.0244232,0.0012311,1.77070539,1.70876163,0.03158064,0.03173187,0.00015123
2022-04-30,stacked_rf_on_har_augmented_forecasts_log_rolling,Stacked Random Forest,All-model forecast combinations,0.15851479,0.12249053,0.13127507,0.03602426,0.02723972,0.03602426,0.02723972,0.00129775,0.000742,-0.00878454,-0.00055574,1.76192085,1.70820588,0.03218671,0.02959067,-0.00259603
2022-05-31,stacked_rf_on_har_augmented_forecasts_log_rolling,Stacked Random Forest,All-model forecast combinations,0.2578389,0.13923948,0.12724383,0.11859942,0.13059508,0.11859942,0.13059508,0.01406582,0.01705507,0.01199566,0.00298925,1.77391651,1.71119513,0.04165977,0.04024156,-0.00141821
2022-06-30,stacked_rf_on_har_augmented_forecasts_log_rolling,Stacked Random Forest,All-model forecast combinations,0.20628661,0.13620328,0.18639549,0.07008332,0.01989112,0.07008332,0.01989112,0.00491167,0.00039566,-0.0501922,-0.00451602,1.72372431,1.70667912,0.0452451,0.03878554,-0.00645956
2022-07-31,stacked_rf_on_har_augmented_forecasts_log_rolling,Stacked Random Forest,All-model forecast combinations,0.16389054,0.16966312,0.16323174,-0.00577258,0.0006588,0.00577258,0.0006588,3.332e-05,4.3e-07,-0.00511378,-3.289e-05,1.71861053,1.70664623,0.04209366,0.03770348,-0.00439018
2022-08-31,stacked_rf_on_har_augmented_forecasts_log_rolling,Stacked Random Forest,All-model forecast combinations,0.13005032,0.13051939,0.14456027,-0.00046907,-0.01450995,0.00046907,0.01450995,2.2e-07,0.00021054,0.01404088,0.00021032,1.73265141,1.70685655,0.03919297,0.03663953,-0.00255344
2022-09-30,stacked_rf_on_har_augmented_forecasts_log_rolling,Stacked Random Forest,All-model forecast combinations,0.19626273,0.12162949,0.12637585,0.07463323,0.06988687,0.07463323,0.06988687,0.00557012,0.00488417,-0.00474636,-0.00068594,1.72790505,1.7061706,0.04479666,0.04107364,-0.00372302
2022-10-31,stacked_rf_on_har_augmented_forecasts_log_rolling,Stacked Random Forest,All-model forecast combinations,0.19975826,0.15401949,0.1614805,0.04573877,0.03827776,0.04573877,0.03827776,0.00209203,0.00146519,-0.00746101,-0.00062685,1.72044404,1.70554375,0.04705031,0.04414085,-0.00290946
2022-11-30,stacked_rf_on_har_augmented_forecasts_log_rolling,Stacked Random Forest,All-model forecast combinations,0.16948675,0.15227972,0.170144,0.01720703,-0.00065725,0.01720703,0.00065725,0.00029608,4.3e-07,-0.01654977,-0.00029565,1.70389427,1.7052481,0.04718963,0.0438057,-0.00338393
2022-12-31,stacked_rf_on_har_augmented_forecasts_log_rolling,Stacked Random Forest,All-model forecast combinations,0.15877952,0.15144226,0.15843758,0.00733726,0.00034194,0.00733726,0.00034194,5.384e-05,1.2e-07,-0.00699532,-5.372e-05,1.69689895,1.70519439,0.0468498,0.04088827,-0.00596153
2023-01-31,stacked_rf_on_har_augmented_forecasts_log_rolling,Stacked Random Forest,All-model forecast combinations,0.14255764,0.15018512,0.15281384,-0.00762748,-0.01025621,0.00762748,0.01025621,5.818e-05,0.00010519,0.00262872,4.701e-05,1.69952767,1.7052414,0.03822647,0.03333871,-0.00488776
2023-02-28,stacked_rf_on_har_augmented_forecasts_log_rolling,Stacked Random Forest,All-model forecast combinations,0.14798801,0.10695775,0.14108966,0.04103026,0.00689835,0.04103026,0.00689835,0.00168348,4.759e-05,-0.03413191,-0.0016359,1.66539576,1.7036055,0.03645955,0.02971902,-0.00674054
2023-03-31,stacked_rf_on_har_augmented_forecasts_log_rolling,Stacked Random Forest,All-model forecast combinations,0.16589266,0.15282,0.14245861,0.01307266,0.02343405,0.01307266,0.02343405,0.00017089,0.00054915,0.01036139,0.00037826,1.67575715,1.70398376,0.03646628,0.02855393,-0.00791235
2023-04-30,stacked_rf_on_har_augmented_forecasts_log_rolling,Stacked Random Forest,All-model forecast combinations,0.08994252,0.13810513,0.15253063,-0.04816261,-0.06258811,0.04816261,0.06258811,0.00231964,0.00391727,0.0144255,0.00159763,1.69018265,1.7055814,0.03747781,0.03149962,-0.00597818
2023-05-31,stacked_rf_on_har_augmented_forecasts_log_rolling,Stacked Random Forest,All-model forecast combinations,0.10574234,0.09185831,0.11438662,0.01388404,-0.00864427,0.01388404,0.00864427,0.00019277,7.472e-05,-0.00523976,-0.00011804,1.68494289,1.70546335,0.02875153,0.02133706,-0.00741447
2023-06-30,stacked_rf_on_har_augmented_forecasts_log_rolling,Stacked Random Forest,All-model forecast combinations,0.09100868,0.09754223,0.11566273,-0.00653356,-0.02465406,0.00653356,0.02465406,4.269e-05,0.00060782,0.0181205,0.00056514,1.70306339,1.70602849,0.02345571,0.02173397,-0.00172174
2023-07-31,stacked_rf_on_har_augmented_forecasts_log_rolling,Stacked Random Forest,All-model forecast combinations,0.07268551,0.07283555,0.10498751,-0.00015004,-0.032302,0.00015004,0.032302,2e-08,0.00104342,0.03215196,0.0010434,1.73521535,1.70707189,0.02298717,0.0243709,0.00138373
2023-08-31,stacked_rf_on_har_augmented_forecasts_log_rolling,Stacked Random Forest,All-model forecast combinations,0.09745315,0.06937598,0.09628427,0.02807717,0.00116888,0.02807717,0.00116888,0.00078833,1.37e-06,-0.02690829,-0.00078696,1.70830705,1.70628492,0.02528784,0.02325915,-0.0020287
2023-09-30,stacked_rf_on_har_augmented_forecasts_log_rolling,Stacked Random Forest,All-model forecast combinations,0.09176085,0.07810744,0.10361721,0.01365341,-0.01185637,0.01365341,0.01185637,0.00018642,0.00014057,-0.00179704,-4.584e-05,1.70651001,1.70623908,0.02020619,0.01842327,-0.00178292
2023-10-31,stacked_rf_on_har_augmented_forecasts_log_rolling,Stacked Random Forest,All-model forecast combinations,0.12613768,0.08210057,0.10019084,0.04403711,0.02594684,0.04403711,0.02594684,0.00193927,0.00067324,-0.01809027,-0.00126603,1.68841974,1.70497305,0.02006439,0.01739569,-0.00266869
2023-11-30,stacked_rf_on_har_augmented_forecasts_log_rolling,Stacked Random Forest,All-model forecast combinations,0.08061106,0.1090791,0.11318387,-0.02846804,-0.03257281,0.02846804,0.03257281,0.00081043,0.00106099,0.00410477,0.00025056,1.69252451,1.70522361,0.0210028,0.02005532,-0.00094748
2023-12-31,stacked_rf_on_har_augmented_forecasts_log_rolling,Stacked Random Forest,All-model forecast combinations,0.07463208,0.07633831,0.09612049,-0.00170622,-0.0214884,0.00170622,0.0214884,2.91e-06,0.00046175,0.01978218,0.00045884,1.71230669,1.70568245,0.02053355,0.02181753,0.00128398
2024-01-31,stacked_rf_on_har_augmented_forecasts_log_rolling,Stacked Random Forest,All-model forecast combinations,0.0851791,0.07813554,0.09260378,0.00704356,-0.00742468,0.00704356,0.00742468,4.961e-05,5.513e-05,0.00038112,5.51e-06,1.71268782,1.70568797,0.02048489,0.02158157,0.00109668
2011-03-31,stacked_enet_on_har_augmented_forecasts_log_rolling,Stacked Elastic Net,All-model forecast combinations,0.1239968,0.09855571,0.11607562,0.02544109,0.00792117,0.02544109,0.00792117,0.00064725,6.274e-05,-0.01751992,-0.0005845,-0.01751992,-0.0005845,,,
2011-04-30,stacked_enet_on_har_augmented_forecasts_log_rolling,Stacked Elastic Net,All-model forecast combinations,0.08197577,0.11758174,0.12651617,-0.03560597,-0.0445404,0.03560597,0.0445404,0.00126779,0.00198385,0.00893443,0.00071606,-0.00858549,0.00013156,,,
2011-05-31,stacked_enet_on_har_augmented_forecasts_log_rolling,Stacked Elastic Net,All-model forecast combinations,0.10443997,0.10323487,0.11306831,0.0012051,-0.00862834,0.0012051,0.00862834,1.45e-06,7.445e-05,0.00742324,7.3e-05,-0.00116225,0.00020455,,,
2011-06-30,stacked_enet_on_har_augmented_forecasts_log_rolling,Stacked Elastic Net,All-model forecast combinations,0.11731825,0.1162252,0.11566157,0.00109306,0.00165669,0.00109306,0.00165669,1.19e-06,2.74e-06,0.00056363,1.55e-06,-0.00059862,0.0002061,,,
2011-07-31,stacked_enet_on_har_augmented_forecasts_log_rolling,Stacked Elastic Net,All-model forecast combinations,0.11132267,0.11214483,0.11708849,-0.00082216,-0.00576582,0.00082216,0.00576582,6.8e-07,3.324e-05,0.00494366,3.257e-05,0.00434504,0.00023867,,,
2011-08-31,stacked_enet_on_har_augmented_forecasts_log_rolling,Stacked Elastic Net,All-model forecast combinations,0.30047559,0.13361885,0.11397057,0.16685673,0.18650502,0.16685673,0.18650502,0.02784117,0.03478412,0.01964829,0.00694295,0.02399333,0.00718163,,,
2011-09-30,stacked_enet_on_har_augmented_forecasts_log_rolling,Stacked Elastic Net,All-model forecast combinations,0.23741865,0.22941558,0.18733709,0.00800307,0.05008156,0.00800307,0.05008156,6.405e-05,0.00250816,0.04207849,0.00244411,0.06607182,0.00962574,,,
2011-10-31,stacked_enet_on_har_augmented_forecasts_log_rolling,Stacked Elastic Net,All-model forecast combinations,0.21104059,0.26946171,0.15661848,-0.05842111,0.05442212,0.05842111,0.05442212,0.00341303,0.00296177,-0.003999,-0.00045126,0.06207283,0.00917448,,,
2011-11-30,stacked_enet_on_har_augmented_forecasts_log_rolling,Stacked Elastic Net,All-model forecast combinations,0.18299764,0.16218787,0.14490642,0.02080978,0.03809122,0.02080978,0.03809122,0.00043305,0.00145094,0.01728145,0.00101789,0.07935427,0.01019237,,,
2011-12-31,stacked_enet_on_har_augmented_forecasts_log_rolling,Stacked Elastic Net,All-model forecast combinations,0.12641057,0.16657395,0.1422497,-0.04016338,-0.01583913,0.04016338,0.01583913,0.0016131,0.00025088,-0.02432425,-0.00136222,0.05503002,0.00883016,,,
2012-01-31,stacked_enet_on_har_augmented_forecasts_log_rolling,Stacked Elastic Net,All-model forecast combinations,0.09173477,0.17129635,0.12693949,-0.07956157,-0.03520472,0.07956157,0.03520472,0.00633004,0.00123937,-0.04435685,-0.00509067,0.01067317,0.00373948,,,
2012-02-29,stacked_enet_on_har_augmented_forecasts_log_rolling,Stacked Elastic Net,All-model forecast combinations,0.08055043,0.13663964,0.1137494,-0.05608921,-0.03319897,0.05608921,0.03319897,0.003146,0.00110217,-0.02289024,-0.00204383,-0.01221707,0.00169566,0.04117269,0.0401546,-0.00101809
2012-03-31,stacked_enet_on_har_augmented_forecasts_log_rolling,Stacked Elastic Net,All-model forecast combinations,0.07616645,0.10833358,0.10772076,-0.03216713,-0.03155431,0.03216713,0.03155431,0.00103472,0.00099567,-0.00061282,-3.905e-05,-0.01282989,0.00165661,0.04173319,0.04212402,0.00039084
2012-04-30,stacked_enet_on_har_augmented_forecasts_log_rolling,Stacked Elastic Net,All-model forecast combinations,0.09057891,0.10516372,0.10505353,-0.01458482,-0.01447463,0.01458482,0.01447463,0.00021272,0.00020951,-0.00011019,-3.2e-06,-0.01294008,0.0016534,0.03998143,0.03961854,-0.00036288
2012-05-31,stacked_enet_on_har_augmented_forecasts_log_rolling,Stacked Elastic Net,All-model forecast combinations,0.12253117,0.10456327,0.10943598,0.01796791,0.0130952,0.01796791,0.0130952,0.00032285,0.00017148,-0.00487271,-0.00015136,-0.01781279,0.00150204,0.04137833,0.03999078,-0.00138755
2012-06-30,stacked_enet_on_har_augmented_forecasts_log_rolling,Stacked Elastic Net,All-model forecast combinations,0.11937706,0.12929998,0.12178747,-0.00992292,-0.00241041,0.00992292,0.00241041,9.846e-05,5.81e-06,-0.00751251,-9.265e-05,-0.0253253,0.00140939,0.04211415,0.04005359,-0.00206056
2012-07-31,stacked_enet_on_har_augmented_forecasts_log_rolling,Stacked Elastic Net,All-model forecast combinations,0.1008825,0.12333718,0.12079751,-0.02245468,-0.01991501,0.02245468,0.01991501,0.00050421,0.00039661,-0.00253967,-0.00010761,-0.02786497,0.00130178,0.04391686,0.04123269,-0.00268417
2012-08-31,stacked_enet_on_har_augmented_forecasts_log_rolling,Stacked Elastic Net,All-model forecast combinations,0.08005638,0.12437123,0.11337364,-0.04431485,-0.03331726,0.04431485,0.03331726,0.00196381,0.00111004,-0.01099759,-0.00085377,-0.03886256,0.00044802,0.03370504,0.02846704,-0.00523799
2012-09-30,stacked_enet_on_har_augmented_forecasts_log_rolling,Stacked Elastic Net,All-model forecast combinations,0.07940683,0.10665684,0.1036908,-0.02725001,-0.02428397,0.02725001,0.02428397,0.00074256,0.00058971,-0.00296604,-0.00015285,-0.0418286,0.00029517,0.03530895,0.02631724,-0.0089917
2012-10-31,stacked_enet_on_har_augmented_forecasts_log_rolling,Stacked Elastic Net,All-model forecast combinations,0.09399635,0.10375832,0.09961429,-0.00976198,-0.00561794,0.00976198,0.00561794,9.53e-05,3.156e-05,-0.00414404,-6.373e-05,-0.04597264,0.00023143,0.03125402,0.02225023,-0.00900379
2012-11-30,stacked_enet_on_har_augmented_forecasts_log_rolling,Stacked Elastic Net,All-model forecast combinations,0.11058386,0.10097109,0.10326854,0.00961278,0.00731532,0.00961278,0.00731532,9.241e-05,5.351e-05,-0.00229745,-3.889e-05,-0.04827009,0.00019254,0.03032094,0.01968557,-0.01063536
2012-12-31,stacked_enet_on_har_augmented_forecasts_log_rolling,Stacked Elastic Net,All-model forecast combinations,0.0992343,0.11041577,0.10880533,-0.01118147,-0.00957103,0.01118147,0.00957103,0.00012503,9.16e-05,-0.00161043,-3.342e-05,-0.04988053,0.00015912,0.02790578,0.01916323,-0.00874255
2013-01-31,stacked_enet_on_har_augmented_forecasts_log_rolling,Stacked Elastic Net,All-model forecast combinations,0.06679532,0.10436259,0.105212,-0.03756727,-0.03841668,0.03756727,0.03841668,0.0014113,0.00147584,0.00084941,6.454e-05,-0.04903112,0.00022366,0.02440625,0.01943089,-0.00497536
2013-02-28,stacked_enet_on_har_augmented_forecasts_log_rolling,Stacked Elastic Net,All-model forecast combinations,0.07807531,0.09621226,0.09381858,-0.01813695,-0.01574327,0.01813695,0.01574327,0.00032895,0.00024785,-0.00239368,-8.11e-05,-0.05142479,0.00014256,0.02124356,0.01797625,-0.00326731
2013-03-31,stacked_enet_on_har_augmented_forecasts_log_rolling,Stacked Elastic Net,All-model forecast combinations,0.07750691,0.09588754,0.09632791,-0.01838063,-0.018821,0.01838063,0.018821,0.00033785,0.00035423,0.00044038,1.638e-05,-0.05098441,0.00015894,0.02009469,0.01691514,-0.00317954
2013-04-30,stacked_enet_on_har_augmented_forecasts_log_rolling,Stacked Elastic Net,All-model forecast combinations,0.09235894,0.09329421,0.09548052,-0.00093527,-0.00312158,0.00093527,0.00312158,8.7e-07,9.74e-06,0.00218632,8.87e-06,-0.0487981,0.00016781,0.01895722,0.01596906,-0.00298817
2013-05-31,stacked_enet_on_har_augmented_forecasts_log_rolling,Stacked Elastic Net,All-model forecast combinations,0.08770623,0.09202176,0.10060121,-0.00431553,-0.01289498,0.00431553,0.01289498,1.862e-05,0.00016628,0.00857945,0.00014766,-0.04021865,0.00031547,0.01781953,0.01595237,-0.00186716
2013-06-30,stacked_enet_on_har_augmented_forecasts_log_rolling,Stacked Elastic Net,All-model forecast combinations,0.12836694,0.09781937,0.09896535,0.03054757,0.02940158,0.03054757,0.02940158,0.00093315,0.00086445,-0.00114599,-6.87e-05,-0.04136464,0.00024677,0.01953825,0.01820164,-0.00133661
2013-07-31,stacked_enet_on_har_augmented_forecasts_log_rolling,Stacked Elastic Net,All-model forecast combinations,0.07678995,0.11481368,0.11422798,-0.03802374,-0.03743803,0.03802374,0.03743803,0.0014458,0.00140161,-0.00058571,-4.42e-05,-0.04195035,0.00020257,0.02083567,0.01966189,-0.00117378
2013-08-31,stacked_enet_on_har_augmented_forecasts_log_rolling,Stacked Elastic Net,All-model forecast combinations,0.07837318,0.09516877,0.09643315,-0.01679559,-0.01805997,0.01679559,0.01805997,0.00028209,0.00032616,0.00126438,4.407e-05,-0.04068597,0.00024664,0.0185424,0.01839045,-0.00015195
2013-09-30,stacked_enet_on_har_augmented_forecasts_log_rolling,Stacked Elastic Net,All-model forecast combinations,0.07842193,0.10321049,0.09639643,-0.02478855,-0.01797449,0.02478855,0.01797449,0.00061447,0.00032308,-0.00681406,-0.00029139,-0.04750003,-4.475e-05,0.01833728,0.01786466,-0.00047262
2013-10-31,stacked_enet_on_har_augmented_forecasts_log_rolling,Stacked Elastic Net,All-model forecast combinations,0.08610878,0.09256461,0.09514152,-0.00645583,-0.00903273,0.00645583,0.00903273,4.168e-05,8.159e-05,0.00257691,3.991e-05,-0.04492312,-4.84e-06,0.01806176,0.01814922,8.746e-05
2013-11-30,stacked_enet_on_har_augmented_forecasts_log_rolling,Stacked Elastic Net,All-model forecast combinations,0.06981601,0.09447693,0.09755242,-0.02466091,-0.02773641,0.02466091,0.02773641,0.00060816,0.00076931,0.0030755,0.00016115,-0.04184762,0.00015631,0.01931577,0.01985098,0.00053521
2013-12-31,stacked_enet_on_har_augmented_forecasts_log_rolling,Stacked Elastic Net,All-model forecast combinations,0.07121165,0.08974469,0.09196516,-0.01853304,-0.02075351,0.01853304,0.02075351,0.00034347,0.00043071,0.00222048,8.723e-05,-0.03962715,0.00024355,0.01992841,0.02078285,0.00085445
2014-01-31,stacked_enet_on_har_augmented_forecasts_log_rolling,Stacked Elastic Net,All-model forecast combinations,0.0885142,0.08491583,0.09186938,0.00359837,-0.00335518,0.00359837,0.00335518,1.295e-05,1.126e-05,-0.00024318,-1.69e-06,-0.03987033,0.00024186,0.01709766,0.01786106,0.0007634
2014-02-28,stacked_enet_on_har_augmented_forecasts_log_rolling,Stacked Elastic Net,All-model forecast combinations,0.09024819,0.09722609,0.09720438,-0.00697789,-0.00695618,0.00697789,0.00695618,4.869e-05,4.839e-05,-2.171e-05,-3e-07,-0.03989204,0.00024155,0.01616774,0.0171288,0.00096106
2014-03-31,stacked_enet_on_har_augmented_forecasts_log_rolling,Stacked Elastic Net,All-model forecast combinations,0.09283748,0.09165708,0.09823287,0.0011804,-0.0053954,0.0011804,0.0053954,1.39e-06,2.911e-05,0.004215,2.772e-05,-0.03567704,0.00026927,0.01473439,0.01601,0.00127561
2014-04-30,stacked_enet_on_har_augmented_forecasts_log_rolling,Stacked Elastic Net,All-model forecast combinations,0.0959287,0.09683372,0.09944134,-0.00090502,-0.00351264,0.00090502,0.00351264,8.2e-07,1.234e-05,0.00260762,1.152e-05,-0.03306942,0.00028079,0.01473187,0.01604259,0.00131072
2014-05-31,stacked_enet_on_har_augmented_forecasts_log_rolling,Stacked Elastic Net,All-model forecast combinations,0.07303027,0.10371978,0.10058053,-0.03068951,-0.02755026,0.03068951,0.02755026,0.00094185,0.00075902,-0.00313925,-0.00018283,-0.03620867,9.796e-05,0.0169297,0.01726387,0.00033417
2014-06-30,stacked_enet_on_har_augmented_forecasts_log_rolling,Stacked Elastic Net,All-model forecast combinations,0.05653613,0.08612179,0.09262975,-0.02958566,-0.03609362,0.02958566,0.03609362,0.00087531,0.00130275,0.00650796,0.00042744,-0.02970071,0.0005254,0.01684954,0.01782154,0.00097199
2014-07-31,stacked_enet_on_har_augmented_forecasts_log_rolling,Stacked Elastic Net,All-model forecast combinations,0.0660717,0.09250115,0.08642521,-0.02642945,-0.02035351,0.02642945,0.02035351,0.00069852,0.00041427,-0.00607594,-0.00028425,-0.03577665,0.00024115,0.01588335,0.01639783,0.00051447
2014-08-31,stacked_enet_on_har_augmented_forecasts_log_rolling,Stacked Elastic Net,All-model forecast combinations,0.0752277,0.08750494,0.08808877,-0.01227724,-0.01286107,0.01227724,0.01286107,0.00015073,0.00016541,0.00058383,1.468e-05,-0.03519282,0.00025583,0.01550682,0.01596458,0.00045776
2014-09-30,stacked_enet_on_har_augmented_forecasts_log_rolling,Stacked Elastic Net,All-model forecast combinations,0.0762108,0.08239694,0.09063727,-0.00618614,-0.01442647,0.00618614,0.01442647,3.827e-05,0.00020812,0.00824033,0.00016985,-0.0269525,0.00042568,0.01395662,0.01566892,0.00171229
2014-10-31,stacked_enet_on_har_augmented_forecasts_log_rolling,Stacked Elastic Net,All-model forecast combinations,0.14399204,0.09467094,0.09121305,0.0493211,0.05277899,0.0493211,0.05277899,0.00243257,0.00278562,0.00345789,0.00035305,-0.0234946,0.00077873,0.01752873,0.01931444,0.00178571
2014-11-30,stacked_enet_on_har_augmented_forecasts_log_rolling,Stacked Elastic Net,All-model forecast combinations,0.06427653,0.11472522,0.1166976,-0.05044869,-0.05242108,0.05044869,0.05242108,0.00254507,0.00274797,0.00197238,0.0002029,-0.02152222,0.00098163,0.01967771,0.02137149,0.00169378
2014-12-31,stacked_enet_on_har_augmented_forecasts_log_rolling,Stacked Elastic Net,All-model forecast combinations,0.10043239,0.09423038,0.08989329,0.00620201,0.0105391,0.00620201,0.0105391,3.846e-05,0.00011107,0.00433709,7.261e-05,-0.01718513,0.00105424,0.01865012,0.02052029,0.00187017
2015-01-31,stacked_enet_on_har_augmented_forecasts_log_rolling,Stacked Elastic Net,All-model forecast combinations,0.13813587,0.10609766,0.10182245,0.03203821,0.03631343,0.03203821,0.03631343,0.00102645,0.00131866,0.00427521,0.00029222,-0.01290991,0.00134646,0.02102011,0.02326681,0.0022467
2015-02-28,stacked_enet_on_har_augmented_forecasts_log_rolling,Stacked Elastic Net,All-model forecast combinations,0.09213617,0.12595977,0.11523843,-0.0338236,-0.02310226,0.0338236,0.02310226,0.00114404,0.00053371,-0.01072135,-0.00061032,-0.02363126,0.00073613,0.02325725,0.02461232,0.00135507
2015-03-31,stacked_enet_on_har_augmented_forecasts_log_rolling,Stacked Elastic Net,All-model forecast combinations,0.08527221,0.09350956,0.1007801,-0.00823736,-0.0155079,0.00823736,0.0155079,6.785e-05,0.00024049,0.00727054,0.00017264,-0.01636072,0.00090877,0.02384533,0.02545503,0.00160969
2015-04-30,stacked_enet_on_har_augmented_forecasts_log_rolling,Stacked Elastic Net,All-model forecast combinations,0.08426138,0.09791855,0.09809242,-0.01365717,-0.01383104,0.01365717,0.01383104,0.00018652,0.0001913,0.00017387,4.78e-06,-0.01618685,0.00091355,0.02490801,0.02631489,0.00140688
2015-05-31,stacked_enet_on_har_augmented_forecasts_log_rolling,Stacked Elastic Net,All-model forecast combinations,0.0753713,0.09392531,0.09617712,-0.01855401,-0.02080582,0.01855401,0.02080582,0.00034425,0.00043288,0.00225181,8.863e-05,-0.01393504,0.00100218,0.02389672,0.02575286,0.00185614
2015-06-30,stacked_enet_on_har_augmented_forecasts_log_rolling,Stacked Elastic Net,All-model forecast combinations,0.08191996,0.08560667,0.09304976,-0.00368671,-0.01112981,0.00368671,0.01112981,1.359e-05,0.00012387,0.0074431,0.00011028,-0.00649195,0.00111246,0.02173847,0.02367254,0.00193406
2015-07-31,stacked_enet_on_har_augmented_forecasts_log_rolling,Stacked Elastic Net,All-model forecast combinations,0.08281331,0.094506,0.09519662,-0.01169269,-0.01238331,0.01169269,0.01238331,0.00013672,0.00015335,0.00069062,1.663e-05,-0.00580133,0.00112909,0.02051041,0.02300835,0.00249794
2015-08-31,stacked_enet_on_har_augmented_forecasts_log_rolling,Stacked Elastic Net,All-model forecast combinations,0.18124678,0.09742456,0.09560516,0.08382221,0.08564162,0.08382221,0.08564162,0.00702616,0.00733449,0.00181941,0.00030832,-0.00398192,0.00143742,0.02647249,0.0290734,0.00260091
2015-09-30,stacked_enet_on_har_augmented_forecasts_log_rolling,Stacked Elastic Net,All-model forecast combinations,0.15257606,0.11341908,0.13513135,0.03915699,0.01744471,0.03915699,0.01744471,0.00153327,0.00030432,-0.02171227,-0.00122895,-0.02569419,0.00020846,0.02922006,0.02932492,0.00010486
2015-10-31,stacked_enet_on_har_augmented_forecasts_log_rolling,Stacked Elastic Net,All-model forecast combinations,0.1095216,0.13569731,0.12697753,-0.02617572,-0.01745594,0.02617572,0.01745594,0.00068517,0.00030471,-0.00871978,-0.00038046,-0.03441397,-0.00017199,0.02729128,0.02638133,-0.00090995
2015-11-30,stacked_enet_on_har_augmented_forecasts_log_rolling,Stacked Elastic Net,All-model forecast combinations,0.09094525,0.11275959,0.11088782,-0.02181434,-0.01994257,0.02181434,0.01994257,0.00047587,0.00039771,-0.00187177,-7.816e-05,-0.03628574,-0.00025015,0.02490508,0.02367479,-0.00123029
2015-12-31,stacked_enet_on_har_augmented_forecasts_log_rolling,Stacked Elastic Net,All-model forecast combinations,0.12220819,0.09213591,0.10290397,0.03007228,0.01930422,0.03007228,0.01930422,0.00090434,0.00037265,-0.01076806,-0.00053169,-0.04705381,-0.00078184,0.02689427,0.02440522,-0.00248906
2016-01-31,stacked_enet_on_har_augmented_forecasts_log_rolling,Stacked Elastic Net,All-model forecast combinations,0.19111779,0.11490011,0.11368516,0.07621767,0.07743262,0.07621767,0.07743262,0.00580913,0.00599581,0.00121495,0.00018668,-0.04583886,-0.00059516,0.0305759,0.02783182,-0.00274408
2016-02-29,stacked_enet_on_har_augmented_forecasts_log_rolling,Stacked Elastic Net,All-model forecast combinations,0.16301964,0.15970707,0.14513661,0.00331257,0.01788303,0.00331257,0.01788303,1.097e-05,0.0003198,0.01457045,0.00030883,-0.0312684,-0.00028634,0.02803331,0.02739688,-0.00063643
2016-03-31,stacked_enet_on_har_augmented_forecasts_log_rolling,Stacked Elastic Net,All-model forecast combinations,0.09480278,0.13884348,0.13582316,-0.04404069,-0.04102037,0.04404069,0.04102037,0.00193958,0.00168267,-0.00302032,-0.00025691,-0.03428872,-0.00054325,0.03101692,0.02952292,-0.001494
2016-04-30,stacked_enet_on_har_augmented_forecasts_log_rolling,Stacked Elastic Net,All-model forecast combinations,0.08229344,0.10521109,0.10862824,-0.02291765,-0.02633481,0.02291765,0.02633481,0.00052522,0.00069352,0.00341715,0.0001683,-0.03087157,-0.00037494,0.03178863,0.0305649,-0.00122373
2016-05-31,stacked_enet_on_har_augmented_forecasts_log_rolling,Stacked Elastic Net,All-model forecast combinations,0.08530203,0.10876797,0.10215381,-0.02346594,-0.01685178,0.02346594,0.01685178,0.00055065,0.00028398,-0.00661416,-0.00026667,-0.03748573,-0.00064161,0.03219796,0.0302354,-0.00196256
2016-06-30,stacked_enet_on_har_augmented_forecasts_log_rolling,Stacked Elastic Net,All-model forecast combinations,0.09397396,0.0960427,0.10191531,-0.00206875,-0.00794135,0.00206875,0.00794135,4.28e-06,6.307e-05,0.0058726,5.879e-05,-0.03161313,-0.00058283,0.03206313,0.02996969,-0.00209343
2016-07-31,stacked_enet_on_har_augmented_forecasts_log_rolling,Stacked Elastic Net,All-model forecast combinations,0.06662709,0.1054805,0.10466726,-0.03885341,-0.03804017,0.03885341,0.03804017,0.00150959,0.00144705,-0.00081324,-6.253e-05,-0.03242636,-0.00064536,0.03432652,0.03210777,-0.00221875
2016-08-31,stacked_enet_on_har_augmented_forecasts_log_rolling,Stacked Elastic Net,All-model forecast combinations,0.05875578,0.08307784,0.09501239,-0.02432205,-0.03625661,0.02432205,0.03625661,0.00059156,0.00131454,0.01193456,0.00072298,-0.02049181,7.762e-05,0.02936817,0.02799235,-0.00137582
2016-09-30,stacked_enet_on_har_augmented_forecasts_log_rolling,Stacked Elastic Net,All-model forecast combinations,0.08956114,0.07052032,0.09092766,0.01904082,-0.00136651,0.01904082,0.00136651,0.00036255,1.87e-06,-0.01767431,-0.00036069,-0.03816612,-0.00028307,0.02769182,0.0266525,-0.00103933
2016-10-31,stacked_enet_on_har_augmented_forecasts_log_rolling,Stacked Elastic Net,All-model forecast combinations,0.07645832,0.08343787,0.10017519,-0.00697956,-0.02371688,0.00697956,0.02371688,4.871e-05,0.00056249,0.01673732,0.00051378,-0.0214288,0.00023071,0.02609214,0.02717424,0.0010821
2016-11-30,stacked_enet_on_har_augmented_forecasts_log_rolling,Stacked Elastic Net,All-model forecast combinations,0.08613464,0.09562266,0.09596475,-0.00948802,-0.00983012,0.00948802,0.00983012,9.002e-05,9.663e-05,0.00034209,6.61e-06,-0.0210867,0.00023732,0.02506495,0.02633154,0.00126659
2016-12-31,stacked_enet_on_har_augmented_forecasts_log_rolling,Stacked Elastic Net,All-model forecast combinations,0.06241094,0.09880785,0.09959472,-0.03639691,-0.03718377,0.03639691,0.03718377,0.00132474,0.00138263,0.00078686,5.79e-05,-0.02029984,0.00029522,0.025592,0.0278215,0.0022295
2017-01-31,stacked_enet_on_har_augmented_forecasts_log_rolling,Stacked Elastic Net,All-model forecast combinations,0.06212703,0.07945526,0.09131225,-0.01732822,-0.02918521,0.01732822,0.02918521,0.00030027,0.00085178,0.01185699,0.00055151,-0.00844285,0.00084673,0.02068455,0.02380088,0.00311633
2017-02-28,stacked_enet_on_har_augmented_forecasts_log_rolling,Stacked Elastic Net,All-model forecast combinations,0.05181816,0.07626423,0.08981388,-0.02444607,-0.03799572,0.02444607,0.03799572,0.00059761,0.00144367,0.01354965,0.00084606,0.0051068,0.00169279,0.02244568,0.02547694,0.00303127
2017-03-31,stacked_enet_on_har_augmented_forecasts_log_rolling,Stacked Elastic Net,All-model forecast combinations,0.06543911,0.07463288,0.08508029,-0.00919378,-0.01964118,0.00919378,0.01964118,8.453e-05,0.00038578,0.01044741,0.00030125,0.0155542,0.00199404,0.01954177,0.02369534,0.00415358
2017-04-30,stacked_enet_on_har_augmented_forecasts_log_rolling,Stacked Elastic Net,All-model forecast combinations,0.06821277,0.06741971,0.08807873,0.00079306,-0.01986596,0.00079306,0.01986596,6.3e-07,0.00039466,0.0190729,0.00039403,0.0346271,0.00238807,0.01769805,0.02315627,0.00545822
2017-05-31,stacked_enet_on_har_augmented_forecasts_log_rolling,Stacked Elastic Net,All-model forecast combinations,0.05167712,0.07803,0.08906903,-0.02635288,-0.03739191,0.02635288,0.03739191,0.00069447,0.00139815,0.01103903,0.00070368,0.04566613,0.00309175,0.01793863,0.02486795,0.00692932
2017-06-30,stacked_enet_on_har_augmented_forecasts_log_rolling,Stacked Elastic Net,All-model forecast combinations,0.06000712,0.07555475,0.08363599,-0.01554763,-0.02362887,0.01554763,0.02362887,0.00024173,0.00055832,0.00808124,0.00031659,0.05374736,0.00340834,0.01906187,0.02617524,0.00711337
2017-07-31,stacked_enet_on_har_augmented_forecasts_log_rolling,Stacked Elastic Net,All-model forecast combinations,0.04869214,0.06678599,0.08495022,-0.01809385,-0.03625807,0.01809385,0.03625807,0.00032739,0.00131465,0.01816423,0.00098726,0.07191159,0.0043956,0.01733191,0.02602673,0.00869483
2017-08-31,stacked_enet_on_har_augmented_forecasts_log_rolling,Stacked Elastic Net,All-model forecast combinations,0.05895137,0.06391795,0.08032493,-0.00496658,-0.02137356,0.00496658,0.02137356,2.467e-05,0.00045683,0.01640698,0.00043216,0.08831857,0.00482777,0.01571895,0.02478648,0.00906753
2017-09-30,stacked_enet_on_har_augmented_forecasts_log_rolling,Stacked Elastic Net,All-model forecast combinations,0.04531107,0.0679528,0.08183425,-0.02264174,-0.03652319,0.02264174,0.03652319,0.00051265,0.00133394,0.01388145,0.0008213,0.10220002,0.00564906,0.01601903,0.0277162,0.01169718
2017-10-31,stacked_enet_on_har_augmented_forecasts_log_rolling,Stacked Elastic Net,All-model forecast combinations,0.03786706,0.05472817,0.07706881,-0.01686111,-0.03920175,0.01686111,0.03920175,0.0002843,0.00153678,0.02234064,0.00125248,0.12454066,0.00690154,0.01684249,0.02900661,0.01216412
2017-11-30,stacked_enet_on_har_augmented_forecasts_log_rolling,Stacked Elastic Net,All-model forecast combinations,0.04900293,0.05350541,0.07370597,-0.00450247,-0.02470304,0.00450247,0.02470304,2.027e-05,0.00061024,0.02020056,0.00058997,0.14474122,0.00749151,0.01642703,0.03024602,0.01381899
2017-12-31,stacked_enet_on_har_augmented_forecasts_log_rolling,Stacked Elastic Net,All-model forecast combinations,0.06019932,0.06093938,0.07481554,-0.00074006,-0.01461623,0.00074006,0.01461623,5.5e-07,0.00021363,0.01387616,0.00021309,0.15861739,0.0077046,0.01345562,0.02836539,0.01490977
2018-01-31,stacked_enet_on_har_augmented_forecasts_log_rolling,Stacked Elastic Net,All-model forecast combinations,0.06519769,0.0607372,0.07762023,0.00446049,-0.01242254,0.00446049,0.01242254,1.99e-05,0.00015432,0.00796205,0.00013442,0.16657944,0.00783902,0.01238331,0.0269685,0.01458519
2018-02-28,stacked_enet_on_har_augmented_forecasts_log_rolling,Stacked Elastic Net,All-model forecast combinations,0.1387046,0.06678466,0.07819547,0.07191994,0.06050912,0.07191994,0.06050912,0.00517248,0.00366135,-0.01141082,-0.00151112,0.15516862,0.0063279,0.01633947,0.02884462,0.01250515
2018-03-31,stacked_enet_on_har_augmented_forecasts_log_rolling,Stacked Elastic Net,All-model forecast combinations,0.13891564,0.09583505,0.10438966,0.04308059,0.03452598,0.04308059,0.03452598,0.00185594,0.00119204,-0.00855461,-0.00066389,0.14661402,0.005664,0.01916337,0.03008502,0.01092165
2018-04-30,stacked_enet_on_har_augmented_forecasts_log_rolling,Stacked Elastic Net,All-model forecast combinations,0.1407784,0.1072699,0.10640081,0.03350851,0.03437759,0.03350851,0.03437759,0.00112282,0.00118182,0.00086908,5.9e-05,0.1474831,0.005723,0.02188965,0.03129432,0.00940467
2018-05-31,stacked_enet_on_har_augmented_forecasts_log_rolling,Stacked Elastic Net,All-model forecast combinations,0.09507116,0.11273094,0.10993222,-0.01765978,-0.01486106,0.01765978,0.01486106,0.00031187,0.00022085,-0.00279872,-9.102e-05,0.14468438,0.00563198,0.02116523,0.02941675,0.00825152
2018-06-30,stacked_enet_on_har_augmented_forecasts_log_rolling,Stacked Elastic Net,All-model forecast combinations,0.08039533,0.08728758,0.09331526,-0.00689224,-0.01291992,0.00689224,0.01291992,4.75e-05,0.00016692,0.00602768,0.00011942,0.15071206,0.00575141,0.02044395,0.02852434,0.00808039
2018-07-31,stacked_enet_on_har_augmented_forecasts_log_rolling,Stacked Elastic Net,All-model forecast combinations,0.0690613,0.08730531,0.08786672,-0.01824401,-0.01880541,0.01824401,0.01880541,0.00033284,0.00035364,0.00056141,2.08e-05,0.15127347,0.00577221,0.02045646,0.02706995,0.00661349
2018-08-31,stacked_enet_on_har_augmented_forecasts_log_rolling,Stacked Elastic Net,All-model forecast combinations,0.05968197,0.07065819,0.08387116,-0.01097622,-0.02418919,0.01097622,0.02418919,0.00012048,0.00058512,0.01321297,0.00046464,0.16448644,0.00623684,0.02095726,0.02730459,0.00634732
2018-09-30,stacked_enet_on_har_augmented_forecasts_log_rolling,Stacked Elastic Net,All-model forecast combinations,0.0654128,0.07054244,0.08064715,-0.00512964,-0.01523435,0.00512964,0.01523435,2.631e-05,0.00023209,0.01010471,0.00020577,0.17459115,0.00644262,0.01949792,0.02553052,0.00603259
2018-10-31,stacked_enet_on_har_augmented_forecasts_log_rolling,Stacked Elastic Net,All-model forecast combinations,0.17260155,0.07143771,0.08166035,0.10116383,0.0909412,0.10116383,0.0909412,0.01023412,0.0082703,-0.01022263,-0.00196382,0.16436852,0.0044788,0.02652315,0.02984214,0.00331899
2018-11-30,stacked_enet_on_har_augmented_forecasts_log_rolling,Stacked Elastic Net,All-model forecast combinations,0.14550899,0.10530172,0.1199506,0.04020727,0.02555839,0.04020727,0.02555839,0.00161662,0.00065323,-0.01464888,-0.00096339,0.14971964,0.0035154,0.02949855,0.02991342,0.00041487
2018-12-31,stacked_enet_on_har_augmented_forecasts_log_rolling,Stacked Elastic Net,All-model forecast combinations,0.23558433,0.09770231,0.11588897,0.13788201,0.11969536,0.13788201,0.11969536,0.01901145,0.01432698,-0.01818666,-0.00468447,0.13153298,-0.00116907,0.04092704,0.03867001,-0.00225703
2019-01-31,stacked_enet_on_har_augmented_forecasts_log_rolling,Stacked Elastic Net,All-model forecast combinations,0.13805562,0.15242403,0.18961141,-0.0143684,-0.05155579,0.0143684,0.05155579,0.00020645,0.002658,0.03718738,0.00245155,0.16872037,0.00128248,0.0417527,0.04193111,0.00017841
2019-02-28,stacked_enet_on_har_augmented_forecasts_log_rolling,Stacked Elastic Net,All-model forecast combinations,0.08205478,0.09446901,0.11797261,-0.01241423,-0.03591783,0.01241423,0.03591783,0.00015411,0.00129009,0.0235036,0.00113598,0.19222397,0.00241846,0.03679389,0.03988184,0.00308795
2019-03-31,stacked_enet_on_har_augmented_forecasts_log_rolling,Stacked Elastic Net,All-model forecast combinations,0.09470707,0.09202735,0.0875381,0.00267972,0.00716898,0.00267972,0.00716898,7.18e-06,5.139e-05,0.00448925,4.421e-05,0.19671322,0.00246267,0.03342716,0.03760209,0.00417493
2019-04-30,stacked_enet_on_har_augmented_forecasts_log_rolling,Stacked Elastic Net,All-model forecast combinations,0.05727866,0.08802003,0.09525854,-0.03074137,-0.03797988,0.03074137,0.03797988,0.00094503,0.00144247,0.00723852,0.00049744,0.20395174,0.00296011,0.03319656,0.03790228,0.00470572
2019-05-31,stacked_enet_on_har_augmented_forecasts_log_rolling,Stacked Elastic Net,All-model forecast combinations,0.11646584,0.07532666,0.07847861,0.04113918,0.03798723,0.04113918,0.03798723,0.00169243,0.00144303,-0.00315195,-0.0002494,0.20079979,0.00271071,0.03515318,0.03982946,0.00467628
2019-06-30,stacked_enet_on_har_augmented_forecasts_log_rolling,Stacked Elastic Net,All-model forecast combinations,0.08633239,0.10018658,0.10607152,-0.01385419,-0.01973913,0.01385419,0.01973913,0.00019194,0.00038963,0.00588494,0.00019769,0.20668473,0.0029084,0.03573334,0.04039773,0.00466439
2019-07-31,stacked_enet_on_har_augmented_forecasts_log_rolling,Stacked Elastic Net,All-model forecast combinations,0.06669148,0.08455172,0.09128019,-0.01786024,-0.02458871,0.01786024,0.02458871,0.00031899,0.0006046,0.00672848,0.00028562,0.2134132,0.00319402,0.03570136,0.04087967,0.00517831
2019-08-31,stacked_enet_on_har_augmented_forecasts_log_rolling,Stacked Elastic Net,All-model forecast combinations,0.13916472,0.08040883,0.08281996,0.05875589,0.05634477,0.05875589,0.05634477,0.00345225,0.00317473,-0.00241112,-0.00027752,0.21100208,0.0029165,0.039683,0.0435593,0.0038763
2019-09-30,stacked_enet_on_har_augmented_forecasts_log_rolling,Stacked Elastic Net,All-model forecast combinations,0.08899928,0.11379786,0.11891754,-0.02479859,-0.02991826,0.02479859,0.02991826,0.00061497,0.0008951,0.00511967,0.00028013,0.21612175,0.00319663,0.04132208,0.04478296,0.00346088
2019-10-31,stacked_enet_on_har_augmented_forecasts_log_rolling,Stacked Elastic Net,All-model forecast combinations,0.09164451,0.09855639,0.09436573,-0.00691188,-0.00272122,0.00691188,0.00272122,4.777e-05,7.41e-06,-0.00419066,-4.037e-05,0.21193109,0.00315626,0.03346775,0.0374313,0.00396355
2019-11-30,stacked_enet_on_har_augmented_forecasts_log_rolling,Stacked Elastic Net,All-model forecast combinations,0.05524849,0.07933573,0.09472056,-0.02408724,-0.03947207,0.02408724,0.03947207,0.00058019,0.00155804,0.01538483,0.00097785,0.22731592,0.00413411,0.03212441,0.03859077,0.00646636
2019-12-31,stacked_enet_on_har_augmented_forecasts_log_rolling,Stacked Elastic Net,All-model forecast combinations,0.06209932,0.07984697,0.07849395,-0.01774765,-0.01639463,0.01774765,0.01639463,0.00031498,0.00026878,-0.00135302,-4.62e-05,0.2259629,0.00408792,0.02211321,0.02998237,0.00786916
2020-01-31,stacked_enet_on_har_augmented_forecasts_log_rolling,Stacked Elastic Net,All-model forecast combinations,0.07975763,0.0788707,0.07879248,0.00088693,0.00096515,0.00088693,0.00096515,7.9e-07,9.3e-07,7.822e-05,1.4e-07,0.22604112,0.00408806,0.02098976,0.02576649,0.00477673
2020-02-29,stacked_enet_on_har_augmented_forecasts_log_rolling,Stacked Elastic Net,All-model forecast combinations,0.18564385,0.0909107,0.08500203,0.09473315,0.10064182,0.09473315,0.10064182,0.00897437,0.01012878,0.00590867,0.00115441,0.23194979,0.00524247,0.02784967,0.03116015,0.00331049
2020-03-31,stacked_enet_on_har_augmented_forecasts_log_rolling,Stacked Elastic Net,All-model forecast combinations,0.58295547,0.19271679,0.14520964,0.39023868,0.43774583,0.39023868,0.43774583,0.15228623,0.19162141,0.04750715,0.03933519,0.27945695,0.04457765,0.06014625,0.06704156,0.00689531
2020-04-30,stacked_enet_on_har_augmented_forecasts_log_rolling,Stacked Elastic Net,All-model forecast combinations,0.24991991,0.6561808,1.54497553,-0.40626089,-1.29505562,0.40626089,1.29505562,0.16504791,1.67716907,0.88879473,1.51212115,1.16825168,1.55669881,0.09143954,0.17179787,0.08035833
2020-05-31,stacked_enet_on_har_augmented_forecasts_log_rolling,Stacked Elastic Net,All-model forecast combinations,0.16410989,0.14085039,0.187209,0.02325951,-0.0230991,0.02325951,0.0230991,0.000541,0.00053357,-0.0001604,-7.44e-06,1.16809127,1.55669137,0.08994957,0.17055719,0.08060762
2020-06-30,stacked_enet_on_har_augmented_forecasts_log_rolling,Stacked Elastic Net,All-model forecast combinations,0.18276328,0.11616254,0.13434073,0.06660074,0.04842255,0.06660074,0.04842255,0.00443566,0.00234474,-0.01817819,-0.00209092,1.14991308,1.55460046,0.09434511,0.17294748,0.07860236
2020-07-31,stacked_enet_on_har_augmented_forecasts_log_rolling,Stacked Elastic Net,All-model forecast combinations,0.13369031,0.16375086,0.14973507,-0.03006055,-0.01604476,0.03006055,0.01604476,0.00090364,0.00025743,-0.01401578,-0.0006462,1.1358973,1.55395425,0.09536181,0.17223548,0.07687367
2020-08-31,stacked_enet_on_har_augmented_forecasts_log_rolling,Stacked Elastic Net,All-model forecast combinations,0.08711462,0.11980115,0.12370315,-0.03268654,-0.03658853,0.03268654,0.03658853,0.00106841,0.00133872,0.003902,0.00027031,1.1397993,1.55422456,0.09318936,0.17058913,0.07739977
2020-09-30,stacked_enet_on_har_augmented_forecasts_log_rolling,Stacked Elastic Net,All-model forecast combinations,0.18583484,0.12337721,0.10151568,0.06245763,0.08431916,0.06245763,0.08431916,0.00390096,0.00710972,0.02186153,0.00320877,1.16166083,1.55743333,0.09632761,0.17512254,0.07879492
2020-10-31,stacked_enet_on_har_augmented_forecasts_log_rolling,Stacked Elastic Net,All-model forecast combinations,0.14700764,0.1641702,0.14927946,-0.01716257,-0.00227183,0.01716257,0.00227183,0.00029455,5.16e-06,-0.01489074,-0.00028939,1.14677008,1.55714394,0.09718184,0.17508509,0.07790325
2020-11-30,stacked_enet_on_har_augmented_forecasts_log_rolling,Stacked Elastic Net,All-model forecast combinations,0.13540578,0.2039815,0.13272256,-0.06857572,0.00268322,0.06857572,0.00268322,0.00470263,7.2e-06,-0.0658925,-0.00469543,1.08087758,1.55244851,0.10088921,0.17201935,0.07113014
2020-12-31,stacked_enet_on_har_augmented_forecasts_log_rolling,Stacked Elastic Net,All-model forecast combinations,0.08727809,0.10650672,0.13042698,-0.01922864,-0.04314889,0.01922864,0.04314889,0.00036974,0.00186183,0.02392025,0.00149209,1.10479783,1.55394059,0.10101263,0.17424887,0.07323624
2021-01-31,stacked_enet_on_har_augmented_forecasts_log_rolling,Stacked Elastic Net,All-model forecast combinations,0.12643455,0.11139413,0.10846867,0.01504043,0.01796589,0.01504043,0.01796589,0.00022621,0.00032277,0.00292546,9.656e-05,1.10772329,1.55403715,0.10219209,0.1756656,0.07347351
2021-02-28,stacked_enet_on_har_augmented_forecasts_log_rolling,Stacked Elastic Net,All-model forecast combinations,0.12196964,0.19066692,0.12688707,-0.06869728,-0.00491743,0.06869728,0.00491743,0.00471932,2.418e-05,-0.06377985,-0.00469514,1.04394344,1.54934202,0.10002243,0.16768857,0.06766614
2021-03-31,stacked_enet_on_har_augmented_forecasts_log_rolling,Stacked Elastic Net,All-model forecast combinations,0.14192329,0.13718624,0.12423121,0.00473705,0.01769207,0.00473705,0.01769207,2.244e-05,0.00031301,0.01295503,0.00029057,1.05689847,1.54963259,0.06789729,0.13268409,0.06478679
2021-04-30,stacked_enet_on_har_augmented_forecasts_log_rolling,Stacked Elastic Net,All-model forecast combinations,0.07227313,0.10805951,0.12520714,-0.03578638,-0.05293401,0.03578638,0.05293401,0.00128066,0.00280201,0.01714763,0.00152134,1.0740461,1.55115393,0.03702442,0.02917395,-0.00785046
2021-05-31,stacked_enet_on_har_augmented_forecasts_log_rolling,Stacked Elastic Net,All-model forecast combinations,0.09818055,0.0989746,0.09539606,-0.00079405,0.00278449,0.00079405,0.00278449,6.3e-07,7.75e-06,0.00199044,7.12e-06,1.07603654,1.55116105,0.0351523,0.02748107,-0.00767123
2021-06-30,stacked_enet_on_har_augmented_forecasts_log_rolling,Stacked Elastic Net,All-model forecast combinations,0.06526994,0.09383887,0.10263326,-0.02856894,-0.03736333,0.02856894,0.03736333,0.00081618,0.00139602,0.00879439,0.00057983,1.08483093,1.55174089,0.03198298,0.02655947,-0.00542351
2021-07-31,stacked_enet_on_har_augmented_forecasts_log_rolling,Stacked Elastic Net,All-model forecast combinations,0.07520977,0.09112132,0.08885329,-0.01591155,-0.01364352,0.01591155,0.01364352,0.00025318,0.00018615,-0.00226802,-6.703e-05,1.08256291,1.55167386,0.0308039,0.02635936,-0.00444453
2021-08-31,stacked_enet_on_har_augmented_forecasts_log_rolling,Stacked Elastic Net,All-model forecast combinations,0.06362476,0.09995186,0.09090206,-0.0363271,-0.02727729,0.0363271,0.02727729,0.00131966,0.00074405,-0.00904981,-0.00057561,1.0735131,1.55109825,0.03110728,0.02558343,-0.00552385
2021-09-30,stacked_enet_on_har_augmented_forecasts_log_rolling,Stacked Elastic Net,All-model forecast combinations,0.10189251,0.08744924,0.08521496,0.01444326,0.01667755,0.01444326,0.01667755,0.00020861,0.00027814,0.00223429,6.953e-05,1.07574739,1.55116778,0.02710608,0.01994663,-0.00715945
2021-10-31,stacked_enet_on_har_augmented_forecasts_log_rolling,Stacked Elastic Net,All-model forecast combinations,0.09768553,0.11336715,0.09621429,-0.01568162,0.00147123,0.01568162,0.00147123,0.00024591,2.16e-06,-0.01421039,-0.00024375,1.061537,1.55092403,0.02698267,0.01987991,-0.00710276
2021-11-30,stacked_enet_on_har_augmented_forecasts_log_rolling,Stacked Elastic Net,All-model forecast combinations,0.08990034,0.08593069,0.09457941,0.00396965,-0.00467908,0.00396965,0.00467908,1.576e-05,2.189e-05,0.00070943,6.14e-06,1.06224642,1.55093017,0.02159883,0.02004623,-0.0015526
2021-12-31,stacked_enet_on_har_augmented_forecasts_log_rolling,Stacked Elastic Net,All-model forecast combinations,0.12715669,0.12443701,0.09180554,0.00271968,0.03535115,0.00271968,0.03535115,7.4e-06,0.0012497,0.03263147,0.00124231,1.09487789,1.55217248,0.02022308,0.01939642,-0.00082666
2022-01-31,stacked_enet_on_har_augmented_forecasts_log_rolling,Stacked Elastic Net,All-model forecast combinations,0.2054063,0.09148089,0.10455535,0.11392541,0.10085095,0.11392541,0.10085095,0.012979,0.01017091,-0.01307446,-0.00280808,1.08180343,1.54936439,0.0284635,0.02630351,-0.00215999
2022-02-28,stacked_enet_on_har_augmented_forecasts_log_rolling,Stacked Elastic Net,All-model forecast combinations,0.18906515,0.14205994,0.13873051,0.04700521,0.05033464,0.04700521,0.05033464,0.00220949,0.00253358,0.00332942,0.00032409,1.08513286,1.54968848,0.02665582,0.03008828,0.00343245
2022-03-31,stacked_enet_on_har_augmented_forecasts_log_rolling,Stacked Elastic Net,All-model forecast combinations,0.1731367,0.13632083,0.13572155,0.03681587,0.03741514,0.03681587,0.03741514,0.00135541,0.00139989,0.00059927,4.448e-05,1.08573213,1.54973296,0.02932906,0.03173187,0.0024028
2022-04-30,stacked_enet_on_har_augmented_forecasts_log_rolling,Stacked Elastic Net,All-model forecast combinations,0.15851479,0.12732586,0.13127507,0.03118893,0.02723972,0.03118893,0.02723972,0.00097275,0.000742,-0.00394922,-0.00023075,1.08178291,1.54950221,0.02894594,0.02959067,0.00064473
2022-05-31,stacked_enet_on_har_augmented_forecasts_log_rolling,Stacked Elastic Net,All-model forecast combinations,0.2578389,0.17797765,0.12724383,0.07986126,0.13059508,0.07986126,0.13059508,0.00637782,0.01705507,0.05073382,0.01067725,1.13251673,1.56017947,0.03553487,0.04024156,0.00470668
2022-06-30,stacked_enet_on_har_augmented_forecasts_log_rolling,Stacked Elastic Net,All-model forecast combinations,0.20628661,0.14301964,0.18639549,0.06326697,0.01989112,0.06326697,0.01989112,0.00400271,0.00039566,-0.04337585,-0.00360705,1.08914088,1.55657242,0.03842638,0.03878554,0.00035916
2022-07-31,stacked_enet_on_har_augmented_forecasts_log_rolling,Stacked Elastic Net,All-model forecast combinations,0.16389054,0.16459069,0.16323174,-0.00070016,0.0006588,0.00070016,0.0006588,4.9e-07,4.3e-07,-4.135e-05,-6e-08,1.08909953,1.55657236,0.03715876,0.03770348,0.00054472
2022-08-31,stacked_enet_on_har_augmented_forecasts_log_rolling,Stacked Elastic Net,All-model forecast combinations,0.13005032,0.1100176,0.14456027,0.02003272,-0.01450995,0.02003272,0.01450995,0.00040131,0.00021054,-0.00552277,-0.00019077,1.08357676,1.55638159,0.0358009,0.03663953,0.00083864
2022-09-30,stacked_enet_on_har_augmented_forecasts_log_rolling,Stacked Elastic Net,All-model forecast combinations,0.19626273,0.13267294,0.12637585,0.06358979,0.06988687,0.06358979,0.06988687,0.00404366,0.00488417,0.00629708,0.00084051,1.08987384,1.5572221,0.03989644,0.04107364,0.0011772
2022-10-31,stacked_enet_on_har_augmented_forecasts_log_rolling,Stacked Elastic Net,All-model forecast combinations,0.19975826,0.17558519,0.1614805,0.02417307,0.03827776,0.02417307,0.03827776,0.00058434,0.00146519,0.0141047,0.00088085,1.10397854,1.55810295,0.04060406,0.04414085,0.0035368
2022-11-30,stacked_enet_on_har_augmented_forecasts_log_rolling,Stacked Elastic Net,All-model forecast combinations,0.16948675,0.14197659,0.170144,0.02751016,-0.00065725,0.02751016,0.00065725,0.00075681,4.3e-07,-0.0268529,-0.00075638,1.07712563,1.55734657,0.04256577,0.0438057,0.00123993
2022-12-31,stacked_enet_on_har_augmented_forecasts_log_rolling,Stacked Elastic Net,All-model forecast combinations,0.15877952,0.14004764,0.15843758,0.01873188,0.00034194,0.01873188,0.00034194,0.00035088,1.2e-07,-0.01838994,-0.00035077,1.05873569,1.55699581,0.04390012,0.04088827,-0.00301185
2023-01-31,stacked_enet_on_har_augmented_forecasts_log_rolling,Stacked Elastic Net,All-model forecast combinations,0.14255764,0.13319549,0.15281384,0.00936214,-0.01025621,0.00936214,0.01025621,8.765e-05,0.00010519,0.00089406,1.754e-05,1.05962976,1.55701335,0.03518651,0.03333871,-0.00184781
2023-02-28,stacked_enet_on_har_augmented_forecasts_log_rolling,Stacked Elastic Net,All-model forecast combinations,0.14798801,0.11027621,0.14108966,0.0377118,0.00689835,0.0377118,0.00689835,0.00142218,4.759e-05,-0.03081345,-0.00137459,1.02881631,1.55563876,0.03441206,0.02971902,-0.00469305
2023-03-31,stacked_enet_on_har_augmented_forecasts_log_rolling,Stacked Elastic Net,All-model forecast combinations,0.16589266,0.13229597,0.14245861,0.03359669,0.02343405,0.03359669,0.02343405,0.00112874,0.00054915,-0.01016264,-0.00057958,1.01865367,1.55505917,0.0341438,0.02855393,-0.00558987
2023-04-30,stacked_enet_on_har_augmented_forecasts_log_rolling,Stacked Elastic Net,All-model forecast combinations,0.08994252,0.12709538,0.15253063,-0.03715286,-0.06258811,0.03715286,0.06258811,0.00138033,0.00391727,0.02543525,0.00253694,1.04408892,1.55759611,0.03464079,0.03149962,-0.00314117
2023-05-31,stacked_enet_on_har_augmented_forecasts_log_rolling,Stacked Elastic Net,All-model forecast combinations,0.10574234,0.08677029,0.11438662,0.01897205,-0.00864427,0.01897205,0.00864427,0.00035994,7.472e-05,-0.01032778,-0.00028522,1.03376114,1.55731089,0.02956669,0.02133706,-0.00822963
2023-06-30,stacked_enet_on_har_augmented_forecasts_log_rolling,Stacked Elastic Net,All-model forecast combinations,0.09100868,0.0951307,0.11566273,-0.00412202,-0.02465406,0.00412202,0.02465406,1.699e-05,0.00060782,0.02053204,0.00059083,1.05429317,1.55790172,0.02463794,0.02173397,-0.00290398
2023-07-31,stacked_enet_on_har_augmented_forecasts_log_rolling,Stacked Elastic Net,All-model forecast combinations,0.07268551,0.07945815,0.10498751,-0.00677264,-0.032302,0.00677264,0.032302,4.587e-05,0.00104342,0.02552936,0.00099755,1.07982253,1.55889928,0.02514399,0.0243709,-0.00077308
2023-08-31,stacked_enet_on_har_augmented_forecasts_log_rolling,Stacked Elastic Net,All-model forecast combinations,0.09745315,0.08275072,0.09628427,0.01470243,0.00116888,0.01470243,0.00116888,0.00021616,1.37e-06,-0.01353355,-0.0002148,1.06628898,1.55868448,0.02469979,0.02325915,-0.00144065
2023-09-30,stacked_enet_on_har_augmented_forecasts_log_rolling,Stacked Elastic Net,All-model forecast combinations,0.09176085,0.0823467,0.10361721,0.00941414,-0.01185637,0.00941414,0.01185637,8.863e-05,0.00014057,0.00244222,5.195e-05,1.0687312,1.55873643,0.02018516,0.01842327,-0.00176189
2023-10-31,stacked_enet_on_har_augmented_forecasts_log_rolling,Stacked Elastic Net,All-model forecast combinations,0.12613768,0.09564468,0.10019084,0.030493,0.02594684,0.030493,0.02594684,0.00092982,0.00067324,-0.00454616,-0.00025658,1.06418504,1.55847984,0.02071182,0.01739569,-0.00331612
2023-11-30,stacked_enet_on_har_augmented_forecasts_log_rolling,Stacked Elastic Net,All-model forecast combinations,0.08061106,0.11532063,0.11318387,-0.03470957,-0.03257281,0.03470957,0.03257281,0.00120475,0.00106099,-0.00213676,-0.00014377,1.06204828,1.55833608,0.02131177,0.02005532,-0.00125645
2023-12-31,stacked_enet_on_har_augmented_forecasts_log_rolling,Stacked Elastic Net,All-model forecast combinations,0.07463208,0.07782058,0.09612049,-0.0031885,-0.0214884,0.0031885,0.0214884,1.017e-05,0.00046175,0.0182999,0.00045158,1.08034819,1.55878766,0.02001649,0.02181753,0.00180104
2024-01-31,stacked_enet_on_har_augmented_forecasts_log_rolling,Stacked Elastic Net,All-model forecast combinations,0.0851791,0.08886071,0.09260378,-0.00368161,-0.00742468,0.00368161,0.00742468,1.355e-05,5.513e-05,0.00374307,4.157e-05,1.08409126,1.55882923,0.01954311,0.02158157,0.00203846
