target_date,forecast_id,plot_label,plot_group,n_elapsed,cumulative_r2_oos_vs_har,rolling36_r2_oos_vs_har
2011-03-31,enet__HAR_O__log__rolling,Elastic Net | HAR+Option,Individual models,1,-10.081992,
2011-04-30,enet__HAR_O__log__rolling,Elastic Net | HAR+Option,Individual models,2,0.221552,
2011-05-31,enet__HAR_O__log__rolling,Elastic Net | HAR+Option,Individual models,3,0.240079,
2011-06-30,enet__HAR_O__log__rolling,Elastic Net | HAR+Option,Individual models,4,0.066165,
2011-07-31,enet__HAR_O__log__rolling,Elastic Net | HAR+Option,Individual models,5,0.052367,
2011-08-31,enet__HAR_O__log__rolling,Elastic Net | HAR+Option,Individual models,6,0.564873,
2011-09-30,enet__HAR_O__log__rolling,Elastic Net | HAR+Option,Individual models,7,0.550328,
2011-10-31,enet__HAR_O__log__rolling,Elastic Net | HAR+Option,Individual models,8,0.313538,
2011-11-30,enet__HAR_O__log__rolling,Elastic Net | HAR+Option,Individual models,9,0.335631,
2011-12-31,enet__HAR_O__log__rolling,Elastic Net | HAR+Option,Individual models,10,0.323718,
2012-01-31,enet__HAR_O__log__rolling,Elastic Net | HAR+Option,Individual models,11,0.173649,
2012-02-29,enet__HAR_O__log__rolling,Elastic Net | HAR+Option,Individual models,12,0.163327,
2012-03-31,enet__HAR_O__log__rolling,Elastic Net | HAR+Option,Individual models,13,0.163577,
2012-04-30,enet__HAR_O__log__rolling,Elastic Net | HAR+Option,Individual models,14,0.167112,
2012-05-31,enet__HAR_O__log__rolling,Elastic Net | HAR+Option,Individual models,15,0.161419,
2012-06-30,enet__HAR_O__log__rolling,Elastic Net | HAR+Option,Individual models,16,0.160922,
2012-07-31,enet__HAR_O__log__rolling,Elastic Net | HAR+Option,Individual models,17,0.164654,
2012-08-31,enet__HAR_O__log__rolling,Elastic Net | HAR+Option,Individual models,18,0.161791,
2012-09-30,enet__HAR_O__log__rolling,Elastic Net | HAR+Option,Individual models,19,0.150652,
2012-10-31,enet__HAR_O__log__rolling,Elastic Net | HAR+Option,Individual models,20,0.150108,
2012-11-30,enet__HAR_O__log__rolling,Elastic Net | HAR+Option,Individual models,21,0.150217,
2012-12-31,enet__HAR_O__log__rolling,Elastic Net | HAR+Option,Individual models,22,0.150769,
2013-01-31,enet__HAR_O__log__rolling,Elastic Net | HAR+Option,Individual models,23,0.140355,
2013-02-28,enet__HAR_O__log__rolling,Elastic Net | HAR+Option,Individual models,24,0.137919,
2013-03-31,enet__HAR_O__log__rolling,Elastic Net | HAR+Option,Individual models,25,0.136148,
2013-04-30,enet__HAR_O__log__rolling,Elastic Net | HAR+Option,Individual models,26,0.135829,
2013-05-31,enet__HAR_O__log__rolling,Elastic Net | HAR+Option,Individual models,27,0.137981,
2013-06-30,enet__HAR_O__log__rolling,Elastic Net | HAR+Option,Individual models,28,0.139844,
2013-07-31,enet__HAR_O__log__rolling,Elastic Net | HAR+Option,Individual models,29,0.135067,
2013-08-31,enet__HAR_O__log__rolling,Elastic Net | HAR+Option,Individual models,30,0.138097,
2013-09-30,enet__HAR_O__log__rolling,Elastic Net | HAR+Option,Individual models,31,0.12868,
2013-10-31,enet__HAR_O__log__rolling,Elastic Net | HAR+Option,Individual models,32,0.126297,
2013-11-30,enet__HAR_O__log__rolling,Elastic Net | HAR+Option,Individual models,33,0.133748,
2013-12-31,enet__HAR_O__log__rolling,Elastic Net | HAR+Option,Individual models,34,0.136645,
2014-01-31,enet__HAR_O__log__rolling,Elastic Net | HAR+Option,Individual models,35,0.13615,
2014-02-28,enet__HAR_O__log__rolling,Elastic Net | HAR+Option,Individual models,36,0.132241,0.132241
2014-03-31,enet__HAR_O__log__rolling,Elastic Net | HAR+Option,Individual models,37,0.132685,0.144012
2014-04-30,enet__HAR_O__log__rolling,Elastic Net | HAR+Option,Individual models,38,0.132803,0.129477
2014-05-31,enet__HAR_O__log__rolling,Elastic Net | HAR+Option,Individual models,39,0.132673,0.128553
2014-06-30,enet__HAR_O__log__rolling,Elastic Net | HAR+Option,Individual models,40,0.138226,0.14093
2014-07-31,enet__HAR_O__log__rolling,Elastic Net | HAR+Option,Individual models,41,0.13957,0.142871
2014-08-31,enet__HAR_O__log__rolling,Elastic Net | HAR+Option,Individual models,42,0.132992,-0.580452
2014-09-30,enet__HAR_O__log__rolling,Elastic Net | HAR+Option,Individual models,43,0.135798,-0.679316
2014-10-31,enet__HAR_O__log__rolling,Elastic Net | HAR+Option,Individual models,44,0.132251,-0.254383
2014-11-30,enet__HAR_O__log__rolling,Elastic Net | HAR+Option,Individual models,45,0.150251,-0.2336
2014-12-31,enet__HAR_O__log__rolling,Elastic Net | HAR+Option,Individual models,46,0.146139,-0.22612
2015-01-31,enet__HAR_O__log__rolling,Elastic Net | HAR+Option,Individual models,47,0.151458,0.103811
2015-02-28,enet__HAR_O__log__rolling,Elastic Net | HAR+Option,Individual models,48,0.125756,0.040841
2015-03-31,enet__HAR_O__log__rolling,Elastic Net | HAR+Option,Individual models,49,0.128349,0.043922
2015-04-30,enet__HAR_O__log__rolling,Elastic Net | HAR+Option,Individual models,50,0.125268,0.02445
2015-05-31,enet__HAR_O__log__rolling,Elastic Net | HAR+Option,Individual models,51,0.123407,0.03269
2015-06-30,enet__HAR_O__log__rolling,Elastic Net | HAR+Option,Individual models,52,0.124865,0.039306
2015-07-31,enet__HAR_O__log__rolling,Elastic Net | HAR+Option,Individual models,53,0.116996,0.001582
2015-08-31,enet__HAR_O__log__rolling,Elastic Net | HAR+Option,Individual models,54,0.067095,-0.111651
2015-09-30,enet__HAR_O__log__rolling,Elastic Net | HAR+Option,Individual models,55,0.050403,-0.1432
2015-10-31,enet__HAR_O__log__rolling,Elastic Net | HAR+Option,Individual models,56,0.046213,-0.152459
2015-11-30,enet__HAR_O__log__rolling,Elastic Net | HAR+Option,Individual models,57,0.04495,-0.15394
2015-12-31,enet__HAR_O__log__rolling,Elastic Net | HAR+Option,Individual models,58,0.044032,-0.155881
2016-01-31,enet__HAR_O__log__rolling,Elastic Net | HAR+Option,Individual models,59,0.044518,-0.113563
2016-02-29,enet__HAR_O__log__rolling,Elastic Net | HAR+Option,Individual models,60,0.037997,-0.127233
2016-03-31,enet__HAR_O__log__rolling,Elastic Net | HAR+Option,Individual models,61,0.035538,-0.125155
2016-04-30,enet__HAR_O__log__rolling,Elastic Net | HAR+Option,Individual models,62,0.03485,-0.123159
2016-05-31,enet__HAR_O__log__rolling,Elastic Net | HAR+Option,Individual models,63,0.031735,-0.134455
2016-06-30,enet__HAR_O__log__rolling,Elastic Net | HAR+Option,Individual models,64,0.032435,-0.142536
2016-07-31,enet__HAR_O__log__rolling,Elastic Net | HAR+Option,Individual models,65,0.036675,-0.127601
2016-08-31,enet__HAR_O__log__rolling,Elastic Net | HAR+Option,Individual models,66,0.043172,-0.111586
2016-09-30,enet__HAR_O__log__rolling,Elastic Net | HAR+Option,Individual models,67,0.04287,-0.099206
2016-10-31,enet__HAR_O__log__rolling,Elastic Net | HAR+Option,Individual models,68,0.04206,-0.095634
2016-11-30,enet__HAR_O__log__rolling,Elastic Net | HAR+Option,Individual models,69,0.038631,-0.122203
2016-12-31,enet__HAR_O__log__rolling,Elastic Net | HAR+Option,Individual models,70,0.047197,-0.100961
2017-01-31,enet__HAR_O__log__rolling,Elastic Net | HAR+Option,Individual models,71,0.048479,-0.093275
2017-02-28,enet__HAR_O__log__rolling,Elastic Net | HAR+Option,Individual models,72,0.054473,-0.066551
2017-03-31,enet__HAR_O__log__rolling,Elastic Net | HAR+Option,Individual models,73,0.057781,-0.057714
2017-04-30,enet__HAR_O__log__rolling,Elastic Net | HAR+Option,Individual models,74,0.061139,-0.048245
2017-05-31,enet__HAR_O__log__rolling,Elastic Net | HAR+Option,Individual models,75,0.071342,-0.021919
2017-06-30,enet__HAR_O__log__rolling,Elastic Net | HAR+Option,Individual models,76,0.07611,-0.02243
2017-07-31,enet__HAR_O__log__rolling,Elastic Net | HAR+Option,Individual models,77,0.083334,-0.004373
2017-08-31,enet__HAR_O__log__rolling,Elastic Net | HAR+Option,Individual models,78,0.087354,0.01652
2017-09-30,enet__HAR_O__log__rolling,Elastic Net | HAR+Option,Individual models,79,0.09467,0.032445
2017-10-31,enet__HAR_O__log__rolling,Elastic Net | HAR+Option,Individual models,80,0.104869,0.060081
2017-11-30,enet__HAR_O__log__rolling,Elastic Net | HAR+Option,Individual models,81,0.110178,0.03767
2017-12-31,enet__HAR_O__log__rolling,Elastic Net | HAR+Option,Individual models,82,0.112056,0.050457
2018-01-31,enet__HAR_O__log__rolling,Elastic Net | HAR+Option,Individual models,83,0.113373,0.040803
2018-02-28,enet__HAR_O__log__rolling,Elastic Net | HAR+Option,Individual models,84,0.111161,0.085435
2018-03-31,enet__HAR_O__log__rolling,Elastic Net | HAR+Option,Individual models,85,0.09108,0.026759
2018-04-30,enet__HAR_O__log__rolling,Elastic Net | HAR+Option,Individual models,86,0.092799,0.037996
2018-05-31,enet__HAR_O__log__rolling,Elastic Net | HAR+Option,Individual models,87,0.091403,0.036747
2018-06-30,enet__HAR_O__log__rolling,Elastic Net | HAR+Option,Individual models,88,0.089946,0.03027
2018-07-31,enet__HAR_O__log__rolling,Elastic Net | HAR+Option,Individual models,89,0.087584,0.037457
2018-08-31,enet__HAR_O__log__rolling,Elastic Net | HAR+Option,Individual models,90,0.091764,0.147788
2018-09-30,enet__HAR_O__log__rolling,Elastic Net | HAR+Option,Individual models,91,0.093691,0.192613
2018-10-31,enet__HAR_O__log__rolling,Elastic Net | HAR+Option,Individual models,92,0.072886,0.122233
2018-11-30,enet__HAR_O__log__rolling,Elastic Net | HAR+Option,Individual models,93,0.074037,0.127796
2018-12-31,enet__HAR_O__log__rolling,Elastic Net | HAR+Option,Individual models,94,0.076821,0.122362
2019-01-31,enet__HAR_O__log__rolling,Elastic Net | HAR+Option,Individual models,95,0.056452,0.075469
2019-02-28,enet__HAR_O__log__rolling,Elastic Net | HAR+Option,Individual models,96,0.061171,0.09756
2019-03-31,enet__HAR_O__log__rolling,Elastic Net | HAR+Option,Individual models,97,0.061152,0.103488
2019-04-30,enet__HAR_O__log__rolling,Elastic Net | HAR+Option,Individual models,98,0.062472,0.107839
2019-05-31,enet__HAR_O__log__rolling,Elastic Net | HAR+Option,Individual models,99,0.057032,0.09781
2019-06-30,enet__HAR_O__log__rolling,Elastic Net | HAR+Option,Individual models,100,0.055357,0.092109
2019-07-31,enet__HAR_O__log__rolling,Elastic Net | HAR+Option,Individual models,101,0.055811,0.087509
2019-08-31,enet__HAR_O__log__rolling,Elastic Net | HAR+Option,Individual models,102,0.053308,0.069768
2019-09-30,enet__HAR_O__log__rolling,Elastic Net | HAR+Option,Individual models,103,0.057524,0.080942
2019-10-31,enet__HAR_O__log__rolling,Elastic Net | HAR+Option,Individual models,104,0.054477,0.074647
2019-11-30,enet__HAR_O__log__rolling,Elastic Net | HAR+Option,Individual models,105,0.062878,0.101284
2019-12-31,enet__HAR_O__log__rolling,Elastic Net | HAR+Option,Individual models,106,0.063013,0.088966
2020-01-31,enet__HAR_O__log__rolling,Elastic Net | HAR+Option,Individual models,107,0.062969,0.087343
2020-02-29,enet__HAR_O__log__rolling,Elastic Net | HAR+Option,Individual models,108,0.087749,0.136783
2020-03-31,enet__HAR_O__log__rolling,Elastic Net | HAR+Option,Individual models,109,0.480089,0.635148
2020-04-30,enet__HAR_O__log__rolling,Elastic Net | HAR+Option,Individual models,110,0.908673,0.949834
2020-05-31,enet__HAR_O__log__rolling,Elastic Net | HAR+Option,Individual models,111,0.908334,0.949607
2020-06-30,enet__HAR_O__log__rolling,Elastic Net | HAR+Option,Individual models,112,0.90621,0.947345
2020-07-31,enet__HAR_O__log__rolling,Elastic Net | HAR+Option,Individual models,113,0.905258,0.946569
2020-08-31,enet__HAR_O__log__rolling,Elastic Net | HAR+Option,Individual models,114,0.904134,0.945361
2020-09-30,enet__HAR_O__log__rolling,Elastic Net | HAR+Option,Individual models,115,0.902176,0.94337
2020-10-31,enet__HAR_O__log__rolling,Elastic Net | HAR+Option,Individual models,116,0.901629,0.94294
2020-11-30,enet__HAR_O__log__rolling,Elastic Net | HAR+Option,Individual models,117,0.896252,0.937269
2020-12-31,enet__HAR_O__log__rolling,Elastic Net | HAR+Option,Individual models,118,0.89578,0.936725
2021-01-31,enet__HAR_O__log__rolling,Elastic Net | HAR+Option,Individual models,119,0.89562,0.936547
2021-02-28,enet__HAR_O__log__rolling,Elastic Net | HAR+Option,Individual models,120,0.891639,0.934029
2021-03-31,enet__HAR_O__log__rolling,Elastic Net | HAR+Option,Individual models,121,0.891498,0.935484
2021-04-30,enet__HAR_O__log__rolling,Elastic Net | HAR+Option,Individual models,122,0.890784,0.935087
2021-05-31,enet__HAR_O__log__rolling,Elastic Net | HAR+Option,Individual models,123,0.890784,0.93526
2021-06-30,enet__HAR_O__log__rolling,Elastic Net | HAR+Option,Individual models,124,0.890577,0.935164
2021-07-31,enet__HAR_O__log__rolling,Elastic Net | HAR+Option,Individual models,125,0.890554,0.935421
2021-08-31,enet__HAR_O__log__rolling,Elastic Net | HAR+Option,Individual models,126,0.890027,0.934869
2021-09-30,enet__HAR_O__log__rolling,Elastic Net | HAR+Option,Individual models,127,0.889842,0.93466
2021-10-31,enet__HAR_O__log__rolling,Elastic Net | HAR+Option,Individual models,128,0.889465,0.939135
2021-11-30,enet__HAR_O__log__rolling,Elastic Net | HAR+Option,Individual models,129,0.889466,0.939358
2021-12-31,enet__HAR_O__log__rolling,Elastic Net | HAR+Option,Individual models,130,0.889244,0.945375
2022-01-31,enet__HAR_O__log__rolling,Elastic Net | HAR+Option,Individual models,131,0.883855,0.941942
2022-02-28,enet__HAR_O__log__rolling,Elastic Net | HAR+Option,Individual models,132,0.883802,0.942069
2022-03-31,enet__HAR_O__log__rolling,Elastic Net | HAR+Option,Individual models,133,0.883871,0.942125
2022-04-30,enet__HAR_O__log__rolling,Elastic Net | HAR+Option,Individual models,134,0.883356,0.942117
2022-05-31,enet__HAR_O__log__rolling,Elastic Net | HAR+Option,Individual models,135,0.883671,0.942983
2022-06-30,enet__HAR_O__log__rolling,Elastic Net | HAR+Option,Individual models,136,0.88243,0.941939
2022-07-31,enet__HAR_O__log__rolling,Elastic Net | HAR+Option,Individual models,137,0.882425,0.942177
2022-08-31,enet__HAR_O__log__rolling,Elastic Net | HAR+Option,Individual models,138,0.882353,0.943733
2022-09-30,enet__HAR_O__log__rolling,Elastic Net | HAR+Option,Individual models,139,0.881277,0.94252
2022-10-31,enet__HAR_O__log__rolling,Elastic Net | HAR+Option,Individual models,140,0.881329,0.94276
2022-11-30,enet__HAR_O__log__rolling,Elastic Net | HAR+Option,Individual models,141,0.880839,0.942315
2022-12-31,enet__HAR_O__log__rolling,Elastic Net | HAR+Option,Individual models,142,0.880323,0.941872
2023-01-31,enet__HAR_O__log__rolling,Elastic Net | HAR+Option,Individual models,143,0.880313,0.941861
2023-02-28,enet__HAR_O__log__rolling,Elastic Net | HAR+Option,Individual models,144,0.879791,0.943906
2023-03-31,enet__HAR_O__log__rolling,Elastic Net | HAR+Option,Individual models,145,0.879182,0.959054
2023-04-30,enet__HAR_O__log__rolling,Elastic Net | HAR+Option,Individual models,146,0.878994,-0.05589
2023-05-31,enet__HAR_O__log__rolling,Elastic Net | HAR+Option,Individual models,147,0.87877,-0.059438
2023-06-30,enet__HAR_O__log__rolling,Elastic Net | HAR+Option,Individual models,148,0.878779,-0.017123
2023-07-31,enet__HAR_O__log__rolling,Elastic Net | HAR+Option,Individual models,149,0.878764,0.024201
2023-08-31,enet__HAR_O__log__rolling,Elastic Net | HAR+Option,Individual models,150,0.8786,0.036545
2023-09-30,enet__HAR_O__log__rolling,Elastic Net | HAR+Option,Individual models,151,0.878549,-0.003243
2023-10-31,enet__HAR_O__log__rolling,Elastic Net | HAR+Option,Individual models,152,0.878272,0.017106
2023-11-30,enet__HAR_O__log__rolling,Elastic Net | HAR+Option,Individual models,153,0.877967,0.216424
2023-12-31,enet__HAR_O__log__rolling,Elastic Net | HAR+Option,Individual models,154,0.877947,0.215695
2024-01-31,enet__HAR_O__log__rolling,Elastic Net | HAR+Option,Individual models,155,0.87795,0.218424
2011-03-31,rf__HAR_O__log__rolling,Random Forest | HAR+Option,Individual models,1,-7.751247,
2011-04-30,rf__HAR_O__log__rolling,Random Forest | HAR+Option,Individual models,2,0.401611,
2011-05-31,rf__HAR_O__log__rolling,Random Forest | HAR+Option,Individual models,3,0.359328,
2011-06-30,rf__HAR_O__log__rolling,Random Forest | HAR+Option,Individual models,4,0.216957,
2011-07-31,rf__HAR_O__log__rolling,Random Forest | HAR+Option,Individual models,5,0.199578,
2011-08-31,rf__HAR_O__log__rolling,Random Forest | HAR+Option,Individual models,6,0.498176,
2011-09-30,rf__HAR_O__log__rolling,Random Forest | HAR+Option,Individual models,7,0.516289,
2011-10-31,rf__HAR_O__log__rolling,Random Forest | HAR+Option,Individual models,8,0.419354,
2011-11-30,rf__HAR_O__log__rolling,Random Forest | HAR+Option,Individual models,9,0.434529,
2011-12-31,rf__HAR_O__log__rolling,Random Forest | HAR+Option,Individual models,10,0.422151,
2012-01-31,rf__HAR_O__log__rolling,Random Forest | HAR+Option,Individual models,11,0.37229,
2012-02-29,rf__HAR_O__log__rolling,Random Forest | HAR+Option,Individual models,12,0.359742,
2012-03-31,rf__HAR_O__log__rolling,Random Forest | HAR+Option,Individual models,13,0.358648,
2012-04-30,rf__HAR_O__log__rolling,Random Forest | HAR+Option,Individual models,14,0.360399,
2012-05-31,rf__HAR_O__log__rolling,Random Forest | HAR+Option,Individual models,15,0.352958,
2012-06-30,rf__HAR_O__log__rolling,Random Forest | HAR+Option,Individual models,16,0.351921,
2012-07-31,rf__HAR_O__log__rolling,Random Forest | HAR+Option,Individual models,17,0.354441,
2012-08-31,rf__HAR_O__log__rolling,Random Forest | HAR+Option,Individual models,18,0.335004,
2012-09-30,rf__HAR_O__log__rolling,Random Forest | HAR+Option,Individual models,19,0.331735,
2012-10-31,rf__HAR_O__log__rolling,Random Forest | HAR+Option,Individual models,20,0.332156,
2012-11-30,rf__HAR_O__log__rolling,Random Forest | HAR+Option,Individual models,21,0.331164,
2012-12-31,rf__HAR_O__log__rolling,Random Forest | HAR+Option,Individual models,22,0.332354,
2013-01-31,rf__HAR_O__log__rolling,Random Forest | HAR+Option,Individual models,23,0.323026,
2013-02-28,rf__HAR_O__log__rolling,Random Forest | HAR+Option,Individual models,24,0.323376,
2013-03-31,rf__HAR_O__log__rolling,Random Forest | HAR+Option,Individual models,25,0.325371,
2013-04-30,rf__HAR_O__log__rolling,Random Forest | HAR+Option,Individual models,26,0.323844,
2013-05-31,rf__HAR_O__log__rolling,Random Forest | HAR+Option,Individual models,27,0.325852,
2013-06-30,rf__HAR_O__log__rolling,Random Forest | HAR+Option,Individual models,28,0.319162,
2013-07-31,rf__HAR_O__log__rolling,Random Forest | HAR+Option,Individual models,29,0.315681,
2013-08-31,rf__HAR_O__log__rolling,Random Forest | HAR+Option,Individual models,30,0.319524,
2013-09-30,rf__HAR_O__log__rolling,Random Forest | HAR+Option,Individual models,31,0.318846,
2013-10-31,rf__HAR_O__log__rolling,Random Forest | HAR+Option,Individual models,32,0.319095,
2013-11-30,rf__HAR_O__log__rolling,Random Forest | HAR+Option,Individual models,33,0.319439,
2013-12-31,rf__HAR_O__log__rolling,Random Forest | HAR+Option,Individual models,34,0.317424,
2014-01-31,rf__HAR_O__log__rolling,Random Forest | HAR+Option,Individual models,35,0.317281,
2014-02-28,rf__HAR_O__log__rolling,Random Forest | HAR+Option,Individual models,36,0.314967,0.314967
2014-03-31,rf__HAR_O__log__rolling,Random Forest | HAR+Option,Individual models,37,0.315227,0.324171
2014-04-30,rf__HAR_O__log__rolling,Random Forest | HAR+Option,Individual models,38,0.315108,0.311867
2014-05-31,rf__HAR_O__log__rolling,Random Forest | HAR+Option,Individual models,39,0.317139,0.315521
2014-06-30,rf__HAR_O__log__rolling,Random Forest | HAR+Option,Individual models,40,0.320572,0.32446
2014-07-31,rf__HAR_O__log__rolling,Random Forest | HAR+Option,Individual models,41,0.321763,0.326389
2014-08-31,rf__HAR_O__log__rolling,Random Forest | HAR+Option,Individual models,42,0.316891,0.017418
2014-09-30,rf__HAR_O__log__rolling,Random Forest | HAR+Option,Individual models,43,0.319137,-0.068532
2014-10-31,rf__HAR_O__log__rolling,Random Forest | HAR+Option,Individual models,44,0.306015,0.064297
2014-11-30,rf__HAR_O__log__rolling,Random Forest | HAR+Option,Individual models,45,0.318132,0.077118
2014-12-31,rf__HAR_O__log__rolling,Random Forest | HAR+Option,Individual models,46,0.316308,0.09443
2015-01-31,rf__HAR_O__log__rolling,Random Forest | HAR+Option,Individual models,47,0.329869,0.238788
2015-02-28,rf__HAR_O__log__rolling,Random Forest | HAR+Option,Individual models,48,0.275822,0.086152
2015-03-31,rf__HAR_O__log__rolling,Random Forest | HAR+Option,Individual models,49,0.276993,0.0813
2015-04-30,rf__HAR_O__log__rolling,Random Forest | HAR+Option,Individual models,50,0.272683,0.061339
2015-05-31,rf__HAR_O__log__rolling,Random Forest | HAR+Option,Individual models,51,0.272425,0.08023
2015-06-30,rf__HAR_O__log__rolling,Random Forest | HAR+Option,Individual models,52,0.273581,0.087692
2015-07-31,rf__HAR_O__log__rolling,Random Forest | HAR+Option,Individual models,53,0.267942,0.058465
2015-08-31,rf__HAR_O__log__rolling,Random Forest | HAR+Option,Individual models,54,0.211384,-0.021957
2015-09-30,rf__HAR_O__log__rolling,Random Forest | HAR+Option,Individual models,55,0.194818,-0.0696
2015-10-31,rf__HAR_O__log__rolling,Random Forest | HAR+Option,Individual models,56,0.193073,-0.072886
2015-11-30,rf__HAR_O__log__rolling,Random Forest | HAR+Option,Individual models,57,0.194879,-0.062616
2015-12-31,rf__HAR_O__log__rolling,Random Forest | HAR+Option,Individual models,58,0.193238,-0.067324
2016-01-31,rf__HAR_O__log__rolling,Random Forest | HAR+Option,Individual models,59,0.149569,-0.136542
2016-02-29,rf__HAR_O__log__rolling,Random Forest | HAR+Option,Individual models,60,0.13242,-0.183341
2016-03-31,rf__HAR_O__log__rolling,Random Forest | HAR+Option,Individual models,61,0.128019,-0.187191
2016-04-30,rf__HAR_O__log__rolling,Random Forest | HAR+Option,Individual models,62,0.129409,-0.174833
2016-05-31,rf__HAR_O__log__rolling,Random Forest | HAR+Option,Individual models,63,0.13073,-0.174482
2016-06-30,rf__HAR_O__log__rolling,Random Forest | HAR+Option,Individual models,64,0.131087,-0.175293
2016-07-31,rf__HAR_O__log__rolling,Random Forest | HAR+Option,Individual models,65,0.131617,-0.175699
2016-08-31,rf__HAR_O__log__rolling,Random Forest | HAR+Option,Individual models,66,0.138241,-0.15731
2016-09-30,rf__HAR_O__log__rolling,Random Forest | HAR+Option,Individual models,67,0.138122,-0.161102
2016-10-31,rf__HAR_O__log__rolling,Random Forest | HAR+Option,Individual models,68,0.138149,-0.157623
2016-11-30,rf__HAR_O__log__rolling,Random Forest | HAR+Option,Individual models,69,0.137683,-0.169646
2016-12-31,rf__HAR_O__log__rolling,Random Forest | HAR+Option,Individual models,70,0.141959,-0.148675
2017-01-31,rf__HAR_O__log__rolling,Random Forest | HAR+Option,Individual models,71,0.144138,-0.135816
2017-02-28,rf__HAR_O__log__rolling,Random Forest | HAR+Option,Individual models,72,0.15214,-0.101254
2017-03-31,rf__HAR_O__log__rolling,Random Forest | HAR+Option,Individual models,73,0.155192,-0.091566
2017-04-30,rf__HAR_O__log__rolling,Random Forest | HAR+Option,Individual models,74,0.158545,-0.080427
2017-05-31,rf__HAR_O__log__rolling,Random Forest | HAR+Option,Individual models,75,0.168844,-0.056655
2017-06-30,rf__HAR_O__log__rolling,Random Forest | HAR+Option,Individual models,76,0.173654,-0.059417
2017-07-31,rf__HAR_O__log__rolling,Random Forest | HAR+Option,Individual models,77,0.183053,-0.033287
2017-08-31,rf__HAR_O__log__rolling,Random Forest | HAR+Option,Individual models,78,0.186764,-0.015205
2017-09-30,rf__HAR_O__log__rolling,Random Forest | HAR+Option,Individual models,79,0.192886,0.001874
2017-10-31,rf__HAR_O__log__rolling,Random Forest | HAR+Option,Individual models,80,0.201848,0.031462
2017-11-30,rf__HAR_O__log__rolling,Random Forest | HAR+Option,Individual models,81,0.206665,0.004974
2017-12-31,rf__HAR_O__log__rolling,Random Forest | HAR+Option,Individual models,82,0.207838,0.011797
2018-01-31,rf__HAR_O__log__rolling,Random Forest | HAR+Option,Individual models,83,0.207896,-0.02452
2018-02-28,rf__HAR_O__log__rolling,Random Forest | HAR+Option,Individual models,84,0.193652,0.048808
2018-03-31,rf__HAR_O__log__rolling,Random Forest | HAR+Option,Individual models,85,0.199696,0.066291
2018-04-30,rf__HAR_O__log__rolling,Random Forest | HAR+Option,Individual models,86,0.193652,0.060258
2018-05-31,rf__HAR_O__log__rolling,Random Forest | HAR+Option,Individual models,87,0.195195,0.063304
2018-06-30,rf__HAR_O__log__rolling,Random Forest | HAR+Option,Individual models,88,0.195461,0.061951
2018-07-31,rf__HAR_O__log__rolling,Random Forest | HAR+Option,Individual models,89,0.192731,0.064549
2018-08-31,rf__HAR_O__log__rolling,Random Forest | HAR+Option,Individual models,90,0.197019,0.164395
2018-09-30,rf__HAR_O__log__rolling,Random Forest | HAR+Option,Individual models,91,0.198426,0.206673
2018-10-31,rf__HAR_O__log__rolling,Random Forest | HAR+Option,Individual models,92,0.155786,0.086803
2018-11-30,rf__HAR_O__log__rolling,Random Forest | HAR+Option,Individual models,93,0.15229,0.073578
2018-12-31,rf__HAR_O__log__rolling,Random Forest | HAR+Option,Individual models,94,0.098813,-0.032334
2019-01-31,rf__HAR_O__log__rolling,Random Forest | HAR+Option,Individual models,95,0.116323,0.063349
2019-02-28,rf__HAR_O__log__rolling,Random Forest | HAR+Option,Individual models,96,0.12115,0.103455
2019-03-31,rf__HAR_O__log__rolling,Random Forest | HAR+Option,Individual models,97,0.120784,0.108827
2019-04-30,rf__HAR_O__log__rolling,Random Forest | HAR+Option,Individual models,98,0.123064,0.112642
2019-05-31,rf__HAR_O__log__rolling,Random Forest | HAR+Option,Individual models,99,0.121718,0.107191
2019-06-30,rf__HAR_O__log__rolling,Random Forest | HAR+Option,Individual models,100,0.121136,0.105182
2019-07-31,rf__HAR_O__log__rolling,Random Forest | HAR+Option,Individual models,101,0.122528,0.107474
2019-08-31,rf__HAR_O__log__rolling,Random Forest | HAR+Option,Individual models,102,0.11718,0.082976
2019-09-30,rf__HAR_O__log__rolling,Random Forest | HAR+Option,Individual models,103,0.116288,0.081399
2019-10-31,rf__HAR_O__log__rolling,Random Forest | HAR+Option,Individual models,104,0.116112,0.080317
2019-11-30,rf__HAR_O__log__rolling,Random Forest | HAR+Option,Individual models,105,0.120715,0.093839
2019-12-31,rf__HAR_O__log__rolling,Random Forest | HAR+Option,Individual models,106,0.118073,0.07888
2020-01-31,rf__HAR_O__log__rolling,Random Forest | HAR+Option,Individual models,107,0.11733,0.072234
2020-02-29,rf__HAR_O__log__rolling,Random Forest | HAR+Option,Individual models,108,0.128512,0.093694
2020-03-31,rf__HAR_O__log__rolling,Random Forest | HAR+Option,Individual models,109,0.148891,0.146578
2020-04-30,rf__HAR_O__log__rolling,Random Forest | HAR+Option,Individual models,110,0.853554,0.887306
2020-05-31,rf__HAR_O__log__rolling,Random Forest | HAR+Option,Individual models,111,0.852697,0.886418
2020-06-30,rf__HAR_O__log__rolling,Random Forest | HAR+Option,Individual models,112,0.852846,0.886503
2020-07-31,rf__HAR_O__log__rolling,Random Forest | HAR+Option,Individual models,113,0.852326,0.885965
2020-08-31,rf__HAR_O__log__rolling,Random Forest | HAR+Option,Individual models,114,0.851728,0.885292
2020-09-30,rf__HAR_O__log__rolling,Random Forest | HAR+Option,Individual models,115,0.851614,0.885218
2020-10-31,rf__HAR_O__log__rolling,Random Forest | HAR+Option,Individual models,116,0.851613,0.885302
2020-11-30,rf__HAR_O__log__rolling,Random Forest | HAR+Option,Individual models,117,0.849534,0.883078
2020-12-31,rf__HAR_O__log__rolling,Random Forest | HAR+Option,Individual models,118,0.849549,0.883075
2021-01-31,rf__HAR_O__log__rolling,Random Forest | HAR+Option,Individual models,119,0.849504,0.883073
2021-02-28,rf__HAR_O__log__rolling,Random Forest | HAR+Option,Individual models,120,0.847468,0.882978
2021-03-31,rf__HAR_O__log__rolling,Random Forest | HAR+Option,Individual models,121,0.84716,0.88274
2021-04-30,rf__HAR_O__log__rolling,Random Forest | HAR+Option,Individual models,122,0.846692,0.882948
2021-05-31,rf__HAR_O__log__rolling,Random Forest | HAR+Option,Individual models,123,0.846626,0.882871
2021-06-30,rf__HAR_O__log__rolling,Random Forest | HAR+Option,Individual models,124,0.84618,0.882418
2021-07-31,rf__HAR_O__log__rolling,Random Forest | HAR+Option,Individual models,125,0.846064,0.88257
2021-08-31,rf__HAR_O__log__rolling,Random Forest | HAR+Option,Individual models,126,0.845217,0.881629
2021-09-30,rf__HAR_O__log__rolling,Random Forest | HAR+Option,Individual models,127,0.84519,0.881598
2021-10-31,rf__HAR_O__log__rolling,Random Forest | HAR+Option,Individual models,128,0.844994,0.886916
2021-11-30,rf__HAR_O__log__rolling,Random Forest | HAR+Option,Individual models,129,0.844963,0.887345
2021-12-31,rf__HAR_O__log__rolling,Random Forest | HAR+Option,Individual models,130,0.845021,0.896577
2022-01-31,rf__HAR_O__log__rolling,Random Forest | HAR+Option,Individual models,131,0.839136,0.889881
2022-02-28,rf__HAR_O__log__rolling,Random Forest | HAR+Option,Individual models,132,0.837194,0.887911
2022-03-31,rf__HAR_O__log__rolling,Random Forest | HAR+Option,Individual models,133,0.836545,0.887225
2022-04-30,rf__HAR_O__log__rolling,Random Forest | HAR+Option,Individual models,134,0.836147,0.887191
2022-05-31,rf__HAR_O__log__rolling,Random Forest | HAR+Option,Individual models,135,0.830348,0.881192
2022-06-30,rf__HAR_O__log__rolling,Random Forest | HAR+Option,Individual models,136,0.828021,0.878882
2022-07-31,rf__HAR_O__log__rolling,Random Forest | HAR+Option,Individual models,137,0.828016,0.879013
2022-08-31,rf__HAR_O__log__rolling,Random Forest | HAR+Option,Individual models,138,0.827979,0.880605
2022-09-30,rf__HAR_O__log__rolling,Random Forest | HAR+Option,Individual models,139,0.826597,0.879406
2022-10-31,rf__HAR_O__log__rolling,Random Forest | HAR+Option,Individual models,140,0.826172,0.878926
2022-11-30,rf__HAR_O__log__rolling,Random Forest | HAR+Option,Individual models,141,0.826172,0.879193
2022-12-31,rf__HAR_O__log__rolling,Random Forest | HAR+Option,Individual models,142,0.826054,0.879369
2023-01-31,rf__HAR_O__log__rolling,Random Forest | HAR+Option,Individual models,143,0.82572,0.879064
2023-02-28,rf__HAR_O__log__rolling,Random Forest | HAR+Option,Individual models,144,0.825635,0.882066
2023-03-31,rf__HAR_O__log__rolling,Random Forest | HAR+Option,Individual models,145,0.825466,0.960871
2023-04-30,rf__HAR_O__log__rolling,Random Forest | HAR+Option,Individual models,146,0.824097,-0.103785
2023-05-31,rf__HAR_O__log__rolling,Random Forest | HAR+Option,Individual models,147,0.823811,-0.092854
2023-06-30,rf__HAR_O__log__rolling,Random Forest | HAR+Option,Individual models,148,0.823861,-0.122787
2023-07-31,rf__HAR_O__log__rolling,Random Forest | HAR+Option,Individual models,149,0.823947,-0.091458
2023-08-31,rf__HAR_O__log__rolling,Random Forest | HAR+Option,Individual models,150,0.823672,-0.101579
2023-09-30,rf__HAR_O__log__rolling,Random Forest | HAR+Option,Individual models,151,0.823551,-0.223776
2023-10-31,rf__HAR_O__log__rolling,Random Forest | HAR+Option,Individual models,152,0.823251,-0.222445
2023-11-30,rf__HAR_O__log__rolling,Random Forest | HAR+Option,Individual models,153,0.822735,-0.146856
2023-12-31,rf__HAR_O__log__rolling,Random Forest | HAR+Option,Individual models,154,0.822751,-0.17242
2024-01-31,rf__HAR_O__log__rolling,Random Forest | HAR+Option,Individual models,155,0.82274,-0.176216
2011-03-31,rf__HAR_OM__log__rolling,Random Forest | HAR+Macro+Option,Individual models,1,-6.146242,
2011-04-30,rf__HAR_OM__log__rolling,Random Forest | HAR+Macro+Option,Individual models,2,0.21515,
2011-05-31,rf__HAR_OM__log__rolling,Random Forest | HAR+Macro+Option,Individual models,3,0.195973,
2011-06-30,rf__HAR_OM__log__rolling,Random Forest | HAR+Macro+Option,Individual models,4,0.080311,
2011-07-31,rf__HAR_OM__log__rolling,Random Forest | HAR+Macro+Option,Individual models,5,0.093354,
2011-08-31,rf__HAR_OM__log__rolling,Random Forest | HAR+Macro+Option,Individual models,6,0.349037,
2011-09-30,rf__HAR_OM__log__rolling,Random Forest | HAR+Macro+Option,Individual models,7,0.37008,
2011-10-31,rf__HAR_OM__log__rolling,Random Forest | HAR+Macro+Option,Individual models,8,0.227279,
2011-11-30,rf__HAR_OM__log__rolling,Random Forest | HAR+Macro+Option,Individual models,9,0.251624,
2011-12-31,rf__HAR_OM__log__rolling,Random Forest | HAR+Macro+Option,Individual models,10,0.23913,
2012-01-31,rf__HAR_OM__log__rolling,Random Forest | HAR+Macro+Option,Individual models,11,0.170367,
2012-02-29,rf__HAR_OM__log__rolling,Random Forest | HAR+Macro+Option,Individual models,12,0.134946,
2012-03-31,rf__HAR_OM__log__rolling,Random Forest | HAR+Macro+Option,Individual models,13,0.139311,
2012-04-30,rf__HAR_OM__log__rolling,Random Forest | HAR+Macro+Option,Individual models,14,0.138861,
2012-05-31,rf__HAR_OM__log__rolling,Random Forest | HAR+Macro+Option,Individual models,15,0.136498,
2012-06-30,rf__HAR_OM__log__rolling,Random Forest | HAR+Macro+Option,Individual models,16,0.119879,
2012-07-31,rf__HAR_OM__log__rolling,Random Forest | HAR+Macro+Option,Individual models,17,0.12654,
2012-08-31,rf__HAR_OM__log__rolling,Random Forest | HAR+Macro+Option,Individual models,18,0.121846,
2012-09-30,rf__HAR_OM__log__rolling,Random Forest | HAR+Macro+Option,Individual models,19,0.127779,
2012-10-31,rf__HAR_OM__log__rolling,Random Forest | HAR+Macro+Option,Individual models,20,0.128327,
2012-11-30,rf__HAR_OM__log__rolling,Random Forest | HAR+Macro+Option,Individual models,21,0.128223,
2012-12-31,rf__HAR_OM__log__rolling,Random Forest | HAR+Macro+Option,Individual models,22,0.129807,
2013-01-31,rf__HAR_OM__log__rolling,Random Forest | HAR+Macro+Option,Individual models,23,0.13822,
2013-02-28,rf__HAR_OM__log__rolling,Random Forest | HAR+Macro+Option,Individual models,24,0.140331,
2013-03-31,rf__HAR_OM__log__rolling,Random Forest | HAR+Macro+Option,Individual models,25,0.139816,
2013-04-30,rf__HAR_OM__log__rolling,Random Forest | HAR+Macro+Option,Individual models,26,0.139907,
2013-05-31,rf__HAR_OM__log__rolling,Random Forest | HAR+Macro+Option,Individual models,27,0.142505,
2013-06-30,rf__HAR_OM__log__rolling,Random Forest | HAR+Macro+Option,Individual models,28,0.125767,
2013-07-31,rf__HAR_OM__log__rolling,Random Forest | HAR+Macro+Option,Individual models,29,0.134261,
2013-08-31,rf__HAR_OM__log__rolling,Random Forest | HAR+Macro+Option,Individual models,30,0.13732,
2013-09-30,rf__HAR_OM__log__rolling,Random Forest | HAR+Macro+Option,Individual models,31,0.136749,
2013-10-31,rf__HAR_OM__log__rolling,Random Forest | HAR+Macro+Option,Individual models,32,0.135966,
2013-11-30,rf__HAR_OM__log__rolling,Random Forest | HAR+Macro+Option,Individual models,33,0.138043,
2013-12-31,rf__HAR_OM__log__rolling,Random Forest | HAR+Macro+Option,Individual models,34,0.134202,
2014-01-31,rf__HAR_OM__log__rolling,Random Forest | HAR+Macro+Option,Individual models,35,0.134324,
2014-02-28,rf__HAR_OM__log__rolling,Random Forest | HAR+Macro+Option,Individual models,36,0.130358,0.130358
2014-03-31,rf__HAR_OM__log__rolling,Random Forest | HAR+Macro+Option,Individual models,37,0.130653,0.137613
2014-04-30,rf__HAR_OM__log__rolling,Random Forest | HAR+Macro+Option,Individual models,38,0.130469,0.127296
2014-05-31,rf__HAR_OM__log__rolling,Random Forest | HAR+Macro+Option,Individual models,39,0.126473,0.123808
2014-06-30,rf__HAR_OM__log__rolling,Random Forest | HAR+Macro+Option,Individual models,40,0.128363,0.130166
2014-07-31,rf__HAR_OM__log__rolling,Random Forest | HAR+Macro+Option,Individual models,41,0.12288,0.123997
2014-08-31,rf__HAR_OM__log__rolling,Random Forest | HAR+Macro+Option,Individual models,42,0.117661,-0.26456
2014-09-30,rf__HAR_OM__log__rolling,Random Forest | HAR+Macro+Option,Individual models,43,0.119455,-0.373362
2014-10-31,rf__HAR_OM__log__rolling,Random Forest | HAR+Macro+Option,Individual models,44,0.131863,-0.07163
2014-11-30,rf__HAR_OM__log__rolling,Random Forest | HAR+Macro+Option,Individual models,45,0.134054,-0.10939
2014-12-31,rf__HAR_OM__log__rolling,Random Forest | HAR+Macro+Option,Individual models,46,0.13528,-0.08242
2015-01-31,rf__HAR_OM__log__rolling,Random Forest | HAR+Macro+Option,Individual models,47,0.151182,0.10999
2015-02-28,rf__HAR_OM__log__rolling,Random Forest | HAR+Macro+Option,Individual models,48,0.121346,0.090609
2015-03-31,rf__HAR_OM__log__rolling,Random Forest | HAR+Macro+Option,Individual models,49,0.124209,0.088014
2015-04-30,rf__HAR_OM__log__rolling,Random Forest | HAR+Macro+Option,Individual models,50,0.12402,0.088261
2015-05-31,rf__HAR_OM__log__rolling,Random Forest | HAR+Macro+Option,Individual models,51,0.126113,0.101327
2015-06-30,rf__HAR_OM__log__rolling,Random Forest | HAR+Macro+Option,Individual models,52,0.125816,0.139902
2015-07-31,rf__HAR_OM__log__rolling,Random Forest | HAR+Macro+Option,Individual models,53,0.121712,0.11002
2015-08-31,rf__HAR_OM__log__rolling,Random Forest | HAR+Macro+Option,Individual models,54,0.13882,0.170859
2015-09-30,rf__HAR_OM__log__rolling,Random Forest | HAR+Macro+Option,Individual models,55,0.140954,0.166398
2015-10-31,rf__HAR_OM__log__rolling,Random Forest | HAR+Macro+Option,Individual models,56,0.123054,0.112971
2015-11-30,rf__HAR_OM__log__rolling,Random Forest | HAR+Macro+Option,Individual models,57,0.125273,0.1197
2015-12-31,rf__HAR_OM__log__rolling,Random Forest | HAR+Macro+Option,Individual models,58,0.121539,0.106054
2016-01-31,rf__HAR_OM__log__rolling,Random Forest | HAR+Macro+Option,Individual models,59,0.107133,0.055855
2016-02-29,rf__HAR_OM__log__rolling,Random Forest | HAR+Macro+Option,Individual models,60,0.109678,0.058989
2016-03-31,rf__HAR_OM__log__rolling,Random Forest | HAR+Macro+Option,Individual models,61,0.113043,0.070283
2016-04-30,rf__HAR_OM__log__rolling,Random Forest | HAR+Macro+Option,Individual models,62,0.11737,0.082105
2016-05-31,rf__HAR_OM__log__rolling,Random Forest | HAR+Macro+Option,Individual models,63,0.117769,0.079076
2016-06-30,rf__HAR_OM__log__rolling,Random Forest | HAR+Macro+Option,Individual models,64,0.118361,0.106298
2016-07-31,rf__HAR_OM__log__rolling,Random Forest | HAR+Macro+Option,Individual models,65,0.109718,0.068741
2016-08-31,rf__HAR_OM__log__rolling,Random Forest | HAR+Macro+Option,Individual models,66,0.116565,0.082726
2016-09-30,rf__HAR_OM__log__rolling,Random Forest | HAR+Macro+Option,Individual models,67,0.116333,0.082531
2016-10-31,rf__HAR_OM__log__rolling,Random Forest | HAR+Macro+Option,Individual models,68,0.120468,0.095136
2016-11-30,rf__HAR_OM__log__rolling,Random Forest | HAR+Macro+Option,Individual models,69,0.119317,0.087654
2016-12-31,rf__HAR_OM__log__rolling,Random Forest | HAR+Macro+Option,Individual models,70,0.116016,0.085894
2017-01-31,rf__HAR_OM__log__rolling,Random Forest | HAR+Macro+Option,Individual models,71,0.118816,0.09374
2017-02-28,rf__HAR_OM__log__rolling,Random Forest | HAR+Macro+Option,Individual models,72,0.124592,0.115619
2017-03-31,rf__HAR_OM__log__rolling,Random Forest | HAR+Macro+Option,Individual models,73,0.123926,0.113554
2017-04-30,rf__HAR_OM__log__rolling,Random Forest | HAR+Macro+Option,Individual models,74,0.126647,0.120814
2017-05-31,rf__HAR_OM__log__rolling,Random Forest | HAR+Macro+Option,Individual models,75,0.130915,0.13767
2017-06-30,rf__HAR_OM__log__rolling,Random Forest | HAR+Macro+Option,Individual models,76,0.119933,0.106559
2017-07-31,rf__HAR_OM__log__rolling,Random Forest | HAR+Macro+Option,Individual models,77,0.127461,0.134605
2017-08-31,rf__HAR_OM__log__rolling,Random Forest | HAR+Macro+Option,Individual models,78,0.1298,0.14864
2017-09-30,rf__HAR_OM__log__rolling,Random Forest | HAR+Macro+Option,Individual models,79,0.133803,0.155512
2017-10-31,rf__HAR_OM__log__rolling,Random Forest | HAR+Macro+Option,Individual models,80,0.13647,0.144004
2017-11-30,rf__HAR_OM__log__rolling,Random Forest | HAR+Macro+Option,Individual models,81,0.140314,0.151641
2017-12-31,rf__HAR_OM__log__rolling,Random Forest | HAR+Macro+Option,Individual models,82,0.142086,0.154385
2018-01-31,rf__HAR_OM__log__rolling,Random Forest | HAR+Macro+Option,Individual models,83,0.143172,0.127909
2018-02-28,rf__HAR_OM__log__rolling,Random Forest | HAR+Macro+Option,Individual models,84,0.138156,0.167789
2018-03-31,rf__HAR_OM__log__rolling,Random Forest | HAR+Macro+Option,Individual models,85,0.143503,0.176801
2018-04-30,rf__HAR_OM__log__rolling,Random Forest | HAR+Macro+Option,Individual models,86,0.131894,0.145184
2018-05-31,rf__HAR_OM__log__rolling,Random Forest | HAR+Macro+Option,Individual models,87,0.133616,0.146431
2018-06-30,rf__HAR_OM__log__rolling,Random Forest | HAR+Macro+Option,Individual models,88,0.133158,0.145706
2018-07-31,rf__HAR_OM__log__rolling,Random Forest | HAR+Macro+Option,Individual models,89,0.132842,0.151811
2018-08-31,rf__HAR_OM__log__rolling,Random Forest | HAR+Macro+Option,Individual models,90,0.136139,0.130051
2018-09-30,rf__HAR_OM__log__rolling,Random Forest | HAR+Macro+Option,Individual models,91,0.137531,0.129709
2018-10-31,rf__HAR_OM__log__rolling,Random Forest | HAR+Macro+Option,Individual models,92,0.10553,0.073108
2018-11-30,rf__HAR_OM__log__rolling,Random Forest | HAR+Macro+Option,Individual models,93,0.105396,0.068659
2018-12-31,rf__HAR_OM__log__rolling,Random Forest | HAR+Macro+Option,Individual models,94,0.056292,-0.034332
2019-01-31,rf__HAR_OM__log__rolling,Random Forest | HAR+Macro+Option,Individual models,95,0.074503,0.022512
2019-02-28,rf__HAR_OM__log__rolling,Random Forest | HAR+Macro+Option,Individual models,96,0.081637,0.037608
2019-03-31,rf__HAR_OM__log__rolling,Random Forest | HAR+Macro+Option,Individual models,97,0.081953,0.030563
2019-04-30,rf__HAR_OM__log__rolling,Random Forest | HAR+Macro+Option,Individual models,98,0.08318,0.027026
2019-05-31,rf__HAR_OM__log__rolling,Random Forest | HAR+Macro+Option,Individual models,99,0.080738,0.021043
2019-06-30,rf__HAR_OM__log__rolling,Random Forest | HAR+Macro+Option,Individual models,100,0.074672,0.004622
2019-07-31,rf__HAR_OM__log__rolling,Random Forest | HAR+Macro+Option,Individual models,101,0.076519,0.021527
2019-08-31,rf__HAR_OM__log__rolling,Random Forest | HAR+Macro+Option,Individual models,102,0.076869,0.012401
2019-09-30,rf__HAR_OM__log__rolling,Random Forest | HAR+Macro+Option,Individual models,103,0.072701,0.002979
2019-10-31,rf__HAR_OM__log__rolling,Random Forest | HAR+Macro+Option,Individual models,104,0.070775,-0.009942
2019-11-30,rf__HAR_OM__log__rolling,Random Forest | HAR+Macro+Option,Individual models,105,0.07333,0.000489
2019-12-31,rf__HAR_OM__log__rolling,Random Forest | HAR+Macro+Option,Individual models,106,0.073063,0.002582
2020-01-31,rf__HAR_OM__log__rolling,Random Forest | HAR+Macro+Option,Individual models,107,0.072821,-0.004551
2020-02-29,rf__HAR_OM__log__rolling,Random Forest | HAR+Macro+Option,Individual models,108,0.092133,0.044301
2020-03-31,rf__HAR_OM__log__rolling,Random Forest | HAR+Macro+Option,Individual models,109,0.044124,0.014823
2020-04-30,rf__HAR_OM__log__rolling,Random Forest | HAR+Macro+Option,Individual models,110,0.835472,0.869895
2020-05-31,rf__HAR_OM__log__rolling,Random Forest | HAR+Macro+Option,Individual models,111,0.834682,0.869385
2020-06-30,rf__HAR_OM__log__rolling,Random Forest | HAR+Macro+Option,Individual models,112,0.834309,0.869709
2020-07-31,rf__HAR_OM__log__rolling,Random Forest | HAR+Macro+Option,Individual models,113,0.833693,0.86919
2020-08-31,rf__HAR_OM__log__rolling,Random Forest | HAR+Macro+Option,Individual models,114,0.832627,0.868102
2020-09-30,rf__HAR_OM__log__rolling,Random Forest | HAR+Macro+Option,Individual models,115,0.832084,0.867705
2020-10-31,rf__HAR_OM__log__rolling,Random Forest | HAR+Macro+Option,Individual models,116,0.832081,0.868146
2020-11-30,rf__HAR_OM__log__rolling,Random Forest | HAR+Macro+Option,Individual models,117,0.831736,0.867814
2020-12-31,rf__HAR_OM__log__rolling,Random Forest | HAR+Macro+Option,Individual models,118,0.831334,0.867344
2021-01-31,rf__HAR_OM__log__rolling,Random Forest | HAR+Macro+Option,Individual models,119,0.831308,0.867311
2021-02-28,rf__HAR_OM__log__rolling,Random Forest | HAR+Macro+Option,Individual models,120,0.830349,0.867943
2021-03-31,rf__HAR_OM__log__rolling,Random Forest | HAR+Macro+Option,Individual models,121,0.830375,0.868121
2021-04-30,rf__HAR_OM__log__rolling,Random Forest | HAR+Macro+Option,Individual models,122,0.829609,0.868345
2021-05-31,rf__HAR_OM__log__rolling,Random Forest | HAR+Macro+Option,Individual models,123,0.829545,0.868265
2021-06-30,rf__HAR_OM__log__rolling,Random Forest | HAR+Macro+Option,Individual models,124,0.829088,0.867843
2021-07-31,rf__HAR_OM__log__rolling,Random Forest | HAR+Macro+Option,Individual models,125,0.828561,0.867436
2021-08-31,rf__HAR_OM__log__rolling,Random Forest | HAR+Macro+Option,Individual models,126,0.826379,0.865153
2021-09-30,rf__HAR_OM__log__rolling,Random Forest | HAR+Macro+Option,Individual models,127,0.826402,0.865181
2021-10-31,rf__HAR_OM__log__rolling,Random Forest | HAR+Macro+Option,Individual models,128,0.826289,0.87013
2021-11-30,rf__HAR_OM__log__rolling,Random Forest | HAR+Macro+Option,Individual models,129,0.826287,0.870395
2021-12-31,rf__HAR_OM__log__rolling,Random Forest | HAR+Macro+Option,Individual models,130,0.826359,0.879563
2022-01-31,rf__HAR_OM__log__rolling,Random Forest | HAR+Macro+Option,Individual models,131,0.821673,0.874127
2022-02-28,rf__HAR_OM__log__rolling,Random Forest | HAR+Macro+Option,Individual models,132,0.820204,0.872516
2022-03-31,rf__HAR_OM__log__rolling,Random Forest | HAR+Macro+Option,Individual models,133,0.819273,0.871481
2022-04-30,rf__HAR_OM__log__rolling,Random Forest | HAR+Macro+Option,Individual models,134,0.818594,0.871237
2022-05-31,rf__HAR_OM__log__rolling,Random Forest | HAR+Macro+Option,Individual models,135,0.81376,0.866354
2022-06-30,rf__HAR_OM__log__rolling,Random Forest | HAR+Macro+Option,Individual models,136,0.811356,0.864362
2022-07-31,rf__HAR_OM__log__rolling,Random Forest | HAR+Macro+Option,Individual models,137,0.811179,0.864284
2022-08-31,rf__HAR_OM__log__rolling,Random Forest | HAR+Macro+Option,Individual models,138,0.81115,0.865514
2022-09-30,rf__HAR_OM__log__rolling,Random Forest | HAR+Macro+Option,Individual models,139,0.808851,0.863581
2022-10-31,rf__HAR_OM__log__rolling,Random Forest | HAR+Macro+Option,Individual models,140,0.80778,0.862536
2022-11-30,rf__HAR_OM__log__rolling,Random Forest | HAR+Macro+Option,Individual models,141,0.807293,0.862456
2022-12-31,rf__HAR_OM__log__rolling,Random Forest | HAR+Macro+Option,Individual models,142,0.80716,0.862443
2023-01-31,rf__HAR_OM__log__rolling,Random Forest | HAR+Macro+Option,Individual models,143,0.80715,0.862447
2023-02-28,rf__HAR_OM__log__rolling,Random Forest | HAR+Macro+Option,Individual models,144,0.80657,0.864403
2023-03-31,rf__HAR_OM__log__rolling,Random Forest | HAR+Macro+Option,Individual models,145,0.80596,0.95843
2023-04-30,rf__HAR_OM__log__rolling,Random Forest | HAR+Macro+Option,Individual models,146,0.805026,-0.153999
2023-05-31,rf__HAR_OM__log__rolling,Random Forest | HAR+Macro+Option,Individual models,147,0.804939,-0.138941
2023-06-30,rf__HAR_OM__log__rolling,Random Forest | HAR+Macro+Option,Individual models,148,0.80494,-0.154252
2023-07-31,rf__HAR_OM__log__rolling,Random Forest | HAR+Macro+Option,Individual models,149,0.805037,-0.119285
2023-08-31,rf__HAR_OM__log__rolling,Random Forest | HAR+Macro+Option,Individual models,150,0.804811,-0.11253
2023-09-30,rf__HAR_OM__log__rolling,Random Forest | HAR+Macro+Option,Individual models,151,0.804823,-0.212569
2023-10-31,rf__HAR_OM__log__rolling,Random Forest | HAR+Macro+Option,Individual models,152,0.804589,-0.209024
2023-11-30,rf__HAR_OM__log__rolling,Random Forest | HAR+Macro+Option,Individual models,153,0.803839,-0.205464
2023-12-31,rf__HAR_OM__log__rolling,Random Forest | HAR+Macro+Option,Individual models,154,0.803866,-0.216191
2024-01-31,rf__HAR_OM__log__rolling,Random Forest | HAR+Macro+Option,Individual models,155,0.803853,-0.220862
2011-03-31,nn__HAR_OM__log__rolling,Neural Network | HAR+Macro+Option,Individual models,1,-17.998274,
2011-04-30,nn__HAR_OM__log__rolling,Neural Network | HAR+Macro+Option,Individual models,2,0.349778,
2011-05-31,nn__HAR_OM__log__rolling,Neural Network | HAR+Macro+Option,Individual models,3,0.184603,
2011-06-30,nn__HAR_OM__log__rolling,Neural Network | HAR+Macro+Option,Individual models,4,-0.23284,
2011-07-31,nn__HAR_OM__log__rolling,Neural Network | HAR+Macro+Option,Individual models,5,-0.378606,
2011-08-31,nn__HAR_OM__log__rolling,Neural Network | HAR+Macro+Option,Individual models,6,0.814139,
2011-09-30,nn__HAR_OM__log__rolling,Neural Network | HAR+Macro+Option,Individual models,7,0.664507,
2011-10-31,nn__HAR_OM__log__rolling,Neural Network | HAR+Macro+Option,Individual models,8,-0.326541,
2011-11-30,nn__HAR_OM__log__rolling,Neural Network | HAR+Macro+Option,Individual models,9,-0.283243,
2011-12-31,nn__HAR_OM__log__rolling,Neural Network | HAR+Macro+Option,Individual models,10,-0.343079,
2012-01-31,nn__HAR_OM__log__rolling,Neural Network | HAR+Macro+Option,Individual models,11,-0.76538,
2012-02-29,nn__HAR_OM__log__rolling,Neural Network | HAR+Macro+Option,Individual models,12,-0.798778,
2012-03-31,nn__HAR_OM__log__rolling,Neural Network | HAR+Macro+Option,Individual models,13,-0.766204,
2012-04-30,nn__HAR_OM__log__rolling,Neural Network | HAR+Macro+Option,Individual models,14,-0.759114,
2012-05-31,nn__HAR_OM__log__rolling,Neural Network | HAR+Macro+Option,Individual models,15,-0.785656,
2012-06-30,nn__HAR_OM__log__rolling,Neural Network | HAR+Macro+Option,Individual models,16,-0.786167,
2012-07-31,nn__HAR_OM__log__rolling,Neural Network | HAR+Macro+Option,Individual models,17,-0.875618,
2012-08-31,nn__HAR_OM__log__rolling,Neural Network | HAR+Macro+Option,Individual models,18,-0.881691,
2012-09-30,nn__HAR_OM__log__rolling,Neural Network | HAR+Macro+Option,Individual models,19,-0.875558,
2012-10-31,nn__HAR_OM__log__rolling,Neural Network | HAR+Macro+Option,Individual models,20,-0.876087,
2012-11-30,nn__HAR_OM__log__rolling,Neural Network | HAR+Macro+Option,Individual models,21,-0.910586,
2012-12-31,nn__HAR_OM__log__rolling,Neural Network | HAR+Macro+Option,Individual models,22,-0.908206,
2013-01-31,nn__HAR_OM__log__rolling,Neural Network | HAR+Macro+Option,Individual models,23,-0.859541,
2013-02-28,nn__HAR_OM__log__rolling,Neural Network | HAR+Macro+Option,Individual models,24,-0.851344,
2013-03-31,nn__HAR_OM__log__rolling,Neural Network | HAR+Macro+Option,Individual models,25,-0.847718,
2013-04-30,nn__HAR_OM__log__rolling,Neural Network | HAR+Macro+Option,Individual models,26,-0.849612,
2013-05-31,nn__HAR_OM__log__rolling,Neural Network | HAR+Macro+Option,Individual models,27,-0.852468,
2013-06-30,nn__HAR_OM__log__rolling,Neural Network | HAR+Macro+Option,Individual models,28,-0.843566,
2013-07-31,nn__HAR_OM__log__rolling,Neural Network | HAR+Macro+Option,Individual models,29,-0.86401,
2013-08-31,nn__HAR_OM__log__rolling,Neural Network | HAR+Macro+Option,Individual models,30,-0.855887,
2013-09-30,nn__HAR_OM__log__rolling,Neural Network | HAR+Macro+Option,Individual models,31,-0.884988,
2013-10-31,nn__HAR_OM__log__rolling,Neural Network | HAR+Macro+Option,Individual models,32,-0.885158,
2013-11-30,nn__HAR_OM__log__rolling,Neural Network | HAR+Macro+Option,Individual models,33,-0.863641,
2013-12-31,nn__HAR_OM__log__rolling,Neural Network | HAR+Macro+Option,Individual models,34,-0.852719,
2014-01-31,nn__HAR_OM__log__rolling,Neural Network | HAR+Macro+Option,Individual models,35,-0.852506,
2014-02-28,nn__HAR_OM__log__rolling,Neural Network | HAR+Macro+Option,Individual models,36,-0.853627,-0.853627
2014-03-31,nn__HAR_OM__log__rolling,Neural Network | HAR+Macro+Option,Individual models,37,-0.858119,-0.839113
2014-04-30,nn__HAR_OM__log__rolling,Neural Network | HAR+Macro+Option,Individual models,38,-0.861695,-0.907093
2014-05-31,nn__HAR_OM__log__rolling,Neural Network | HAR+Macro+Option,Individual models,39,-0.85726,-0.897221
2014-06-30,nn__HAR_OM__log__rolling,Neural Network | HAR+Macro+Option,Individual models,40,-0.822565,-0.844693
2014-07-31,nn__HAR_OM__log__rolling,Neural Network | HAR+Macro+Option,Individual models,41,-0.978239,-1.000938
2014-08-31,nn__HAR_OM__log__rolling,Neural Network | HAR+Macro+Option,Individual models,42,-0.975966,-3.933123
2014-09-30,nn__HAR_OM__log__rolling,Neural Network | HAR+Macro+Option,Individual models,43,-0.969261,-4.181826
2014-10-31,nn__HAR_OM__log__rolling,Neural Network | HAR+Macro+Option,Individual models,44,-0.886507,-2.080751
2014-11-30,nn__HAR_OM__log__rolling,Neural Network | HAR+Macro+Option,Individual models,45,-0.931465,-2.273685
2014-12-31,nn__HAR_OM__log__rolling,Neural Network | HAR+Macro+Option,Individual models,46,-0.929161,-2.157763
2015-01-31,nn__HAR_OM__log__rolling,Neural Network | HAR+Macro+Option,Individual models,47,-0.894599,-1.172045
2015-02-28,nn__HAR_OM__log__rolling,Neural Network | HAR+Macro+Option,Individual models,48,-1.066496,-1.671566
2015-03-31,nn__HAR_OM__log__rolling,Neural Network | HAR+Macro+Option,Individual models,49,-1.063308,-1.775348
2015-04-30,nn__HAR_OM__log__rolling,Neural Network | HAR+Macro+Option,Individual models,50,-1.084445,-1.868299
2015-05-31,nn__HAR_OM__log__rolling,Neural Network | HAR+Macro+Option,Individual models,51,-1.071295,-1.752982
2015-06-30,nn__HAR_OM__log__rolling,Neural Network | HAR+Macro+Option,Individual models,52,-1.080302,-1.778241
2015-07-31,nn__HAR_OM__log__rolling,Neural Network | HAR+Macro+Option,Individual models,53,-1.080315,-1.57604
2015-08-31,nn__HAR_OM__log__rolling,Neural Network | HAR+Macro+Option,Individual models,54,-0.910629,-0.965251
2015-09-30,nn__HAR_OM__log__rolling,Neural Network | HAR+Macro+Option,Individual models,55,-0.997881,-1.234112
2015-10-31,nn__HAR_OM__log__rolling,Neural Network | HAR+Macro+Option,Individual models,56,-0.990075,-1.208046
2015-11-30,nn__HAR_OM__log__rolling,Neural Network | HAR+Macro+Option,Individual models,57,-0.979755,-1.110441
2015-12-31,nn__HAR_OM__log__rolling,Neural Network | HAR+Macro+Option,Individual models,58,-1.015056,-1.215182
2016-01-31,nn__HAR_OM__log__rolling,Neural Network | HAR+Macro+Option,Individual models,59,-0.907563,-0.986774
2016-02-29,nn__HAR_OM__log__rolling,Neural Network | HAR+Macro+Option,Individual models,60,-1.033006,-1.3334
2016-03-31,nn__HAR_OM__log__rolling,Neural Network | HAR+Macro+Option,Individual models,61,-1.091415,-1.480647
2016-04-30,nn__HAR_OM__log__rolling,Neural Network | HAR+Macro+Option,Individual models,62,-1.079822,-1.440043
2016-05-31,nn__HAR_OM__log__rolling,Neural Network | HAR+Macro+Option,Individual models,63,-1.088465,-1.457615
2016-06-30,nn__HAR_OM__log__rolling,Neural Network | HAR+Macro+Option,Individual models,64,-1.087868,-1.485844
2016-07-31,nn__HAR_OM__log__rolling,Neural Network | HAR+Macro+Option,Individual models,65,-1.061805,-1.392046
2016-08-31,nn__HAR_OM__log__rolling,Neural Network | HAR+Macro+Option,Individual models,66,-1.031922,-1.318918
2016-09-30,nn__HAR_OM__log__rolling,Neural Network | HAR+Macro+Option,Individual models,67,-1.033265,-1.278766
2016-10-31,nn__HAR_OM__log__rolling,Neural Network | HAR+Macro+Option,Individual models,68,-1.02316,-1.248737
2016-11-30,nn__HAR_OM__log__rolling,Neural Network | HAR+Macro+Option,Individual models,69,-1.021473,-1.28835
2016-12-31,nn__HAR_OM__log__rolling,Neural Network | HAR+Macro+Option,Individual models,70,-1.005028,-1.257309
2017-01-31,nn__HAR_OM__log__rolling,Neural Network | HAR+Macro+Option,Individual models,71,-0.991164,-1.215358
2017-02-28,nn__HAR_OM__log__rolling,Neural Network | HAR+Macro+Option,Individual models,72,-0.960256,-1.126193
2017-03-31,nn__HAR_OM__log__rolling,Neural Network | HAR+Macro+Option,Individual models,73,-0.952694,-1.098522
2017-04-30,nn__HAR_OM__log__rolling,Neural Network | HAR+Macro+Option,Individual models,74,-0.945462,-1.073321
2017-05-31,nn__HAR_OM__log__rolling,Neural Network | HAR+Macro+Option,Individual models,75,-0.922415,-1.021491
2017-06-30,nn__HAR_OM__log__rolling,Neural Network | HAR+Macro+Option,Individual models,76,-0.911254,-1.05195
2017-07-31,nn__HAR_OM__log__rolling,Neural Network | HAR+Macro+Option,Individual models,77,-0.885406,-0.740619
2017-08-31,nn__HAR_OM__log__rolling,Neural Network | HAR+Macro+Option,Individual models,78,-0.876588,-0.722345
2017-09-30,nn__HAR_OM__log__rolling,Neural Network | HAR+Macro+Option,Individual models,79,-0.859934,-0.694529
2017-10-31,nn__HAR_OM__log__rolling,Neural Network | HAR+Macro+Option,Individual models,80,-0.838853,-0.760905
2017-11-30,nn__HAR_OM__log__rolling,Neural Network | HAR+Macro+Option,Individual models,81,-0.828527,-0.642269
2017-12-31,nn__HAR_OM__log__rolling,Neural Network | HAR+Macro+Option,Individual models,82,-0.832216,-0.657003
2018-01-31,nn__HAR_OM__log__rolling,Neural Network | HAR+Macro+Option,Individual models,83,-0.834985,-0.721394
2018-02-28,nn__HAR_OM__log__rolling,Neural Network | HAR+Macro+Option,Individual models,84,-0.831302,-0.416718
2018-03-31,nn__HAR_OM__log__rolling,Neural Network | HAR+Macro+Option,Individual models,85,-0.816058,-0.38934
2018-04-30,nn__HAR_OM__log__rolling,Neural Network | HAR+Macro+Option,Individual models,86,-0.833768,-0.41066
2018-05-31,nn__HAR_OM__log__rolling,Neural Network | HAR+Macro+Option,Individual models,87,-0.832199,-0.42388
2018-06-30,nn__HAR_OM__log__rolling,Neural Network | HAR+Macro+Option,Individual models,88,-0.830302,-0.403044
2018-07-31,nn__HAR_OM__log__rolling,Neural Network | HAR+Macro+Option,Individual models,89,-0.831447,-0.407301
2018-08-31,nn__HAR_OM__log__rolling,Neural Network | HAR+Macro+Option,Individual models,90,-0.821908,-0.620419
2018-09-30,nn__HAR_OM__log__rolling,Neural Network | HAR+Macro+Option,Individual models,91,-0.821031,-0.416898
2018-10-31,nn__HAR_OM__log__rolling,Neural Network | HAR+Macro+Option,Individual models,92,-0.777488,-0.384197
2018-11-30,nn__HAR_OM__log__rolling,Neural Network | HAR+Macro+Option,Individual models,93,-0.778017,-0.405161
2018-12-31,nn__HAR_OM__log__rolling,Neural Network | HAR+Macro+Option,Individual models,94,-0.685709,-0.228273
2019-01-31,nn__HAR_OM__log__rolling,Neural Network | HAR+Macro+Option,Individual models,95,-0.658565,-0.261821
2019-02-28,nn__HAR_OM__log__rolling,Neural Network | HAR+Macro+Option,Individual models,96,-0.643524,-0.031955
2019-03-31,nn__HAR_OM__log__rolling,Neural Network | HAR+Macro+Option,Individual models,97,-0.666599,0.03557
2019-04-30,nn__HAR_OM__log__rolling,Neural Network | HAR+Macro+Option,Individual models,98,-0.654196,0.044863
2019-05-31,nn__HAR_OM__log__rolling,Neural Network | HAR+Macro+Option,Individual models,99,-0.64861,0.060441
2019-06-30,nn__HAR_OM__log__rolling,Neural Network | HAR+Macro+Option,Individual models,100,-0.644458,0.066488
2019-07-31,nn__HAR_OM__log__rolling,Neural Network | HAR+Macro+Option,Individual models,101,-0.638513,0.062634
2019-08-31,nn__HAR_OM__log__rolling,Neural Network | HAR+Macro+Option,Individual models,102,-0.626357,0.032303
2019-09-30,nn__HAR_OM__log__rolling,Neural Network | HAR+Macro+Option,Individual models,103,-0.668172,-0.084774
2019-10-31,nn__HAR_OM__log__rolling,Neural Network | HAR+Macro+Option,Individual models,104,-0.670044,-0.096467
2019-11-30,nn__HAR_OM__log__rolling,Neural Network | HAR+Macro+Option,Individual models,105,-0.654493,-0.073216
2019-12-31,nn__HAR_OM__log__rolling,Neural Network | HAR+Macro+Option,Individual models,106,-0.652224,-0.073314
2020-01-31,nn__HAR_OM__log__rolling,Neural Network | HAR+Macro+Option,Individual models,107,-0.654612,-0.088472
2020-02-29,nn__HAR_OM__log__rolling,Neural Network | HAR+Macro+Option,Individual models,108,-0.64421,-0.178496
2020-03-31,nn__HAR_OM__log__rolling,Neural Network | HAR+Macro+Option,Individual models,109,0.039376,0.403634
2020-04-30,nn__HAR_OM__log__rolling,Neural Network | HAR+Macro+Option,Individual models,110,0.829811,0.916026
2020-05-31,nn__HAR_OM__log__rolling,Neural Network | HAR+Macro+Option,Individual models,111,0.826635,0.912881
2020-06-30,nn__HAR_OM__log__rolling,Neural Network | HAR+Macro+Option,Individual models,112,0.824994,0.911033
2020-07-31,nn__HAR_OM__log__rolling,Neural Network | HAR+Macro+Option,Individual models,113,0.811299,0.896578
2020-08-31,nn__HAR_OM__log__rolling,Neural Network | HAR+Macro+Option,Individual models,114,0.811423,0.896626
2020-09-30,nn__HAR_OM__log__rolling,Neural Network | HAR+Macro+Option,Individual models,115,0.811916,0.897203
2020-10-31,nn__HAR_OM__log__rolling,Neural Network | HAR+Macro+Option,Individual models,116,0.791358,0.875881
2020-11-30,nn__HAR_OM__log__rolling,Neural Network | HAR+Macro+Option,Individual models,117,0.788829,0.873221
2020-12-31,nn__HAR_OM__log__rolling,Neural Network | HAR+Macro+Option,Individual models,118,0.788845,0.873537
2021-01-31,nn__HAR_OM__log__rolling,Neural Network | HAR+Macro+Option,Individual models,119,0.786652,0.871496
2021-02-28,nn__HAR_OM__log__rolling,Neural Network | HAR+Macro+Option,Individual models,120,0.761806,0.848331
2021-03-31,nn__HAR_OM__log__rolling,Neural Network | HAR+Macro+Option,Individual models,121,0.758678,0.845215
2021-04-30,nn__HAR_OM__log__rolling,Neural Network | HAR+Macro+Option,Individual models,122,0.758425,0.846821
2021-05-31,nn__HAR_OM__log__rolling,Neural Network | HAR+Macro+Option,Individual models,123,0.758418,0.846918
2021-06-30,nn__HAR_OM__log__rolling,Neural Network | HAR+Macro+Option,Individual models,124,0.75814,0.846599
2021-07-31,nn__HAR_OM__log__rolling,Neural Network | HAR+Macro+Option,Individual models,125,0.757034,0.845794
2021-08-31,nn__HAR_OM__log__rolling,Neural Network | HAR+Macro+Option,Individual models,126,0.756879,0.845567
2021-09-30,nn__HAR_OM__log__rolling,Neural Network | HAR+Macro+Option,Individual models,127,0.756872,0.845697
2021-10-31,nn__HAR_OM__log__rolling,Neural Network | HAR+Macro+Option,Individual models,128,0.7541,0.847261
2021-11-30,nn__HAR_OM__log__rolling,Neural Network | HAR+Macro+Option,Individual models,129,0.753887,0.847617
2021-12-31,nn__HAR_OM__log__rolling,Neural Network | HAR+Macro+Option,Individual models,130,0.752932,0.852329
2022-01-31,nn__HAR_OM__log__rolling,Neural Network | HAR+Macro+Option,Individual models,131,0.753325,0.852445
2022-02-28,nn__HAR_OM__log__rolling,Neural Network | HAR+Macro+Option,Individual models,132,0.75337,0.852311
2022-03-31,nn__HAR_OM__log__rolling,Neural Network | HAR+Macro+Option,Individual models,133,0.75195,0.852393
2022-04-30,nn__HAR_OM__log__rolling,Neural Network | HAR+Macro+Option,Individual models,134,0.750061,0.850581
2022-05-31,nn__HAR_OM__log__rolling,Neural Network | HAR+Macro+Option,Individual models,135,0.7521,0.852601
2022-06-30,nn__HAR_OM__log__rolling,Neural Network | HAR+Macro+Option,Individual models,136,0.751207,0.851627
2022-07-31,nn__HAR_OM__log__rolling,Neural Network | HAR+Macro+Option,Individual models,137,0.751175,0.85163
2022-08-31,nn__HAR_OM__log__rolling,Neural Network | HAR+Macro+Option,Individual models,138,0.74992,0.851815
2022-09-30,nn__HAR_OM__log__rolling,Neural Network | HAR+Macro+Option,Individual models,139,0.750089,0.855532
2022-10-31,nn__HAR_OM__log__rolling,Neural Network | HAR+Macro+Option,Individual models,140,0.749776,0.855261
2022-11-30,nn__HAR_OM__log__rolling,Neural Network | HAR+Macro+Option,Individual models,141,0.749758,0.855298
2022-12-31,nn__HAR_OM__log__rolling,Neural Network | HAR+Macro+Option,Individual models,142,0.748608,0.8541
2023-01-31,nn__HAR_OM__log__rolling,Neural Network | HAR+Macro+Option,Individual models,143,0.74761,0.853202
2023-02-28,nn__HAR_OM__log__rolling,Neural Network | HAR+Macro+Option,Individual models,144,0.744764,0.8572
2023-03-31,nn__HAR_OM__log__rolling,Neural Network | HAR+Macro+Option,Individual models,145,0.744414,0.885516
2023-04-30,nn__HAR_OM__log__rolling,Neural Network | HAR+Macro+Option,Individual models,146,0.744788,-1.933382
2023-05-31,nn__HAR_OM__log__rolling,Neural Network | HAR+Macro+Option,Individual models,147,0.744207,-1.871608
2023-06-30,nn__HAR_OM__log__rolling,Neural Network | HAR+Macro+Option,Individual models,148,0.743915,-1.904147
2023-07-31,nn__HAR_OM__log__rolling,Neural Network | HAR+Macro+Option,Individual models,149,0.74384,-1.432087
2023-08-31,nn__HAR_OM__log__rolling,Neural Network | HAR+Macro+Option,Individual models,150,0.743817,-1.485744
2023-09-30,nn__HAR_OM__log__rolling,Neural Network | HAR+Macro+Option,Individual models,151,0.74382,-1.797599
2023-10-31,nn__HAR_OM__log__rolling,Neural Network | HAR+Macro+Option,Individual models,152,0.743133,-1.034924
2023-11-30,nn__HAR_OM__log__rolling,Neural Network | HAR+Macro+Option,Individual models,153,0.741776,-0.960593
2023-12-31,nn__HAR_OM__log__rolling,Neural Network | HAR+Macro+Option,Individual models,154,0.74127,-1.025501
2024-01-31,nn__HAR_OM__log__rolling,Neural Network | HAR+Macro+Option,Individual models,155,0.741232,-0.95401
2011-03-31,combo_equal_weight_har_o_across_ml_har_augmented_log_rolling,Equal Weight | HAR+Option,Equal-weight combinations,1,-16.519915,
2011-04-30,combo_equal_weight_har_o_across_ml_har_augmented_log_rolling,Equal Weight | HAR+Option,Equal-weight combinations,2,0.277255,
2011-05-31,combo_equal_weight_har_o_across_ml_har_augmented_log_rolling,Equal Weight | HAR+Option,Equal-weight combinations,3,0.263262,
2011-06-30,combo_equal_weight_har_o_across_ml_har_augmented_log_rolling,Equal Weight | HAR+Option,Equal-weight combinations,4,0.111835,
2011-07-31,combo_equal_weight_har_o_across_ml_har_augmented_log_rolling,Equal Weight | HAR+Option,Equal-weight combinations,5,0.106962,
2011-08-31,combo_equal_weight_har_o_across_ml_har_augmented_log_rolling,Equal Weight | HAR+Option,Equal-weight combinations,6,0.259146,
2011-09-30,combo_equal_weight_har_o_across_ml_har_augmented_log_rolling,Equal Weight | HAR+Option,Equal-weight combinations,7,0.296373,
2011-10-31,combo_equal_weight_har_o_across_ml_har_augmented_log_rolling,Equal Weight | HAR+Option,Equal-weight combinations,8,0.219593,
2011-11-30,combo_equal_weight_har_o_across_ml_har_augmented_log_rolling,Equal Weight | HAR+Option,Equal-weight combinations,9,0.241292,
2011-12-31,combo_equal_weight_har_o_across_ml_har_augmented_log_rolling,Equal Weight | HAR+Option,Equal-weight combinations,10,0.24149,
2012-01-31,combo_equal_weight_har_o_across_ml_har_augmented_log_rolling,Equal Weight | HAR+Option,Equal-weight combinations,11,0.173513,
2012-02-29,combo_equal_weight_har_o_across_ml_har_augmented_log_rolling,Equal Weight | HAR+Option,Equal-weight combinations,12,0.166276,
2012-03-31,combo_equal_weight_har_o_across_ml_har_augmented_log_rolling,Equal Weight | HAR+Option,Equal-weight combinations,13,0.165858,
2012-04-30,combo_equal_weight_har_o_across_ml_har_augmented_log_rolling,Equal Weight | HAR+Option,Equal-weight combinations,14,0.168671,
2012-05-31,combo_equal_weight_har_o_across_ml_har_augmented_log_rolling,Equal Weight | HAR+Option,Equal-weight combinations,15,0.15881,
2012-06-30,combo_equal_weight_har_o_across_ml_har_augmented_log_rolling,Equal Weight | HAR+Option,Equal-weight combinations,16,0.15833,
2012-07-31,combo_equal_weight_har_o_across_ml_har_augmented_log_rolling,Equal Weight | HAR+Option,Equal-weight combinations,17,0.164798,
2012-08-31,combo_equal_weight_har_o_across_ml_har_augmented_log_rolling,Equal Weight | HAR+Option,Equal-weight combinations,18,0.135228,
2012-09-30,combo_equal_weight_har_o_across_ml_har_augmented_log_rolling,Equal Weight | HAR+Option,Equal-weight combinations,19,0.133481,
2012-10-31,combo_equal_weight_har_o_across_ml_har_augmented_log_rolling,Equal Weight | HAR+Option,Equal-weight combinations,20,0.133876,
2012-11-30,combo_equal_weight_har_o_across_ml_har_augmented_log_rolling,Equal Weight | HAR+Option,Equal-weight combinations,21,0.134033,
2012-12-31,combo_equal_weight_har_o_across_ml_har_augmented_log_rolling,Equal Weight | HAR+Option,Equal-weight combinations,22,0.134943,
2013-01-31,combo_equal_weight_har_o_across_ml_har_augmented_log_rolling,Equal Weight | HAR+Option,Equal-weight combinations,23,0.116341,
2013-02-28,combo_equal_weight_har_o_across_ml_har_augmented_log_rolling,Equal Weight | HAR+Option,Equal-weight combinations,24,0.118582,
2013-03-31,combo_equal_weight_har_o_across_ml_har_augmented_log_rolling,Equal Weight | HAR+Option,Equal-weight combinations,25,0.120097,
2013-04-30,combo_equal_weight_har_o_across_ml_har_augmented_log_rolling,Equal Weight | HAR+Option,Equal-weight combinations,26,0.118868,
2013-05-31,combo_equal_weight_har_o_across_ml_har_augmented_log_rolling,Equal Weight | HAR+Option,Equal-weight combinations,27,0.120309,
2013-06-30,combo_equal_weight_har_o_across_ml_har_augmented_log_rolling,Equal Weight | HAR+Option,Equal-weight combinations,28,0.120057,
2013-07-31,combo_equal_weight_har_o_across_ml_har_augmented_log_rolling,Equal Weight | HAR+Option,Equal-weight combinations,29,-0.000307,
2013-08-31,combo_equal_weight_har_o_across_ml_har_augmented_log_rolling,Equal Weight | HAR+Option,Equal-weight combinations,30,0.00479,
2013-09-30,combo_equal_weight_har_o_across_ml_har_augmented_log_rolling,Equal Weight | HAR+Option,Equal-weight combinations,31,0.000577,
2013-10-31,combo_equal_weight_har_o_across_ml_har_augmented_log_rolling,Equal Weight | HAR+Option,Equal-weight combinations,32,-0.005986,
2013-11-30,combo_equal_weight_har_o_across_ml_har_augmented_log_rolling,Equal Weight | HAR+Option,Equal-weight combinations,33,-0.000187,
2013-12-31,combo_equal_weight_har_o_across_ml_har_augmented_log_rolling,Equal Weight | HAR+Option,Equal-weight combinations,34,-0.002573,
2014-01-31,combo_equal_weight_har_o_across_ml_har_augmented_log_rolling,Equal Weight | HAR+Option,Equal-weight combinations,35,-0.002822,
2014-02-28,combo_equal_weight_har_o_across_ml_har_augmented_log_rolling,Equal Weight | HAR+Option,Equal-weight combinations,36,-0.026794,-0.026794
2014-03-31,combo_equal_weight_har_o_across_ml_har_augmented_log_rolling,Equal Weight | HAR+Option,Equal-weight combinations,37,-0.026273,-0.007984
2014-04-30,combo_equal_weight_har_o_across_ml_har_augmented_log_rolling,Equal Weight | HAR+Option,Equal-weight combinations,38,-0.026406,-0.037785
2014-05-31,combo_equal_weight_har_o_across_ml_har_augmented_log_rolling,Equal Weight | HAR+Option,Equal-weight combinations,39,-0.019818,-0.030676
2014-06-30,combo_equal_weight_har_o_across_ml_har_augmented_log_rolling,Equal Weight | HAR+Option,Equal-weight combinations,40,-0.011112,-0.015726
2014-07-31,combo_equal_weight_har_o_across_ml_har_augmented_log_rolling,Equal Weight | HAR+Option,Equal-weight combinations,41,-0.006792,-0.011098
2014-08-31,combo_equal_weight_har_o_across_ml_har_augmented_log_rolling,Equal Weight | HAR+Option,Equal-weight combinations,42,-0.008659,-0.45106
2014-09-30,combo_equal_weight_har_o_across_ml_har_augmented_log_rolling,Equal Weight | HAR+Option,Equal-weight combinations,43,-0.005203,-0.598209
2014-10-31,combo_equal_weight_har_o_across_ml_har_augmented_log_rolling,Equal Weight | HAR+Option,Equal-weight combinations,44,0.006218,-0.448848
2014-11-30,combo_equal_weight_har_o_across_ml_har_augmented_log_rolling,Equal Weight | HAR+Option,Equal-weight combinations,45,0.009484,-0.470501
2014-12-31,combo_equal_weight_har_o_across_ml_har_augmented_log_rolling,Equal Weight | HAR+Option,Equal-weight combinations,46,0.006297,-0.486738
2015-01-31,combo_equal_weight_har_o_across_ml_har_augmented_log_rolling,Equal Weight | HAR+Option,Equal-weight combinations,47,0.020175,-0.309058
2015-02-28,combo_equal_weight_har_o_across_ml_har_augmented_log_rolling,Equal Weight | HAR+Option,Equal-weight combinations,48,0.01263,-0.334629
2015-03-31,combo_equal_weight_har_o_across_ml_har_augmented_log_rolling,Equal Weight | HAR+Option,Equal-weight combinations,49,0.016033,-0.343039
2015-04-30,combo_equal_weight_har_o_across_ml_har_augmented_log_rolling,Equal Weight | HAR+Option,Equal-weight combinations,50,0.001083,-0.402704
2015-05-31,combo_equal_weight_har_o_across_ml_har_augmented_log_rolling,Equal Weight | HAR+Option,Equal-weight combinations,51,-0.000902,-0.382061
2015-06-30,combo_equal_weight_har_o_across_ml_har_augmented_log_rolling,Equal Weight | HAR+Option,Equal-weight combinations,52,0.000796,-0.373008
2015-07-31,combo_equal_weight_har_o_across_ml_har_augmented_log_rolling,Equal Weight | HAR+Option,Equal-weight combinations,53,-0.001776,-0.405175
2015-08-31,combo_equal_weight_har_o_across_ml_har_augmented_log_rolling,Equal Weight | HAR+Option,Equal-weight combinations,54,-0.033492,-0.351963
2015-09-30,combo_equal_weight_har_o_across_ml_har_augmented_log_rolling,Equal Weight | HAR+Option,Equal-weight combinations,55,-0.035357,-0.361418
2015-10-31,combo_equal_weight_har_o_across_ml_har_augmented_log_rolling,Equal Weight | HAR+Option,Equal-weight combinations,56,-0.035945,-0.360682
2015-11-30,combo_equal_weight_har_o_across_ml_har_augmented_log_rolling,Equal Weight | HAR+Option,Equal-weight combinations,57,-0.031012,-0.342846
2015-12-31,combo_equal_weight_har_o_across_ml_har_augmented_log_rolling,Equal Weight | HAR+Option,Equal-weight combinations,58,-0.037275,-0.359834
2016-01-31,combo_equal_weight_har_o_across_ml_har_augmented_log_rolling,Equal Weight | HAR+Option,Equal-weight combinations,59,-0.050032,-0.324459
2016-02-29,combo_equal_weight_har_o_across_ml_har_augmented_log_rolling,Equal Weight | HAR+Option,Equal-weight combinations,60,-0.06596,-0.371116
2016-03-31,combo_equal_weight_har_o_across_ml_har_augmented_log_rolling,Equal Weight | HAR+Option,Equal-weight combinations,61,-0.061216,-0.35081
2016-04-30,combo_equal_weight_har_o_across_ml_har_augmented_log_rolling,Equal Weight | HAR+Option,Equal-weight combinations,62,-0.065137,-0.353058
2016-05-31,combo_equal_weight_har_o_across_ml_har_augmented_log_rolling,Equal Weight | HAR+Option,Equal-weight combinations,63,-0.064755,-0.354236
2016-06-30,combo_equal_weight_har_o_across_ml_har_augmented_log_rolling,Equal Weight | HAR+Option,Equal-weight combinations,64,-0.064848,-0.366064
2016-07-31,combo_equal_weight_har_o_across_ml_har_augmented_log_rolling,Equal Weight | HAR+Option,Equal-weight combinations,65,-0.057385,-0.152683
2016-08-31,combo_equal_weight_har_o_across_ml_har_augmented_log_rolling,Equal Weight | HAR+Option,Equal-weight combinations,66,-0.050525,-0.140708
2016-09-30,combo_equal_weight_har_o_across_ml_har_augmented_log_rolling,Equal Weight | HAR+Option,Equal-weight combinations,67,-0.052638,-0.140745
2016-10-31,combo_equal_weight_har_o_across_ml_har_augmented_log_rolling,Equal Weight | HAR+Option,Equal-weight combinations,68,-0.061459,-0.152135
2016-11-30,combo_equal_weight_har_o_across_ml_har_augmented_log_rolling,Equal Weight | HAR+Option,Equal-weight combinations,69,-0.06555,-0.176071
2016-12-31,combo_equal_weight_har_o_across_ml_har_augmented_log_rolling,Equal Weight | HAR+Option,Equal-weight combinations,70,-0.056972,-0.147077
2017-01-31,combo_equal_weight_har_o_across_ml_har_augmented_log_rolling,Equal Weight | HAR+Option,Equal-weight combinations,71,-0.053763,-0.13613
2017-02-28,combo_equal_weight_har_o_across_ml_har_augmented_log_rolling,Equal Weight | HAR+Option,Equal-weight combinations,72,-0.043621,-0.069807
2017-03-31,combo_equal_weight_har_o_across_ml_har_augmented_log_rolling,Equal Weight | HAR+Option,Equal-weight combinations,73,-0.041203,-0.064224
2017-04-30,combo_equal_weight_har_o_across_ml_har_augmented_log_rolling,Equal Weight | HAR+Option,Equal-weight combinations,74,-0.037404,-0.05419
2017-05-31,combo_equal_weight_har_o_across_ml_har_augmented_log_rolling,Equal Weight | HAR+Option,Equal-weight combinations,75,-0.028445,-0.041563
2017-06-30,combo_equal_weight_har_o_across_ml_har_augmented_log_rolling,Equal Weight | HAR+Option,Equal-weight combinations,76,-0.022817,-0.041386
2017-07-31,combo_equal_weight_har_o_across_ml_har_augmented_log_rolling,Equal Weight | HAR+Option,Equal-weight combinations,77,-0.015209,-0.028338
2017-08-31,combo_equal_weight_har_o_across_ml_har_augmented_log_rolling,Equal Weight | HAR+Option,Equal-weight combinations,78,-0.010832,-0.014203
2017-09-30,combo_equal_weight_har_o_across_ml_har_augmented_log_rolling,Equal Weight | HAR+Option,Equal-weight combinations,79,-0.005268,-0.005366
2017-10-31,combo_equal_weight_har_o_across_ml_har_augmented_log_rolling,Equal Weight | HAR+Option,Equal-weight combinations,80,0.00327,-0.001553
2017-11-30,combo_equal_weight_har_o_across_ml_har_augmented_log_rolling,Equal Weight | HAR+Option,Equal-weight combinations,81,0.009247,0.008819
2017-12-31,combo_equal_weight_har_o_across_ml_har_augmented_log_rolling,Equal Weight | HAR+Option,Equal-weight combinations,82,0.011339,0.020452
2018-01-31,combo_equal_weight_har_o_across_ml_har_augmented_log_rolling,Equal Weight | HAR+Option,Equal-weight combinations,83,0.012176,-0.003066
2018-02-28,combo_equal_weight_har_o_across_ml_har_augmented_log_rolling,Equal Weight | HAR+Option,Equal-weight combinations,84,0.013928,0.016216
2018-03-31,combo_equal_weight_har_o_across_ml_har_augmented_log_rolling,Equal Weight | HAR+Option,Equal-weight combinations,85,0.019198,0.024661
2018-04-30,combo_equal_weight_har_o_across_ml_har_augmented_log_rolling,Equal Weight | HAR+Option,Equal-weight combinations,86,0.014059,0.035962
2018-05-31,combo_equal_weight_har_o_across_ml_har_augmented_log_rolling,Equal Weight | HAR+Option,Equal-weight combinations,87,0.01603,0.044947
2018-06-30,combo_equal_weight_har_o_across_ml_har_augmented_log_rolling,Equal Weight | HAR+Option,Equal-weight combinations,88,0.016855,0.0443
2018-07-31,combo_equal_weight_har_o_across_ml_har_augmented_log_rolling,Equal Weight | HAR+Option,Equal-weight combinations,89,0.015335,0.044496
2018-08-31,combo_equal_weight_har_o_across_ml_har_augmented_log_rolling,Equal Weight | HAR+Option,Equal-weight combinations,90,0.020536,0.143237
2018-09-30,combo_equal_weight_har_o_across_ml_har_augmented_log_rolling,Equal Weight | HAR+Option,Equal-weight combinations,91,0.022011,0.153107
2018-10-31,combo_equal_weight_har_o_across_ml_har_augmented_log_rolling,Equal Weight | HAR+Option,Equal-weight combinations,92,-0.001656,0.061781
2018-11-30,combo_equal_weight_har_o_across_ml_har_augmented_log_rolling,Equal Weight | HAR+Option,Equal-weight combinations,93,-0.011312,0.025096
2018-12-31,combo_equal_weight_har_o_across_ml_har_augmented_log_rolling,Equal Weight | HAR+Option,Equal-weight combinations,94,-0.031732,-0.024033
2019-01-31,combo_equal_weight_har_o_across_ml_har_augmented_log_rolling,Equal Weight | HAR+Option,Equal-weight combinations,95,-0.025498,0.013593
2019-02-28,combo_equal_weight_har_o_across_ml_har_augmented_log_rolling,Equal Weight | HAR+Option,Equal-weight combinations,96,-0.017659,0.058185
2019-03-31,combo_equal_weight_har_o_across_ml_har_augmented_log_rolling,Equal Weight | HAR+Option,Equal-weight combinations,97,-0.017435,0.05493
2019-04-30,combo_equal_weight_har_o_across_ml_har_augmented_log_rolling,Equal Weight | HAR+Option,Equal-weight combinations,98,-0.016262,0.064011
2019-05-31,combo_equal_weight_har_o_across_ml_har_augmented_log_rolling,Equal Weight | HAR+Option,Equal-weight combinations,99,-0.021664,0.047801
2019-06-30,combo_equal_weight_har_o_across_ml_har_augmented_log_rolling,Equal Weight | HAR+Option,Equal-weight combinations,100,-0.045361,-0.014116
2019-07-31,combo_equal_weight_har_o_across_ml_har_augmented_log_rolling,Equal Weight | HAR+Option,Equal-weight combinations,101,-0.043892,-0.021541
2019-08-31,combo_equal_weight_har_o_across_ml_har_augmented_log_rolling,Equal Weight | HAR+Option,Equal-weight combinations,102,-0.042891,-0.030493
2019-09-30,combo_equal_weight_har_o_across_ml_har_augmented_log_rolling,Equal Weight | HAR+Option,Equal-weight combinations,103,-0.037389,-0.013022
2019-10-31,combo_equal_weight_har_o_across_ml_har_augmented_log_rolling,Equal Weight | HAR+Option,Equal-weight combinations,104,-0.102627,-0.169498
2019-11-30,combo_equal_weight_har_o_across_ml_har_augmented_log_rolling,Equal Weight | HAR+Option,Equal-weight combinations,105,-0.092193,-0.134394
2019-12-31,combo_equal_weight_har_o_across_ml_har_augmented_log_rolling,Equal Weight | HAR+Option,Equal-weight combinations,106,-0.096666,-0.1618
2020-01-31,combo_equal_weight_har_o_across_ml_har_augmented_log_rolling,Equal Weight | HAR+Option,Equal-weight combinations,107,-0.096669,-0.168845
2020-02-29,combo_equal_weight_har_o_across_ml_har_augmented_log_rolling,Equal Weight | HAR+Option,Equal-weight combinations,108,-0.046051,-0.049633
2020-03-31,combo_equal_weight_har_o_across_ml_har_augmented_log_rolling,Equal Weight | HAR+Option,Equal-weight combinations,109,0.290065,0.411696
2020-04-30,combo_equal_weight_har_o_across_ml_har_augmented_log_rolling,Equal Weight | HAR+Option,Equal-weight combinations,110,0.863523,0.907276
2020-05-31,combo_equal_weight_har_o_across_ml_har_augmented_log_rolling,Equal Weight | HAR+Option,Equal-weight combinations,111,0.863475,0.907456
2020-06-30,combo_equal_weight_har_o_across_ml_har_augmented_log_rolling,Equal Weight | HAR+Option,Equal-weight combinations,112,0.863209,0.907115
2020-07-31,combo_equal_weight_har_o_across_ml_har_augmented_log_rolling,Equal Weight | HAR+Option,Equal-weight combinations,113,0.862265,0.906369
2020-08-31,combo_equal_weight_har_o_across_ml_har_augmented_log_rolling,Equal Weight | HAR+Option,Equal-weight combinations,114,0.858346,0.902218
2020-09-30,combo_equal_weight_har_o_across_ml_har_augmented_log_rolling,Equal Weight | HAR+Option,Equal-weight combinations,115,0.857209,0.901207
2020-10-31,combo_equal_weight_har_o_across_ml_har_augmented_log_rolling,Equal Weight | HAR+Option,Equal-weight combinations,116,0.85716,0.901433
2020-11-30,combo_equal_weight_har_o_across_ml_har_augmented_log_rolling,Equal Weight | HAR+Option,Equal-weight combinations,117,0.854637,0.898748
2020-12-31,combo_equal_weight_har_o_across_ml_har_augmented_log_rolling,Equal Weight | HAR+Option,Equal-weight combinations,118,0.854625,0.898683
2021-01-31,combo_equal_weight_har_o_across_ml_har_augmented_log_rolling,Equal Weight | HAR+Option,Equal-weight combinations,119,0.854626,0.898703
2021-02-28,combo_equal_weight_har_o_across_ml_har_augmented_log_rolling,Equal Weight | HAR+Option,Equal-weight combinations,120,0.853383,0.898975
2021-03-31,combo_equal_weight_har_o_across_ml_har_augmented_log_rolling,Equal Weight | HAR+Option,Equal-weight combinations,121,0.853394,0.899236
2021-04-30,combo_equal_weight_har_o_across_ml_har_augmented_log_rolling,Equal Weight | HAR+Option,Equal-weight combinations,122,0.852004,0.898525
2021-05-31,combo_equal_weight_har_o_across_ml_har_augmented_log_rolling,Equal Weight | HAR+Option,Equal-weight combinations,123,0.851797,0.898298
2021-06-30,combo_equal_weight_har_o_across_ml_har_augmented_log_rolling,Equal Weight | HAR+Option,Equal-weight combinations,124,0.850963,0.897414
2021-07-31,combo_equal_weight_har_o_across_ml_har_augmented_log_rolling,Equal Weight | HAR+Option,Equal-weight combinations,125,0.850886,0.897574
2021-08-31,combo_equal_weight_har_o_across_ml_har_augmented_log_rolling,Equal Weight | HAR+Option,Equal-weight combinations,126,0.850045,0.896642
2021-09-30,combo_equal_weight_har_o_across_ml_har_augmented_log_rolling,Equal Weight | HAR+Option,Equal-weight combinations,127,0.849853,0.896455
2021-10-31,combo_equal_weight_har_o_across_ml_har_augmented_log_rolling,Equal Weight | HAR+Option,Equal-weight combinations,128,0.84982,0.901612
2021-11-30,combo_equal_weight_har_o_across_ml_har_augmented_log_rolling,Equal Weight | HAR+Option,Equal-weight combinations,129,0.849671,0.90235
2021-12-31,combo_equal_weight_har_o_across_ml_har_augmented_log_rolling,Equal Weight | HAR+Option,Equal-weight combinations,130,0.849736,0.910637
2022-01-31,combo_equal_weight_har_o_across_ml_har_augmented_log_rolling,Equal Weight | HAR+Option,Equal-weight combinations,131,0.843665,0.904683
2022-02-28,combo_equal_weight_har_o_across_ml_har_augmented_log_rolling,Equal Weight | HAR+Option,Equal-weight combinations,132,0.842165,0.903066
2022-03-31,combo_equal_weight_har_o_across_ml_har_augmented_log_rolling,Equal Weight | HAR+Option,Equal-weight combinations,133,0.837493,0.898027
2022-04-30,combo_equal_weight_har_o_across_ml_har_augmented_log_rolling,Equal Weight | HAR+Option,Equal-weight combinations,134,0.836639,0.897692
2022-05-31,combo_equal_weight_har_o_across_ml_har_augmented_log_rolling,Equal Weight | HAR+Option,Equal-weight combinations,135,0.832829,0.89414
2022-06-30,combo_equal_weight_har_o_across_ml_har_augmented_log_rolling,Equal Weight | HAR+Option,Equal-weight combinations,136,0.830886,0.893933
2022-07-31,combo_equal_weight_har_o_across_ml_har_augmented_log_rolling,Equal Weight | HAR+Option,Equal-weight combinations,137,0.830861,0.894094
2022-08-31,combo_equal_weight_har_o_across_ml_har_augmented_log_rolling,Equal Weight | HAR+Option,Equal-weight combinations,138,0.830808,0.895495
2022-09-30,combo_equal_weight_har_o_across_ml_har_augmented_log_rolling,Equal Weight | HAR+Option,Equal-weight combinations,139,0.829811,0.894284
2022-10-31,combo_equal_weight_har_o_across_ml_har_augmented_log_rolling,Equal Weight | HAR+Option,Equal-weight combinations,140,0.829733,0.899002
2022-11-30,combo_equal_weight_har_o_across_ml_har_augmented_log_rolling,Equal Weight | HAR+Option,Equal-weight combinations,141,0.829654,0.898938
2022-12-31,combo_equal_weight_har_o_across_ml_har_augmented_log_rolling,Equal Weight | HAR+Option,Equal-weight combinations,142,0.829149,0.898869
2023-01-31,combo_equal_weight_har_o_across_ml_har_augmented_log_rolling,Equal Weight | HAR+Option,Equal-weight combinations,143,0.829109,0.898823
2023-02-28,combo_equal_weight_har_o_across_ml_har_augmented_log_rolling,Equal Weight | HAR+Option,Equal-weight combinations,144,0.829113,0.899956
2023-03-31,combo_equal_weight_har_o_across_ml_har_augmented_log_rolling,Equal Weight | HAR+Option,Equal-weight combinations,145,0.828064,0.935736
2023-04-30,combo_equal_weight_har_o_across_ml_har_augmented_log_rolling,Equal Weight | HAR+Option,Equal-weight combinations,146,0.828062,-0.288949
2023-05-31,combo_equal_weight_har_o_across_ml_har_augmented_log_rolling,Equal Weight | HAR+Option,Equal-weight combinations,147,0.827881,-0.301664
2023-06-30,combo_equal_weight_har_o_across_ml_har_augmented_log_rolling,Equal Weight | HAR+Option,Equal-weight combinations,148,0.827885,-0.325807
2023-07-31,combo_equal_weight_har_o_across_ml_har_augmented_log_rolling,Equal Weight | HAR+Option,Equal-weight combinations,149,0.827962,-0.278508
2023-08-31,combo_equal_weight_har_o_across_ml_har_augmented_log_rolling,Equal Weight | HAR+Option,Equal-weight combinations,150,0.827881,-0.176823
2023-09-30,combo_equal_weight_har_o_across_ml_har_augmented_log_rolling,Equal Weight | HAR+Option,Equal-weight combinations,151,0.827688,-0.274064
2023-10-31,combo_equal_weight_har_o_across_ml_har_augmented_log_rolling,Equal Weight | HAR+Option,Equal-weight combinations,152,0.82731,-0.273273
2023-11-30,combo_equal_weight_har_o_across_ml_har_augmented_log_rolling,Equal Weight | HAR+Option,Equal-weight combinations,153,0.827034,-0.171625
2023-12-31,combo_equal_weight_har_o_across_ml_har_augmented_log_rolling,Equal Weight | HAR+Option,Equal-weight combinations,154,0.827008,-0.198587
2024-01-31,combo_equal_weight_har_o_across_ml_har_augmented_log_rolling,Equal Weight | HAR+Option,Equal-weight combinations,155,0.827012,-0.203642
2011-03-31,combo_equal_weight_rf_across_har_augmented_datasets_log_rolling,Random Forest EW | Multiple,Equal-weight combinations,1,-9.714929,
2011-04-30,combo_equal_weight_rf_across_har_augmented_datasets_log_rolling,Random Forest EW | Multiple,Equal-weight combinations,2,0.316656,
2011-05-31,combo_equal_weight_rf_across_har_augmented_datasets_log_rolling,Random Forest EW | Multiple,Equal-weight combinations,3,0.306798,
2011-06-30,combo_equal_weight_rf_across_har_augmented_datasets_log_rolling,Random Forest EW | Multiple,Equal-weight combinations,4,0.208067,
2011-07-31,combo_equal_weight_rf_across_har_augmented_datasets_log_rolling,Random Forest EW | Multiple,Equal-weight combinations,5,0.185242,
2011-08-31,combo_equal_weight_rf_across_har_augmented_datasets_log_rolling,Random Forest EW | Multiple,Equal-weight combinations,6,0.2007,
2011-09-30,combo_equal_weight_rf_across_har_augmented_datasets_log_rolling,Random Forest EW | Multiple,Equal-weight combinations,7,0.232591,
2011-10-31,combo_equal_weight_rf_across_har_augmented_datasets_log_rolling,Random Forest EW | Multiple,Equal-weight combinations,8,0.232159,
2011-11-30,combo_equal_weight_rf_across_har_augmented_datasets_log_rolling,Random Forest EW | Multiple,Equal-weight combinations,9,0.257501,
2011-12-31,combo_equal_weight_rf_across_har_augmented_datasets_log_rolling,Random Forest EW | Multiple,Equal-weight combinations,10,0.242904,
2012-01-31,combo_equal_weight_rf_across_har_augmented_datasets_log_rolling,Random Forest EW | Multiple,Equal-weight combinations,11,0.200598,
2012-02-29,combo_equal_weight_rf_across_har_augmented_datasets_log_rolling,Random Forest EW | Multiple,Equal-weight combinations,12,0.176525,
2012-03-31,combo_equal_weight_rf_across_har_augmented_datasets_log_rolling,Random Forest EW | Multiple,Equal-weight combinations,13,0.183379,
2012-04-30,combo_equal_weight_rf_across_har_augmented_datasets_log_rolling,Random Forest EW | Multiple,Equal-weight combinations,14,0.184753,
2012-05-31,combo_equal_weight_rf_across_har_augmented_datasets_log_rolling,Random Forest EW | Multiple,Equal-weight combinations,15,0.179888,
2012-06-30,combo_equal_weight_rf_across_har_augmented_datasets_log_rolling,Random Forest EW | Multiple,Equal-weight combinations,16,0.177792,
2012-07-31,combo_equal_weight_rf_across_har_augmented_datasets_log_rolling,Random Forest EW | Multiple,Equal-weight combinations,17,0.18305,
2012-08-31,combo_equal_weight_rf_across_har_augmented_datasets_log_rolling,Random Forest EW | Multiple,Equal-weight combinations,18,0.173721,
2012-09-30,combo_equal_weight_rf_across_har_augmented_datasets_log_rolling,Random Forest EW | Multiple,Equal-weight combinations,19,0.178521,
2012-10-31,combo_equal_weight_rf_across_har_augmented_datasets_log_rolling,Random Forest EW | Multiple,Equal-weight combinations,20,0.179037,
2012-11-30,combo_equal_weight_rf_across_har_augmented_datasets_log_rolling,Random Forest EW | Multiple,Equal-weight combinations,21,0.178486,
2012-12-31,combo_equal_weight_rf_across_har_augmented_datasets_log_rolling,Random Forest EW | Multiple,Equal-weight combinations,22,0.179822,
2013-01-31,combo_equal_weight_rf_across_har_augmented_datasets_log_rolling,Random Forest EW | Multiple,Equal-weight combinations,23,0.185564,
2013-02-28,combo_equal_weight_rf_across_har_augmented_datasets_log_rolling,Random Forest EW | Multiple,Equal-weight combinations,24,0.187723,
2013-03-31,combo_equal_weight_rf_across_har_augmented_datasets_log_rolling,Random Forest EW | Multiple,Equal-weight combinations,25,0.189035,
2013-04-30,combo_equal_weight_rf_across_har_augmented_datasets_log_rolling,Random Forest EW | Multiple,Equal-weight combinations,26,0.188651,
2013-05-31,combo_equal_weight_rf_across_har_augmented_datasets_log_rolling,Random Forest EW | Multiple,Equal-weight combinations,27,0.190625,
2013-06-30,combo_equal_weight_rf_across_har_augmented_datasets_log_rolling,Random Forest EW | Multiple,Equal-weight combinations,28,0.179271,
2013-07-31,combo_equal_weight_rf_across_har_augmented_datasets_log_rolling,Random Forest EW | Multiple,Equal-weight combinations,29,0.18056,
2013-08-31,combo_equal_weight_rf_across_har_augmented_datasets_log_rolling,Random Forest EW | Multiple,Equal-weight combinations,30,0.184561,
2013-09-30,combo_equal_weight_rf_across_har_augmented_datasets_log_rolling,Random Forest EW | Multiple,Equal-weight combinations,31,0.186314,
2013-10-31,combo_equal_weight_rf_across_har_augmented_datasets_log_rolling,Random Forest EW | Multiple,Equal-weight combinations,32,0.187074,
2013-11-30,combo_equal_weight_rf_across_har_augmented_datasets_log_rolling,Random Forest EW | Multiple,Equal-weight combinations,33,0.187356,
2013-12-31,combo_equal_weight_rf_across_har_augmented_datasets_log_rolling,Random Forest EW | Multiple,Equal-weight combinations,34,0.18218,
2014-01-31,combo_equal_weight_rf_across_har_augmented_datasets_log_rolling,Random Forest EW | Multiple,Equal-weight combinations,35,0.182277,
2014-02-28,combo_equal_weight_rf_across_har_augmented_datasets_log_rolling,Random Forest EW | Multiple,Equal-weight combinations,36,0.179535,0.179535
2014-03-31,combo_equal_weight_rf_across_har_augmented_datasets_log_rolling,Random Forest EW | Multiple,Equal-weight combinations,37,0.179882,0.190854
2014-04-30,combo_equal_weight_rf_across_har_augmented_datasets_log_rolling,Random Forest EW | Multiple,Equal-weight combinations,38,0.179588,0.174451
2014-05-31,combo_equal_weight_rf_across_har_augmented_datasets_log_rolling,Random Forest EW | Multiple,Equal-weight combinations,39,0.176227,0.171219
2014-06-30,combo_equal_weight_rf_across_har_augmented_datasets_log_rolling,Random Forest EW | Multiple,Equal-weight combinations,40,0.177591,0.176448
2014-07-31,combo_equal_weight_rf_across_har_augmented_datasets_log_rolling,Random Forest EW | Multiple,Equal-weight combinations,41,0.173411,0.172963
2014-08-31,combo_equal_weight_rf_across_har_augmented_datasets_log_rolling,Random Forest EW | Multiple,Equal-weight combinations,42,0.171896,0.124313
2014-09-30,combo_equal_weight_rf_across_har_augmented_datasets_log_rolling,Random Forest EW | Multiple,Equal-weight combinations,43,0.1742,0.059381
2014-10-31,combo_equal_weight_rf_across_har_augmented_datasets_log_rolling,Random Forest EW | Multiple,Equal-weight combinations,44,0.176366,0.057377
2014-11-30,combo_equal_weight_rf_across_har_augmented_datasets_log_rolling,Random Forest EW | Multiple,Equal-weight combinations,45,0.170496,-0.009658
2014-12-31,combo_equal_weight_rf_across_har_augmented_datasets_log_rolling,Random Forest EW | Multiple,Equal-weight combinations,46,0.171869,0.02296
2015-01-31,combo_equal_weight_rf_across_har_augmented_datasets_log_rolling,Random Forest EW | Multiple,Equal-weight combinations,47,0.179916,0.13551
2015-02-28,combo_equal_weight_rf_across_har_augmented_datasets_log_rolling,Random Forest EW | Multiple,Equal-weight combinations,48,0.168891,0.151639
2015-03-31,combo_equal_weight_rf_across_har_augmented_datasets_log_rolling,Random Forest EW | Multiple,Equal-weight combinations,49,0.170868,0.140885
2015-04-30,combo_equal_weight_rf_across_har_augmented_datasets_log_rolling,Random Forest EW | Multiple,Equal-weight combinations,50,0.17076,0.137046
2015-05-31,combo_equal_weight_rf_across_har_augmented_datasets_log_rolling,Random Forest EW | Multiple,Equal-weight combinations,51,0.168792,0.142313
2015-06-30,combo_equal_weight_rf_across_har_augmented_datasets_log_rolling,Random Forest EW | Multiple,Equal-weight combinations,52,0.168988,0.148097
2015-07-31,combo_equal_weight_rf_across_har_augmented_datasets_log_rolling,Random Forest EW | Multiple,Equal-weight combinations,53,0.167791,0.130835
2015-08-31,combo_equal_weight_rf_across_har_augmented_datasets_log_rolling,Random Forest EW | Multiple,Equal-weight combinations,54,0.174282,0.175342
2015-09-30,combo_equal_weight_rf_across_har_augmented_datasets_log_rolling,Random Forest EW | Multiple,Equal-weight combinations,55,0.177595,0.175805
2015-10-31,combo_equal_weight_rf_across_har_augmented_datasets_log_rolling,Random Forest EW | Multiple,Equal-weight combinations,56,0.156392,0.113089
2015-11-30,combo_equal_weight_rf_across_har_augmented_datasets_log_rolling,Random Forest EW | Multiple,Equal-weight combinations,57,0.141673,0.072118
2015-12-31,combo_equal_weight_rf_across_har_augmented_datasets_log_rolling,Random Forest EW | Multiple,Equal-weight combinations,58,0.141413,0.069473
2016-01-31,combo_equal_weight_rf_across_har_augmented_datasets_log_rolling,Random Forest EW | Multiple,Equal-weight combinations,59,0.131808,0.043139
2016-02-29,combo_equal_weight_rf_across_har_augmented_datasets_log_rolling,Random Forest EW | Multiple,Equal-weight combinations,60,0.134311,0.045991
2016-03-31,combo_equal_weight_rf_across_har_augmented_datasets_log_rolling,Random Forest EW | Multiple,Equal-weight combinations,61,0.125013,0.022757
2016-04-30,combo_equal_weight_rf_across_har_augmented_datasets_log_rolling,Random Forest EW | Multiple,Equal-weight combinations,62,0.122,0.017707
2016-05-31,combo_equal_weight_rf_across_har_augmented_datasets_log_rolling,Random Forest EW | Multiple,Equal-weight combinations,63,0.118746,0.006312
2016-06-30,combo_equal_weight_rf_across_har_augmented_datasets_log_rolling,Random Forest EW | Multiple,Equal-weight combinations,64,0.119323,0.021667
2016-07-31,combo_equal_weight_rf_across_har_augmented_datasets_log_rolling,Random Forest EW | Multiple,Equal-weight combinations,65,0.111373,-0.004142
2016-08-31,combo_equal_weight_rf_across_har_augmented_datasets_log_rolling,Random Forest EW | Multiple,Equal-weight combinations,66,0.115508,0.002929
2016-09-30,combo_equal_weight_rf_across_har_augmented_datasets_log_rolling,Random Forest EW | Multiple,Equal-weight combinations,67,0.115389,-0.002039
2016-10-31,combo_equal_weight_rf_across_har_augmented_datasets_log_rolling,Random Forest EW | Multiple,Equal-weight combinations,68,0.116445,0.000995
2016-11-30,combo_equal_weight_rf_across_har_augmented_datasets_log_rolling,Random Forest EW | Multiple,Equal-weight combinations,69,0.115509,-0.005977
2016-12-31,combo_equal_weight_rf_across_har_augmented_datasets_log_rolling,Random Forest EW | Multiple,Equal-weight combinations,70,0.107488,-0.016228
2017-01-31,combo_equal_weight_rf_across_har_augmented_datasets_log_rolling,Random Forest EW | Multiple,Equal-weight combinations,71,0.109631,-0.007831
2017-02-28,combo_equal_weight_rf_across_har_augmented_datasets_log_rolling,Random Forest EW | Multiple,Equal-weight combinations,72,0.115418,0.015639
2017-03-31,combo_equal_weight_rf_across_har_augmented_datasets_log_rolling,Random Forest EW | Multiple,Equal-weight combinations,73,0.114183,0.012881
2017-04-30,combo_equal_weight_rf_across_har_augmented_datasets_log_rolling,Random Forest EW | Multiple,Equal-weight combinations,74,0.11696,0.021367
2017-05-31,combo_equal_weight_rf_across_har_augmented_datasets_log_rolling,Random Forest EW | Multiple,Equal-weight combinations,75,0.121444,0.03814
2017-06-30,combo_equal_weight_rf_across_har_augmented_datasets_log_rolling,Random Forest EW | Multiple,Equal-weight combinations,76,0.116268,0.018984
2017-07-31,combo_equal_weight_rf_across_har_augmented_datasets_log_rolling,Random Forest EW | Multiple,Equal-weight combinations,77,0.123876,0.046618
2017-08-31,combo_equal_weight_rf_across_har_augmented_datasets_log_rolling,Random Forest EW | Multiple,Equal-weight combinations,78,0.127018,0.057363
2017-09-30,combo_equal_weight_rf_across_har_augmented_datasets_log_rolling,Random Forest EW | Multiple,Equal-weight combinations,79,0.132223,0.068714
2017-10-31,combo_equal_weight_rf_across_har_augmented_datasets_log_rolling,Random Forest EW | Multiple,Equal-weight combinations,80,0.13664,0.07166
2017-11-30,combo_equal_weight_rf_across_har_augmented_datasets_log_rolling,Random Forest EW | Multiple,Equal-weight combinations,81,0.141244,0.088316
2017-12-31,combo_equal_weight_rf_across_har_augmented_datasets_log_rolling,Random Forest EW | Multiple,Equal-weight combinations,82,0.143043,0.090943
2018-01-31,combo_equal_weight_rf_across_har_augmented_datasets_log_rolling,Random Forest EW | Multiple,Equal-weight combinations,83,0.144098,0.075848
2018-02-28,combo_equal_weight_rf_across_har_augmented_datasets_log_rolling,Random Forest EW | Multiple,Equal-weight combinations,84,0.131399,0.065311
2018-03-31,combo_equal_weight_rf_across_har_augmented_datasets_log_rolling,Random Forest EW | Multiple,Equal-weight combinations,85,0.131562,0.063725
2018-04-30,combo_equal_weight_rf_across_har_augmented_datasets_log_rolling,Random Forest EW | Multiple,Equal-weight combinations,86,0.128444,0.05702
2018-05-31,combo_equal_weight_rf_across_har_augmented_datasets_log_rolling,Random Forest EW | Multiple,Equal-weight combinations,87,0.129424,0.062191
2018-06-30,combo_equal_weight_rf_across_har_augmented_datasets_log_rolling,Random Forest EW | Multiple,Equal-weight combinations,88,0.127539,0.056701
2018-07-31,combo_equal_weight_rf_across_har_augmented_datasets_log_rolling,Random Forest EW | Multiple,Equal-weight combinations,89,0.125335,0.052979
2018-08-31,combo_equal_weight_rf_across_har_augmented_datasets_log_rolling,Random Forest EW | Multiple,Equal-weight combinations,90,0.128024,0.022971
2018-09-30,combo_equal_weight_rf_across_har_augmented_datasets_log_rolling,Random Forest EW | Multiple,Equal-weight combinations,91,0.129177,0.018533
2018-10-31,combo_equal_weight_rf_across_har_augmented_datasets_log_rolling,Random Forest EW | Multiple,Equal-weight combinations,92,0.103752,0.006366
2018-11-30,combo_equal_weight_rf_across_har_augmented_datasets_log_rolling,Random Forest EW | Multiple,Equal-weight combinations,93,0.101643,0.027659
2018-12-31,combo_equal_weight_rf_across_har_augmented_datasets_log_rolling,Random Forest EW | Multiple,Equal-weight combinations,94,0.066652,-0.037185
2019-01-31,combo_equal_weight_rf_across_har_augmented_datasets_log_rolling,Random Forest EW | Multiple,Equal-weight combinations,95,0.084758,0.009791
2019-02-28,combo_equal_weight_rf_across_har_augmented_datasets_log_rolling,Random Forest EW | Multiple,Equal-weight combinations,96,0.087796,0.014757
2019-03-31,combo_equal_weight_rf_across_har_augmented_datasets_log_rolling,Random Forest EW | Multiple,Equal-weight combinations,97,0.088103,0.027096
2019-04-30,combo_equal_weight_rf_across_har_augmented_datasets_log_rolling,Random Forest EW | Multiple,Equal-weight combinations,98,0.088844,0.034388
2019-05-31,combo_equal_weight_rf_across_har_augmented_datasets_log_rolling,Random Forest EW | Multiple,Equal-weight combinations,99,0.088199,0.038957
2019-06-30,combo_equal_weight_rf_across_har_augmented_datasets_log_rolling,Random Forest EW | Multiple,Equal-weight combinations,100,0.083297,0.025533
2019-07-31,combo_equal_weight_rf_across_har_augmented_datasets_log_rolling,Random Forest EW | Multiple,Equal-weight combinations,101,0.084604,0.040264
2019-08-31,combo_equal_weight_rf_across_har_augmented_datasets_log_rolling,Random Forest EW | Multiple,Equal-weight combinations,102,0.083252,0.030867
2019-09-30,combo_equal_weight_rf_across_har_augmented_datasets_log_rolling,Random Forest EW | Multiple,Equal-weight combinations,103,0.083532,0.032625
2019-10-31,combo_equal_weight_rf_across_har_augmented_datasets_log_rolling,Random Forest EW | Multiple,Equal-weight combinations,104,0.083059,0.02883
2019-11-30,combo_equal_weight_rf_across_har_augmented_datasets_log_rolling,Random Forest EW | Multiple,Equal-weight combinations,105,0.085187,0.03716
2019-12-31,combo_equal_weight_rf_across_har_augmented_datasets_log_rolling,Random Forest EW | Multiple,Equal-weight combinations,106,0.083001,0.04282
2020-01-31,combo_equal_weight_rf_across_har_augmented_datasets_log_rolling,Random Forest EW | Multiple,Equal-weight combinations,107,0.083005,0.038217
2020-02-29,combo_equal_weight_rf_across_har_augmented_datasets_log_rolling,Random Forest EW | Multiple,Equal-weight combinations,108,0.093022,0.06002
2020-03-31,combo_equal_weight_rf_across_har_augmented_datasets_log_rolling,Random Forest EW | Multiple,Equal-weight combinations,109,0.036992,0.00865
2020-04-30,combo_equal_weight_rf_across_har_augmented_datasets_log_rolling,Random Forest EW | Multiple,Equal-weight combinations,110,0.83409,0.868917
2020-05-31,combo_equal_weight_rf_across_har_augmented_datasets_log_rolling,Random Forest EW | Multiple,Equal-weight combinations,111,0.83404,0.869178
2020-06-30,combo_equal_weight_rf_across_har_augmented_datasets_log_rolling,Random Forest EW | Multiple,Equal-weight combinations,112,0.83422,0.869798
2020-07-31,combo_equal_weight_rf_across_har_augmented_datasets_log_rolling,Random Forest EW | Multiple,Equal-weight combinations,113,0.834108,0.869805
2020-08-31,combo_equal_weight_rf_across_har_augmented_datasets_log_rolling,Random Forest EW | Multiple,Equal-weight combinations,114,0.833698,0.869368
2020-09-30,combo_equal_weight_rf_across_har_augmented_datasets_log_rolling,Random Forest EW | Multiple,Equal-weight combinations,115,0.832071,0.867773
2020-10-31,combo_equal_weight_rf_across_har_augmented_datasets_log_rolling,Random Forest EW | Multiple,Equal-weight combinations,116,0.83207,0.868127
2020-11-30,combo_equal_weight_rf_across_har_augmented_datasets_log_rolling,Random Forest EW | Multiple,Equal-weight combinations,117,0.832011,0.868055
2020-12-31,combo_equal_weight_rf_across_har_augmented_datasets_log_rolling,Random Forest EW | Multiple,Equal-weight combinations,118,0.831793,0.867777
2021-01-31,combo_equal_weight_rf_across_har_augmented_datasets_log_rolling,Random Forest EW | Multiple,Equal-weight combinations,119,0.831704,0.86768
2021-02-28,combo_equal_weight_rf_across_har_augmented_datasets_log_rolling,Random Forest EW | Multiple,Equal-weight combinations,120,0.831459,0.869481
2021-03-31,combo_equal_weight_rf_across_har_augmented_datasets_log_rolling,Random Forest EW | Multiple,Equal-weight combinations,121,0.831456,0.869917
2021-04-30,combo_equal_weight_rf_across_har_augmented_datasets_log_rolling,Random Forest EW | Multiple,Equal-weight combinations,122,0.830846,0.869842
2021-05-31,combo_equal_weight_rf_across_har_augmented_datasets_log_rolling,Random Forest EW | Multiple,Equal-weight combinations,123,0.830832,0.869857
2021-06-30,combo_equal_weight_rf_across_har_augmented_datasets_log_rolling,Random Forest EW | Multiple,Equal-weight combinations,124,0.830555,0.869706
2021-07-31,combo_equal_weight_rf_across_har_augmented_datasets_log_rolling,Random Forest EW | Multiple,Equal-weight combinations,125,0.830034,0.86941
2021-08-31,combo_equal_weight_rf_across_har_augmented_datasets_log_rolling,Random Forest EW | Multiple,Equal-weight combinations,126,0.828958,0.868333
2021-09-30,combo_equal_weight_rf_across_har_augmented_datasets_log_rolling,Random Forest EW | Multiple,Equal-weight combinations,127,0.828934,0.868326
2021-10-31,combo_equal_weight_rf_across_har_augmented_datasets_log_rolling,Random Forest EW | Multiple,Equal-weight combinations,128,0.8289,0.873008
2021-11-30,combo_equal_weight_rf_across_har_augmented_datasets_log_rolling,Random Forest EW | Multiple,Equal-weight combinations,129,0.828897,0.873394
2021-12-31,combo_equal_weight_rf_across_har_augmented_datasets_log_rolling,Random Forest EW | Multiple,Equal-weight combinations,130,0.828846,0.881507
2022-01-31,combo_equal_weight_rf_across_har_augmented_datasets_log_rolling,Random Forest EW | Multiple,Equal-weight combinations,131,0.823734,0.875613
2022-02-28,combo_equal_weight_rf_across_har_augmented_datasets_log_rolling,Random Forest EW | Multiple,Equal-weight combinations,132,0.822471,0.874508
2022-03-31,combo_equal_weight_rf_across_har_augmented_datasets_log_rolling,Random Forest EW | Multiple,Equal-weight combinations,133,0.821646,0.873586
2022-04-30,combo_equal_weight_rf_across_har_augmented_datasets_log_rolling,Random Forest EW | Multiple,Equal-weight combinations,134,0.821219,0.873645
2022-05-31,combo_equal_weight_rf_across_har_augmented_datasets_log_rolling,Random Forest EW | Multiple,Equal-weight combinations,135,0.815272,0.86744
2022-06-30,combo_equal_weight_rf_across_har_augmented_datasets_log_rolling,Random Forest EW | Multiple,Equal-weight combinations,136,0.813435,0.865969
2022-07-31,combo_equal_weight_rf_across_har_augmented_datasets_log_rolling,Random Forest EW | Multiple,Equal-weight combinations,137,0.813416,0.866098
2022-08-31,combo_equal_weight_rf_across_har_augmented_datasets_log_rolling,Random Forest EW | Multiple,Equal-weight combinations,138,0.813417,0.867476
2022-09-30,combo_equal_weight_rf_across_har_augmented_datasets_log_rolling,Random Forest EW | Multiple,Equal-weight combinations,139,0.810787,0.864855
2022-10-31,combo_equal_weight_rf_across_har_augmented_datasets_log_rolling,Random Forest EW | Multiple,Equal-weight combinations,140,0.809613,0.863592
2022-11-30,combo_equal_weight_rf_across_har_augmented_datasets_log_rolling,Random Forest EW | Multiple,Equal-weight combinations,141,0.80946,0.863895
2022-12-31,combo_equal_weight_rf_across_har_augmented_datasets_log_rolling,Random Forest EW | Multiple,Equal-weight combinations,142,0.809309,0.864005
2023-01-31,combo_equal_weight_rf_across_har_augmented_datasets_log_rolling,Random Forest EW | Multiple,Equal-weight combinations,143,0.809257,0.863946
2023-02-28,combo_equal_weight_rf_across_har_augmented_datasets_log_rolling,Random Forest EW | Multiple,Equal-weight combinations,144,0.808789,0.866729
2023-03-31,combo_equal_weight_rf_across_har_augmented_datasets_log_rolling,Random Forest EW | Multiple,Equal-weight combinations,145,0.808213,0.96256
2023-04-30,combo_equal_weight_rf_across_har_augmented_datasets_log_rolling,Random Forest EW | Multiple,Equal-weight combinations,146,0.807099,-0.043103
2023-05-31,combo_equal_weight_rf_across_har_augmented_datasets_log_rolling,Random Forest EW | Multiple,Equal-weight combinations,147,0.807106,-0.047632
2023-06-30,combo_equal_weight_rf_across_har_augmented_datasets_log_rolling,Random Forest EW | Multiple,Equal-weight combinations,148,0.806956,-0.083489
2023-07-31,combo_equal_weight_rf_across_har_augmented_datasets_log_rolling,Random Forest EW | Multiple,Equal-weight combinations,149,0.807013,-0.066962
2023-08-31,combo_equal_weight_rf_across_har_augmented_datasets_log_rolling,Random Forest EW | Multiple,Equal-weight combinations,150,0.806897,-0.076948
2023-09-30,combo_equal_weight_rf_across_har_augmented_datasets_log_rolling,Random Forest EW | Multiple,Equal-weight combinations,151,0.806908,-0.132209
2023-10-31,combo_equal_weight_rf_across_har_augmented_datasets_log_rolling,Random Forest EW | Multiple,Equal-weight combinations,152,0.806478,-0.137087
2023-11-30,combo_equal_weight_rf_across_har_augmented_datasets_log_rolling,Random Forest EW | Multiple,Equal-weight combinations,153,0.805893,-0.139043
2023-12-31,combo_equal_weight_rf_across_har_augmented_datasets_log_rolling,Random Forest EW | Multiple,Equal-weight combinations,154,0.805868,-0.15688
2024-01-31,combo_equal_weight_rf_across_har_augmented_datasets_log_rolling,Random Forest EW | Multiple,Equal-weight combinations,155,0.80587,-0.15837
2011-03-31,combo_equal_weight_all_har_augmented_ml_x_dataset_log_rolling,Equal Weight | All ML,Equal-weight combinations,1,-8.817542,
2011-04-30,combo_equal_weight_all_har_augmented_ml_x_dataset_log_rolling,Equal Weight | All ML,Equal-weight combinations,2,0.275762,
2011-05-31,combo_equal_weight_all_har_augmented_ml_x_dataset_log_rolling,Equal Weight | All ML,Equal-weight combinations,3,0.295071,
2011-06-30,combo_equal_weight_all_har_augmented_ml_x_dataset_log_rolling,Equal Weight | All ML,Equal-weight combinations,4,0.279671,
2011-07-31,combo_equal_weight_all_har_augmented_ml_x_dataset_log_rolling,Equal Weight | All ML,Equal-weight combinations,5,0.289227,
2011-08-31,combo_equal_weight_all_har_augmented_ml_x_dataset_log_rolling,Equal Weight | All ML,Equal-weight combinations,6,0.190614,
2011-09-30,combo_equal_weight_all_har_augmented_ml_x_dataset_log_rolling,Equal Weight | All ML,Equal-weight combinations,7,0.236957,
2011-10-31,combo_equal_weight_all_har_augmented_ml_x_dataset_log_rolling,Equal Weight | All ML,Equal-weight combinations,8,0.258965,
2011-11-30,combo_equal_weight_all_har_augmented_ml_x_dataset_log_rolling,Equal Weight | All ML,Equal-weight combinations,9,0.27565,
2011-12-31,combo_equal_weight_all_har_augmented_ml_x_dataset_log_rolling,Equal Weight | All ML,Equal-weight combinations,10,0.262875,
2012-01-31,combo_equal_weight_all_har_augmented_ml_x_dataset_log_rolling,Equal Weight | All ML,Equal-weight combinations,11,0.205436,
2012-02-29,combo_equal_weight_all_har_augmented_ml_x_dataset_log_rolling,Equal Weight | All ML,Equal-weight combinations,12,0.191833,
2012-03-31,combo_equal_weight_all_har_augmented_ml_x_dataset_log_rolling,Equal Weight | All ML,Equal-weight combinations,13,0.193566,
2012-04-30,combo_equal_weight_all_har_augmented_ml_x_dataset_log_rolling,Equal Weight | All ML,Equal-weight combinations,14,0.195545,
2012-05-31,combo_equal_weight_all_har_augmented_ml_x_dataset_log_rolling,Equal Weight | All ML,Equal-weight combinations,15,0.190518,
2012-06-30,combo_equal_weight_all_har_augmented_ml_x_dataset_log_rolling,Equal Weight | All ML,Equal-weight combinations,16,0.190295,
2012-07-31,combo_equal_weight_all_har_augmented_ml_x_dataset_log_rolling,Equal Weight | All ML,Equal-weight combinations,17,0.190946,
2012-08-31,combo_equal_weight_all_har_augmented_ml_x_dataset_log_rolling,Equal Weight | All ML,Equal-weight combinations,18,0.172189,
2012-09-30,combo_equal_weight_all_har_augmented_ml_x_dataset_log_rolling,Equal Weight | All ML,Equal-weight combinations,19,0.175001,
2012-10-31,combo_equal_weight_all_har_augmented_ml_x_dataset_log_rolling,Equal Weight | All ML,Equal-weight combinations,20,0.175211,
2012-11-30,combo_equal_weight_all_har_augmented_ml_x_dataset_log_rolling,Equal Weight | All ML,Equal-weight combinations,21,0.174442,
2012-12-31,combo_equal_weight_all_har_augmented_ml_x_dataset_log_rolling,Equal Weight | All ML,Equal-weight combinations,22,0.175602,
2013-01-31,combo_equal_weight_all_har_augmented_ml_x_dataset_log_rolling,Equal Weight | All ML,Equal-weight combinations,23,0.176967,
2013-02-28,combo_equal_weight_all_har_augmented_ml_x_dataset_log_rolling,Equal Weight | All ML,Equal-weight combinations,24,0.177966,
2013-03-31,combo_equal_weight_all_har_augmented_ml_x_dataset_log_rolling,Equal Weight | All ML,Equal-weight combinations,25,0.178072,
2013-04-30,combo_equal_weight_all_har_augmented_ml_x_dataset_log_rolling,Equal Weight | All ML,Equal-weight combinations,26,0.178165,
2013-05-31,combo_equal_weight_all_har_augmented_ml_x_dataset_log_rolling,Equal Weight | All ML,Equal-weight combinations,27,0.180002,
2013-06-30,combo_equal_weight_all_har_augmented_ml_x_dataset_log_rolling,Equal Weight | All ML,Equal-weight combinations,28,0.172004,
2013-07-31,combo_equal_weight_all_har_augmented_ml_x_dataset_log_rolling,Equal Weight | All ML,Equal-weight combinations,29,0.146347,
2013-08-31,combo_equal_weight_all_har_augmented_ml_x_dataset_log_rolling,Equal Weight | All ML,Equal-weight combinations,30,0.148585,
2013-09-30,combo_equal_weight_all_har_augmented_ml_x_dataset_log_rolling,Equal Weight | All ML,Equal-weight combinations,31,0.14415,
2013-10-31,combo_equal_weight_all_har_augmented_ml_x_dataset_log_rolling,Equal Weight | All ML,Equal-weight combinations,32,0.144137,
2013-11-30,combo_equal_weight_all_har_augmented_ml_x_dataset_log_rolling,Equal Weight | All ML,Equal-weight combinations,33,0.14534,
2013-12-31,combo_equal_weight_all_har_augmented_ml_x_dataset_log_rolling,Equal Weight | All ML,Equal-weight combinations,34,0.144807,
2014-01-31,combo_equal_weight_all_har_augmented_ml_x_dataset_log_rolling,Equal Weight | All ML,Equal-weight combinations,35,0.144956,
2014-02-28,combo_equal_weight_all_har_augmented_ml_x_dataset_log_rolling,Equal Weight | All ML,Equal-weight combinations,36,0.141604,0.141604
2014-03-31,combo_equal_weight_all_har_augmented_ml_x_dataset_log_rolling,Equal Weight | All ML,Equal-weight combinations,37,0.142036,0.151971
2014-04-30,combo_equal_weight_all_har_augmented_ml_x_dataset_log_rolling,Equal Weight | All ML,Equal-weight combinations,38,0.142212,0.137208
2014-05-31,combo_equal_weight_all_har_augmented_ml_x_dataset_log_rolling,Equal Weight | All ML,Equal-weight combinations,39,0.138142,0.132123
2014-06-30,combo_equal_weight_all_har_augmented_ml_x_dataset_log_rolling,Equal Weight | All ML,Equal-weight combinations,40,0.141006,0.135803
2014-07-31,combo_equal_weight_all_har_augmented_ml_x_dataset_log_rolling,Equal Weight | All ML,Equal-weight combinations,41,0.132383,0.126445
2014-08-31,combo_equal_weight_all_har_augmented_ml_x_dataset_log_rolling,Equal Weight | All ML,Equal-weight combinations,42,0.132137,0.035537
2014-09-30,combo_equal_weight_all_har_augmented_ml_x_dataset_log_rolling,Equal Weight | All ML,Equal-weight combinations,43,0.134276,-0.067632
2014-10-31,combo_equal_weight_all_har_augmented_ml_x_dataset_log_rolling,Equal Weight | All ML,Equal-weight combinations,44,0.137324,-0.122099
2014-11-30,combo_equal_weight_all_har_augmented_ml_x_dataset_log_rolling,Equal Weight | All ML,Equal-weight combinations,45,0.126318,-0.182893
2014-12-31,combo_equal_weight_all_har_augmented_ml_x_dataset_log_rolling,Equal Weight | All ML,Equal-weight combinations,46,0.127203,-0.157206
2015-01-31,combo_equal_weight_all_har_augmented_ml_x_dataset_log_rolling,Equal Weight | All ML,Equal-weight combinations,47,0.141189,0.003243
2015-02-28,combo_equal_weight_all_har_augmented_ml_x_dataset_log_rolling,Equal Weight | All ML,Equal-weight combinations,48,0.12684,-0.020051
2015-03-31,combo_equal_weight_all_har_augmented_ml_x_dataset_log_rolling,Equal Weight | All ML,Equal-weight combinations,49,0.128588,-0.027139
2015-04-30,combo_equal_weight_all_har_augmented_ml_x_dataset_log_rolling,Equal Weight | All ML,Equal-weight combinations,50,0.12482,-0.045583
2015-05-31,combo_equal_weight_all_har_augmented_ml_x_dataset_log_rolling,Equal Weight | All ML,Equal-weight combinations,51,0.12539,-0.030042
2015-06-30,combo_equal_weight_all_har_augmented_ml_x_dataset_log_rolling,Equal Weight | All ML,Equal-weight combinations,52,0.126905,-0.023509
2015-07-31,combo_equal_weight_all_har_augmented_ml_x_dataset_log_rolling,Equal Weight | All ML,Equal-weight combinations,53,0.126555,-0.029384
2015-08-31,combo_equal_weight_all_har_augmented_ml_x_dataset_log_rolling,Equal Weight | All ML,Equal-weight combinations,54,0.121881,0.026921
2015-09-30,combo_equal_weight_all_har_augmented_ml_x_dataset_log_rolling,Equal Weight | All ML,Equal-weight combinations,55,0.125406,0.029626
2015-10-31,combo_equal_weight_all_har_augmented_ml_x_dataset_log_rolling,Equal Weight | All ML,Equal-weight combinations,56,0.119755,0.013709
2015-11-30,combo_equal_weight_all_har_augmented_ml_x_dataset_log_rolling,Equal Weight | All ML,Equal-weight combinations,57,0.118278,0.012161
2015-12-31,combo_equal_weight_all_har_augmented_ml_x_dataset_log_rolling,Equal Weight | All ML,Equal-weight combinations,58,0.112847,-0.004691
2016-01-31,combo_equal_weight_all_har_augmented_ml_x_dataset_log_rolling,Equal Weight | All ML,Equal-weight combinations,59,0.109621,-0.001465
2016-02-29,combo_equal_weight_all_har_augmented_ml_x_dataset_log_rolling,Equal Weight | All ML,Equal-weight combinations,60,0.113009,0.005599
2016-03-31,combo_equal_weight_all_har_augmented_ml_x_dataset_log_rolling,Equal Weight | All ML,Equal-weight combinations,61,0.099957,-0.024807
2016-04-30,combo_equal_weight_all_har_augmented_ml_x_dataset_log_rolling,Equal Weight | All ML,Equal-weight combinations,62,0.100609,-0.020745
2016-05-31,combo_equal_weight_all_har_augmented_ml_x_dataset_log_rolling,Equal Weight | All ML,Equal-weight combinations,63,0.099699,-0.025911
2016-06-30,combo_equal_weight_all_har_augmented_ml_x_dataset_log_rolling,Equal Weight | All ML,Equal-weight combinations,64,0.099945,-0.017442
2016-07-31,combo_equal_weight_all_har_augmented_ml_x_dataset_log_rolling,Equal Weight | All ML,Equal-weight combinations,65,0.096789,0.014045
2016-08-31,combo_equal_weight_all_har_augmented_ml_x_dataset_log_rolling,Equal Weight | All ML,Equal-weight combinations,66,0.101247,0.024069
2016-09-30,combo_equal_weight_all_har_augmented_ml_x_dataset_log_rolling,Equal Weight | All ML,Equal-weight combinations,67,0.101252,0.030226
2016-10-31,combo_equal_weight_all_har_augmented_ml_x_dataset_log_rolling,Equal Weight | All ML,Equal-weight combinations,68,0.101524,0.03187
2016-11-30,combo_equal_weight_all_har_augmented_ml_x_dataset_log_rolling,Equal Weight | All ML,Equal-weight combinations,69,0.100822,0.025548
2016-12-31,combo_equal_weight_all_har_augmented_ml_x_dataset_log_rolling,Equal Weight | All ML,Equal-weight combinations,70,0.101061,0.0286
2017-01-31,combo_equal_weight_all_har_augmented_ml_x_dataset_log_rolling,Equal Weight | All ML,Equal-weight combinations,71,0.102916,0.034941
2017-02-28,combo_equal_weight_all_har_augmented_ml_x_dataset_log_rolling,Equal Weight | All ML,Equal-weight combinations,72,0.108235,0.056306
2017-03-31,combo_equal_weight_all_har_augmented_ml_x_dataset_log_rolling,Equal Weight | All ML,Equal-weight combinations,73,0.10935,0.058951
2017-04-30,combo_equal_weight_all_har_augmented_ml_x_dataset_log_rolling,Equal Weight | All ML,Equal-weight combinations,74,0.111383,0.064327
2017-05-31,combo_equal_weight_all_har_augmented_ml_x_dataset_log_rolling,Equal Weight | All ML,Equal-weight combinations,75,0.113635,0.076369
2017-06-30,combo_equal_weight_all_har_augmented_ml_x_dataset_log_rolling,Equal Weight | All ML,Equal-weight combinations,76,0.115006,0.07376
2017-07-31,combo_equal_weight_all_har_augmented_ml_x_dataset_log_rolling,Equal Weight | All ML,Equal-weight combinations,77,0.121231,0.103839
2017-08-31,combo_equal_weight_all_har_augmented_ml_x_dataset_log_rolling,Equal Weight | All ML,Equal-weight combinations,78,0.124321,0.112191
2017-09-30,combo_equal_weight_all_har_augmented_ml_x_dataset_log_rolling,Equal Weight | All ML,Equal-weight combinations,79,0.126976,0.115931
2017-10-31,combo_equal_weight_all_har_augmented_ml_x_dataset_log_rolling,Equal Weight | All ML,Equal-weight combinations,80,0.128172,0.113202
2017-11-30,combo_equal_weight_all_har_augmented_ml_x_dataset_log_rolling,Equal Weight | All ML,Equal-weight combinations,81,0.131798,0.141713
2017-12-31,combo_equal_weight_all_har_augmented_ml_x_dataset_log_rolling,Equal Weight | All ML,Equal-weight combinations,82,0.132539,0.142182
2018-01-31,combo_equal_weight_all_har_augmented_ml_x_dataset_log_rolling,Equal Weight | All ML,Equal-weight combinations,83,0.133529,0.118933
2018-02-28,combo_equal_weight_all_har_augmented_ml_x_dataset_log_rolling,Equal Weight | All ML,Equal-weight combinations,84,0.122678,0.115342
2018-03-31,combo_equal_weight_all_har_augmented_ml_x_dataset_log_rolling,Equal Weight | All ML,Equal-weight combinations,85,0.122719,0.112589
2018-04-30,combo_equal_weight_all_har_augmented_ml_x_dataset_log_rolling,Equal Weight | All ML,Equal-weight combinations,86,0.131696,0.143302
2018-05-31,combo_equal_weight_all_har_augmented_ml_x_dataset_log_rolling,Equal Weight | All ML,Equal-weight combinations,87,0.131617,0.142252
2018-06-30,combo_equal_weight_all_har_augmented_ml_x_dataset_log_rolling,Equal Weight | All ML,Equal-weight combinations,88,0.131851,0.140303
2018-07-31,combo_equal_weight_all_har_augmented_ml_x_dataset_log_rolling,Equal Weight | All ML,Equal-weight combinations,89,0.12981,0.135358
2018-08-31,combo_equal_weight_all_har_augmented_ml_x_dataset_log_rolling,Equal Weight | All ML,Equal-weight combinations,90,0.131479,0.153277
2018-09-30,combo_equal_weight_all_har_augmented_ml_x_dataset_log_rolling,Equal Weight | All ML,Equal-weight combinations,91,0.132009,0.1471
2018-10-31,combo_equal_weight_all_har_augmented_ml_x_dataset_log_rolling,Equal Weight | All ML,Equal-weight combinations,92,0.110265,0.09271
2018-11-30,combo_equal_weight_all_har_augmented_ml_x_dataset_log_rolling,Equal Weight | All ML,Equal-weight combinations,93,0.107001,0.08616
2018-12-31,combo_equal_weight_all_har_augmented_ml_x_dataset_log_rolling,Equal Weight | All ML,Equal-weight combinations,94,0.089772,0.057724
2019-01-31,combo_equal_weight_all_har_augmented_ml_x_dataset_log_rolling,Equal Weight | All ML,Equal-weight combinations,95,0.093513,0.067848
2019-02-28,combo_equal_weight_all_har_augmented_ml_x_dataset_log_rolling,Equal Weight | All ML,Equal-weight combinations,96,0.098218,0.074992
2019-03-31,combo_equal_weight_all_har_augmented_ml_x_dataset_log_rolling,Equal Weight | All ML,Equal-weight combinations,97,0.098533,0.096179
2019-04-30,combo_equal_weight_all_har_augmented_ml_x_dataset_log_rolling,Equal Weight | All ML,Equal-weight combinations,98,0.098318,0.094555
2019-05-31,combo_equal_weight_all_har_augmented_ml_x_dataset_log_rolling,Equal Weight | All ML,Equal-weight combinations,99,0.095401,0.088471
2019-06-30,combo_equal_weight_all_har_augmented_ml_x_dataset_log_rolling,Equal Weight | All ML,Equal-weight combinations,100,0.090396,0.075087
2019-07-31,combo_equal_weight_all_har_augmented_ml_x_dataset_log_rolling,Equal Weight | All ML,Equal-weight combinations,101,0.091186,0.081904
2019-08-31,combo_equal_weight_all_har_augmented_ml_x_dataset_log_rolling,Equal Weight | All ML,Equal-weight combinations,102,0.089203,0.069644
2019-09-30,combo_equal_weight_all_har_augmented_ml_x_dataset_log_rolling,Equal Weight | All ML,Equal-weight combinations,103,0.088714,0.068679
2019-10-31,combo_equal_weight_all_har_augmented_ml_x_dataset_log_rolling,Equal Weight | All ML,Equal-weight combinations,104,0.083299,0.053696
2019-11-30,combo_equal_weight_all_har_augmented_ml_x_dataset_log_rolling,Equal Weight | All ML,Equal-weight combinations,105,0.086711,0.064359
2019-12-31,combo_equal_weight_all_har_augmented_ml_x_dataset_log_rolling,Equal Weight | All ML,Equal-weight combinations,106,0.085652,0.060369
2020-01-31,combo_equal_weight_all_har_augmented_ml_x_dataset_log_rolling,Equal Weight | All ML,Equal-weight combinations,107,0.085477,0.056141
2020-02-29,combo_equal_weight_all_har_augmented_ml_x_dataset_log_rolling,Equal Weight | All ML,Equal-weight combinations,108,0.09255,0.069437
2020-03-31,combo_equal_weight_all_har_augmented_ml_x_dataset_log_rolling,Equal Weight | All ML,Equal-weight combinations,109,0.188327,0.217325
2020-04-30,combo_equal_weight_all_har_augmented_ml_x_dataset_log_rolling,Equal Weight | All ML,Equal-weight combinations,110,0.662854,0.689636
2020-05-31,combo_equal_weight_all_har_augmented_ml_x_dataset_log_rolling,Equal Weight | All ML,Equal-weight combinations,111,0.662889,0.689973
2020-06-30,combo_equal_weight_all_har_augmented_ml_x_dataset_log_rolling,Equal Weight | All ML,Equal-weight combinations,112,0.6627,0.689841
2020-07-31,combo_equal_weight_all_har_augmented_ml_x_dataset_log_rolling,Equal Weight | All ML,Equal-weight combinations,113,0.661961,0.689139
2020-08-31,combo_equal_weight_all_har_augmented_ml_x_dataset_log_rolling,Equal Weight | All ML,Equal-weight combinations,114,0.661477,0.68859
2020-09-30,combo_equal_weight_all_har_augmented_ml_x_dataset_log_rolling,Equal Weight | All ML,Equal-weight combinations,115,0.660401,0.687613
2020-10-31,combo_equal_weight_all_har_augmented_ml_x_dataset_log_rolling,Equal Weight | All ML,Equal-weight combinations,116,0.660313,0.687903
2020-11-30,combo_equal_weight_all_har_augmented_ml_x_dataset_log_rolling,Equal Weight | All ML,Equal-weight combinations,117,0.660018,0.68758
2020-12-31,combo_equal_weight_all_har_augmented_ml_x_dataset_log_rolling,Equal Weight | All ML,Equal-weight combinations,118,0.659915,0.687467
2021-01-31,combo_equal_weight_all_har_augmented_ml_x_dataset_log_rolling,Equal Weight | All ML,Equal-weight combinations,119,0.659943,0.687485
2021-02-28,combo_equal_weight_all_har_augmented_ml_x_dataset_log_rolling,Equal Weight | All ML,Equal-weight combinations,120,0.659472,0.688626
2021-03-31,combo_equal_weight_all_har_augmented_ml_x_dataset_log_rolling,Equal Weight | All ML,Equal-weight combinations,121,0.659353,0.688843
2021-04-30,combo_equal_weight_all_har_augmented_ml_x_dataset_log_rolling,Equal Weight | All ML,Equal-weight combinations,122,0.659118,0.6884
2021-05-31,combo_equal_weight_all_har_augmented_ml_x_dataset_log_rolling,Equal Weight | All ML,Equal-weight combinations,123,0.659106,0.688455
2021-06-30,combo_equal_weight_all_har_augmented_ml_x_dataset_log_rolling,Equal Weight | All ML,Equal-weight combinations,124,0.658828,0.688175
2021-07-31,combo_equal_weight_all_har_augmented_ml_x_dataset_log_rolling,Equal Weight | All ML,Equal-weight combinations,125,0.658455,0.687994
2021-08-31,combo_equal_weight_all_har_augmented_ml_x_dataset_log_rolling,Equal Weight | All ML,Equal-weight combinations,126,0.657865,0.687435
2021-09-30,combo_equal_weight_all_har_augmented_ml_x_dataset_log_rolling,Equal Weight | All ML,Equal-weight combinations,127,0.657807,0.687406
2021-10-31,combo_equal_weight_all_har_augmented_ml_x_dataset_log_rolling,Equal Weight | All ML,Equal-weight combinations,128,0.657706,0.691004
2021-11-30,combo_equal_weight_all_har_augmented_ml_x_dataset_log_rolling,Equal Weight | All ML,Equal-weight combinations,129,0.657683,0.691376
2021-12-31,combo_equal_weight_all_har_augmented_ml_x_dataset_log_rolling,Equal Weight | All ML,Equal-weight combinations,130,0.657752,0.696994
2022-01-31,combo_equal_weight_all_har_augmented_ml_x_dataset_log_rolling,Equal Weight | All ML,Equal-weight combinations,131,0.653965,0.693311
2022-02-28,combo_equal_weight_all_har_augmented_ml_x_dataset_log_rolling,Equal Weight | All ML,Equal-weight combinations,132,0.653704,0.693049
2022-03-31,combo_equal_weight_all_har_augmented_ml_x_dataset_log_rolling,Equal Weight | All ML,Equal-weight combinations,133,0.65389,0.693213
2022-04-30,combo_equal_weight_all_har_augmented_ml_x_dataset_log_rolling,Equal Weight | All ML,Equal-weight combinations,134,0.653681,0.693435
2022-05-31,combo_equal_weight_all_har_augmented_ml_x_dataset_log_rolling,Equal Weight | All ML,Equal-weight combinations,135,0.651965,0.691898
2022-06-30,combo_equal_weight_all_har_augmented_ml_x_dataset_log_rolling,Equal Weight | All ML,Equal-weight combinations,136,0.65191,0.692312
2022-07-31,combo_equal_weight_all_har_augmented_ml_x_dataset_log_rolling,Equal Weight | All ML,Equal-weight combinations,137,0.651668,0.692183
2022-08-31,combo_equal_weight_all_har_augmented_ml_x_dataset_log_rolling,Equal Weight | All ML,Equal-weight combinations,138,0.651685,0.693329
2022-09-30,combo_equal_weight_all_har_augmented_ml_x_dataset_log_rolling,Equal Weight | All ML,Equal-weight combinations,139,0.650155,0.691896
2022-10-31,combo_equal_weight_all_har_augmented_ml_x_dataset_log_rolling,Equal Weight | All ML,Equal-weight combinations,140,0.650133,0.692246
2022-11-30,combo_equal_weight_all_har_augmented_ml_x_dataset_log_rolling,Equal Weight | All ML,Equal-weight combinations,141,0.650064,0.692404
2022-12-31,combo_equal_weight_all_har_augmented_ml_x_dataset_log_rolling,Equal Weight | All ML,Equal-weight combinations,142,0.650062,0.692566
2023-01-31,combo_equal_weight_all_har_augmented_ml_x_dataset_log_rolling,Equal Weight | All ML,Equal-weight combinations,143,0.650068,0.692584
2023-02-28,combo_equal_weight_all_har_augmented_ml_x_dataset_log_rolling,Equal Weight | All ML,Equal-weight combinations,144,0.649547,0.694636
2023-03-31,combo_equal_weight_all_har_augmented_ml_x_dataset_log_rolling,Equal Weight | All ML,Equal-weight combinations,145,0.649126,0.741348
2023-04-30,combo_equal_weight_all_har_augmented_ml_x_dataset_log_rolling,Equal Weight | All ML,Equal-weight combinations,146,0.649195,0.218923
2023-05-31,combo_equal_weight_all_har_augmented_ml_x_dataset_log_rolling,Equal Weight | All ML,Equal-weight combinations,147,0.649204,0.214913
2023-06-30,combo_equal_weight_all_har_augmented_ml_x_dataset_log_rolling,Equal Weight | All ML,Equal-weight combinations,148,0.649269,0.210595
2023-07-31,combo_equal_weight_all_har_augmented_ml_x_dataset_log_rolling,Equal Weight | All ML,Equal-weight combinations,149,0.649366,0.243085
2023-08-31,combo_equal_weight_all_har_augmented_ml_x_dataset_log_rolling,Equal Weight | All ML,Equal-weight combinations,150,0.649309,0.248045
2023-09-30,combo_equal_weight_all_har_augmented_ml_x_dataset_log_rolling,Equal Weight | All ML,Equal-weight combinations,151,0.649325,0.235954
2023-10-31,combo_equal_weight_all_har_augmented_ml_x_dataset_log_rolling,Equal Weight | All ML,Equal-weight combinations,152,0.64889,0.227748
2023-11-30,combo_equal_weight_all_har_augmented_ml_x_dataset_log_rolling,Equal Weight | All ML,Equal-weight combinations,153,0.648417,0.228697
2023-12-31,combo_equal_weight_all_har_augmented_ml_x_dataset_log_rolling,Equal Weight | All ML,Equal-weight combinations,154,0.648462,0.223169
2024-01-31,combo_equal_weight_all_har_augmented_ml_x_dataset_log_rolling,Equal Weight | All ML,Equal-weight combinations,155,0.64845,0.219498
2011-03-31,stacked_rf_on_har_augmented_forecasts_log_rolling,Stacked Random Forest,Stacked combinations,1,-0.402017,
2011-04-30,stacked_rf_on_har_augmented_forecasts_log_rolling,Stacked Random Forest,Stacked combinations,2,0.538005,
2011-05-31,stacked_rf_on_har_augmented_forecasts_log_rolling,Stacked Random Forest,Stacked combinations,3,0.468996,
2011-06-30,stacked_rf_on_har_augmented_forecasts_log_rolling,Stacked Random Forest,Stacked combinations,4,0.44641,
2011-07-31,stacked_rf_on_har_augmented_forecasts_log_rolling,Stacked Random Forest,Stacked combinations,5,0.432773,
2011-08-31,stacked_rf_on_har_augmented_forecasts_log_rolling,Stacked Random Forest,Stacked combinations,6,0.137977,
2011-09-30,stacked_rf_on_har_augmented_forecasts_log_rolling,Stacked Random Forest,Stacked combinations,7,0.160075,
2011-10-31,stacked_rf_on_har_augmented_forecasts_log_rolling,Stacked Random Forest,Stacked combinations,8,0.191933,
2011-11-30,stacked_rf_on_har_augmented_forecasts_log_rolling,Stacked Random Forest,Stacked combinations,9,0.210281,
2011-12-31,stacked_rf_on_har_augmented_forecasts_log_rolling,Stacked Random Forest,Stacked combinations,10,0.202816,
2012-01-31,stacked_rf_on_har_augmented_forecasts_log_rolling,Stacked Random Forest,Stacked combinations,11,0.170228,
2012-02-29,stacked_rf_on_har_augmented_forecasts_log_rolling,Stacked Random Forest,Stacked combinations,12,0.143262,
2012-03-31,stacked_rf_on_har_augmented_forecasts_log_rolling,Stacked Random Forest,Stacked combinations,13,0.130268,
2012-04-30,stacked_rf_on_har_augmented_forecasts_log_rolling,Stacked Random Forest,Stacked combinations,14,0.128446,
2012-05-31,stacked_rf_on_har_augmented_forecasts_log_rolling,Stacked Random Forest,Stacked combinations,15,0.125644,
2012-06-30,stacked_rf_on_har_augmented_forecasts_log_rolling,Stacked Random Forest,Stacked combinations,16,0.125685,
2012-07-31,stacked_rf_on_har_augmented_forecasts_log_rolling,Stacked Random Forest,Stacked combinations,17,0.130922,
2012-08-31,stacked_rf_on_har_augmented_forecasts_log_rolling,Stacked Random Forest,Stacked combinations,18,0.141098,
2012-09-30,stacked_rf_on_har_augmented_forecasts_log_rolling,Stacked Random Forest,Stacked combinations,19,0.146856,
2012-10-31,stacked_rf_on_har_augmented_forecasts_log_rolling,Stacked Random Forest,Stacked combinations,20,0.14733,
2012-11-30,stacked_rf_on_har_augmented_forecasts_log_rolling,Stacked Random Forest,Stacked combinations,21,0.14271,
2012-12-31,stacked_rf_on_har_augmented_forecasts_log_rolling,Stacked Random Forest,Stacked combinations,22,0.144158,
2013-01-31,stacked_rf_on_har_augmented_forecasts_log_rolling,Stacked Random Forest,Stacked combinations,23,0.156606,
2013-02-28,stacked_rf_on_har_augmented_forecasts_log_rolling,Stacked Random Forest,Stacked combinations,24,0.156909,
2013-03-31,stacked_rf_on_har_augmented_forecasts_log_rolling,Stacked Random Forest,Stacked combinations,25,0.160076,
2013-04-30,stacked_rf_on_har_augmented_forecasts_log_rolling,Stacked Random Forest,Stacked combinations,26,0.159485,
2013-05-31,stacked_rf_on_har_augmented_forecasts_log_rolling,Stacked Random Forest,Stacked combinations,27,0.160987,
2013-06-30,stacked_rf_on_har_augmented_forecasts_log_rolling,Stacked Random Forest,Stacked combinations,28,0.135156,
2013-07-31,stacked_rf_on_har_augmented_forecasts_log_rolling,Stacked Random Forest,Stacked combinations,29,0.140631,
2013-08-31,stacked_rf_on_har_augmented_forecasts_log_rolling,Stacked Random Forest,Stacked combinations,30,0.143286,
2013-09-30,stacked_rf_on_har_augmented_forecasts_log_rolling,Stacked Random Forest,Stacked combinations,31,0.14588,
2013-10-31,stacked_rf_on_har_augmented_forecasts_log_rolling,Stacked Random Forest,Stacked combinations,32,0.147072,
2013-11-30,stacked_rf_on_har_augmented_forecasts_log_rolling,Stacked Random Forest,Stacked combinations,33,0.153196,
2013-12-31,stacked_rf_on_har_augmented_forecasts_log_rolling,Stacked Random Forest,Stacked combinations,34,0.152398,
2014-01-31,stacked_rf_on_har_augmented_forecasts_log_rolling,Stacked Random Forest,Stacked combinations,35,0.152306,
2014-02-28,stacked_rf_on_har_augmented_forecasts_log_rolling,Stacked Random Forest,Stacked combinations,36,0.152974,0.152974
2014-03-31,stacked_rf_on_har_augmented_forecasts_log_rolling,Stacked Random Forest,Stacked combinations,37,0.153195,0.153811
2014-04-30,stacked_rf_on_har_augmented_forecasts_log_rolling,Stacked Random Forest,Stacked combinations,38,0.153089,0.138666
2014-05-31,stacked_rf_on_har_augmented_forecasts_log_rolling,Stacked Random Forest,Stacked combinations,39,0.156844,0.144872
2014-06-30,stacked_rf_on_har_augmented_forecasts_log_rolling,Stacked Random Forest,Stacked combinations,40,0.159799,0.149044
2014-07-31,stacked_rf_on_har_augmented_forecasts_log_rolling,Stacked Random Forest,Stacked combinations,41,0.16371,0.153525
2014-08-31,stacked_rf_on_har_augmented_forecasts_log_rolling,Stacked Random Forest,Stacked combinations,42,0.165857,0.211912
2014-09-30,stacked_rf_on_har_augmented_forecasts_log_rolling,Stacked Random Forest,Stacked combinations,43,0.168772,0.185874
2014-10-31,stacked_rf_on_har_augmented_forecasts_log_rolling,Stacked Random Forest,Stacked combinations,44,0.135036,0.01369
2014-11-30,stacked_rf_on_har_augmented_forecasts_log_rolling,Stacked Random Forest,Stacked combinations,45,0.154403,0.038701
2014-12-31,stacked_rf_on_har_augmented_forecasts_log_rolling,Stacked Random Forest,Stacked combinations,46,0.154472,0.053126
2015-01-31,stacked_rf_on_har_augmented_forecasts_log_rolling,Stacked Random Forest,Stacked combinations,47,0.157778,0.131047
2015-02-28,stacked_rf_on_har_augmented_forecasts_log_rolling,Stacked Random Forest,Stacked combinations,48,0.143098,0.142729
2015-03-31,stacked_rf_on_har_augmented_forecasts_log_rolling,Stacked Random Forest,Stacked combinations,49,0.146082,0.183982
2015-04-30,stacked_rf_on_har_augmented_forecasts_log_rolling,Stacked Random Forest,Stacked combinations,50,0.148448,0.196639
2015-05-31,stacked_rf_on_har_augmented_forecasts_log_rolling,Stacked Random Forest,Stacked combinations,51,0.150906,0.211194
2015-06-30,stacked_rf_on_har_augmented_forecasts_log_rolling,Stacked Random Forest,Stacked combinations,52,0.152394,0.215771
2015-07-31,stacked_rf_on_har_augmented_forecasts_log_rolling,Stacked Random Forest,Stacked combinations,53,0.153868,0.209439
2015-08-31,stacked_rf_on_har_augmented_forecasts_log_rolling,Stacked Random Forest,Stacked combinations,54,0.126126,0.097863
2015-09-30,stacked_rf_on_har_augmented_forecasts_log_rolling,Stacked Random Forest,Stacked combinations,55,0.128406,0.092777
2015-10-31,stacked_rf_on_har_augmented_forecasts_log_rolling,Stacked Random Forest,Stacked combinations,56,0.130542,0.098441
2015-11-30,stacked_rf_on_har_augmented_forecasts_log_rolling,Stacked Random Forest,Stacked combinations,57,0.134087,0.117797
2015-12-31,stacked_rf_on_har_augmented_forecasts_log_rolling,Stacked Random Forest,Stacked combinations,58,0.128505,0.099187
2016-01-31,stacked_rf_on_har_augmented_forecasts_log_rolling,Stacked Random Forest,Stacked combinations,59,0.065424,-0.084976
2016-02-29,stacked_rf_on_har_augmented_forecasts_log_rolling,Stacked Random Forest,Stacked combinations,60,0.066099,-0.084065
2016-03-31,stacked_rf_on_har_augmented_forecasts_log_rolling,Stacked Random Forest,Stacked combinations,61,0.067593,-0.080121
2016-04-30,stacked_rf_on_har_augmented_forecasts_log_rolling,Stacked Random Forest,Stacked combinations,62,0.072021,-0.06484
2016-05-31,stacked_rf_on_har_augmented_forecasts_log_rolling,Stacked Random Forest,Stacked combinations,63,0.074523,-0.060724
2016-06-30,stacked_rf_on_har_augmented_forecasts_log_rolling,Stacked Random Forest,Stacked combinations,64,0.074462,-0.024412
2016-07-31,stacked_rf_on_har_augmented_forecasts_log_rolling,Stacked Random Forest,Stacked combinations,65,0.072697,-0.040727
2016-08-31,stacked_rf_on_har_augmented_forecasts_log_rolling,Stacked Random Forest,Stacked combinations,66,0.082203,-0.017384
2016-09-30,stacked_rf_on_har_augmented_forecasts_log_rolling,Stacked Random Forest,Stacked combinations,67,0.080036,-0.028982
2016-10-31,stacked_rf_on_har_augmented_forecasts_log_rolling,Stacked Random Forest,Stacked combinations,68,0.084139,-0.018731
2016-11-30,stacked_rf_on_har_augmented_forecasts_log_rolling,Stacked Random Forest,Stacked combinations,69,0.085087,-0.030078
2016-12-31,stacked_rf_on_har_augmented_forecasts_log_rolling,Stacked Random Forest,Stacked combinations,70,0.090837,-0.011131
2017-01-31,stacked_rf_on_har_augmented_forecasts_log_rolling,Stacked Random Forest,Stacked combinations,71,0.097026,0.007644
2017-02-28,stacked_rf_on_har_augmented_forecasts_log_rolling,Stacked Random Forest,Stacked combinations,72,0.10498,0.03029
2017-03-31,stacked_rf_on_har_augmented_forecasts_log_rolling,Stacked Random Forest,Stacked combinations,73,0.10867,0.040016
2017-04-30,stacked_rf_on_har_augmented_forecasts_log_rolling,Stacked Random Forest,Stacked combinations,74,0.112412,0.050324
2017-05-31,stacked_rf_on_har_augmented_forecasts_log_rolling,Stacked Random Forest,Stacked combinations,75,0.122054,0.06915
2017-06-30,stacked_rf_on_har_augmented_forecasts_log_rolling,Stacked Random Forest,Stacked combinations,76,0.124168,0.067642
2017-07-31,stacked_rf_on_har_augmented_forecasts_log_rolling,Stacked Random Forest,Stacked combinations,77,0.133976,0.087601
2017-08-31,stacked_rf_on_har_augmented_forecasts_log_rolling,Stacked Random Forest,Stacked combinations,78,0.138,0.094764
2017-09-30,stacked_rf_on_har_augmented_forecasts_log_rolling,Stacked Random Forest,Stacked combinations,79,0.147739,0.115916
2017-10-31,stacked_rf_on_har_augmented_forecasts_log_rolling,Stacked Random Forest,Stacked combinations,80,0.157368,0.193896
2017-11-30,stacked_rf_on_har_augmented_forecasts_log_rolling,Stacked Random Forest,Stacked combinations,81,0.162425,0.176942
2017-12-31,stacked_rf_on_har_augmented_forecasts_log_rolling,Stacked Random Forest,Stacked combinations,82,0.162966,0.178319
2018-01-31,stacked_rf_on_har_augmented_forecasts_log_rolling,Stacked Random Forest,Stacked combinations,83,0.162432,0.1713
2018-02-28,stacked_rf_on_har_augmented_forecasts_log_rolling,Stacked Random Forest,Stacked combinations,84,0.123384,0.088633
2018-03-31,stacked_rf_on_har_augmented_forecasts_log_rolling,Stacked Random Forest,Stacked combinations,85,0.113706,0.057828
2018-04-30,stacked_rf_on_har_augmented_forecasts_log_rolling,Stacked Random Forest,Stacked combinations,86,0.104185,0.029476
2018-05-31,stacked_rf_on_har_augmented_forecasts_log_rolling,Stacked Random Forest,Stacked combinations,87,0.104957,0.026487
2018-06-30,stacked_rf_on_har_augmented_forecasts_log_rolling,Stacked Random Forest,Stacked combinations,88,0.106253,0.027396
2018-07-31,stacked_rf_on_har_augmented_forecasts_log_rolling,Stacked Random Forest,Stacked combinations,89,0.108067,0.030009
2018-08-31,stacked_rf_on_har_augmented_forecasts_log_rolling,Stacked Random Forest,Stacked combinations,90,0.112867,0.082755
2018-09-30,stacked_rf_on_har_augmented_forecasts_log_rolling,Stacked Random Forest,Stacked combinations,91,0.114281,0.082003
2018-10-31,stacked_rf_on_har_augmented_forecasts_log_rolling,Stacked Random Forest,Stacked combinations,92,0.065993,-0.053426
2018-11-30,stacked_rf_on_har_augmented_forecasts_log_rolling,Stacked Random Forest,Stacked combinations,93,0.057822,-0.083132
2018-12-31,stacked_rf_on_har_augmented_forecasts_log_rolling,Stacked Random Forest,Stacked combinations,94,0.027277,-0.113321
2019-01-31,stacked_rf_on_har_augmented_forecasts_log_rolling,Stacked Random Forest,Stacked combinations,95,0.046309,0.01585
2019-02-28,stacked_rf_on_har_augmented_forecasts_log_rolling,Stacked Random Forest,Stacked combinations,96,0.051871,0.029531
2019-03-31,stacked_rf_on_har_augmented_forecasts_log_rolling,Stacked Random Forest,Stacked combinations,97,0.051456,0.024785
2019-04-30,stacked_rf_on_har_augmented_forecasts_log_rolling,Stacked Random Forest,Stacked combinations,98,0.057554,0.033794
2019-05-31,stacked_rf_on_har_augmented_forecasts_log_rolling,Stacked Random Forest,Stacked combinations,99,0.051185,0.013563
2019-06-30,stacked_rf_on_har_augmented_forecasts_log_rolling,Stacked Random Forest,Stacked combinations,100,0.052816,0.01811
2019-07-31,stacked_rf_on_har_augmented_forecasts_log_rolling,Stacked Random Forest,Stacked combinations,101,0.056809,0.030492
2019-08-31,stacked_rf_on_har_augmented_forecasts_log_rolling,Stacked Random Forest,Stacked combinations,102,0.04444,-0.01689
2019-09-30,stacked_rf_on_har_augmented_forecasts_log_rolling,Stacked Random Forest,Stacked combinations,103,0.048775,-0.001177
2019-10-31,stacked_rf_on_har_augmented_forecasts_log_rolling,Stacked Random Forest,Stacked combinations,104,0.048824,-0.008539
2019-11-30,stacked_rf_on_har_augmented_forecasts_log_rolling,Stacked Random Forest,Stacked combinations,105,0.056694,0.011722
2019-12-31,stacked_rf_on_har_augmented_forecasts_log_rolling,Stacked Random Forest,Stacked combinations,106,0.051938,-0.01189
2020-01-31,stacked_rf_on_har_augmented_forecasts_log_rolling,Stacked Random Forest,Stacked combinations,107,0.05001,-0.029079
2020-02-29,stacked_rf_on_har_augmented_forecasts_log_rolling,Stacked Random Forest,Stacked combinations,108,0.057091,-0.013475
2020-03-31,stacked_rf_on_har_augmented_forecasts_log_rolling,Stacked Random Forest,Stacked combinations,109,0.1013,0.098594
2020-04-30,stacked_rf_on_har_augmented_forecasts_log_rolling,Stacked Random Forest,Stacked combinations,110,0.845562,0.881167
2020-05-31,stacked_rf_on_har_augmented_forecasts_log_rolling,Stacked Random Forest,Stacked combinations,111,0.845592,0.88127
2020-06-30,stacked_rf_on_har_augmented_forecasts_log_rolling,Stacked Random Forest,Stacked combinations,112,0.844766,0.880475
2020-07-31,stacked_rf_on_har_augmented_forecasts_log_rolling,Stacked Random Forest,Stacked combinations,113,0.844331,0.880035
2020-08-31,stacked_rf_on_har_augmented_forecasts_log_rolling,Stacked Random Forest,Stacked combinations,114,0.844123,0.879765
2020-09-30,stacked_rf_on_har_augmented_forecasts_log_rolling,Stacked Random Forest,Stacked combinations,115,0.842295,0.877726
2020-10-31,stacked_rf_on_har_augmented_forecasts_log_rolling,Stacked Random Forest,Stacked combinations,116,0.84229,0.877801
2020-11-30,stacked_rf_on_har_augmented_forecasts_log_rolling,Stacked Random Forest,Stacked combinations,117,0.839974,0.875328
2020-12-31,stacked_rf_on_har_augmented_forecasts_log_rolling,Stacked Random Forest,Stacked combinations,118,0.839789,0.87515
2021-01-31,stacked_rf_on_har_augmented_forecasts_log_rolling,Stacked Random Forest,Stacked combinations,119,0.839622,0.875053
2021-02-28,stacked_rf_on_har_augmented_forecasts_log_rolling,Stacked Random Forest,Stacked combinations,120,0.838543,0.877385
2021-03-31,stacked_rf_on_har_augmented_forecasts_log_rolling,Stacked Random Forest,Stacked combinations,121,0.838566,0.8784
2021-04-30,stacked_rf_on_har_augmented_forecasts_log_rolling,Stacked Random Forest,Stacked combinations,122,0.838383,0.879144
2021-05-31,stacked_rf_on_har_augmented_forecasts_log_rolling,Stacked Random Forest,Stacked combinations,123,0.838372,0.879178
2021-06-30,stacked_rf_on_har_augmented_forecasts_log_rolling,Stacked Random Forest,Stacked combinations,124,0.838124,0.878881
2021-07-31,stacked_rf_on_har_augmented_forecasts_log_rolling,Stacked Random Forest,Stacked combinations,125,0.837209,0.877951
2021-08-31,stacked_rf_on_har_augmented_forecasts_log_rolling,Stacked Random Forest,Stacked combinations,126,0.836659,0.877318
2021-09-30,stacked_rf_on_har_augmented_forecasts_log_rolling,Stacked Random Forest,Stacked combinations,127,0.836655,0.877319
2021-10-31,stacked_rf_on_har_augmented_forecasts_log_rolling,Stacked Random Forest,Stacked combinations,128,0.836484,0.88335
2021-11-30,stacked_rf_on_har_augmented_forecasts_log_rolling,Stacked Random Forest,Stacked combinations,129,0.836368,0.884003
2021-12-31,stacked_rf_on_har_augmented_forecasts_log_rolling,Stacked Random Forest,Stacked combinations,130,0.836404,0.892307
2022-01-31,stacked_rf_on_har_augmented_forecasts_log_rolling,Stacked Random Forest,Stacked combinations,131,0.831208,0.886312
2022-02-28,stacked_rf_on_har_augmented_forecasts_log_rolling,Stacked Random Forest,Stacked combinations,132,0.829535,0.884616
2022-03-31,stacked_rf_on_har_augmented_forecasts_log_rolling,Stacked Random Forest,Stacked combinations,133,0.829569,0.884664
2022-04-30,stacked_rf_on_har_augmented_forecasts_log_rolling,Stacked Random Forest,Stacked combinations,134,0.829,0.884222
2022-05-31,stacked_rf_on_har_augmented_forecasts_log_rolling,Stacked Random Forest,Stacked combinations,135,0.823634,0.879057
2022-06-30,stacked_rf_on_har_augmented_forecasts_log_rolling,Stacked Random Forest,Stacked combinations,136,0.821304,0.876597
2022-07-31,stacked_rf_on_har_augmented_forecasts_log_rolling,Stacked Random Forest,Stacked combinations,137,0.821288,0.876549
2022-08-31,stacked_rf_on_har_augmented_forecasts_log_rolling,Stacked Random Forest,Stacked combinations,138,0.821306,0.878823
2022-09-30,stacked_rf_on_har_augmented_forecasts_log_rolling,Stacked Random Forest,Stacked combinations,139,0.819051,0.876318
2022-10-31,stacked_rf_on_har_augmented_forecasts_log_rolling,Stacked Random Forest,Stacked combinations,140,0.818174,0.875333
2022-11-30,stacked_rf_on_har_augmented_forecasts_log_rolling,Stacked Random Forest,Stacked combinations,141,0.818032,0.875253
2022-12-31,stacked_rf_on_har_augmented_forecasts_log_rolling,Stacked Random Forest,Stacked combinations,142,0.818006,0.875697
2023-01-31,stacked_rf_on_har_augmented_forecasts_log_rolling,Stacked Random Forest,Stacked combinations,143,0.817988,0.875819
2023-02-28,stacked_rf_on_har_augmented_forecasts_log_rolling,Stacked Random Forest,Stacked combinations,144,0.817184,0.878713
2023-03-31,stacked_rf_on_har_augmented_forecasts_log_rolling,Stacked Random Forest,Stacked combinations,145,0.817151,0.960417
2023-04-30,stacked_rf_on_har_augmented_forecasts_log_rolling,Stacked Random Forest,Stacked combinations,146,0.816383,-0.102728
2023-05-31,stacked_rf_on_har_augmented_forecasts_log_rolling,Stacked Random Forest,Stacked combinations,147,0.816297,-0.113338
2023-06-30,stacked_rf_on_har_augmented_forecasts_log_rolling,Stacked Random Forest,Stacked combinations,148,0.81633,-0.112377
2023-07-31,stacked_rf_on_har_augmented_forecasts_log_rolling,Stacked Random Forest,Stacked combinations,149,0.816422,-0.083807
2023-08-31,stacked_rf_on_har_augmented_forecasts_log_rolling,Stacked Random Forest,Stacked combinations,150,0.816045,-0.109931
2023-09-30,stacked_rf_on_har_augmented_forecasts_log_rolling,Stacked Random Forest,Stacked combinations,151,0.815968,-0.166555
2023-10-31,stacked_rf_on_har_augmented_forecasts_log_rolling,Stacked Random Forest,Stacked combinations,152,0.815101,-0.187355
2023-11-30,stacked_rf_on_har_augmented_forecasts_log_rolling,Stacked Random Forest,Stacked combinations,153,0.814807,-0.095721
2023-12-31,stacked_rf_on_har_augmented_forecasts_log_rolling,Stacked Random Forest,Stacked combinations,154,0.814846,-0.111432
2024-01-31,stacked_rf_on_har_augmented_forecasts_log_rolling,Stacked Random Forest,Stacked combinations,155,0.814828,-0.110616
2011-03-31,stacked_enet_on_har_augmented_forecasts_log_rolling,Stacked Elastic Net,Stacked combinations,1,-9.31555,
2011-04-30,stacked_enet_on_har_augmented_forecasts_log_rolling,Stacked Elastic Net,Stacked combinations,2,0.064281,
2011-05-31,stacked_enet_on_har_augmented_forecasts_log_rolling,Stacked Elastic Net,Stacked combinations,3,0.09644,
2011-06-30,stacked_enet_on_har_augmented_forecasts_log_rolling,Stacked Elastic Net,Stacked combinations,4,0.097045,
2011-07-31,stacked_enet_on_har_augmented_forecasts_log_rolling,Stacked Elastic Net,Stacked combinations,5,0.110649,
2011-08-31,stacked_enet_on_har_augmented_forecasts_log_rolling,Stacked Elastic Net,Stacked combinations,6,0.194407,
2011-09-30,stacked_enet_on_har_augmented_forecasts_log_rolling,Stacked Elastic Net,Stacked combinations,7,0.244003,
2011-10-31,stacked_enet_on_har_augmented_forecasts_log_rolling,Stacked Elastic Net,Stacked combinations,8,0.216323,
2011-11-30,stacked_enet_on_har_augmented_forecasts_log_rolling,Stacked Elastic Net,Stacked combinations,9,0.232374,
2011-12-31,stacked_enet_on_har_augmented_forecasts_log_rolling,Stacked Elastic Net,Stacked combinations,10,0.200172,
2012-01-31,stacked_enet_on_har_augmented_forecasts_log_rolling,Stacked Elastic Net,Stacked combinations,11,0.082454,
2012-02-29,stacked_enet_on_har_augmented_forecasts_log_rolling,Stacked Elastic Net,Stacked combinations,12,0.036501,
2012-03-31,stacked_enet_on_har_augmented_forecasts_log_rolling,Stacked Elastic Net,Stacked combinations,13,0.034913,
2012-04-30,stacked_enet_on_har_augmented_forecasts_log_rolling,Stacked Elastic Net,Stacked combinations,14,0.034692,
2012-05-31,stacked_enet_on_har_augmented_forecasts_log_rolling,Stacked Elastic Net,Stacked combinations,15,0.031403,
2012-06-30,stacked_enet_on_har_augmented_forecasts_log_rolling,Stacked Elastic Net,Stacked combinations,16,0.029462,
2012-07-31,stacked_enet_on_har_augmented_forecasts_log_rolling,Stacked Elastic Net,Stacked combinations,17,0.026989,
2012-08-31,stacked_enet_on_har_augmented_forecasts_log_rolling,Stacked Elastic Net,Stacked combinations,18,0.00908,
2012-09-30,stacked_enet_on_har_augmented_forecasts_log_rolling,Stacked Elastic Net,Stacked combinations,19,0.005911,
2012-10-31,stacked_enet_on_har_augmented_forecasts_log_rolling,Stacked Elastic Net,Stacked combinations,20,0.004632,
2012-11-30,stacked_enet_on_har_augmented_forecasts_log_rolling,Stacked Elastic Net,Stacked combinations,21,0.003849,
2012-12-31,stacked_enet_on_har_augmented_forecasts_log_rolling,Stacked Elastic Net,Stacked combinations,22,0.003175,
2013-01-31,stacked_enet_on_har_augmented_forecasts_log_rolling,Stacked Elastic Net,Stacked combinations,23,0.004336,
2013-02-28,stacked_enet_on_har_augmented_forecasts_log_rolling,Stacked Elastic Net,Stacked combinations,24,0.00275,
2013-03-31,stacked_enet_on_har_augmented_forecasts_log_rolling,Stacked Elastic Net,Stacked combinations,25,0.003046,
2013-04-30,stacked_enet_on_har_augmented_forecasts_log_rolling,Stacked Elastic Net,Stacked combinations,26,0.003215,
2013-05-31,stacked_enet_on_har_augmented_forecasts_log_rolling,Stacked Elastic Net,Stacked combinations,27,0.006025,
2013-06-30,stacked_enet_on_har_augmented_forecasts_log_rolling,Stacked Elastic Net,Stacked combinations,28,0.004636,
2013-07-31,stacked_enet_on_har_augmented_forecasts_log_rolling,Stacked Elastic Net,Stacked combinations,29,0.003708,
2013-08-31,stacked_enet_on_har_augmented_forecasts_log_rolling,Stacked Elastic Net,Stacked combinations,30,0.004488,
2013-09-30,stacked_enet_on_har_augmented_forecasts_log_rolling,Stacked Elastic Net,Stacked combinations,31,-0.000809,
2013-10-31,stacked_enet_on_har_augmented_forecasts_log_rolling,Stacked Elastic Net,Stacked combinations,32,-8.7e-05,
2013-11-30,stacked_enet_on_har_augmented_forecasts_log_rolling,Stacked Elastic Net,Stacked combinations,33,0.002785,
2013-12-31,stacked_enet_on_har_augmented_forecasts_log_rolling,Stacked Elastic Net,Stacked combinations,34,0.004306,
2014-01-31,stacked_enet_on_har_augmented_forecasts_log_rolling,Stacked Elastic Net,Stacked combinations,35,0.004275,
2014-02-28,stacked_enet_on_har_augmented_forecasts_log_rolling,Stacked Elastic Net,Stacked combinations,36,0.004266,0.004266
2014-03-31,stacked_enet_on_har_augmented_forecasts_log_rolling,Stacked Elastic Net,Stacked combinations,37,0.004753,0.015088
2014-04-30,stacked_enet_on_har_augmented_forecasts_log_rolling,Stacked Elastic Net,Stacked combinations,38,0.004956,0.002732
2014-05-31,stacked_enet_on_har_augmented_forecasts_log_rolling,Stacked Elastic Net,Stacked combinations,39,0.001706,-0.001928
2014-06-30,stacked_enet_on_har_augmented_forecasts_log_rolling,Stacked Elastic Net,Stacked combinations,40,0.008947,0.005641
2014-07-31,stacked_enet_on_har_augmented_forecasts_log_rolling,Stacked Elastic Net,Stacked combinations,41,0.004078,4.3e-05
2014-08-31,stacked_enet_on_har_augmented_forecasts_log_rolling,Stacked Elastic Net,Stacked combinations,42,0.004314,-0.30971
2014-09-30,stacked_enet_on_har_augmented_forecasts_log_rolling,Stacked Elastic Net,Stacked combinations,43,0.007153,-0.458578
2014-10-31,stacked_enet_on_har_augmented_forecasts_log_rolling,Stacked Elastic Net,Stacked combinations,44,0.0125,-0.422194
2014-11-30,stacked_enet_on_har_augmented_forecasts_log_rolling,Stacked Elastic Net,Stacked combinations,45,0.015092,-0.434817
2014-12-31,stacked_enet_on_har_augmented_forecasts_log_rolling,Stacked Elastic Net,Stacked combinations,46,0.01618,-0.369521
2015-01-31,stacked_enet_on_har_augmented_forecasts_log_rolling,Stacked Elastic Net,Stacked combinations,47,0.020255,-0.113293
2015-02-28,stacked_enet_on_har_augmented_forecasts_log_rolling,Stacked Elastic Net,Stacked combinations,48,0.010986,-0.046683
2015-03-31,stacked_enet_on_har_augmented_forecasts_log_rolling,Stacked Elastic Net,Stacked combinations,49,0.013514,-0.037771
2015-04-30,stacked_enet_on_har_augmented_forecasts_log_rolling,Stacked Elastic Net,Stacked combinations,50,0.013546,-0.037403
2015-05-31,stacked_enet_on_har_augmented_forecasts_log_rolling,Stacked Elastic Net,Stacked combinations,51,0.014766,-0.02494
2015-06-30,stacked_enet_on_har_augmented_forecasts_log_rolling,Stacked Elastic Net,Stacked combinations,52,0.01636,-0.014728
2015-07-31,stacked_enet_on_har_augmented_forecasts_log_rolling,Stacked Elastic Net,Stacked combinations,53,0.016568,-0.008671
2015-08-31,stacked_enet_on_har_augmented_forecasts_log_rolling,Stacked Elastic Net,Stacked combinations,54,0.019042,0.037848
2015-09-30,stacked_enet_on_har_augmented_forecasts_log_rolling,Stacked Elastic Net,Stacked combinations,55,0.002751,-0.003353
2015-10-31,stacked_enet_on_har_augmented_forecasts_log_rolling,Stacked Elastic Net,Stacked combinations,56,-0.00226,-0.01544
2015-11-30,stacked_enet_on_har_augmented_forecasts_log_rolling,Stacked Elastic Net,Stacked combinations,57,-0.00327,-0.016722
2015-12-31,stacked_enet_on_har_augmented_forecasts_log_rolling,Stacked Elastic Net,Stacked combinations,58,-0.010172,-0.03517
2016-01-31,stacked_enet_on_har_augmented_forecasts_log_rolling,Stacked Elastic Net,Stacked combinations,59,-0.007183,-0.026182
2016-02-29,stacked_enet_on_har_augmented_forecasts_log_rolling,Stacked Elastic Net,Stacked combinations,60,-0.003442,-0.013683
2016-03-31,stacked_enet_on_har_augmented_forecasts_log_rolling,Stacked Elastic Net,Stacked combinations,61,-0.006401,-0.02149
2016-04-30,stacked_enet_on_har_augmented_forecasts_log_rolling,Stacked Elastic Net,Stacked combinations,62,-0.004382,-0.01627
2016-05-31,stacked_enet_on_har_augmented_forecasts_log_rolling,Stacked Elastic Net,Stacked combinations,63,-0.007475,-0.02859
2016-06-30,stacked_enet_on_har_augmented_forecasts_log_rolling,Stacked Elastic Net,Stacked combinations,64,-0.006785,-0.025389
2016-07-31,stacked_enet_on_har_augmented_forecasts_log_rolling,Stacked Elastic Net,Stacked combinations,65,-0.007388,-0.025915
2016-08-31,stacked_enet_on_har_augmented_forecasts_log_rolling,Stacked Elastic Net,Stacked combinations,66,0.000875,-0.005014
2016-09-30,stacked_enet_on_har_augmented_forecasts_log_rolling,Stacked Elastic Net,Stacked combinations,67,-0.003192,-0.007138
2016-10-31,stacked_enet_on_har_augmented_forecasts_log_rolling,Stacked Elastic Net,Stacked combinations,68,0.002586,0.006955
2016-11-30,stacked_enet_on_har_augmented_forecasts_log_rolling,Stacked Elastic Net,Stacked combinations,69,0.002657,0.00244
2016-12-31,stacked_enet_on_har_augmented_forecasts_log_rolling,Stacked Elastic Net,Stacked combinations,70,0.003255,0.001513
2017-01-31,stacked_enet_on_har_augmented_forecasts_log_rolling,Stacked Elastic Net,Stacked combinations,71,0.009248,0.017288
2017-02-28,stacked_enet_on_har_augmented_forecasts_log_rolling,Stacked Elastic Net,Stacked combinations,72,0.018201,0.039887
2017-03-31,stacked_enet_on_har_augmented_forecasts_log_rolling,Stacked Elastic Net,Stacked combinations,73,0.021352,0.046945
2017-04-30,stacked_enet_on_har_augmented_forecasts_log_rolling,Stacked Elastic Net,Stacked combinations,74,0.025463,0.056766
2017-05-31,stacked_enet_on_har_augmented_forecasts_log_rolling,Stacked Elastic Net,Stacked combinations,75,0.032482,0.079282
2017-06-30,stacked_enet_on_har_augmented_forecasts_log_rolling,Stacked Elastic Net,Stacked combinations,76,0.0356,0.077882
2017-07-31,stacked_enet_on_har_augmented_forecasts_log_rolling,Stacked Elastic Net,Stacked combinations,77,0.04529,0.109566
2017-08-31,stacked_enet_on_har_augmented_forecasts_log_rolling,Stacked Elastic Net,Stacked combinations,78,0.049509,0.119657
2017-09-30,stacked_enet_on_har_augmented_forecasts_log_rolling,Stacked Elastic Net,Stacked combinations,79,0.05715,0.132793
2017-10-31,stacked_enet_on_har_augmented_forecasts_log_rolling,Stacked Elastic Net,Stacked combinations,80,0.068752,0.160764
2017-11-30,stacked_enet_on_har_augmented_forecasts_log_rolling,Stacked Elastic Net,Stacked combinations,81,0.074178,0.181091
2017-12-31,stacked_enet_on_har_augmented_forecasts_log_rolling,Stacked Elastic Net,Stacked combinations,82,0.076127,0.184473
2018-01-31,stacked_enet_on_har_augmented_forecasts_log_rolling,Stacked Elastic Net,Stacked combinations,83,0.077338,0.186106
2018-02-28,stacked_enet_on_har_augmented_forecasts_log_rolling,Stacked Elastic Net,Stacked combinations,84,0.060253,0.147098
2018-03-31,stacked_enet_on_har_augmented_forecasts_log_rolling,Stacked Elastic Net,Stacked combinations,85,0.053326,0.122037
2018-04-30,stacked_enet_on_har_augmented_forecasts_log_rolling,Stacked Elastic Net,Stacked combinations,86,0.053289,0.120369
2018-05-31,stacked_enet_on_har_augmented_forecasts_log_rolling,Stacked Elastic Net,Stacked combinations,87,0.052334,0.116491
2018-06-30,stacked_enet_on_har_augmented_forecasts_log_rolling,Stacked Elastic Net,Stacked combinations,88,0.05336,0.116594
2018-07-31,stacked_enet_on_har_augmented_forecasts_log_rolling,Stacked Elastic Net,Stacked combinations,89,0.053378,0.116115
2018-08-31,stacked_enet_on_har_augmented_forecasts_log_rolling,Stacked Elastic Net,Stacked combinations,90,0.057365,0.144396
2018-09-30,stacked_enet_on_har_augmented_forecasts_log_rolling,Stacked Elastic Net,Stacked combinations,91,0.059131,0.18797
2018-10-31,stacked_enet_on_har_augmented_forecasts_log_rolling,Stacked Elastic Net,Stacked combinations,92,0.038207,0.113072
2018-11-30,stacked_enet_on_har_augmented_forecasts_log_rolling,Stacked Elastic Net,Stacked combinations,93,0.029822,0.090984
2018-12-31,stacked_enet_on_har_augmented_forecasts_log_rolling,Stacked Elastic Net,Stacked combinations,94,-0.008843,-0.006997
2019-01-31,stacked_enet_on_har_augmented_forecasts_log_rolling,Stacked Elastic Net,Stacked combinations,95,0.009509,0.036106
2019-02-28,stacked_enet_on_har_augmented_forecasts_log_rolling,Stacked Elastic Net,Stacked combinations,96,0.017763,0.051059
2019-03-31,stacked_enet_on_har_augmented_forecasts_log_rolling,Stacked Elastic Net,Stacked combinations,97,0.018081,0.058547
2019-04-30,stacked_enet_on_har_augmented_forecasts_log_rolling,Stacked Elastic Net,Stacked combinations,98,0.021505,0.064023
2019-05-31,stacked_enet_on_har_augmented_forecasts_log_rolling,Stacked Elastic Net,Stacked combinations,99,0.019489,0.062954
2019-06-30,stacked_enet_on_har_augmented_forecasts_log_rolling,Stacked Elastic Net,Stacked combinations,100,0.020852,0.065163
2019-07-31,stacked_enet_on_har_augmented_forecasts_log_rolling,Stacked Elastic Net,Stacked combinations,101,0.022801,0.072806
2019-08-31,stacked_enet_on_har_augmented_forecasts_log_rolling,Stacked Elastic Net,Stacked combinations,102,0.020358,0.051999
2019-09-30,stacked_enet_on_har_augmented_forecasts_log_rolling,Stacked Elastic Net,Stacked combinations,103,0.022175,0.062711
2019-10-31,stacked_enet_on_har_augmented_forecasts_log_rolling,Stacked Elastic Net,Stacked combinations,104,0.021894,0.053257
2019-11-30,stacked_enet_on_har_augmented_forecasts_log_rolling,Stacked Elastic Net,Stacked combinations,105,0.02837,0.069099
2019-12-31,stacked_enet_on_har_augmented_forecasts_log_rolling,Stacked Elastic Net,Stacked combinations,106,0.028002,0.068608
2020-01-31,stacked_enet_on_har_augmented_forecasts_log_rolling,Stacked Elastic Net,Stacked combinations,107,0.028002,0.059551
2020-02-29,stacked_enet_on_har_augmented_forecasts_log_rolling,Stacked Elastic Net,Stacked combinations,108,0.03358,0.056242
2020-03-31,stacked_enet_on_har_augmented_forecasts_log_rolling,Stacked Elastic Net,Stacked combinations,109,0.128193,0.167421
2020-04-30,stacked_enet_on_har_augmented_forecasts_log_rolling,Stacked Elastic Net,Stacked combinations,110,0.768775,0.804873
2020-05-31,stacked_enet_on_har_augmented_forecasts_log_rolling,Stacked Elastic Net,Stacked combinations,111,0.768569,0.804865
2020-06-30,stacked_enet_on_har_augmented_forecasts_log_rolling,Stacked Elastic Net,Stacked combinations,112,0.766649,0.802875
2020-07-31,stacked_enet_on_har_augmented_forecasts_log_rolling,Stacked Elastic Net,Stacked combinations,113,0.766233,0.802469
2020-08-31,stacked_enet_on_har_augmented_forecasts_log_rolling,Stacked Elastic Net,Stacked combinations,114,0.76586,0.802019
2020-09-30,stacked_enet_on_har_augmented_forecasts_log_rolling,Stacked Elastic Net,Stacked combinations,115,0.764762,0.80086
2020-10-31,stacked_enet_on_har_augmented_forecasts_log_rolling,Stacked Elastic Net,Stacked combinations,116,0.764618,0.800697
2020-11-30,stacked_enet_on_har_augmented_forecasts_log_rolling,Stacked Elastic Net,Stacked combinations,117,0.76231,0.798216
2020-12-31,stacked_enet_on_har_augmented_forecasts_log_rolling,Stacked Elastic Net,Stacked combinations,118,0.762346,0.798197
2021-01-31,stacked_enet_on_har_augmented_forecasts_log_rolling,Stacked Elastic Net,Stacked combinations,119,0.762272,0.798108
2021-02-28,stacked_enet_on_har_augmented_forecasts_log_rolling,Stacked Elastic Net,Stacked combinations,120,0.75996,0.797963
2021-03-31,stacked_enet_on_har_augmented_forecasts_log_rolling,Stacked Elastic Net,Stacked combinations,121,0.759986,0.79882
2021-04-30,stacked_enet_on_har_augmented_forecasts_log_rolling,Stacked Elastic Net,Stacked combinations,122,0.759688,0.798906
2021-05-31,stacked_enet_on_har_augmented_forecasts_log_rolling,Stacked Elastic Net,Stacked combinations,123,0.759689,0.799045
2021-06-30,stacked_enet_on_har_augmented_forecasts_log_rolling,Stacked Elastic Net,Stacked combinations,124,0.759454,0.798776
2021-07-31,stacked_enet_on_har_augmented_forecasts_log_rolling,Stacked Elastic Net,Stacked combinations,125,0.759352,0.798799
2021-08-31,stacked_enet_on_har_augmented_forecasts_log_rolling,Stacked Elastic Net,Stacked combinations,126,0.758794,0.798196
2021-09-30,stacked_enet_on_har_augmented_forecasts_log_rolling,Stacked Elastic Net,Stacked combinations,127,0.758725,0.798107
2021-10-31,stacked_enet_on_har_augmented_forecasts_log_rolling,Stacked Elastic Net,Stacked combinations,128,0.758604,0.802423
2021-11-30,stacked_enet_on_har_augmented_forecasts_log_rolling,Stacked Elastic Net,Stacked combinations,129,0.758599,0.80319
2021-12-31,stacked_enet_on_har_augmented_forecasts_log_rolling,Stacked Elastic Net,Stacked combinations,130,0.758743,0.811776
2022-01-31,stacked_enet_on_har_augmented_forecasts_log_rolling,Stacked Elastic Net,Stacked combinations,131,0.753624,0.805863
2022-02-28,stacked_enet_on_har_augmented_forecasts_log_rolling,Stacked Elastic Net,Stacked combinations,132,0.752854,0.80492
2022-03-31,stacked_enet_on_har_augmented_forecasts_log_rolling,Stacked Elastic Net,Stacked combinations,133,0.752363,0.804356
2022-04-30,stacked_enet_on_har_augmented_forecasts_log_rolling,Stacked Elastic Net,Stacked combinations,134,0.751981,0.80427
2022-05-31,stacked_enet_on_har_augmented_forecasts_log_rolling,Stacked Elastic Net,Stacked combinations,135,0.750947,0.803429
2022-06-30,stacked_enet_on_har_augmented_forecasts_log_rolling,Stacked Elastic Net,Stacked combinations,136,0.749068,0.801464
2022-07-31,stacked_enet_on_har_augmented_forecasts_log_rolling,Stacked Elastic Net,Stacked combinations,137,0.749068,0.801567
2022-08-31,stacked_enet_on_har_augmented_forecasts_log_rolling,Stacked Elastic Net,Stacked combinations,138,0.7489,0.802839
2022-09-30,stacked_enet_on_har_augmented_forecasts_log_rolling,Stacked Elastic Net,Stacked combinations,139,0.747548,0.801477
2022-10-31,stacked_enet_on_har_augmented_forecasts_log_rolling,Stacked Elastic Net,Stacked combinations,140,0.747445,0.801349
2022-11-30,stacked_enet_on_har_augmented_forecasts_log_rolling,Stacked Elastic Net,Stacked combinations,141,0.747082,0.801099
2022-12-31,stacked_enet_on_har_augmented_forecasts_log_rolling,Stacked Elastic Net,Stacked combinations,142,0.746913,0.801053
2023-01-31,stacked_enet_on_har_augmented_forecasts_log_rolling,Stacked Elastic Net,Stacked combinations,143,0.746884,0.801018
2023-02-28,stacked_enet_on_har_augmented_forecasts_log_rolling,Stacked Elastic Net,Stacked combinations,144,0.746208,0.803894
2023-03-31,stacked_enet_on_har_augmented_forecasts_log_rolling,Stacked Elastic Net,Stacked combinations,145,0.745733,0.869324
2023-04-30,stacked_enet_on_har_augmented_forecasts_log_rolling,Stacked Elastic Net,Stacked combinations,146,0.745549,0.013959
2023-05-31,stacked_enet_on_har_augmented_forecasts_log_rolling,Stacked Elastic Net,Stacked combinations,147,0.745386,0.009707
2023-06-30,stacked_enet_on_har_augmented_forecasts_log_rolling,Stacked Elastic Net,Stacked combinations,148,0.745452,0.053171
2023-07-31,stacked_enet_on_har_augmented_forecasts_log_rolling,Stacked Elastic Net,Stacked combinations,149,0.745557,0.07865
2023-08-31,stacked_enet_on_har_augmented_forecasts_log_rolling,Stacked Elastic Net,Stacked combinations,150,0.745454,0.072476
2023-09-30,stacked_enet_on_har_augmented_forecasts_log_rolling,Stacked Elastic Net,Stacked combinations,151,0.745429,0.023881
2023-10-31,stacked_enet_on_har_augmented_forecasts_log_rolling,Stacked Elastic Net,Stacked combinations,152,0.745066,0.024186
2023-11-30,stacked_enet_on_har_augmented_forecasts_log_rolling,Stacked Elastic Net,Stacked combinations,153,0.74462,0.104595
2023-12-31,stacked_enet_on_har_augmented_forecasts_log_rolling,Stacked Elastic Net,Stacked combinations,154,0.744671,0.088307
2024-01-31,stacked_enet_on_har_augmented_forecasts_log_rolling,Stacked Elastic Net,Stacked combinations,155,0.744671,0.087733
