caldt,sprtrn
1925-12-31,
1926-01-02,
1926-01-04,
1926-01-05,
1926-01-06,
1926-01-07,
1926-01-08,
1926-01-09,
1926-01-11,
1926-01-12,
1926-01-13,
1926-01-14,
1926-01-15,
1926-01-16,
1926-01-18,
1926-01-19,
1926-01-20,
1926-01-21,
1926-01-22,
1926-01-23,
1926-01-25,
1926-01-26,
1926-01-27,
1926-01-28,
1926-01-29,
1926-01-30,
1926-02-01,
1926-02-02,
1926-02-03,
1926-02-04,
1926-02-05,
1926-02-06,
1926-02-08,
1926-02-09,
1926-02-10,
1926-02-11,
1926-02-13,
1926-02-15,
1926-02-16,
1926-02-17,
1926-02-18,
1926-02-19,
1926-02-20,
1926-02-23,
1926-02-24,
1926-02-25,
1926-02-26,
1926-02-27,
1926-03-01,
1926-03-02,
1926-03-03,
1926-03-04,
1926-03-05,
1926-03-06,
1926-03-08,
1926-03-09,
1926-03-10,
1926-03-11,
1926-03-12,
1926-03-13,
1926-03-15,
1926-03-16,
1926-03-17,
1926-03-18,
1926-03-19,
1926-03-20,
1926-03-22,
1926-03-23,
1926-03-24,
1926-03-25,
1926-03-26,
1926-03-27,
1926-03-29,
1926-03-30,
1926-03-31,
1926-04-01,
1926-04-03,
1926-04-05,
1926-04-06,
1926-04-07,
1926-04-08,
1926-04-09,
1926-04-10,
1926-04-12,
1926-04-13,
1926-04-14,
1926-04-15,
1926-04-16,
1926-04-17,
1926-04-19,
1926-04-20,
1926-04-21,
1926-04-22,
1926-04-23,
1926-04-24,
1926-04-26,
1926-04-27,
1926-04-28,
1926-04-29,
1926-04-30,
1926-05-01,
1926-05-03,
1926-05-04,
1926-05-05,
1926-05-06,
1926-05-07,
1926-05-08,
1926-05-10,
1926-05-11,
1926-05-12,
1926-05-13,
1926-05-14,
1926-05-15,
1926-05-17,
1926-05-18,
1926-05-19,
1926-05-20,
1926-05-21,
1926-05-22,
1926-05-24,
1926-05-25,
1926-05-26,
1926-05-27,
1926-05-28,
1926-06-01,
1926-06-02,
1926-06-03,
1926-06-04,
1926-06-05,
1926-06-07,
1926-06-08,
1926-06-09,
1926-06-10,
1926-06-11,
1926-06-12,
1926-06-14,
1926-06-15,
1926-06-16,
1926-06-17,
1926-06-18,
1926-06-19,
1926-06-21,
1926-06-22,
1926-06-23,
1926-06-24,
1926-06-25,
1926-06-26,
1926-06-28,
1926-06-29,
1926-06-30,
1926-07-01,
1926-07-02,
1926-07-06,
1926-07-07,
1926-07-08,
1926-07-09,
1926-07-10,
1926-07-12,
1926-07-13,
1926-07-14,
1926-07-15,
1926-07-16,
1926-07-17,
1926-07-19,
1926-07-20,
1926-07-21,
1926-07-22,
1926-07-23,
1926-07-24,
1926-07-26,
1926-07-27,
1926-07-28,
1926-07-29,
1926-07-30,
1926-07-31,
1926-08-02,
1926-08-03,
1926-08-04,
1926-08-05,
1926-08-06,
1926-08-07,
1926-08-09,
1926-08-10,
1926-08-11,
1926-08-12,
1926-08-13,
1926-08-14,
1926-08-16,
1926-08-17,
1926-08-18,
1926-08-19,
1926-08-20,
1926-08-21,
1926-08-23,
1926-08-24,
1926-08-25,
1926-08-26,
1926-08-27,
1926-08-28,
1926-08-30,
1926-08-31,
1926-09-01,
1926-09-02,
1926-09-03,
1926-09-07,
1926-09-08,
1926-09-09,
1926-09-10,
1926-09-11,
1926-09-13,
1926-09-14,
1926-09-15,
1926-09-16,
1926-09-17,
1926-09-18,
1926-09-20,
1926-09-21,
1926-09-22,
1926-09-23,
1926-09-24,
1926-09-25,
1926-09-27,
1926-09-28,
1926-09-29,
1926-09-30,
1926-10-01,
1926-10-02,
1926-10-04,
1926-10-05,
1926-10-06,
1926-10-07,
1926-10-08,
1926-10-09,
1926-10-11,
1926-10-13,
1926-10-14,
1926-10-15,
1926-10-16,
1926-10-18,
1926-10-19,
1926-10-20,
1926-10-21,
1926-10-22,
1926-10-23,
1926-10-25,
1926-10-26,
1926-10-27,
1926-10-28,
1926-10-29,
1926-10-30,
1926-11-01,
1926-11-03,
1926-11-04,
1926-11-05,
1926-11-06,
1926-11-08,
1926-11-09,
1926-11-10,
1926-11-11,
1926-11-12,
1926-11-13,
1926-11-15,
1926-11-16,
1926-11-17,
1926-11-18,
1926-11-19,
1926-11-20,
1926-11-22,
1926-11-23,
1926-11-24,
1926-11-26,
1926-11-27,
1926-11-29,
1926-11-30,
1926-12-01,
1926-12-02,
1926-12-03,
1926-12-04,
1926-12-06,
1926-12-07,
1926-12-08,
1926-12-09,
1926-12-10,
1926-12-11,
1926-12-13,
1926-12-14,
1926-12-15,
1926-12-16,
1926-12-17,
1926-12-18,
1926-12-20,
1926-12-21,
1926-12-22,
1926-12-23,
1926-12-24,
1926-12-27,
1926-12-28,
1926-12-29,
1926-12-30,
1926-12-31,
1927-01-03,
1927-01-04,
1927-01-05,
1927-01-06,
1927-01-07,
1927-01-08,
1927-01-10,
1927-01-11,
1927-01-12,
1927-01-13,
1927-01-14,
1927-01-15,
1927-01-17,
1927-01-18,
1927-01-19,
1927-01-20,
1927-01-21,
1927-01-22,
1927-01-24,
1927-01-25,
1927-01-26,
1927-01-27,
1927-01-28,
1927-01-29,
1927-01-31,
1927-02-01,
1927-02-02,
1927-02-03,
1927-02-04,
1927-02-05,
1927-02-07,
1927-02-08,
1927-02-09,
1927-02-10,
1927-02-11,
1927-02-14,
1927-02-15,
1927-02-16,
1927-02-17,
1927-02-18,
1927-02-19,
1927-02-21,
1927-02-23,
1927-02-24,
1927-02-25,
1927-02-26,
1927-02-28,
1927-03-01,
1927-03-02,
1927-03-03,
1927-03-04,
1927-03-05,
1927-03-07,
1927-03-08,
1927-03-09,
1927-03-10,
1927-03-11,
1927-03-12,
1927-03-14,
1927-03-15,
1927-03-16,
1927-03-17,
1927-03-18,
1927-03-19,
1927-03-21,
1927-03-22,
1927-03-23,
1927-03-24,
1927-03-25,
1927-03-26,
1927-03-28,
1927-03-29,
1927-03-30,
1927-03-31,
1927-04-01,
1927-04-02,
1927-04-04,
1927-04-05,
1927-04-06,
1927-04-07,
1927-04-08,
1927-04-09,
1927-04-11,
1927-04-12,
1927-04-13,
1927-04-14,
1927-04-16,
1927-04-18,
1927-04-19,
1927-04-20,
1927-04-21,
1927-04-22,
1927-04-23,
1927-04-25,
1927-04-26,
1927-04-27,
1927-04-28,
1927-04-29,
1927-04-30,
1927-05-02,
1927-05-03,
1927-05-04,
1927-05-05,
1927-05-06,
1927-05-07,
1927-05-09,
1927-05-10,
1927-05-11,
1927-05-12,
1927-05-13,
1927-05-14,
1927-05-16,
1927-05-17,
1927-05-18,
1927-05-19,
1927-05-20,
1927-05-21,
1927-05-23,
1927-05-24,
1927-05-25,
1927-05-26,
1927-05-27,
1927-05-28,
1927-05-31,
1927-06-01,
1927-06-02,
1927-06-03,
1927-06-04,
1927-06-06,
1927-06-07,
1927-06-08,
1927-06-09,
1927-06-10,
1927-06-11,
1927-06-14,
1927-06-15,
1927-06-16,
1927-06-17,
1927-06-18,
1927-06-20,
1927-06-21,
1927-06-22,
1927-06-23,
1927-06-24,
1927-06-25,
1927-06-27,
1927-06-28,
1927-06-29,
1927-06-30,
1927-07-01,
1927-07-02,
1927-07-05,
1927-07-06,
1927-07-07,
1927-07-08,
1927-07-09,
1927-07-11,
1927-07-12,
1927-07-13,
1927-07-14,
1927-07-15,
1927-07-16,
1927-07-18,
1927-07-19,
1927-07-20,
1927-07-21,
1927-07-22,
1927-07-23,
1927-07-25,
1927-07-26,
1927-07-27,
1927-07-28,
1927-07-29,
1927-07-30,
1927-08-01,
1927-08-02,
1927-08-03,
1927-08-04,
1927-08-05,
1927-08-06,
1927-08-08,
1927-08-09,
1927-08-10,
1927-08-11,
1927-08-12,
1927-08-13,
1927-08-15,
1927-08-16,
1927-08-17,
1927-08-18,
1927-08-19,
1927-08-20,
1927-08-22,
1927-08-23,
1927-08-24,
1927-08-25,
1927-08-26,
1927-08-27,
1927-08-29,
1927-08-30,
1927-08-31,
1927-09-01,
1927-09-02,
1927-09-03,
1927-09-06,
1927-09-07,
1927-09-08,
1927-09-09,
1927-09-10,
1927-09-12,
1927-09-13,
1927-09-14,
1927-09-15,
1927-09-16,
1927-09-17,
1927-09-19,
1927-09-20,
1927-09-21,
1927-09-22,
1927-09-23,
1927-09-24,
1927-09-26,
1927-09-27,
1927-09-28,
1927-09-29,
1927-09-30,
1927-10-01,
1927-10-03,
1927-10-04,
1927-10-05,
1927-10-06,
1927-10-07,
1927-10-08,
1927-10-10,
1927-10-11,
1927-10-13,
1927-10-14,
1927-10-15,
1927-10-17,
1927-10-18,
1927-10-19,
1927-10-20,
1927-10-21,
1927-10-22,
1927-10-24,
1927-10-25,
1927-10-26,
1927-10-27,
1927-10-28,
1927-10-29,
1927-10-31,
1927-11-01,
1927-11-02,
1927-11-03,
1927-11-04,
1927-11-05,
1927-11-07,
1927-11-09,
1927-11-10,
1927-11-11,
1927-11-12,
1927-11-14,
1927-11-15,
1927-11-16,
1927-11-17,
1927-11-18,
1927-11-19,
1927-11-21,
1927-11-22,
1927-11-23,
1927-11-25,
1927-11-26,
1927-11-28,
1927-11-29,
1927-11-30,
1927-12-01,
1927-12-02,
1927-12-03,
1927-12-05,
1927-12-06,
1927-12-07,
1927-12-08,
1927-12-09,
1927-12-10,
1927-12-12,
1927-12-13,
1927-12-14,
1927-12-15,
1927-12-16,
1927-12-17,
1927-12-19,
1927-12-20,
1927-12-21,
1927-12-22,
1927-12-23,
1927-12-24,
1927-12-27,
1927-12-28,
1927-12-29,
1927-12-30,
1927-12-31,
1928-01-03,
1928-01-04,
1928-01-05,
1928-01-06,
1928-01-07,
1928-01-09,
1928-01-10,
1928-01-11,
1928-01-12,
1928-01-13,
1928-01-14,
1928-01-16,
1928-01-17,
1928-01-18,
1928-01-19,
1928-01-20,
1928-01-21,
1928-01-23,
1928-01-24,
1928-01-25,
1928-01-26,
1928-01-27,
1928-01-28,
1928-01-30,
1928-01-31,
1928-02-01,
1928-02-02,
1928-02-03,
1928-02-04,
1928-02-06,
1928-02-07,
1928-02-08,
1928-02-09,
1928-02-10,
1928-02-11,
1928-02-14,
1928-02-15,
1928-02-16,
1928-02-17,
1928-02-18,
1928-02-20,
1928-02-21,
1928-02-23,
1928-02-24,
1928-02-25,
1928-02-27,
1928-02-28,
1928-02-29,
1928-03-01,
1928-03-02,
1928-03-03,
1928-03-05,
1928-03-06,
1928-03-07,
1928-03-08,
1928-03-09,
1928-03-10,
1928-03-12,
1928-03-13,
1928-03-14,
1928-03-15,
1928-03-16,
1928-03-17,
1928-03-19,
1928-03-20,
1928-03-21,
1928-03-22,
1928-03-23,
1928-03-24,
1928-03-26,
1928-03-27,
1928-03-28,
1928-03-29,
1928-03-30,
1928-03-31,
1928-04-02,
1928-04-03,
1928-04-04,
1928-04-05,
1928-04-09,
1928-04-10,
1928-04-11,
1928-04-12,
1928-04-13,
1928-04-14,
1928-04-16,
1928-04-17,
1928-04-18,
1928-04-19,
1928-04-20,
1928-04-23,
1928-04-24,
1928-04-25,
1928-04-26,
1928-04-27,
1928-04-28,
1928-04-30,
1928-05-01,
1928-05-02,
1928-05-03,
1928-05-04,
1928-05-07,
1928-05-08,
1928-05-09,
1928-05-10,
1928-05-11,
1928-05-14,
1928-05-15,
1928-05-16,
1928-05-17,
1928-05-18,
1928-05-21,
1928-05-22,
1928-05-23,
1928-05-24,
1928-05-25,
1928-05-28,
1928-05-29,
1928-05-31,
1928-06-01,
1928-06-02,
1928-06-04,
1928-06-05,
1928-06-06,
1928-06-07,
1928-06-08,
1928-06-09,
1928-06-11,
1928-06-12,
1928-06-13,
1928-06-14,
1928-06-15,
1928-06-16,
1928-06-18,
1928-06-19,
1928-06-20,
1928-06-21,
1928-06-22,
1928-06-23,
1928-06-25,
1928-06-26,
1928-06-27,
1928-06-28,
1928-06-29,
1928-06-30,
1928-07-02,
1928-07-03,
1928-07-05,
1928-07-06,
1928-07-07,
1928-07-09,
1928-07-10,
1928-07-11,
1928-07-12,
1928-07-13,
1928-07-14,
1928-07-16,
1928-07-17,
1928-07-18,
1928-07-19,
1928-07-20,
1928-07-21,
1928-07-23,
1928-07-24,
1928-07-25,
1928-07-26,
1928-07-27,
1928-07-28,
1928-07-30,
1928-07-31,
1928-08-01,
1928-08-02,
1928-08-03,
1928-08-04,
1928-08-06,
1928-08-07,
1928-08-08,
1928-08-09,
1928-08-10,
1928-08-11,
1928-08-13,
1928-08-14,
1928-08-15,
1928-08-16,
1928-08-17,
1928-08-18,
1928-08-20,
1928-08-21,
1928-08-22,
1928-08-23,
1928-08-24,
1928-08-25,
1928-08-27,
1928-08-28,
1928-08-29,
1928-08-30,
1928-08-31,
1928-09-01,
1928-09-04,
1928-09-05,
1928-09-06,
1928-09-07,
1928-09-08,
1928-09-10,
1928-09-11,
1928-09-12,
1928-09-13,
1928-09-14,
1928-09-15,
1928-09-17,
1928-09-18,
1928-09-19,
1928-09-20,
1928-09-21,
1928-09-22,
1928-09-24,
1928-09-25,
1928-09-26,
1928-09-27,
1928-09-28,
1928-09-29,
1928-10-01,
1928-10-02,
1928-10-03,
1928-10-04,
1928-10-05,
1928-10-06,
1928-10-08,
1928-10-09,
1928-10-10,
1928-10-11,
1928-10-13,
1928-10-15,
1928-10-16,
1928-10-17,
1928-10-18,
1928-10-19,
1928-10-20,
1928-10-22,
1928-10-23,
1928-10-24,
1928-10-25,
1928-10-26,
1928-10-27,
1928-10-29,
1928-10-30,
1928-10-31,
1928-11-01,
1928-11-02,
1928-11-03,
1928-11-05,
1928-11-07,
1928-11-08,
1928-11-09,
1928-11-10,
1928-11-12,
1928-11-13,
1928-11-14,
1928-11-15,
1928-11-16,
1928-11-17,
1928-11-19,
1928-11-20,
1928-11-21,
1928-11-22,
1928-11-23,
1928-11-26,
1928-11-27,
1928-11-28,
1928-11-30,
1928-12-01,
1928-12-03,
1928-12-04,
1928-12-05,
1928-12-06,
1928-12-07,
1928-12-08,
1928-12-10,
1928-12-11,
1928-12-12,
1928-12-13,
1928-12-14,
1928-12-15,
1928-12-17,
1928-12-18,
1928-12-19,
1928-12-20,
1928-12-21,
1928-12-22,
1928-12-24,
1928-12-26,
1928-12-27,
1928-12-28,
1928-12-29,
1928-12-31,
1929-01-02,
1929-01-03,
1929-01-04,
1929-01-05,
1929-01-07,
1929-01-08,
1929-01-09,
1929-01-10,
1929-01-11,
1929-01-12,
1929-01-14,
1929-01-15,
1929-01-16,
1929-01-17,
1929-01-18,
1929-01-19,
1929-01-21,
1929-01-22,
1929-01-23,
1929-01-24,
1929-01-25,
1929-01-26,
1929-01-28,
1929-01-29,
1929-01-30,
1929-01-31,
1929-02-01,
1929-02-02,
1929-02-04,
1929-02-05,
1929-02-06,
1929-02-07,
1929-02-08,
1929-02-11,
1929-02-13,
1929-02-14,
1929-02-15,
1929-02-16,
1929-02-18,
1929-02-19,
1929-02-20,
1929-02-21,
1929-02-25,
1929-02-26,
1929-02-27,
1929-02-28,
1929-03-01,
1929-03-02,
1929-03-04,
1929-03-05,
1929-03-06,
1929-03-07,
1929-03-08,
1929-03-09,
1929-03-11,
1929-03-12,
1929-03-13,
1929-03-14,
1929-03-15,
1929-03-16,
1929-03-18,
1929-03-19,
1929-03-20,
1929-03-21,
1929-03-22,
1929-03-23,
1929-03-25,
1929-03-26,
1929-03-27,
1929-03-28,
1929-04-01,
1929-04-02,
1929-04-03,
1929-04-04,
1929-04-05,
1929-04-06,
1929-04-08,
1929-04-09,
1929-04-10,
1929-04-11,
1929-04-12,
1929-04-13,
1929-04-15,
1929-04-16,
1929-04-17,
1929-04-18,
1929-04-19,
1929-04-20,
1929-04-22,
1929-04-23,
1929-04-24,
1929-04-25,
1929-04-26,
1929-04-27,
1929-04-29,
1929-04-30,
1929-05-01,
1929-05-02,
1929-05-03,
1929-05-04,
1929-05-06,
1929-05-07,
1929-05-08,
1929-05-09,
1929-05-10,
1929-05-11,
1929-05-13,
1929-05-14,
1929-05-15,
1929-05-16,
1929-05-17,
1929-05-18,
1929-05-20,
1929-05-21,
1929-05-22,
1929-05-23,
1929-05-24,
1929-05-25,
1929-05-27,
1929-05-28,
1929-05-29,
1929-05-31,
1929-06-01,
1929-06-03,
1929-06-04,
1929-06-05,
1929-06-06,
1929-06-07,
1929-06-08,
1929-06-10,
1929-06-11,
1929-06-12,
1929-06-13,
1929-06-14,
1929-06-15,
1929-06-17,
1929-06-18,
1929-06-19,
1929-06-20,
1929-06-21,
1929-06-22,
1929-06-24,
1929-06-25,
1929-06-26,
1929-06-27,
1929-06-28,
1929-06-29,
1929-07-01,
1929-07-02,
1929-07-03,
1929-07-05,
1929-07-06,
1929-07-08,
1929-07-09,
1929-07-10,
1929-07-11,
1929-07-12,
1929-07-13,
1929-07-15,
1929-07-16,
1929-07-17,
1929-07-18,
1929-07-19,
1929-07-20,
1929-07-22,
1929-07-23,
1929-07-24,
1929-07-25,
1929-07-26,
1929-07-27,
1929-07-29,
1929-07-30,
1929-07-31,
1929-08-01,
1929-08-02,
1929-08-03,
1929-08-05,
1929-08-06,
1929-08-07,
1929-08-08,
1929-08-09,
1929-08-10,
1929-08-12,
1929-08-13,
1929-08-14,
1929-08-15,
1929-08-16,
1929-08-17,
1929-08-19,
1929-08-20,
1929-08-21,
1929-08-22,
1929-08-23,
1929-08-24,
1929-08-26,
1929-08-27,
1929-08-28,
1929-08-29,
1929-08-30,
1929-09-03,
1929-09-04,
1929-09-05,
1929-09-06,
1929-09-07,
1929-09-09,
1929-09-10,
1929-09-11,
1929-09-12,
1929-09-13,
1929-09-14,
1929-09-16,
1929-09-17,
1929-09-18,
1929-09-19,
1929-09-20,
1929-09-21,
1929-09-23,
1929-09-24,
1929-09-25,
1929-09-26,
1929-09-27,
1929-09-28,
1929-09-30,
1929-10-01,
1929-10-02,
1929-10-03,
1929-10-04,
1929-10-05,
1929-10-07,
1929-10-08,
1929-10-09,
1929-10-10,
1929-10-11,
1929-10-14,
1929-10-15,
1929-10-16,
1929-10-17,
1929-10-18,
1929-10-19,
1929-10-21,
1929-10-22,
1929-10-23,
1929-10-24,
1929-10-25,
1929-10-26,
1929-10-28,
1929-10-29,
1929-10-30,
1929-10-31,
1929-11-04,
1929-11-06,
1929-11-07,
1929-11-08,
1929-11-11,
1929-11-12,
1929-11-13,
1929-11-14,
1929-11-15,
1929-11-18,
1929-11-19,
1929-11-20,
1929-11-21,
1929-11-22,
1929-11-25,
1929-11-26,
1929-11-27,
1929-12-02,
1929-12-03,
1929-12-04,
1929-12-05,
1929-12-06,
1929-12-07,
1929-12-09,
1929-12-10,
1929-12-11,
1929-12-12,
1929-12-13,
1929-12-14,
1929-12-16,
1929-12-17,
1929-12-18,
1929-12-19,
1929-12-20,
1929-12-21,
1929-12-23,
1929-12-24,
1929-12-26,
1929-12-27,
1929-12-28,
1929-12-30,
1929-12-31,
1930-01-02,
1930-01-03,
1930-01-04,
1930-01-06,
1930-01-07,
1930-01-08,
1930-01-09,
1930-01-10,
1930-01-11,
1930-01-13,
1930-01-14,
1930-01-15,
1930-01-16,
1930-01-17,
1930-01-18,
1930-01-20,
1930-01-21,
1930-01-22,
1930-01-23,
1930-01-24,
1930-01-25,
1930-01-27,
1930-01-28,
1930-01-29,
1930-01-30,
1930-01-31,
1930-02-01,
1930-02-03,
1930-02-04,
1930-02-05,
1930-02-06,
1930-02-07,
1930-02-08,
1930-02-10,
1930-02-11,
1930-02-13,
1930-02-14,
1930-02-15,
1930-02-17,
1930-02-18,
1930-02-19,
1930-02-20,
1930-02-21,
1930-02-24,
1930-02-25,
1930-02-26,
1930-02-27,
1930-02-28,
1930-03-01,
1930-03-03,
1930-03-04,
1930-03-05,
1930-03-06,
1930-03-07,
1930-03-08,
1930-03-10,
1930-03-11,
1930-03-12,
1930-03-13,
1930-03-14,
1930-03-15,
1930-03-17,
1930-03-18,
1930-03-19,
1930-03-20,
1930-03-21,
1930-03-22,
1930-03-24,
1930-03-25,
1930-03-26,
1930-03-27,
1930-03-28,
1930-03-29,
1930-03-31,
1930-04-01,
1930-04-02,
1930-04-03,
1930-04-04,
1930-04-05,
1930-04-07,
1930-04-08,
1930-04-09,
1930-04-10,
1930-04-11,
1930-04-12,
1930-04-14,
1930-04-15,
1930-04-16,
1930-04-17,
1930-04-21,
1930-04-22,
1930-04-23,
1930-04-24,
1930-04-25,
1930-04-26,
1930-04-28,
1930-04-29,
1930-04-30,
1930-05-01,
1930-05-02,
1930-05-03,
1930-05-05,
1930-05-06,
1930-05-07,
1930-05-08,
1930-05-09,
1930-05-10,
1930-05-12,
1930-05-13,
1930-05-14,
1930-05-15,
1930-05-16,
1930-05-17,
1930-05-19,
1930-05-20,
1930-05-21,
1930-05-22,
1930-05-23,
1930-05-24,
1930-05-26,
1930-05-27,
1930-05-28,
1930-05-29,
1930-06-02,
1930-06-03,
1930-06-04,
1930-06-05,
1930-06-06,
1930-06-07,
1930-06-09,
1930-06-10,
1930-06-11,
1930-06-12,
1930-06-13,
1930-06-14,
1930-06-16,
1930-06-17,
1930-06-18,
1930-06-19,
1930-06-20,
1930-06-21,
1930-06-23,
1930-06-24,
1930-06-25,
1930-06-26,
1930-06-27,
1930-06-28,
1930-06-30,
1930-07-01,
1930-07-02,
1930-07-03,
1930-07-07,
1930-07-08,
1930-07-09,
1930-07-10,
1930-07-11,
1930-07-12,
1930-07-14,
1930-07-15,
1930-07-16,
1930-07-17,
1930-07-18,
1930-07-19,
1930-07-21,
1930-07-22,
1930-07-23,
1930-07-24,
1930-07-25,
1930-07-26,
1930-07-28,
1930-07-29,
1930-07-30,
1930-07-31,
1930-08-01,
1930-08-02,
1930-08-04,
1930-08-05,
1930-08-06,
1930-08-07,
1930-08-08,
1930-08-09,
1930-08-11,
1930-08-12,
1930-08-13,
1930-08-14,
1930-08-15,
1930-08-16,
1930-08-18,
1930-08-19,
1930-08-20,
1930-08-21,
1930-08-22,
1930-08-23,
1930-08-25,
1930-08-26,
1930-08-27,
1930-08-28,
1930-08-29,
1930-09-02,
1930-09-03,
1930-09-04,
1930-09-05,
1930-09-06,
1930-09-08,
1930-09-09,
1930-09-10,
1930-09-11,
1930-09-12,
1930-09-13,
1930-09-15,
1930-09-16,
1930-09-17,
1930-09-18,
1930-09-19,
1930-09-20,
1930-09-22,
1930-09-23,
1930-09-24,
1930-09-25,
1930-09-26,
1930-09-27,
1930-09-29,
1930-09-30,
1930-10-01,
1930-10-02,
1930-10-03,
1930-10-04,
1930-10-06,
1930-10-07,
1930-10-08,
1930-10-09,
1930-10-10,
1930-10-11,
1930-10-14,
1930-10-15,
1930-10-16,
1930-10-17,
1930-10-18,
1930-10-20,
1930-10-21,
1930-10-22,
1930-10-23,
1930-10-24,
1930-10-25,
1930-10-27,
1930-10-28,
1930-10-29,
1930-10-30,
1930-10-31,
1930-11-01,
1930-11-03,
1930-11-05,
1930-11-06,
1930-11-07,
1930-11-08,
1930-11-10,
1930-11-11,
1930-11-12,
1930-11-13,
1930-11-14,
1930-11-15,
1930-11-17,
1930-11-18,
1930-11-19,
1930-11-20,
1930-11-21,
1930-11-22,
1930-11-24,
1930-11-25,
1930-11-26,
1930-11-28,
1930-11-29,
1930-12-01,
1930-12-02,
1930-12-03,
1930-12-04,
1930-12-05,
1930-12-06,
1930-12-08,
1930-12-09,
1930-12-10,
1930-12-11,
1930-12-12,
1930-12-13,
1930-12-15,
1930-12-16,
1930-12-17,
1930-12-18,
1930-12-19,
1930-12-20,
1930-12-22,
1930-12-23,
1930-12-24,
1930-12-26,
1930-12-27,
1930-12-29,
1930-12-30,
1930-12-31,
1931-01-02,
1931-01-03,
1931-01-05,
1931-01-06,
1931-01-07,
1931-01-08,
1931-01-09,
1931-01-10,
1931-01-12,
1931-01-13,
1931-01-14,
1931-01-15,
1931-01-16,
1931-01-17,
1931-01-19,
1931-01-20,
1931-01-21,
1931-01-22,
1931-01-23,
1931-01-24,
1931-01-26,
1931-01-27,
1931-01-28,
1931-01-29,
1931-01-30,
1931-01-31,
1931-02-02,
1931-02-03,
1931-02-04,
1931-02-05,
1931-02-06,
1931-02-07,
1931-02-09,
1931-02-10,
1931-02-11,
1931-02-13,
1931-02-14,
1931-02-16,
1931-02-17,
1931-02-18,
1931-02-19,
1931-02-20,
1931-02-21,
1931-02-24,
1931-02-25,
1931-02-26,
1931-02-27,
1931-02-28,
1931-03-02,
1931-03-03,
1931-03-04,
1931-03-05,
1931-03-06,
1931-03-07,
1931-03-09,
1931-03-10,
1931-03-11,
1931-03-12,
1931-03-13,
1931-03-14,
1931-03-16,
1931-03-17,
1931-03-18,
1931-03-19,
1931-03-20,
1931-03-21,
1931-03-23,
1931-03-24,
1931-03-25,
1931-03-26,
1931-03-27,
1931-03-28,
1931-03-30,
1931-03-31,
1931-04-01,
1931-04-02,
1931-04-04,
1931-04-06,
1931-04-07,
1931-04-08,
1931-04-09,
1931-04-10,
1931-04-11,
1931-04-13,
1931-04-14,
1931-04-15,
1931-04-16,
1931-04-17,
1931-04-18,
1931-04-20,
1931-04-21,
1931-04-22,
1931-04-23,
1931-04-24,
1931-04-25,
1931-04-27,
1931-04-28,
1931-04-29,
1931-04-30,
1931-05-01,
1931-05-02,
1931-05-04,
1931-05-05,
1931-05-06,
1931-05-07,
1931-05-08,
1931-05-09,
1931-05-11,
1931-05-12,
1931-05-13,
1931-05-14,
1931-05-15,
1931-05-16,
1931-05-18,
1931-05-19,
1931-05-20,
1931-05-21,
1931-05-22,
1931-05-23,
1931-05-25,
1931-05-26,
1931-05-27,
1931-05-28,
1931-05-29,
1931-06-01,
1931-06-02,
1931-06-03,
1931-06-04,
1931-06-05,
1931-06-06,
1931-06-08,
1931-06-09,
1931-06-10,
1931-06-11,
1931-06-12,
1931-06-13,
1931-06-15,
1931-06-16,
1931-06-17,
1931-06-18,
1931-06-19,
1931-06-20,
1931-06-22,
1931-06-23,
1931-06-24,
1931-06-25,
1931-06-26,
1931-06-27,
1931-06-29,
1931-06-30,
1931-07-01,
1931-07-02,
1931-07-03,
1931-07-06,
1931-07-07,
1931-07-08,
1931-07-09,
1931-07-10,
1931-07-11,
1931-07-13,
1931-07-14,
1931-07-15,
1931-07-16,
1931-07-17,
1931-07-18,
1931-07-20,
1931-07-21,
1931-07-22,
1931-07-23,
1931-07-24,
1931-07-25,
1931-07-27,
1931-07-28,
1931-07-29,
1931-07-30,
1931-07-31,
1931-08-01,
1931-08-03,
1931-08-04,
1931-08-05,
1931-08-06,
1931-08-07,
1931-08-08,
1931-08-10,
1931-08-11,
1931-08-12,
1931-08-13,
1931-08-14,
1931-08-15,
1931-08-17,
1931-08-18,
1931-08-19,
1931-08-20,
1931-08-21,
1931-08-22,
1931-08-24,
1931-08-25,
1931-08-26,
1931-08-27,
1931-08-28,
1931-08-29,
1931-08-31,
1931-09-01,
1931-09-02,
1931-09-03,
1931-09-04,
1931-09-08,
1931-09-09,
1931-09-10,
1931-09-11,
1931-09-12,
1931-09-14,
1931-09-15,
1931-09-16,
1931-09-17,
1931-09-18,
1931-09-19,
1931-09-21,
1931-09-22,
1931-09-23,
1931-09-24,
1931-09-25,
1931-09-26,
1931-09-28,
1931-09-29,
1931-09-30,
1931-10-01,
1931-10-02,
1931-10-03,
1931-10-05,
1931-10-06,
1931-10-07,
1931-10-08,
1931-10-09,
1931-10-10,
1931-10-13,
1931-10-14,
1931-10-15,
1931-10-16,
1931-10-17,
1931-10-19,
1931-10-20,
1931-10-21,
1931-10-22,
1931-10-23,
1931-10-24,
1931-10-26,
1931-10-27,
1931-10-28,
1931-10-29,
1931-10-30,
1931-10-31,
1931-11-02,
1931-11-04,
1931-11-05,
1931-11-06,
1931-11-07,
1931-11-09,
1931-11-10,
1931-11-11,
1931-11-12,
1931-11-13,
1931-11-14,
1931-11-16,
1931-11-17,
1931-11-18,
1931-11-19,
1931-11-20,
1931-11-21,
1931-11-23,
1931-11-24,
1931-11-25,
1931-11-27,
1931-11-28,
1931-11-30,
1931-12-01,
1931-12-02,
1931-12-03,
1931-12-04,
1931-12-05,
1931-12-07,
1931-12-08,
1931-12-09,
1931-12-10,
1931-12-11,
1931-12-12,
1931-12-14,
1931-12-15,
1931-12-16,
1931-12-17,
1931-12-18,
1931-12-19,
1931-12-21,
1931-12-22,
1931-12-23,
1931-12-24,
1931-12-28,
1931-12-29,
1931-12-30,
1931-12-31,
1932-01-02,
1932-01-04,
1932-01-05,
1932-01-06,
1932-01-07,
1932-01-08,
1932-01-09,
1932-01-11,
1932-01-12,
1932-01-13,
1932-01-14,
1932-01-15,
1932-01-16,
1932-01-18,
1932-01-19,
1932-01-20,
1932-01-21,
1932-01-22,
1932-01-23,
1932-01-25,
1932-01-26,
1932-01-27,
1932-01-28,
1932-01-29,
1932-01-30,
1932-02-01,
1932-02-02,
1932-02-03,
1932-02-04,
1932-02-05,
1932-02-06,
1932-02-08,
1932-02-09,
1932-02-10,
1932-02-11,
1932-02-13,
1932-02-15,
1932-02-16,
1932-02-17,
1932-02-18,
1932-02-19,
1932-02-20,
1932-02-23,
1932-02-24,
1932-02-25,
1932-02-26,
1932-02-27,
1932-02-29,
1932-03-01,
1932-03-02,
1932-03-03,
1932-03-04,
1932-03-05,
1932-03-07,
1932-03-08,
1932-03-09,
1932-03-10,
1932-03-11,
1932-03-12,
1932-03-14,
1932-03-15,
1932-03-16,
1932-03-17,
1932-03-18,
1932-03-19,
1932-03-21,
1932-03-22,
1932-03-23,
1932-03-24,
1932-03-26,
1932-03-28,
1932-03-29,
1932-03-30,
1932-03-31,
1932-04-01,
1932-04-02,
1932-04-04,
1932-04-05,
1932-04-06,
1932-04-07,
1932-04-08,
1932-04-09,
1932-04-11,
1932-04-12,
1932-04-13,
1932-04-14,
1932-04-15,
1932-04-16,
1932-04-18,
1932-04-19,
1932-04-20,
1932-04-21,
1932-04-22,
1932-04-23,
1932-04-25,
1932-04-26,
1932-04-27,
1932-04-28,
1932-04-29,
1932-04-30,
1932-05-02,
1932-05-03,
1932-05-04,
1932-05-05,
1932-05-06,
1932-05-07,
1932-05-09,
1932-05-10,
1932-05-11,
1932-05-12,
1932-05-13,
1932-05-14,
1932-05-16,
1932-05-17,
1932-05-18,
1932-05-19,
1932-05-20,
1932-05-21,
1932-05-23,
1932-05-24,
1932-05-25,
1932-05-26,
1932-05-27,
1932-05-28,
1932-05-31,
1932-06-01,
1932-06-02,
1932-06-03,
1932-06-04,
1932-06-06,
1932-06-07,
1932-06-08,
1932-06-09,
1932-06-10,
1932-06-11,
1932-06-13,
1932-06-14,
1932-06-15,
1932-06-16,
1932-06-17,
1932-06-18,
1932-06-20,
1932-06-21,
1932-06-22,
1932-06-23,
1932-06-24,
1932-06-25,
1932-06-27,
1932-06-28,
1932-06-29,
1932-06-30,
1932-07-01,
1932-07-05,
1932-07-06,
1932-07-07,
1932-07-08,
1932-07-09,
1932-07-11,
1932-07-12,
1932-07-13,
1932-07-14,
1932-07-15,
1932-07-16,
1932-07-18,
1932-07-19,
1932-07-20,
1932-07-21,
1932-07-22,
1932-07-23,
1932-07-25,
1932-07-26,
1932-07-27,
1932-07-28,
1932-07-29,
1932-07-30,
1932-08-01,
1932-08-02,
1932-08-03,
1932-08-04,
1932-08-05,
1932-08-06,
1932-08-08,
1932-08-09,
1932-08-10,
1932-08-11,
1932-08-12,
1932-08-13,
1932-08-15,
1932-08-16,
1932-08-17,
1932-08-18,
1932-08-19,
1932-08-20,
1932-08-22,
1932-08-23,
1932-08-24,
1932-08-25,
1932-08-26,
1932-08-27,
1932-08-29,
1932-08-30,
1932-08-31,
1932-09-01,
1932-09-02,
1932-09-03,
1932-09-06,
1932-09-07,
1932-09-08,
1932-09-09,
1932-09-10,
1932-09-12,
1932-09-13,
1932-09-14,
1932-09-15,
1932-09-16,
1932-09-17,
1932-09-19,
1932-09-20,
1932-09-21,
1932-09-22,
1932-09-23,
1932-09-24,
1932-09-26,
1932-09-27,
1932-09-28,
1932-09-29,
1932-09-30,
1932-10-01,
1932-10-03,
1932-10-04,
1932-10-05,
1932-10-06,
1932-10-07,
1932-10-08,
1932-10-10,
1932-10-11,
1932-10-13,
1932-10-14,
1932-10-15,
1932-10-17,
1932-10-18,
1932-10-19,
1932-10-20,
1932-10-21,
1932-10-22,
1932-10-24,
1932-10-25,
1932-10-26,
1932-10-27,
1932-10-28,
1932-10-29,
1932-10-31,
1932-11-01,
1932-11-02,
1932-11-03,
1932-11-04,
1932-11-05,
1932-11-07,
1932-11-09,
1932-11-10,
1932-11-11,
1932-11-12,
1932-11-14,
1932-11-15,
1932-11-16,
1932-11-17,
1932-11-18,
1932-11-19,
1932-11-21,
1932-11-22,
1932-11-23,
1932-11-25,
1932-11-26,
1932-11-28,
1932-11-29,
1932-11-30,
1932-12-01,
1932-12-02,
1932-12-03,
1932-12-05,
1932-12-06,
1932-12-07,
1932-12-08,
1932-12-09,
1932-12-10,
1932-12-12,
1932-12-13,
1932-12-14,
1932-12-15,
1932-12-16,
1932-12-17,
1932-12-19,
1932-12-20,
1932-12-21,
1932-12-22,
1932-12-23,
1932-12-24,
1932-12-27,
1932-12-28,
1932-12-29,
1932-12-30,
1932-12-31,
1933-01-03,
1933-01-04,
1933-01-05,
1933-01-06,
1933-01-09,
1933-01-10,
1933-01-11,
1933-01-12,
1933-01-13,
1933-01-14,
1933-01-16,
1933-01-17,
1933-01-18,
1933-01-19,
1933-01-20,
1933-01-21,
1933-01-23,
1933-01-24,
1933-01-25,
1933-01-26,
1933-01-27,
1933-01-28,
1933-01-30,
1933-01-31,
1933-02-01,
1933-02-02,
1933-02-03,
1933-02-04,
1933-02-06,
1933-02-07,
1933-02-08,
1933-02-09,
1933-02-10,
1933-02-11,
1933-02-14,
1933-02-15,
1933-02-16,
1933-02-17,
1933-02-18,
1933-02-20,
1933-02-21,
1933-02-23,
1933-02-24,
1933-02-25,
1933-02-27,
1933-02-28,
1933-03-01,
1933-03-02,
1933-03-03,
1933-03-15,
1933-03-16,
1933-03-17,
1933-03-18,
1933-03-20,
1933-03-21,
1933-03-22,
1933-03-23,
1933-03-24,
1933-03-25,
1933-03-27,
1933-03-28,
1933-03-29,
1933-03-30,
1933-03-31,
1933-04-01,
1933-04-03,
1933-04-04,
1933-04-05,
1933-04-06,
1933-04-07,
1933-04-08,
1933-04-10,
1933-04-11,
1933-04-12,
1933-04-13,
1933-04-15,
1933-04-17,
1933-04-18,
1933-04-19,
1933-04-20,
1933-04-21,
1933-04-22,
1933-04-24,
1933-04-25,
1933-04-26,
1933-04-27,
1933-04-28,
1933-04-29,
1933-05-01,
1933-05-02,
1933-05-03,
1933-05-04,
1933-05-05,
1933-05-06,
1933-05-08,
1933-05-09,
1933-05-10,
1933-05-11,
1933-05-12,
1933-05-13,
1933-05-15,
1933-05-16,
1933-05-17,
1933-05-18,
1933-05-19,
1933-05-20,
1933-05-22,
1933-05-23,
1933-05-24,
1933-05-25,
1933-05-26,
1933-05-27,
1933-05-29,
1933-05-31,
1933-06-01,
1933-06-02,
1933-06-03,
1933-06-05,
1933-06-06,
1933-06-07,
1933-06-08,
1933-06-09,
1933-06-10,
1933-06-12,
1933-06-13,
1933-06-14,
1933-06-15,
1933-06-16,
1933-06-17,
1933-06-19,
1933-06-20,
1933-06-21,
1933-06-22,
1933-06-23,
1933-06-24,
1933-06-26,
1933-06-27,
1933-06-28,
1933-06-29,
1933-06-30,
1933-07-01,
1933-07-03,
1933-07-05,
1933-07-06,
1933-07-07,
1933-07-08,
1933-07-10,
1933-07-11,
1933-07-12,
1933-07-13,
1933-07-14,
1933-07-15,
1933-07-17,
1933-07-18,
1933-07-19,
1933-07-20,
1933-07-21,
1933-07-22,
1933-07-24,
1933-07-25,
1933-07-26,
1933-07-27,
1933-07-28,
1933-07-31,
1933-08-01,
1933-08-02,
1933-08-03,
1933-08-04,
1933-08-07,
1933-08-08,
1933-08-09,
1933-08-10,
1933-08-11,
1933-08-14,
1933-08-15,
1933-08-16,
1933-08-17,
1933-08-18,
1933-08-21,
1933-08-22,
1933-08-23,
1933-08-24,
1933-08-25,
1933-08-28,
1933-08-29,
1933-08-30,
1933-08-31,
1933-09-01,
1933-09-05,
1933-09-06,
1933-09-07,
1933-09-08,
1933-09-09,
1933-09-11,
1933-09-12,
1933-09-13,
1933-09-14,
1933-09-15,
1933-09-16,
1933-09-18,
1933-09-19,
1933-09-20,
1933-09-21,
1933-09-22,
1933-09-23,
1933-09-25,
1933-09-26,
1933-09-27,
1933-09-28,
1933-09-29,
1933-09-30,
1933-10-02,
1933-10-03,
1933-10-04,
1933-10-05,
1933-10-06,
1933-10-07,
1933-10-09,
1933-10-10,
1933-10-11,
1933-10-13,
1933-10-14,
1933-10-16,
1933-10-17,
1933-10-18,
1933-10-19,
1933-10-20,
1933-10-21,
1933-10-23,
1933-10-24,
1933-10-25,
1933-10-26,
1933-10-27,
1933-10-28,
1933-10-30,
1933-10-31,
1933-11-01,
1933-11-02,
1933-11-03,
1933-11-04,
1933-11-06,
1933-11-08,
1933-11-09,
1933-11-10,
1933-11-11,
1933-11-13,
1933-11-14,
1933-11-15,
1933-11-16,
1933-11-17,
1933-11-18,
1933-11-20,
1933-11-21,
1933-11-22,
1933-11-23,
1933-11-24,
1933-11-25,
1933-11-27,
1933-11-28,
1933-11-29,
1933-12-01,
1933-12-02,
1933-12-04,
1933-12-05,
1933-12-06,
1933-12-07,
1933-12-08,
1933-12-09,
1933-12-11,
1933-12-12,
1933-12-13,
1933-12-14,
1933-12-15,
1933-12-16,
1933-12-18,
1933-12-19,
1933-12-20,
1933-12-21,
1933-12-22,
1933-12-23,
1933-12-26,
1933-12-27,
1933-12-28,
1933-12-29,
1933-12-30,
1934-01-02,
1934-01-03,
1934-01-04,
1934-01-05,
1934-01-06,
1934-01-08,
1934-01-09,
1934-01-10,
1934-01-11,
1934-01-12,
1934-01-13,
1934-01-15,
1934-01-16,
1934-01-17,
1934-01-18,
1934-01-19,
1934-01-20,
1934-01-22,
1934-01-23,
1934-01-24,
1934-01-25,
1934-01-26,
1934-01-27,
1934-01-29,
1934-01-30,
1934-01-31,
1934-02-01,
1934-02-02,
1934-02-03,
1934-02-05,
1934-02-06,
1934-02-07,
1934-02-08,
1934-02-09,
1934-02-10,
1934-02-13,
1934-02-14,
1934-02-15,
1934-02-16,
1934-02-17,
1934-02-19,
1934-02-20,
1934-02-21,
1934-02-23,
1934-02-24,
1934-02-26,
1934-02-27,
1934-02-28,
1934-03-01,
1934-03-02,
1934-03-03,
1934-03-05,
1934-03-06,
1934-03-07,
1934-03-08,
1934-03-09,
1934-03-10,
1934-03-12,
1934-03-13,
1934-03-14,
1934-03-15,
1934-03-16,
1934-03-17,
1934-03-19,
1934-03-20,
1934-03-21,
1934-03-22,
1934-03-23,
1934-03-24,
1934-03-26,
1934-03-27,
1934-03-28,
1934-03-29,
1934-03-31,
1934-04-02,
1934-04-03,
1934-04-04,
1934-04-05,
1934-04-06,
1934-04-07,
1934-04-09,
1934-04-10,
1934-04-11,
1934-04-12,
1934-04-13,
1934-04-14,
1934-04-16,
1934-04-17,
1934-04-18,
1934-04-19,
1934-04-20,
1934-04-21,
1934-04-23,
1934-04-24,
1934-04-25,
1934-04-26,
1934-04-27,
1934-04-28,
1934-04-30,
1934-05-01,
1934-05-02,
1934-05-03,
1934-05-04,
1934-05-05,
1934-05-07,
1934-05-08,
1934-05-09,
1934-05-10,
1934-05-11,
1934-05-12,
1934-05-14,
1934-05-15,
1934-05-16,
1934-05-17,
1934-05-18,
1934-05-19,
1934-05-21,
1934-05-22,
1934-05-23,
1934-05-24,
1934-05-25,
1934-05-26,
1934-05-28,
1934-05-29,
1934-05-31,
1934-06-01,
1934-06-02,
1934-06-04,
1934-06-05,
1934-06-06,
1934-06-07,
1934-06-08,
1934-06-09,
1934-06-11,
1934-06-12,
1934-06-13,
1934-06-14,
1934-06-15,
1934-06-16,
1934-06-18,
1934-06-19,
1934-06-20,
1934-06-21,
1934-06-22,
1934-06-23,
1934-06-25,
1934-06-26,
1934-06-27,
1934-06-28,
1934-06-29,
1934-06-30,
1934-07-02,
1934-07-03,
1934-07-05,
1934-07-06,
1934-07-07,
1934-07-09,
1934-07-10,
1934-07-11,
1934-07-12,
1934-07-13,
1934-07-14,
1934-07-16,
1934-07-17,
1934-07-18,
1934-07-19,
1934-07-20,
1934-07-21,
1934-07-23,
1934-07-24,
1934-07-25,
1934-07-26,
1934-07-27,
1934-07-28,
1934-07-30,
1934-07-31,
1934-08-01,
1934-08-02,
1934-08-03,
1934-08-04,
1934-08-06,
1934-08-07,
1934-08-08,
1934-08-09,
1934-08-10,
1934-08-11,
1934-08-13,
1934-08-14,
1934-08-15,
1934-08-16,
1934-08-17,
1934-08-18,
1934-08-20,
1934-08-21,
1934-08-22,
1934-08-23,
1934-08-24,
1934-08-25,
1934-08-27,
1934-08-28,
1934-08-29,
1934-08-30,
1934-08-31,
1934-09-01,
1934-09-04,
1934-09-05,
1934-09-06,
1934-09-07,
1934-09-08,
1934-09-10,
1934-09-11,
1934-09-12,
1934-09-13,
1934-09-14,
1934-09-15,
1934-09-17,
1934-09-18,
1934-09-19,
1934-09-20,
1934-09-21,
1934-09-22,
1934-09-24,
1934-09-25,
1934-09-26,
1934-09-27,
1934-09-28,
1934-09-29,
1934-10-01,
1934-10-02,
1934-10-03,
1934-10-04,
1934-10-05,
1934-10-06,
1934-10-08,
1934-10-09,
1934-10-10,
1934-10-11,
1934-10-13,
1934-10-15,
1934-10-16,
1934-10-17,
1934-10-18,
1934-10-19,
1934-10-20,
1934-10-22,
1934-10-23,
1934-10-24,
1934-10-25,
1934-10-26,
1934-10-27,
1934-10-29,
1934-10-30,
1934-10-31,
1934-11-01,
1934-11-02,
1934-11-03,
1934-11-05,
1934-11-07,
1934-11-08,
1934-11-09,
1934-11-10,
1934-11-13,
1934-11-14,
1934-11-15,
1934-11-16,
1934-11-17,
1934-11-19,
1934-11-20,
1934-11-21,
1934-11-22,
1934-11-23,
1934-11-24,
1934-11-26,
1934-11-27,
1934-11-28,
1934-11-30,
1934-12-01,
1934-12-03,
1934-12-04,
1934-12-05,
1934-12-06,
1934-12-07,
1934-12-08,
1934-12-10,
1934-12-11,
1934-12-12,
1934-12-13,
1934-12-14,
1934-12-15,
1934-12-17,
1934-12-18,
1934-12-19,
1934-12-20,
1934-12-21,
1934-12-22,
1934-12-24,
1934-12-26,
1934-12-27,
1934-12-28,
1934-12-29,
1934-12-31,
1935-01-02,
1935-01-03,
1935-01-04,
1935-01-05,
1935-01-07,
1935-01-08,
1935-01-09,
1935-01-10,
1935-01-11,
1935-01-12,
1935-01-14,
1935-01-15,
1935-01-16,
1935-01-17,
1935-01-18,
1935-01-19,
1935-01-21,
1935-01-22,
1935-01-23,
1935-01-24,
1935-01-25,
1935-01-26,
1935-01-28,
1935-01-29,
1935-01-30,
1935-01-31,
1935-02-01,
1935-02-02,
1935-02-04,
1935-02-05,
1935-02-06,
1935-02-07,
1935-02-08,
1935-02-09,
1935-02-11,
1935-02-13,
1935-02-14,
1935-02-15,
1935-02-16,
1935-02-18,
1935-02-19,
1935-02-20,
1935-02-21,
1935-02-23,
1935-02-25,
1935-02-26,
1935-02-27,
1935-02-28,
1935-03-01,
1935-03-02,
1935-03-04,
1935-03-05,
1935-03-06,
1935-03-07,
1935-03-08,
1935-03-09,
1935-03-11,
1935-03-12,
1935-03-13,
1935-03-14,
1935-03-15,
1935-03-16,
1935-03-18,
1935-03-19,
1935-03-20,
1935-03-21,
1935-03-22,
1935-03-23,
1935-03-25,
1935-03-26,
1935-03-27,
1935-03-28,
1935-03-29,
1935-03-30,
1935-04-01,
1935-04-02,
1935-04-03,
1935-04-04,
1935-04-05,
1935-04-06,
1935-04-08,
1935-04-09,
1935-04-10,
1935-04-11,
1935-04-12,
1935-04-13,
1935-04-15,
1935-04-16,
1935-04-17,
1935-04-18,
1935-04-20,
1935-04-22,
1935-04-23,
1935-04-24,
1935-04-25,
1935-04-26,
1935-04-27,
1935-04-29,
1935-04-30,
1935-05-01,
1935-05-02,
1935-05-03,
1935-05-04,
1935-05-06,
1935-05-07,
1935-05-08,
1935-05-09,
1935-05-10,
1935-05-11,
1935-05-13,
1935-05-14,
1935-05-15,
1935-05-16,
1935-05-17,
1935-05-18,
1935-05-20,
1935-05-21,
1935-05-22,
1935-05-23,
1935-05-24,
1935-05-25,
1935-05-27,
1935-05-28,
1935-05-29,
1935-05-31,
1935-06-01,
1935-06-03,
1935-06-04,
1935-06-05,
1935-06-06,
1935-06-07,
1935-06-08,
1935-06-10,
1935-06-11,
1935-06-12,
1935-06-13,
1935-06-14,
1935-06-15,
1935-06-17,
1935-06-18,
1935-06-19,
1935-06-20,
1935-06-21,
1935-06-22,
1935-06-24,
1935-06-25,
1935-06-26,
1935-06-27,
1935-06-28,
1935-06-29,
1935-07-01,
1935-07-02,
1935-07-03,
1935-07-05,
1935-07-06,
1935-07-08,
1935-07-09,
1935-07-10,
1935-07-11,
1935-07-12,
1935-07-13,
1935-07-15,
1935-07-16,
1935-07-17,
1935-07-18,
1935-07-19,
1935-07-20,
1935-07-22,
1935-07-23,
1935-07-24,
1935-07-25,
1935-07-26,
1935-07-27,
1935-07-29,
1935-07-30,
1935-07-31,
1935-08-01,
1935-08-02,
1935-08-03,
1935-08-05,
1935-08-06,
1935-08-07,
1935-08-08,
1935-08-09,
1935-08-10,
1935-08-12,
1935-08-13,
1935-08-14,
1935-08-15,
1935-08-16,
1935-08-17,
1935-08-19,
1935-08-20,
1935-08-21,
1935-08-22,
1935-08-23,
1935-08-24,
1935-08-26,
1935-08-27,
1935-08-28,
1935-08-29,
1935-08-30,
1935-08-31,
1935-09-03,
1935-09-04,
1935-09-05,
1935-09-06,
1935-09-07,
1935-09-09,
1935-09-10,
1935-09-11,
1935-09-12,
1935-09-13,
1935-09-14,
1935-09-16,
1935-09-17,
1935-09-18,
1935-09-19,
1935-09-20,
1935-09-21,
1935-09-23,
1935-09-24,
1935-09-25,
1935-09-26,
1935-09-27,
1935-09-28,
1935-09-30,
1935-10-01,
1935-10-02,
1935-10-03,
1935-10-04,
1935-10-05,
1935-10-07,
1935-10-08,
1935-10-09,
1935-10-10,
1935-10-11,
1935-10-14,
1935-10-15,
1935-10-16,
1935-10-17,
1935-10-18,
1935-10-19,
1935-10-21,
1935-10-22,
1935-10-23,
1935-10-24,
1935-10-25,
1935-10-26,
1935-10-28,
1935-10-29,
1935-10-30,
1935-10-31,
1935-11-01,
1935-11-02,
1935-11-04,
1935-11-06,
1935-11-07,
1935-11-08,
1935-11-09,
1935-11-12,
1935-11-13,
1935-11-14,
1935-11-15,
1935-11-16,
1935-11-18,
1935-11-19,
1935-11-20,
1935-11-21,
1935-11-22,
1935-11-23,
1935-11-25,
1935-11-26,
1935-11-27,
1935-11-29,
1935-11-30,
1935-12-02,
1935-12-03,
1935-12-04,
1935-12-05,
1935-12-06,
1935-12-07,
1935-12-09,
1935-12-10,
1935-12-11,
1935-12-12,
1935-12-13,
1935-12-14,
1935-12-16,
1935-12-17,
1935-12-18,
1935-12-19,
1935-12-20,
1935-12-21,
1935-12-23,
1935-12-24,
1935-12-26,
1935-12-27,
1935-12-28,
1935-12-30,
1935-12-31,
1936-01-02,
1936-01-03,
1936-01-04,
1936-01-06,
1936-01-07,
1936-01-08,
1936-01-09,
1936-01-10,
1936-01-11,
1936-01-13,
1936-01-14,
1936-01-15,
1936-01-16,
1936-01-17,
1936-01-18,
1936-01-20,
1936-01-21,
1936-01-22,
1936-01-23,
1936-01-24,
1936-01-25,
1936-01-27,
1936-01-28,
1936-01-29,
1936-01-30,
1936-01-31,
1936-02-01,
1936-02-03,
1936-02-04,
1936-02-05,
1936-02-06,
1936-02-07,
1936-02-08,
1936-02-10,
1936-02-11,
1936-02-13,
1936-02-14,
1936-02-15,
1936-02-17,
1936-02-18,
1936-02-19,
1936-02-20,
1936-02-21,
1936-02-24,
1936-02-25,
1936-02-26,
1936-02-27,
1936-02-28,
1936-02-29,
1936-03-02,
1936-03-03,
1936-03-04,
1936-03-05,
1936-03-06,
1936-03-07,
1936-03-09,
1936-03-10,
1936-03-11,
1936-03-12,
1936-03-13,
1936-03-14,
1936-03-16,
1936-03-17,
1936-03-18,
1936-03-19,
1936-03-20,
1936-03-21,
1936-03-23,
1936-03-24,
1936-03-25,
1936-03-26,
1936-03-27,
1936-03-28,
1936-03-30,
1936-03-31,
1936-04-01,
1936-04-02,
1936-04-03,
1936-04-04,
1936-04-06,
1936-04-07,
1936-04-08,
1936-04-09,
1936-04-11,
1936-04-13,
1936-04-14,
1936-04-15,
1936-04-16,
1936-04-17,
1936-04-18,
1936-04-20,
1936-04-21,
1936-04-22,
1936-04-23,
1936-04-24,
1936-04-25,
1936-04-27,
1936-04-28,
1936-04-29,
1936-04-30,
1936-05-01,
1936-05-02,
1936-05-04,
1936-05-05,
1936-05-06,
1936-05-07,
1936-05-08,
1936-05-09,
1936-05-11,
1936-05-12,
1936-05-13,
1936-05-14,
1936-05-15,
1936-05-16,
1936-05-18,
1936-05-19,
1936-05-20,
1936-05-21,
1936-05-22,
1936-05-23,
1936-05-25,
1936-05-26,
1936-05-27,
1936-05-28,
1936-05-29,
1936-06-01,
1936-06-02,
1936-06-03,
1936-06-04,
1936-06-05,
1936-06-06,
1936-06-08,
1936-06-09,
1936-06-10,
1936-06-11,
1936-06-12,
1936-06-13,
1936-06-15,
1936-06-16,
1936-06-17,
1936-06-18,
1936-06-19,
1936-06-20,
1936-06-22,
1936-06-23,
1936-06-24,
1936-06-25,
1936-06-26,
1936-06-27,
1936-06-29,
1936-06-30,
1936-07-01,
1936-07-02,
1936-07-03,
1936-07-06,
1936-07-07,
1936-07-08,
1936-07-09,
1936-07-10,
1936-07-11,
1936-07-13,
1936-07-14,
1936-07-15,
1936-07-16,
1936-07-17,
1936-07-18,
1936-07-20,
1936-07-21,
1936-07-22,
1936-07-23,
1936-07-24,
1936-07-25,
1936-07-27,
1936-07-28,
1936-07-29,
1936-07-30,
1936-07-31,
1936-08-01,
1936-08-03,
1936-08-04,
1936-08-05,
1936-08-06,
1936-08-07,
1936-08-08,
1936-08-10,
1936-08-11,
1936-08-12,
1936-08-13,
1936-08-14,
1936-08-15,
1936-08-17,
1936-08-18,
1936-08-19,
1936-08-20,
1936-08-21,
1936-08-22,
1936-08-24,
1936-08-25,
1936-08-26,
1936-08-27,
1936-08-28,
1936-08-29,
1936-08-31,
1936-09-01,
1936-09-02,
1936-09-03,
1936-09-04,
1936-09-05,
1936-09-08,
1936-09-09,
1936-09-10,
1936-09-11,
1936-09-12,
1936-09-14,
1936-09-15,
1936-09-16,
1936-09-17,
1936-09-18,
1936-09-19,
1936-09-21,
1936-09-22,
1936-09-23,
1936-09-24,
1936-09-25,
1936-09-26,
1936-09-28,
1936-09-29,
1936-09-30,
1936-10-01,
1936-10-02,
1936-10-03,
1936-10-05,
1936-10-06,
1936-10-07,
1936-10-08,
1936-10-09,
1936-10-10,
1936-10-13,
1936-10-14,
1936-10-15,
1936-10-16,
1936-10-17,
1936-10-19,
1936-10-20,
1936-10-21,
1936-10-22,
1936-10-23,
1936-10-24,
1936-10-26,
1936-10-27,
1936-10-28,
1936-10-29,
1936-10-30,
1936-10-31,
1936-11-02,
1936-11-04,
1936-11-05,
1936-11-06,
1936-11-07,
1936-11-09,
1936-11-10,
1936-11-12,
1936-11-13,
1936-11-14,
1936-11-16,
1936-11-17,
1936-11-18,
1936-11-19,
1936-11-20,
1936-11-21,
1936-11-23,
1936-11-24,
1936-11-25,
1936-11-27,
1936-11-28,
1936-11-30,
1936-12-01,
1936-12-02,
1936-12-03,
1936-12-04,
1936-12-05,
1936-12-07,
1936-12-08,
1936-12-09,
1936-12-10,
1936-12-11,
1936-12-12,
1936-12-14,
1936-12-15,
1936-12-16,
1936-12-17,
1936-12-18,
1936-12-19,
1936-12-21,
1936-12-22,
1936-12-23,
1936-12-24,
1936-12-28,
1936-12-29,
1936-12-30,
1936-12-31,
1937-01-02,
1937-01-04,
1937-01-05,
1937-01-06,
1937-01-07,
1937-01-08,
1937-01-09,
1937-01-11,
1937-01-12,
1937-01-13,
1937-01-14,
1937-01-15,
1937-01-16,
1937-01-18,
1937-01-19,
1937-01-20,
1937-01-21,
1937-01-22,
1937-01-23,
1937-01-25,
1937-01-26,
1937-01-27,
1937-01-28,
1937-01-29,
1937-01-30,
1937-02-01,
1937-02-02,
1937-02-03,
1937-02-04,
1937-02-05,
1937-02-06,
1937-02-08,
1937-02-09,
1937-02-10,
1937-02-11,
1937-02-13,
1937-02-15,
1937-02-16,
1937-02-17,
1937-02-18,
1937-02-19,
1937-02-20,
1937-02-23,
1937-02-24,
1937-02-25,
1937-02-26,
1937-02-27,
1937-03-01,
1937-03-02,
1937-03-03,
1937-03-04,
1937-03-05,
1937-03-06,
1937-03-08,
1937-03-09,
1937-03-10,
1937-03-11,
1937-03-12,
1937-03-13,
1937-03-15,
1937-03-16,
1937-03-17,
1937-03-18,
1937-03-19,
1937-03-20,
1937-03-22,
1937-03-23,
1937-03-24,
1937-03-25,
1937-03-27,
1937-03-29,
1937-03-30,
1937-03-31,
1937-04-01,
1937-04-02,
1937-04-03,
1937-04-05,
1937-04-06,
1937-04-07,
1937-04-08,
1937-04-09,
1937-04-10,
1937-04-12,
1937-04-13,
1937-04-14,
1937-04-15,
1937-04-16,
1937-04-17,
1937-04-19,
1937-04-20,
1937-04-21,
1937-04-22,
1937-04-23,
1937-04-24,
1937-04-26,
1937-04-27,
1937-04-28,
1937-04-29,
1937-04-30,
1937-05-01,
1937-05-03,
1937-05-04,
1937-05-05,
1937-05-06,
1937-05-07,
1937-05-08,
1937-05-10,
1937-05-11,
1937-05-12,
1937-05-13,
1937-05-14,
1937-05-15,
1937-05-17,
1937-05-18,
1937-05-19,
1937-05-20,
1937-05-21,
1937-05-22,
1937-05-24,
1937-05-25,
1937-05-26,
1937-05-27,
1937-05-28,
1937-06-01,
1937-06-02,
1937-06-03,
1937-06-04,
1937-06-05,
1937-06-07,
1937-06-08,
1937-06-09,
1937-06-10,
1937-06-11,
1937-06-12,
1937-06-14,
1937-06-15,
1937-06-16,
1937-06-17,
1937-06-18,
1937-06-19,
1937-06-21,
1937-06-22,
1937-06-23,
1937-06-24,
1937-06-25,
1937-06-26,
1937-06-28,
1937-06-29,
1937-06-30,
1937-07-01,
1937-07-02,
1937-07-06,
1937-07-07,
1937-07-08,
1937-07-09,
1937-07-10,
1937-07-12,
1937-07-13,
1937-07-14,
1937-07-15,
1937-07-16,
1937-07-17,
1937-07-19,
1937-07-20,
1937-07-21,
1937-07-22,
1937-07-23,
1937-07-24,
1937-07-26,
1937-07-27,
1937-07-28,
1937-07-29,
1937-07-30,
1937-07-31,
1937-08-02,
1937-08-03,
1937-08-04,
1937-08-05,
1937-08-06,
1937-08-07,
1937-08-09,
1937-08-10,
1937-08-11,
1937-08-12,
1937-08-13,
1937-08-14,
1937-08-16,
1937-08-17,
1937-08-18,
1937-08-19,
1937-08-20,
1937-08-21,
1937-08-23,
1937-08-24,
1937-08-25,
1937-08-26,
1937-08-27,
1937-08-28,
1937-08-30,
1937-08-31,
1937-09-01,
1937-09-02,
1937-09-03,
1937-09-04,
1937-09-07,
1937-09-08,
1937-09-09,
1937-09-10,
1937-09-11,
1937-09-13,
1937-09-14,
1937-09-15,
1937-09-16,
1937-09-17,
1937-09-18,
1937-09-20,
1937-09-21,
1937-09-22,
1937-09-23,
1937-09-24,
1937-09-25,
1937-09-27,
1937-09-28,
1937-09-29,
1937-09-30,
1937-10-01,
1937-10-02,
1937-10-04,
1937-10-05,
1937-10-06,
1937-10-07,
1937-10-08,
1937-10-09,
1937-10-11,
1937-10-13,
1937-10-14,
1937-10-15,
1937-10-16,
1937-10-18,
1937-10-19,
1937-10-20,
1937-10-21,
1937-10-22,
1937-10-23,
1937-10-25,
1937-10-26,
1937-10-27,
1937-10-28,
1937-10-29,
1937-10-30,
1937-11-01,
1937-11-03,
1937-11-04,
1937-11-05,
1937-11-06,
1937-11-08,
1937-11-09,
1937-11-10,
1937-11-12,
1937-11-13,
1937-11-15,
1937-11-16,
1937-11-17,
1937-11-18,
1937-11-19,
1937-11-20,
1937-11-22,
1937-11-23,
1937-11-24,
1937-11-26,
1937-11-27,
1937-11-29,
1937-11-30,
1937-12-01,
1937-12-02,
1937-12-03,
1937-12-04,
1937-12-06,
1937-12-07,
1937-12-08,
1937-12-09,
1937-12-10,
1937-12-11,
1937-12-13,
1937-12-14,
1937-12-15,
1937-12-16,
1937-12-17,
1937-12-18,
1937-12-20,
1937-12-21,
1937-12-22,
1937-12-23,
1937-12-24,
1937-12-27,
1937-12-28,
1937-12-29,
1937-12-30,
1937-12-31,
1938-01-03,
1938-01-04,
1938-01-05,
1938-01-06,
1938-01-07,
1938-01-08,
1938-01-10,
1938-01-11,
1938-01-12,
1938-01-13,
1938-01-14,
1938-01-15,
1938-01-17,
1938-01-18,
1938-01-19,
1938-01-20,
1938-01-21,
1938-01-22,
1938-01-24,
1938-01-25,
1938-01-26,
1938-01-27,
1938-01-28,
1938-01-29,
1938-01-31,
1938-02-01,
1938-02-02,
1938-02-03,
1938-02-04,
1938-02-05,
1938-02-07,
1938-02-08,
1938-02-09,
1938-02-10,
1938-02-11,
1938-02-14,
1938-02-15,
1938-02-16,
1938-02-17,
1938-02-18,
1938-02-19,
1938-02-21,
1938-02-23,
1938-02-24,
1938-02-25,
1938-02-26,
1938-02-28,
1938-03-01,
1938-03-02,
1938-03-03,
1938-03-04,
1938-03-05,
1938-03-07,
1938-03-08,
1938-03-09,
1938-03-10,
1938-03-11,
1938-03-12,
1938-03-14,
1938-03-15,
1938-03-16,
1938-03-17,
1938-03-18,
1938-03-19,
1938-03-21,
1938-03-22,
1938-03-23,
1938-03-24,
1938-03-25,
1938-03-26,
1938-03-28,
1938-03-29,
1938-03-30,
1938-03-31,
1938-04-01,
1938-04-02,
1938-04-04,
1938-04-05,
1938-04-06,
1938-04-07,
1938-04-08,
1938-04-09,
1938-04-11,
1938-04-12,
1938-04-13,
1938-04-14,
1938-04-16,
1938-04-18,
1938-04-19,
1938-04-20,
1938-04-21,
1938-04-22,
1938-04-23,
1938-04-25,
1938-04-26,
1938-04-27,
1938-04-28,
1938-04-29,
1938-04-30,
1938-05-02,
1938-05-03,
1938-05-04,
1938-05-05,
1938-05-06,
1938-05-07,
1938-05-09,
1938-05-10,
1938-05-11,
1938-05-12,
1938-05-13,
1938-05-14,
1938-05-16,
1938-05-17,
1938-05-18,
1938-05-19,
1938-05-20,
1938-05-21,
1938-05-23,
1938-05-24,
1938-05-25,
1938-05-26,
1938-05-27,
1938-05-28,
1938-05-31,
1938-06-01,
1938-06-02,
1938-06-03,
1938-06-04,
1938-06-06,
1938-06-07,
1938-06-08,
1938-06-09,
1938-06-10,
1938-06-11,
1938-06-13,
1938-06-14,
1938-06-15,
1938-06-16,
1938-06-17,
1938-06-18,
1938-06-20,
1938-06-21,
1938-06-22,
1938-06-23,
1938-06-24,
1938-06-25,
1938-06-27,
1938-06-28,
1938-06-29,
1938-06-30,
1938-07-01,
1938-07-02,
1938-07-05,
1938-07-06,
1938-07-07,
1938-07-08,
1938-07-09,
1938-07-11,
1938-07-12,
1938-07-13,
1938-07-14,
1938-07-15,
1938-07-16,
1938-07-18,
1938-07-19,
1938-07-20,
1938-07-21,
1938-07-22,
1938-07-23,
1938-07-25,
1938-07-26,
1938-07-27,
1938-07-28,
1938-07-29,
1938-07-30,
1938-08-01,
1938-08-02,
1938-08-03,
1938-08-04,
1938-08-05,
1938-08-06,
1938-08-08,
1938-08-09,
1938-08-10,
1938-08-11,
1938-08-12,
1938-08-13,
1938-08-15,
1938-08-16,
1938-08-17,
1938-08-18,
1938-08-19,
1938-08-20,
1938-08-22,
1938-08-23,
1938-08-24,
1938-08-25,
1938-08-26,
1938-08-27,
1938-08-29,
1938-08-30,
1938-08-31,
1938-09-01,
1938-09-02,
1938-09-03,
1938-09-06,
1938-09-07,
1938-09-08,
1938-09-09,
1938-09-10,
1938-09-12,
1938-09-13,
1938-09-14,
1938-09-15,
1938-09-16,
1938-09-17,
1938-09-19,
1938-09-20,
1938-09-21,
1938-09-22,
1938-09-23,
1938-09-24,
1938-09-26,
1938-09-27,
1938-09-28,
1938-09-29,
1938-09-30,
1938-10-01,
1938-10-03,
1938-10-04,
1938-10-05,
1938-10-06,
1938-10-07,
1938-10-08,
1938-10-10,
1938-10-11,
1938-10-13,
1938-10-14,
1938-10-15,
1938-10-17,
1938-10-18,
1938-10-19,
1938-10-20,
1938-10-21,
1938-10-22,
1938-10-24,
1938-10-25,
1938-10-26,
1938-10-27,
1938-10-28,
1938-10-29,
1938-10-31,
1938-11-01,
1938-11-02,
1938-11-03,
1938-11-04,
1938-11-05,
1938-11-07,
1938-11-09,
1938-11-10,
1938-11-12,
1938-11-14,
1938-11-15,
1938-11-16,
1938-11-17,
1938-11-18,
1938-11-19,
1938-11-21,
1938-11-22,
1938-11-23,
1938-11-25,
1938-11-26,
1938-11-28,
1938-11-29,
1938-11-30,
1938-12-01,
1938-12-02,
1938-12-03,
1938-12-05,
1938-12-06,
1938-12-07,
1938-12-08,
1938-12-09,
1938-12-10,
1938-12-12,
1938-12-13,
1938-12-14,
1938-12-15,
1938-12-16,
1938-12-17,
1938-12-19,
1938-12-20,
1938-12-21,
1938-12-22,
1938-12-23,
1938-12-24,
1938-12-27,
1938-12-28,
1938-12-29,
1938-12-30,
1938-12-31,
1939-01-03,
1939-01-04,
1939-01-05,
1939-01-06,
1939-01-07,
1939-01-09,
1939-01-10,
1939-01-11,
1939-01-12,
1939-01-13,
1939-01-14,
1939-01-16,
1939-01-17,
1939-01-18,
1939-01-19,
1939-01-20,
1939-01-21,
1939-01-23,
1939-01-24,
1939-01-25,
1939-01-26,
1939-01-27,
1939-01-28,
1939-01-30,
1939-01-31,
1939-02-01,
1939-02-02,
1939-02-03,
1939-02-04,
1939-02-06,
1939-02-07,
1939-02-08,
1939-02-09,
1939-02-10,
1939-02-11,
1939-02-14,
1939-02-15,
1939-02-16,
1939-02-17,
1939-02-18,
1939-02-20,
1939-02-21,
1939-02-23,
1939-02-24,
1939-02-25,
1939-02-27,
1939-02-28,
1939-03-01,
1939-03-02,
1939-03-03,
1939-03-04,
1939-03-06,
1939-03-07,
1939-03-08,
1939-03-09,
1939-03-10,
1939-03-11,
1939-03-13,
1939-03-14,
1939-03-15,
1939-03-16,
1939-03-17,
1939-03-18,
1939-03-20,
1939-03-21,
1939-03-22,
1939-03-23,
1939-03-24,
1939-03-25,
1939-03-27,
1939-03-28,
1939-03-29,
1939-03-30,
1939-03-31,
1939-04-01,
1939-04-03,
1939-04-04,
1939-04-05,
1939-04-06,
1939-04-08,
1939-04-10,
1939-04-11,
1939-04-12,
1939-04-13,
1939-04-14,
1939-04-15,
1939-04-17,
1939-04-18,
1939-04-19,
1939-04-20,
1939-04-21,
1939-04-22,
1939-04-24,
1939-04-25,
1939-04-26,
1939-04-27,
1939-04-28,
1939-04-29,
1939-05-01,
1939-05-02,
1939-05-03,
1939-05-04,
1939-05-05,
1939-05-06,
1939-05-08,
1939-05-09,
1939-05-10,
1939-05-11,
1939-05-12,
1939-05-13,
1939-05-15,
1939-05-16,
1939-05-17,
1939-05-18,
1939-05-19,
1939-05-20,
1939-05-22,
1939-05-23,
1939-05-24,
1939-05-25,
1939-05-26,
1939-05-27,
1939-05-29,
1939-05-31,
1939-06-01,
1939-06-02,
1939-06-03,
1939-06-05,
1939-06-06,
1939-06-07,
1939-06-08,
1939-06-09,
1939-06-10,
1939-06-12,
1939-06-13,
1939-06-14,
1939-06-15,
1939-06-16,
1939-06-17,
1939-06-19,
1939-06-20,
1939-06-21,
1939-06-22,
1939-06-23,
1939-06-24,
1939-06-26,
1939-06-27,
1939-06-28,
1939-06-29,
1939-06-30,
1939-07-01,
1939-07-03,
1939-07-05,
1939-07-06,
1939-07-07,
1939-07-08,
1939-07-10,
1939-07-11,
1939-07-12,
1939-07-13,
1939-07-14,
1939-07-15,
1939-07-17,
1939-07-18,
1939-07-19,
1939-07-20,
1939-07-21,
1939-07-22,
1939-07-24,
1939-07-25,
1939-07-26,
1939-07-27,
1939-07-28,
1939-07-29,
1939-07-31,
1939-08-01,
1939-08-02,
1939-08-03,
1939-08-04,
1939-08-05,
1939-08-07,
1939-08-08,
1939-08-09,
1939-08-10,
1939-08-11,
1939-08-12,
1939-08-14,
1939-08-15,
1939-08-16,
1939-08-17,
1939-08-18,
1939-08-19,
1939-08-21,
1939-08-22,
1939-08-23,
1939-08-24,
1939-08-25,
1939-08-26,
1939-08-28,
1939-08-29,
1939-08-30,
1939-08-31,
1939-09-01,
1939-09-02,
1939-09-05,
1939-09-06,
1939-09-07,
1939-09-08,
1939-09-09,
1939-09-11,
1939-09-12,
1939-09-13,
1939-09-14,
1939-09-15,
1939-09-16,
1939-09-18,
1939-09-19,
1939-09-20,
1939-09-21,
1939-09-22,
1939-09-23,
1939-09-25,
1939-09-26,
1939-09-27,
1939-09-28,
1939-09-29,
1939-09-30,
1939-10-02,
1939-10-03,
1939-10-04,
1939-10-05,
1939-10-06,
1939-10-07,
1939-10-09,
1939-10-10,
1939-10-11,
1939-10-13,
1939-10-14,
1939-10-16,
1939-10-17,
1939-10-18,
1939-10-19,
1939-10-20,
1939-10-21,
1939-10-23,
1939-10-24,
1939-10-25,
1939-10-26,
1939-10-27,
1939-10-28,
1939-10-30,
1939-10-31,
1939-11-01,
1939-11-02,
1939-11-03,
1939-11-04,
1939-11-06,
1939-11-08,
1939-11-09,
1939-11-10,
1939-11-13,
1939-11-14,
1939-11-15,
1939-11-16,
1939-11-17,
1939-11-18,
1939-11-20,
1939-11-21,
1939-11-22,
1939-11-24,
1939-11-25,
1939-11-27,
1939-11-28,
1939-11-29,
1939-11-30,
1939-12-01,
1939-12-02,
1939-12-04,
1939-12-05,
1939-12-06,
1939-12-07,
1939-12-08,
1939-12-09,
1939-12-11,
1939-12-12,
1939-12-13,
1939-12-14,
1939-12-15,
1939-12-16,
1939-12-18,
1939-12-19,
1939-12-20,
1939-12-21,
1939-12-22,
1939-12-23,
1939-12-26,
1939-12-27,
1939-12-28,
1939-12-29,
1939-12-30,
1940-01-02,
1940-01-03,
1940-01-04,
1940-01-05,
1940-01-06,
1940-01-08,
1940-01-09,
1940-01-10,
1940-01-11,
1940-01-12,
1940-01-13,
1940-01-15,
1940-01-16,
1940-01-17,
1940-01-18,
1940-01-19,
1940-01-20,
1940-01-22,
1940-01-23,
1940-01-24,
1940-01-25,
1940-01-26,
1940-01-27,
1940-01-29,
1940-01-30,
1940-01-31,
1940-02-01,
1940-02-02,
1940-02-03,
1940-02-05,
1940-02-06,
1940-02-07,
1940-02-08,
1940-02-09,
1940-02-10,
1940-02-13,
1940-02-14,
1940-02-15,
1940-02-16,
1940-02-17,
1940-02-19,
1940-02-20,
1940-02-21,
1940-02-23,
1940-02-24,
1940-02-26,
1940-02-27,
1940-02-28,
1940-02-29,
1940-03-01,
1940-03-02,
1940-03-04,
1940-03-05,
1940-03-06,
1940-03-07,
1940-03-08,
1940-03-09,
1940-03-11,
1940-03-12,
1940-03-13,
1940-03-14,
1940-03-15,
1940-03-16,
1940-03-18,
1940-03-19,
1940-03-20,
1940-03-21,
1940-03-23,
1940-03-25,
1940-03-26,
1940-03-27,
1940-03-28,
1940-03-29,
1940-03-30,
1940-04-01,
1940-04-02,
1940-04-03,
1940-04-04,
1940-04-05,
1940-04-06,
1940-04-08,
1940-04-09,
1940-04-10,
1940-04-11,
1940-04-12,
1940-04-13,
1940-04-15,
1940-04-16,
1940-04-17,
1940-04-18,
1940-04-19,
1940-04-20,
1940-04-22,
1940-04-23,
1940-04-24,
1940-04-25,
1940-04-26,
1940-04-27,
1940-04-29,
1940-04-30,
1940-05-01,
1940-05-02,
1940-05-03,
1940-05-04,
1940-05-06,
1940-05-07,
1940-05-08,
1940-05-09,
1940-05-10,
1940-05-11,
1940-05-13,
1940-05-14,
1940-05-15,
1940-05-16,
1940-05-17,
1940-05-18,
1940-05-20,
1940-05-21,
1940-05-22,
1940-05-23,
1940-05-24,
1940-05-25,
1940-05-27,
1940-05-28,
1940-05-29,
1940-05-31,
1940-06-01,
1940-06-03,
1940-06-04,
1940-06-05,
1940-06-06,
1940-06-07,
1940-06-08,
1940-06-10,
1940-06-11,
1940-06-12,
1940-06-13,
1940-06-14,
1940-06-15,
1940-06-17,
1940-06-18,
1940-06-19,
1940-06-20,
1940-06-21,
1940-06-22,
1940-06-24,
1940-06-25,
1940-06-26,
1940-06-27,
1940-06-28,
1940-06-29,
1940-07-01,
1940-07-02,
1940-07-03,
1940-07-05,
1940-07-06,
1940-07-08,
1940-07-09,
1940-07-10,
1940-07-11,
1940-07-12,
1940-07-13,
1940-07-15,
1940-07-16,
1940-07-17,
1940-07-18,
1940-07-19,
1940-07-20,
1940-07-22,
1940-07-23,
1940-07-24,
1940-07-25,
1940-07-26,
1940-07-27,
1940-07-29,
1940-07-30,
1940-07-31,
1940-08-01,
1940-08-02,
1940-08-03,
1940-08-05,
1940-08-06,
1940-08-07,
1940-08-08,
1940-08-09,
1940-08-10,
1940-08-12,
1940-08-13,
1940-08-14,
1940-08-15,
1940-08-16,
1940-08-17,
1940-08-19,
1940-08-20,
1940-08-21,
1940-08-22,
1940-08-23,
1940-08-24,
1940-08-26,
1940-08-27,
1940-08-28,
1940-08-29,
1940-08-30,
1940-08-31,
1940-09-03,
1940-09-04,
1940-09-05,
1940-09-06,
1940-09-07,
1940-09-09,
1940-09-10,
1940-09-11,
1940-09-12,
1940-09-13,
1940-09-14,
1940-09-16,
1940-09-17,
1940-09-18,
1940-09-19,
1940-09-20,
1940-09-21,
1940-09-23,
1940-09-24,
1940-09-25,
1940-09-26,
1940-09-27,
1940-09-28,
1940-09-30,
1940-10-01,
1940-10-02,
1940-10-03,
1940-10-04,
1940-10-05,
1940-10-07,
1940-10-08,
1940-10-09,
1940-10-10,
1940-10-11,
1940-10-14,
1940-10-15,
1940-10-16,
1940-10-17,
1940-10-18,
1940-10-19,
1940-10-21,
1940-10-22,
1940-10-23,
1940-10-24,
1940-10-25,
1940-10-26,
1940-10-28,
1940-10-29,
1940-10-30,
1940-10-31,
1940-11-01,
1940-11-02,
1940-11-04,
1940-11-06,
1940-11-07,
1940-11-08,
1940-11-09,
1940-11-12,
1940-11-13,
1940-11-14,
1940-11-15,
1940-11-16,
1940-11-18,
1940-11-19,
1940-11-20,
1940-11-22,
1940-11-23,
1940-11-25,
1940-11-26,
1940-11-27,
1940-11-28,
1940-11-29,
1940-11-30,
1940-12-02,
1940-12-03,
1940-12-04,
1940-12-05,
1940-12-06,
1940-12-07,
1940-12-09,
1940-12-10,
1940-12-11,
1940-12-12,
1940-12-13,
1940-12-14,
1940-12-16,
1940-12-17,
1940-12-18,
1940-12-19,
1940-12-20,
1940-12-21,
1940-12-23,
1940-12-24,
1940-12-26,
1940-12-27,
1940-12-28,
1940-12-30,
1940-12-31,
1941-01-02,
1941-01-03,
1941-01-04,
1941-01-06,
1941-01-07,
1941-01-08,
1941-01-09,
1941-01-10,
1941-01-11,
1941-01-13,
1941-01-14,
1941-01-15,
1941-01-16,
1941-01-17,
1941-01-18,
1941-01-20,
1941-01-21,
1941-01-22,
1941-01-23,
1941-01-24,
1941-01-25,
1941-01-27,
1941-01-28,
1941-01-29,
1941-01-30,
1941-01-31,
1941-02-01,
1941-02-03,
1941-02-04,
1941-02-05,
1941-02-06,
1941-02-07,
1941-02-08,
1941-02-10,
1941-02-11,
1941-02-13,
1941-02-14,
1941-02-15,
1941-02-17,
1941-02-18,
1941-02-19,
1941-02-20,
1941-02-21,
1941-02-24,
1941-02-25,
1941-02-26,
1941-02-27,
1941-02-28,
1941-03-01,
1941-03-03,
1941-03-04,
1941-03-05,
1941-03-06,
1941-03-07,
1941-03-08,
1941-03-10,
1941-03-11,
1941-03-12,
1941-03-13,
1941-03-14,
1941-03-15,
1941-03-17,
1941-03-18,
1941-03-19,
1941-03-20,
1941-03-21,
1941-03-22,
1941-03-24,
1941-03-25,
1941-03-26,
1941-03-27,
1941-03-28,
1941-03-29,
1941-03-31,
1941-04-01,
1941-04-02,
1941-04-03,
1941-04-04,
1941-04-05,
1941-04-07,
1941-04-08,
1941-04-09,
1941-04-10,
1941-04-12,
1941-04-14,
1941-04-15,
1941-04-16,
1941-04-17,
1941-04-18,
1941-04-19,
1941-04-21,
1941-04-22,
1941-04-23,
1941-04-24,
1941-04-25,
1941-04-26,
1941-04-28,
1941-04-29,
1941-04-30,
1941-05-01,
1941-05-02,
1941-05-03,
1941-05-05,
1941-05-06,
1941-05-07,
1941-05-08,
1941-05-09,
1941-05-10,
1941-05-12,
1941-05-13,
1941-05-14,
1941-05-15,
1941-05-16,
1941-05-17,
1941-05-19,
1941-05-20,
1941-05-21,
1941-05-22,
1941-05-23,
1941-05-24,
1941-05-26,
1941-05-27,
1941-05-28,
1941-05-29,
1941-05-31,
1941-06-02,
1941-06-03,
1941-06-04,
1941-06-05,
1941-06-06,
1941-06-07,
1941-06-09,
1941-06-10,
1941-06-11,
1941-06-12,
1941-06-13,
1941-06-14,
1941-06-16,
1941-06-17,
1941-06-18,
1941-06-19,
1941-06-20,
1941-06-21,
1941-06-23,
1941-06-24,
1941-06-25,
1941-06-26,
1941-06-27,
1941-06-28,
1941-06-30,
1941-07-01,
1941-07-02,
1941-07-03,
1941-07-05,
1941-07-07,
1941-07-08,
1941-07-09,
1941-07-10,
1941-07-11,
1941-07-12,
1941-07-14,
1941-07-15,
1941-07-16,
1941-07-17,
1941-07-18,
1941-07-19,
1941-07-21,
1941-07-22,
1941-07-23,
1941-07-24,
1941-07-25,
1941-07-26,
1941-07-28,
1941-07-29,
1941-07-30,
1941-07-31,
1941-08-01,
1941-08-02,
1941-08-04,
1941-08-05,
1941-08-06,
1941-08-07,
1941-08-08,
1941-08-09,
1941-08-11,
1941-08-12,
1941-08-13,
1941-08-14,
1941-08-15,
1941-08-16,
1941-08-18,
1941-08-19,
1941-08-20,
1941-08-21,
1941-08-22,
1941-08-23,
1941-08-25,
1941-08-26,
1941-08-27,
1941-08-28,
1941-08-29,
1941-08-30,
1941-09-02,
1941-09-03,
1941-09-04,
1941-09-05,
1941-09-06,
1941-09-08,
1941-09-09,
1941-09-10,
1941-09-11,
1941-09-12,
1941-09-13,
1941-09-15,
1941-09-16,
1941-09-17,
1941-09-18,
1941-09-19,
1941-09-20,
1941-09-22,
1941-09-23,
1941-09-24,
1941-09-25,
1941-09-26,
1941-09-27,
1941-09-29,
1941-09-30,
1941-10-01,
1941-10-02,
1941-10-03,
1941-10-04,
1941-10-06,
1941-10-07,
1941-10-08,
1941-10-09,
1941-10-10,
1941-10-11,
1941-10-14,
1941-10-15,
1941-10-16,
1941-10-17,
1941-10-18,
1941-10-20,
1941-10-21,
1941-10-22,
1941-10-23,
1941-10-24,
1941-10-25,
1941-10-27,
1941-10-28,
1941-10-29,
1941-10-30,
1941-10-31,
1941-11-01,
1941-11-03,
1941-11-05,
1941-11-06,
1941-11-07,
1941-11-08,
1941-11-10,
1941-11-12,
1941-11-13,
1941-11-14,
1941-11-15,
1941-11-17,
1941-11-18,
1941-11-19,
1941-11-21,
1941-11-22,
1941-11-24,
1941-11-25,
1941-11-26,
1941-11-27,
1941-11-28,
1941-11-29,
1941-12-01,
1941-12-02,
1941-12-03,
1941-12-04,
1941-12-05,
1941-12-06,
1941-12-08,
1941-12-09,
1941-12-10,
1941-12-11,
1941-12-12,
1941-12-13,
1941-12-15,
1941-12-16,
1941-12-17,
1941-12-18,
1941-12-19,
1941-12-20,
1941-12-22,
1941-12-23,
1941-12-24,
1941-12-26,
1941-12-27,
1941-12-29,
1941-12-30,
1941-12-31,
1942-01-02,
1942-01-03,
1942-01-05,
1942-01-06,
1942-01-07,
1942-01-08,
1942-01-09,
1942-01-10,
1942-01-12,
1942-01-13,
1942-01-14,
1942-01-15,
1942-01-16,
1942-01-17,
1942-01-19,
1942-01-20,
1942-01-21,
1942-01-22,
1942-01-23,
1942-01-24,
1942-01-26,
1942-01-27,
1942-01-28,
1942-01-29,
1942-01-30,
1942-01-31,
1942-02-02,
1942-02-03,
1942-02-04,
1942-02-05,
1942-02-06,
1942-02-07,
1942-02-09,
1942-02-10,
1942-02-11,
1942-02-13,
1942-02-14,
1942-02-16,
1942-02-17,
1942-02-18,
1942-02-19,
1942-02-20,
1942-02-21,
1942-02-24,
1942-02-25,
1942-02-26,
1942-02-27,
1942-02-28,
1942-03-02,
1942-03-03,
1942-03-04,
1942-03-05,
1942-03-06,
1942-03-07,
1942-03-09,
1942-03-10,
1942-03-11,
1942-03-12,
1942-03-13,
1942-03-14,
1942-03-16,
1942-03-17,
1942-03-18,
1942-03-19,
1942-03-20,
1942-03-21,
1942-03-23,
1942-03-24,
1942-03-25,
1942-03-26,
1942-03-27,
1942-03-28,
1942-03-30,
1942-03-31,
1942-04-01,
1942-04-02,
1942-04-04,
1942-04-06,
1942-04-07,
1942-04-08,
1942-04-09,
1942-04-10,
1942-04-11,
1942-04-13,
1942-04-14,
1942-04-15,
1942-04-16,
1942-04-17,
1942-04-18,
1942-04-20,
1942-04-21,
1942-04-22,
1942-04-23,
1942-04-24,
1942-04-25,
1942-04-27,
1942-04-28,
1942-04-29,
1942-04-30,
1942-05-01,
1942-05-02,
1942-05-04,
1942-05-05,
1942-05-06,
1942-05-07,
1942-05-08,
1942-05-09,
1942-05-11,
1942-05-12,
1942-05-13,
1942-05-14,
1942-05-15,
1942-05-16,
1942-05-18,
1942-05-19,
1942-05-20,
1942-05-21,
1942-05-22,
1942-05-23,
1942-05-25,
1942-05-26,
1942-05-27,
1942-05-28,
1942-05-29,
1942-06-01,
1942-06-02,
1942-06-03,
1942-06-04,
1942-06-05,
1942-06-06,
1942-06-08,
1942-06-09,
1942-06-10,
1942-06-11,
1942-06-12,
1942-06-13,
1942-06-15,
1942-06-16,
1942-06-17,
1942-06-18,
1942-06-19,
1942-06-20,
1942-06-22,
1942-06-23,
1942-06-24,
1942-06-25,
1942-06-26,
1942-06-27,
1942-06-29,
1942-06-30,
1942-07-01,
1942-07-02,
1942-07-03,
1942-07-06,
1942-07-07,
1942-07-08,
1942-07-09,
1942-07-10,
1942-07-11,
1942-07-13,
1942-07-14,
1942-07-15,
1942-07-16,
1942-07-17,
1942-07-18,
1942-07-20,
1942-07-21,
1942-07-22,
1942-07-23,
1942-07-24,
1942-07-25,
1942-07-27,
1942-07-28,
1942-07-29,
1942-07-30,
1942-07-31,
1942-08-01,
1942-08-03,
1942-08-04,
1942-08-05,
1942-08-06,
1942-08-07,
1942-08-08,
1942-08-10,
1942-08-11,
1942-08-12,
1942-08-13,
1942-08-14,
1942-08-15,
1942-08-17,
1942-08-18,
1942-08-19,
1942-08-20,
1942-08-21,
1942-08-22,
1942-08-24,
1942-08-25,
1942-08-26,
1942-08-27,
1942-08-28,
1942-08-29,
1942-08-31,
1942-09-01,
1942-09-02,
1942-09-03,
1942-09-04,
1942-09-05,
1942-09-08,
1942-09-09,
1942-09-10,
1942-09-11,
1942-09-12,
1942-09-14,
1942-09-15,
1942-09-16,
1942-09-17,
1942-09-18,
1942-09-19,
1942-09-21,
1942-09-22,
1942-09-23,
1942-09-24,
1942-09-25,
1942-09-26,
1942-09-28,
1942-09-29,
1942-09-30,
1942-10-01,
1942-10-02,
1942-10-03,
1942-10-05,
1942-10-06,
1942-10-07,
1942-10-08,
1942-10-09,
1942-10-10,
1942-10-13,
1942-10-14,
1942-10-15,
1942-10-16,
1942-10-17,
1942-10-19,
1942-10-20,
1942-10-21,
1942-10-22,
1942-10-23,
1942-10-24,
1942-10-26,
1942-10-27,
1942-10-28,
1942-10-29,
1942-10-30,
1942-10-31,
1942-11-02,
1942-11-04,
1942-11-05,
1942-11-06,
1942-11-07,
1942-11-09,
1942-11-10,
1942-11-12,
1942-11-13,
1942-11-14,
1942-11-16,
1942-11-17,
1942-11-18,
1942-11-19,
1942-11-20,
1942-11-21,
1942-11-23,
1942-11-24,
1942-11-25,
1942-11-27,
1942-11-28,
1942-11-30,
1942-12-01,
1942-12-02,
1942-12-03,
1942-12-04,
1942-12-05,
1942-12-07,
1942-12-08,
1942-12-09,
1942-12-10,
1942-12-11,
1942-12-12,
1942-12-14,
1942-12-15,
1942-12-16,
1942-12-17,
1942-12-18,
1942-12-19,
1942-12-21,
1942-12-22,
1942-12-23,
1942-12-24,
1942-12-26,
1942-12-28,
1942-12-29,
1942-12-30,
1942-12-31,
1943-01-02,
1943-01-04,
1943-01-05,
1943-01-06,
1943-01-07,
1943-01-08,
1943-01-09,
1943-01-11,
1943-01-12,
1943-01-13,
1943-01-14,
1943-01-15,
1943-01-16,
1943-01-18,
1943-01-19,
1943-01-20,
1943-01-21,
1943-01-22,
1943-01-23,
1943-01-25,
1943-01-26,
1943-01-27,
1943-01-28,
1943-01-29,
1943-01-30,
1943-02-01,
1943-02-02,
1943-02-03,
1943-02-04,
1943-02-05,
1943-02-06,
1943-02-08,
1943-02-09,
1943-02-10,
1943-02-11,
1943-02-13,
1943-02-15,
1943-02-16,
1943-02-17,
1943-02-18,
1943-02-19,
1943-02-20,
1943-02-23,
1943-02-24,
1943-02-25,
1943-02-26,
1943-02-27,
1943-03-01,
1943-03-02,
1943-03-03,
1943-03-04,
1943-03-05,
1943-03-06,
1943-03-08,
1943-03-09,
1943-03-10,
1943-03-11,
1943-03-12,
1943-03-13,
1943-03-15,
1943-03-16,
1943-03-17,
1943-03-18,
1943-03-19,
1943-03-20,
1943-03-22,
1943-03-23,
1943-03-24,
1943-03-25,
1943-03-26,
1943-03-27,
1943-03-29,
1943-03-30,
1943-03-31,
1943-04-01,
1943-04-02,
1943-04-03,
1943-04-05,
1943-04-06,
1943-04-07,
1943-04-08,
1943-04-09,
1943-04-10,
1943-04-12,
1943-04-13,
1943-04-14,
1943-04-15,
1943-04-16,
1943-04-17,
1943-04-19,
1943-04-20,
1943-04-21,
1943-04-22,
1943-04-24,
1943-04-26,
1943-04-27,
1943-04-28,
1943-04-29,
1943-04-30,
1943-05-01,
1943-05-03,
1943-05-04,
1943-05-05,
1943-05-06,
1943-05-07,
1943-05-08,
1943-05-10,
1943-05-11,
1943-05-12,
1943-05-13,
1943-05-14,
1943-05-15,
1943-05-17,
1943-05-18,
1943-05-19,
1943-05-20,
1943-05-21,
1943-05-22,
1943-05-24,
1943-05-25,
1943-05-26,
1943-05-27,
1943-05-28,
1943-05-29,
1943-06-01,
1943-06-02,
1943-06-03,
1943-06-04,
1943-06-05,
1943-06-07,
1943-06-08,
1943-06-09,
1943-06-10,
1943-06-11,
1943-06-12,
1943-06-14,
1943-06-15,
1943-06-16,
1943-06-17,
1943-06-18,
1943-06-19,
1943-06-21,
1943-06-22,
1943-06-23,
1943-06-24,
1943-06-25,
1943-06-26,
1943-06-28,
1943-06-29,
1943-06-30,
1943-07-01,
1943-07-02,
1943-07-03,
1943-07-06,
1943-07-07,
1943-07-08,
1943-07-09,
1943-07-10,
1943-07-12,
1943-07-13,
1943-07-14,
1943-07-15,
1943-07-16,
1943-07-17,
1943-07-19,
1943-07-20,
1943-07-21,
1943-07-22,
1943-07-23,
1943-07-24,
1943-07-26,
1943-07-27,
1943-07-28,
1943-07-29,
1943-07-30,
1943-07-31,
1943-08-02,
1943-08-03,
1943-08-04,
1943-08-05,
1943-08-06,
1943-08-07,
1943-08-09,
1943-08-10,
1943-08-11,
1943-08-12,
1943-08-13,
1943-08-14,
1943-08-16,
1943-08-17,
1943-08-18,
1943-08-19,
1943-08-20,
1943-08-21,
1943-08-23,
1943-08-24,
1943-08-25,
1943-08-26,
1943-08-27,
1943-08-28,
1943-08-30,
1943-08-31,
1943-09-01,
1943-09-02,
1943-09-03,
1943-09-04,
1943-09-07,
1943-09-08,
1943-09-09,
1943-09-10,
1943-09-11,
1943-09-13,
1943-09-14,
1943-09-15,
1943-09-16,
1943-09-17,
1943-09-18,
1943-09-20,
1943-09-21,
1943-09-22,
1943-09-23,
1943-09-24,
1943-09-25,
1943-09-27,
1943-09-28,
1943-09-29,
1943-09-30,
1943-10-01,
1943-10-02,
1943-10-04,
1943-10-05,
1943-10-06,
1943-10-07,
1943-10-08,
1943-10-09,
1943-10-11,
1943-10-13,
1943-10-14,
1943-10-15,
1943-10-16,
1943-10-18,
1943-10-19,
1943-10-20,
1943-10-21,
1943-10-22,
1943-10-23,
1943-10-25,
1943-10-26,
1943-10-27,
1943-10-28,
1943-10-29,
1943-10-30,
1943-11-01,
1943-11-03,
1943-11-04,
1943-11-05,
1943-11-06,
1943-11-08,
1943-11-09,
1943-11-10,
1943-11-12,
1943-11-13,
1943-11-15,
1943-11-16,
1943-11-17,
1943-11-18,
1943-11-19,
1943-11-20,
1943-11-22,
1943-11-23,
1943-11-24,
1943-11-26,
1943-11-27,
1943-11-29,
1943-11-30,
1943-12-01,
1943-12-02,
1943-12-03,
1943-12-04,
1943-12-06,
1943-12-07,
1943-12-08,
1943-12-09,
1943-12-10,
1943-12-11,
1943-12-13,
1943-12-14,
1943-12-15,
1943-12-16,
1943-12-17,
1943-12-18,
1943-12-20,
1943-12-21,
1943-12-22,
1943-12-23,
1943-12-24,
1943-12-27,
1943-12-28,
1943-12-29,
1943-12-30,
1943-12-31,
1944-01-03,
1944-01-04,
1944-01-05,
1944-01-06,
1944-01-07,
1944-01-08,
1944-01-10,
1944-01-11,
1944-01-12,
1944-01-13,
1944-01-14,
1944-01-15,
1944-01-17,
1944-01-18,
1944-01-19,
1944-01-20,
1944-01-21,
1944-01-22,
1944-01-24,
1944-01-25,
1944-01-26,
1944-01-27,
1944-01-28,
1944-01-29,
1944-01-31,
1944-02-01,
1944-02-02,
1944-02-03,
1944-02-04,
1944-02-05,
1944-02-07,
1944-02-08,
1944-02-09,
1944-02-10,
1944-02-11,
1944-02-14,
1944-02-15,
1944-02-16,
1944-02-17,
1944-02-18,
1944-02-19,
1944-02-21,
1944-02-23,
1944-02-24,
1944-02-25,
1944-02-26,
1944-02-28,
1944-02-29,
1944-03-01,
1944-03-02,
1944-03-03,
1944-03-04,
1944-03-06,
1944-03-07,
1944-03-08,
1944-03-09,
1944-03-10,
1944-03-11,
1944-03-13,
1944-03-14,
1944-03-15,
1944-03-16,
1944-03-17,
1944-03-18,
1944-03-20,
1944-03-21,
1944-03-22,
1944-03-23,
1944-03-24,
1944-03-25,
1944-03-27,
1944-03-28,
1944-03-29,
1944-03-30,
1944-03-31,
1944-04-01,
1944-04-03,
1944-04-04,
1944-04-05,
1944-04-06,
1944-04-08,
1944-04-10,
1944-04-11,
1944-04-12,
1944-04-13,
1944-04-14,
1944-04-15,
1944-04-17,
1944-04-18,
1944-04-19,
1944-04-20,
1944-04-21,
1944-04-22,
1944-04-24,
1944-04-25,
1944-04-26,
1944-04-27,
1944-04-28,
1944-04-29,
1944-05-01,
1944-05-02,
1944-05-03,
1944-05-04,
1944-05-05,
1944-05-06,
1944-05-08,
1944-05-09,
1944-05-10,
1944-05-11,
1944-05-12,
1944-05-13,
1944-05-15,
1944-05-16,
1944-05-17,
1944-05-18,
1944-05-19,
1944-05-20,
1944-05-22,
1944-05-23,
1944-05-24,
1944-05-25,
1944-05-26,
1944-05-27,
1944-05-29,
1944-05-31,
1944-06-01,
1944-06-02,
1944-06-03,
1944-06-05,
1944-06-06,
1944-06-07,
1944-06-08,
1944-06-09,
1944-06-10,
1944-06-12,
1944-06-13,
1944-06-14,
1944-06-15,
1944-06-16,
1944-06-17,
1944-06-19,
1944-06-20,
1944-06-21,
1944-06-22,
1944-06-23,
1944-06-24,
1944-06-26,
1944-06-27,
1944-06-28,
1944-06-29,
1944-06-30,
1944-07-01,
1944-07-03,
1944-07-05,
1944-07-06,
1944-07-07,
1944-07-08,
1944-07-10,
1944-07-11,
1944-07-12,
1944-07-13,
1944-07-14,
1944-07-15,
1944-07-17,
1944-07-18,
1944-07-19,
1944-07-20,
1944-07-21,
1944-07-22,
1944-07-24,
1944-07-25,
1944-07-26,
1944-07-27,
1944-07-28,
1944-07-29,
1944-07-31,
1944-08-01,
1944-08-02,
1944-08-03,
1944-08-04,
1944-08-05,
1944-08-07,
1944-08-08,
1944-08-09,
1944-08-10,
1944-08-11,
1944-08-12,
1944-08-14,
1944-08-15,
1944-08-16,
1944-08-17,
1944-08-18,
1944-08-21,
1944-08-22,
1944-08-23,
1944-08-24,
1944-08-25,
1944-08-28,
1944-08-29,
1944-08-30,
1944-08-31,
1944-09-01,
1944-09-05,
1944-09-06,
1944-09-07,
1944-09-08,
1944-09-09,
1944-09-11,
1944-09-12,
1944-09-13,
1944-09-14,
1944-09-15,
1944-09-16,
1944-09-18,
1944-09-19,
1944-09-20,
1944-09-21,
1944-09-22,
1944-09-23,
1944-09-25,
1944-09-26,
1944-09-27,
1944-09-28,
1944-09-29,
1944-09-30,
1944-10-02,
1944-10-03,
1944-10-04,
1944-10-05,
1944-10-06,
1944-10-07,
1944-10-09,
1944-10-10,
1944-10-11,
1944-10-13,
1944-10-14,
1944-10-16,
1944-10-17,
1944-10-18,
1944-10-19,
1944-10-20,
1944-10-21,
1944-10-23,
1944-10-24,
1944-10-25,
1944-10-26,
1944-10-27,
1944-10-28,
1944-10-30,
1944-10-31,
1944-11-01,
1944-11-02,
1944-11-03,
1944-11-04,
1944-11-06,
1944-11-08,
1944-11-09,
1944-11-10,
1944-11-13,
1944-11-14,
1944-11-15,
1944-11-16,
1944-11-17,
1944-11-18,
1944-11-20,
1944-11-21,
1944-11-22,
1944-11-24,
1944-11-25,
1944-11-27,
1944-11-28,
1944-11-29,
1944-11-30,
1944-12-01,
1944-12-02,
1944-12-04,
1944-12-05,
1944-12-06,
1944-12-07,
1944-12-08,
1944-12-09,
1944-12-11,
1944-12-12,
1944-12-13,
1944-12-14,
1944-12-15,
1944-12-16,
1944-12-18,
1944-12-19,
1944-12-20,
1944-12-21,
1944-12-22,
1944-12-23,
1944-12-26,
1944-12-27,
1944-12-28,
1944-12-29,
1944-12-30,
1945-01-02,
1945-01-03,
1945-01-04,
1945-01-05,
1945-01-06,
1945-01-08,
1945-01-09,
1945-01-10,
1945-01-11,
1945-01-12,
1945-01-13,
1945-01-15,
1945-01-16,
1945-01-17,
1945-01-18,
1945-01-19,
1945-01-20,
1945-01-22,
1945-01-23,
1945-01-24,
1945-01-25,
1945-01-26,
1945-01-27,
1945-01-29,
1945-01-30,
1945-01-31,
1945-02-01,
1945-02-02,
1945-02-03,
1945-02-05,
1945-02-06,
1945-02-07,
1945-02-08,
1945-02-09,
1945-02-10,
1945-02-13,
1945-02-14,
1945-02-15,
1945-02-16,
1945-02-17,
1945-02-19,
1945-02-20,
1945-02-21,
1945-02-23,
1945-02-24,
1945-02-26,
1945-02-27,
1945-02-28,
1945-03-01,
1945-03-02,
1945-03-03,
1945-03-05,
1945-03-06,
1945-03-07,
1945-03-08,
1945-03-09,
1945-03-10,
1945-03-12,
1945-03-13,
1945-03-14,
1945-03-15,
1945-03-16,
1945-03-17,
1945-03-19,
1945-03-20,
1945-03-21,
1945-03-22,
1945-03-23,
1945-03-24,
1945-03-26,
1945-03-27,
1945-03-28,
1945-03-29,
1945-03-31,
1945-04-02,
1945-04-03,
1945-04-04,
1945-04-05,
1945-04-06,
1945-04-07,
1945-04-09,
1945-04-10,
1945-04-11,
1945-04-12,
1945-04-13,
1945-04-16,
1945-04-17,
1945-04-18,
1945-04-19,
1945-04-20,
1945-04-21,
1945-04-23,
1945-04-24,
1945-04-25,
1945-04-26,
1945-04-27,
1945-04-28,
1945-04-30,
1945-05-01,
1945-05-02,
1945-05-03,
1945-05-04,
1945-05-05,
1945-05-07,
1945-05-08,
1945-05-09,
1945-05-10,
1945-05-11,
1945-05-12,
1945-05-14,
1945-05-15,
1945-05-16,
1945-05-17,
1945-05-18,
1945-05-19,
1945-05-21,
1945-05-22,
1945-05-23,
1945-05-24,
1945-05-25,
1945-05-26,
1945-05-28,
1945-05-29,
1945-05-31,
1945-06-01,
1945-06-02,
1945-06-04,
1945-06-05,
1945-06-06,
1945-06-07,
1945-06-08,
1945-06-09,
1945-06-11,
1945-06-12,
1945-06-13,
1945-06-14,
1945-06-15,
1945-06-16,
1945-06-18,
1945-06-19,
1945-06-20,
1945-06-21,
1945-06-22,
1945-06-23,
1945-06-25,
1945-06-26,
1945-06-27,
1945-06-28,
1945-06-29,
1945-06-30,
1945-07-02,
1945-07-03,
1945-07-05,
1945-07-06,
1945-07-09,
1945-07-10,
1945-07-11,
1945-07-12,
1945-07-13,
1945-07-16,
1945-07-17,
1945-07-18,
1945-07-19,
1945-07-20,
1945-07-23,
1945-07-24,
1945-07-25,
1945-07-26,
1945-07-27,
1945-07-30,
1945-07-31,
1945-08-01,
1945-08-02,
1945-08-03,
1945-08-06,
1945-08-07,
1945-08-08,
1945-08-09,
1945-08-10,
1945-08-13,
1945-08-14,
1945-08-17,
1945-08-20,
1945-08-21,
1945-08-22,
1945-08-23,
1945-08-24,
1945-08-27,
1945-08-28,
1945-08-29,
1945-08-30,
1945-08-31,
1945-09-04,
1945-09-05,
1945-09-06,
1945-09-07,
1945-09-08,
1945-09-10,
1945-09-11,
1945-09-12,
1945-09-13,
1945-09-14,
1945-09-15,
1945-09-17,
1945-09-18,
1945-09-19,
1945-09-20,
1945-09-21,
1945-09-22,
1945-09-24,
1945-09-25,
1945-09-26,
1945-09-27,
1945-09-28,
1945-09-29,
1945-10-01,
1945-10-02,
1945-10-03,
1945-10-04,
1945-10-05,
1945-10-06,
1945-10-08,
1945-10-09,
1945-10-10,
1945-10-11,
1945-10-15,
1945-10-16,
1945-10-17,
1945-10-18,
1945-10-19,
1945-10-20,
1945-10-22,
1945-10-23,
1945-10-24,
1945-10-25,
1945-10-26,
1945-10-29,
1945-10-30,
1945-10-31,
1945-11-01,
1945-11-02,
1945-11-03,
1945-11-05,
1945-11-07,
1945-11-08,
1945-11-09,
1945-11-10,
1945-11-13,
1945-11-14,
1945-11-15,
1945-11-16,
1945-11-17,
1945-11-19,
1945-11-20,
1945-11-21,
1945-11-23,
1945-11-24,
1945-11-26,
1945-11-27,
1945-11-28,
1945-11-29,
1945-11-30,
1945-12-01,
1945-12-03,
1945-12-04,
1945-12-05,
1945-12-06,
1945-12-07,
1945-12-08,
1945-12-10,
1945-12-11,
1945-12-12,
1945-12-13,
1945-12-14,
1945-12-15,
1945-12-17,
1945-12-18,
1945-12-19,
1945-12-20,
1945-12-21,
1945-12-22,
1945-12-26,
1945-12-27,
1945-12-28,
1945-12-29,
1945-12-31,
1946-01-02,
1946-01-03,
1946-01-04,
1946-01-05,
1946-01-07,
1946-01-08,
1946-01-09,
1946-01-10,
1946-01-11,
1946-01-12,
1946-01-14,
1946-01-15,
1946-01-16,
1946-01-17,
1946-01-18,
1946-01-19,
1946-01-21,
1946-01-22,
1946-01-23,
1946-01-24,
1946-01-25,
1946-01-26,
1946-01-28,
1946-01-29,
1946-01-30,
1946-01-31,
1946-02-01,
1946-02-02,
1946-02-04,
1946-02-05,
1946-02-06,
1946-02-07,
1946-02-08,
1946-02-09,
1946-02-11,
1946-02-13,
1946-02-14,
1946-02-15,
1946-02-16,
1946-02-18,
1946-02-19,
1946-02-20,
1946-02-21,
1946-02-25,
1946-02-26,
1946-02-27,
1946-02-28,
1946-03-01,
1946-03-02,
1946-03-04,
1946-03-05,
1946-03-06,
1946-03-07,
1946-03-08,
1946-03-09,
1946-03-11,
1946-03-12,
1946-03-13,
1946-03-14,
1946-03-15,
1946-03-16,
1946-03-18,
1946-03-19,
1946-03-20,
1946-03-21,
1946-03-22,
1946-03-23,
1946-03-25,
1946-03-26,
1946-03-27,
1946-03-28,
1946-03-29,
1946-03-30,
1946-04-01,
1946-04-02,
1946-04-03,
1946-04-04,
1946-04-05,
1946-04-06,
1946-04-08,
1946-04-09,
1946-04-10,
1946-04-11,
1946-04-12,
1946-04-13,
1946-04-15,
1946-04-16,
1946-04-17,
1946-04-18,
1946-04-20,
1946-04-22,
1946-04-23,
1946-04-24,
1946-04-25,
1946-04-26,
1946-04-27,
1946-04-29,
1946-04-30,
1946-05-01,
1946-05-02,
1946-05-03,
1946-05-04,
1946-05-06,
1946-05-07,
1946-05-08,
1946-05-09,
1946-05-10,
1946-05-11,
1946-05-13,
1946-05-14,
1946-05-15,
1946-05-16,
1946-05-17,
1946-05-18,
1946-05-20,
1946-05-21,
1946-05-22,
1946-05-23,
1946-05-24,
1946-05-27,
1946-05-28,
1946-05-29,
1946-05-31,
1946-06-03,
1946-06-04,
1946-06-05,
1946-06-06,
1946-06-07,
1946-06-10,
1946-06-11,
1946-06-12,
1946-06-13,
1946-06-14,
1946-06-17,
1946-06-18,
1946-06-19,
1946-06-20,
1946-06-21,
1946-06-24,
1946-06-25,
1946-06-26,
1946-06-27,
1946-06-28,
1946-07-01,
1946-07-02,
1946-07-03,
1946-07-05,
1946-07-08,
1946-07-09,
1946-07-10,
1946-07-11,
1946-07-12,
1946-07-15,
1946-07-16,
1946-07-17,
1946-07-18,
1946-07-19,
1946-07-22,
1946-07-23,
1946-07-24,
1946-07-25,
1946-07-26,
1946-07-29,
1946-07-30,
1946-07-31,
1946-08-01,
1946-08-02,
1946-08-05,
1946-08-06,
1946-08-07,
1946-08-08,
1946-08-09,
1946-08-12,
1946-08-13,
1946-08-14,
1946-08-15,
1946-08-16,
1946-08-19,
1946-08-20,
1946-08-21,
1946-08-22,
1946-08-23,
1946-08-26,
1946-08-27,
1946-08-28,
1946-08-29,
1946-08-30,
1946-09-03,
1946-09-04,
1946-09-05,
1946-09-06,
1946-09-09,
1946-09-10,
1946-09-11,
1946-09-12,
1946-09-13,
1946-09-16,
1946-09-17,
1946-09-18,
1946-09-19,
1946-09-20,
1946-09-23,
1946-09-24,
1946-09-25,
1946-09-26,
1946-09-27,
1946-09-30,
1946-10-01,
1946-10-02,
1946-10-03,
1946-10-04,
1946-10-05,
1946-10-07,
1946-10-08,
1946-10-09,
1946-10-10,
1946-10-11,
1946-10-14,
1946-10-15,
1946-10-16,
1946-10-17,
1946-10-18,
1946-10-19,
1946-10-21,
1946-10-22,
1946-10-23,
1946-10-24,
1946-10-25,
1946-10-26,
1946-10-28,
1946-10-29,
1946-10-30,
1946-10-31,
1946-11-01,
1946-11-02,
1946-11-04,
1946-11-06,
1946-11-07,
1946-11-08,
1946-11-09,
1946-11-12,
1946-11-13,
1946-11-14,
1946-11-15,
1946-11-16,
1946-11-18,
1946-11-19,
1946-11-20,
1946-11-21,
1946-11-22,
1946-11-23,
1946-11-25,
1946-11-26,
1946-11-27,
1946-11-29,
1946-11-30,
1946-12-02,
1946-12-03,
1946-12-04,
1946-12-05,
1946-12-06,
1946-12-07,
1946-12-09,
1946-12-10,
1946-12-11,
1946-12-12,
1946-12-13,
1946-12-14,
1946-12-16,
1946-12-17,
1946-12-18,
1946-12-19,
1946-12-20,
1946-12-21,
1946-12-23,
1946-12-24,
1946-12-26,
1946-12-27,
1946-12-28,
1946-12-30,
1946-12-31,
1947-01-02,
1947-01-03,
1947-01-04,
1947-01-06,
1947-01-07,
1947-01-08,
1947-01-09,
1947-01-10,
1947-01-11,
1947-01-13,
1947-01-14,
1947-01-15,
1947-01-16,
1947-01-17,
1947-01-18,
1947-01-20,
1947-01-21,
1947-01-22,
1947-01-23,
1947-01-24,
1947-01-25,
1947-01-27,
1947-01-28,
1947-01-29,
1947-01-30,
1947-01-31,
1947-02-01,
1947-02-03,
1947-02-04,
1947-02-05,
1947-02-06,
1947-02-07,
1947-02-08,
1947-02-10,
1947-02-11,
1947-02-13,
1947-02-14,
1947-02-15,
1947-02-17,
1947-02-18,
1947-02-19,
1947-02-20,
1947-02-21,
1947-02-24,
1947-02-25,
1947-02-26,
1947-02-27,
1947-02-28,
1947-03-01,
1947-03-03,
1947-03-04,
1947-03-05,
1947-03-06,
1947-03-07,
1947-03-08,
1947-03-10,
1947-03-11,
1947-03-12,
1947-03-13,
1947-03-14,
1947-03-15,
1947-03-17,
1947-03-18,
1947-03-19,
1947-03-20,
1947-03-21,
1947-03-22,
1947-03-24,
1947-03-25,
1947-03-26,
1947-03-27,
1947-03-28,
1947-03-29,
1947-03-31,
1947-04-01,
1947-04-02,
1947-04-03,
1947-04-05,
1947-04-07,
1947-04-08,
1947-04-09,
1947-04-10,
1947-04-11,
1947-04-12,
1947-04-14,
1947-04-15,
1947-04-16,
1947-04-17,
1947-04-18,
1947-04-19,
1947-04-21,
1947-04-22,
1947-04-23,
1947-04-24,
1947-04-25,
1947-04-26,
1947-04-28,
1947-04-29,
1947-04-30,
1947-05-01,
1947-05-02,
1947-05-03,
1947-05-05,
1947-05-06,
1947-05-07,
1947-05-08,
1947-05-09,
1947-05-10,
1947-05-12,
1947-05-13,
1947-05-14,
1947-05-15,
1947-05-16,
1947-05-17,
1947-05-19,
1947-05-20,
1947-05-21,
1947-05-22,
1947-05-23,
1947-05-24,
1947-05-26,
1947-05-27,
1947-05-28,
1947-05-29,
1947-06-02,
1947-06-03,
1947-06-04,
1947-06-05,
1947-06-06,
1947-06-09,
1947-06-10,
1947-06-11,
1947-06-12,
1947-06-13,
1947-06-16,
1947-06-17,
1947-06-18,
1947-06-19,
1947-06-20,
1947-06-23,
1947-06-24,
1947-06-25,
1947-06-26,
1947-06-27,
1947-06-30,
1947-07-01,
1947-07-02,
1947-07-03,
1947-07-07,
1947-07-08,
1947-07-09,
1947-07-10,
1947-07-11,
1947-07-14,
1947-07-15,
1947-07-16,
1947-07-17,
1947-07-18,
1947-07-21,
1947-07-22,
1947-07-23,
1947-07-24,
1947-07-25,
1947-07-28,
1947-07-29,
1947-07-30,
1947-07-31,
1947-08-01,
1947-08-04,
1947-08-05,
1947-08-06,
1947-08-07,
1947-08-08,
1947-08-11,
1947-08-12,
1947-08-13,
1947-08-14,
1947-08-15,
1947-08-18,
1947-08-19,
1947-08-20,
1947-08-21,
1947-08-22,
1947-08-25,
1947-08-26,
1947-08-27,
1947-08-28,
1947-08-29,
1947-09-02,
1947-09-03,
1947-09-04,
1947-09-05,
1947-09-08,
1947-09-09,
1947-09-10,
1947-09-11,
1947-09-12,
1947-09-15,
1947-09-16,
1947-09-17,
1947-09-18,
1947-09-19,
1947-09-22,
1947-09-23,
1947-09-24,
1947-09-25,
1947-09-26,
1947-09-29,
1947-09-30,
1947-10-01,
1947-10-02,
1947-10-03,
1947-10-04,
1947-10-06,
1947-10-07,
1947-10-08,
1947-10-09,
1947-10-10,
1947-10-11,
1947-10-14,
1947-10-15,
1947-10-16,
1947-10-17,
1947-10-18,
1947-10-20,
1947-10-21,
1947-10-22,
1947-10-23,
1947-10-24,
1947-10-25,
1947-10-27,
1947-10-28,
1947-10-29,
1947-10-30,
1947-10-31,
1947-11-01,
1947-11-03,
1947-11-05,
1947-11-06,
1947-11-07,
1947-11-08,
1947-11-10,
1947-11-12,
1947-11-13,
1947-11-14,
1947-11-15,
1947-11-17,
1947-11-18,
1947-11-19,
1947-11-20,
1947-11-21,
1947-11-22,
1947-11-24,
1947-11-25,
1947-11-26,
1947-11-28,
1947-11-29,
1947-12-01,
1947-12-02,
1947-12-03,
1947-12-04,
1947-12-05,
1947-12-06,
1947-12-08,
1947-12-09,
1947-12-10,
1947-12-11,
1947-12-12,
1947-12-13,
1947-12-15,
1947-12-16,
1947-12-17,
1947-12-18,
1947-12-19,
1947-12-20,
1947-12-22,
1947-12-23,
1947-12-24,
1947-12-26,
1947-12-27,
1947-12-29,
1947-12-30,
1947-12-31,
1948-01-02,
1948-01-05,
1948-01-06,
1948-01-07,
1948-01-08,
1948-01-09,
1948-01-10,
1948-01-12,
1948-01-13,
1948-01-14,
1948-01-15,
1948-01-16,
1948-01-17,
1948-01-19,
1948-01-20,
1948-01-21,
1948-01-22,
1948-01-23,
1948-01-24,
1948-01-26,
1948-01-27,
1948-01-28,
1948-01-29,
1948-01-30,
1948-01-31,
1948-02-02,
1948-02-03,
1948-02-04,
1948-02-05,
1948-02-06,
1948-02-07,
1948-02-09,
1948-02-10,
1948-02-11,
1948-02-13,
1948-02-14,
1948-02-16,
1948-02-17,
1948-02-18,
1948-02-19,
1948-02-20,
1948-02-21,
1948-02-24,
1948-02-25,
1948-02-26,
1948-02-27,
1948-02-28,
1948-03-01,
1948-03-02,
1948-03-03,
1948-03-04,
1948-03-05,
1948-03-06,
1948-03-08,
1948-03-09,
1948-03-10,
1948-03-11,
1948-03-12,
1948-03-13,
1948-03-15,
1948-03-16,
1948-03-17,
1948-03-18,
1948-03-19,
1948-03-20,
1948-03-22,
1948-03-23,
1948-03-24,
1948-03-25,
1948-03-27,
1948-03-29,
1948-03-30,
1948-03-31,
1948-04-01,
1948-04-02,
1948-04-03,
1948-04-05,
1948-04-06,
1948-04-07,
1948-04-08,
1948-04-09,
1948-04-10,
1948-04-12,
1948-04-13,
1948-04-14,
1948-04-15,
1948-04-16,
1948-04-17,
1948-04-19,
1948-04-20,
1948-04-21,
1948-04-22,
1948-04-23,
1948-04-24,
1948-04-26,
1948-04-27,
1948-04-28,
1948-04-29,
1948-04-30,
1948-05-01,
1948-05-03,
1948-05-04,
1948-05-05,
1948-05-06,
1948-05-07,
1948-05-08,
1948-05-10,
1948-05-11,
1948-05-12,
1948-05-13,
1948-05-14,
1948-05-15,
1948-05-17,
1948-05-18,
1948-05-19,
1948-05-20,
1948-05-21,
1948-05-22,
1948-05-24,
1948-05-25,
1948-05-26,
1948-05-27,
1948-05-28,
1948-06-01,
1948-06-02,
1948-06-03,
1948-06-04,
1948-06-07,
1948-06-08,
1948-06-09,
1948-06-10,
1948-06-11,
1948-06-14,
1948-06-15,
1948-06-16,
1948-06-17,
1948-06-18,
1948-06-21,
1948-06-22,
1948-06-23,
1948-06-24,
1948-06-25,
1948-06-28,
1948-06-29,
1948-06-30,
1948-07-01,
1948-07-02,
1948-07-06,
1948-07-07,
1948-07-08,
1948-07-09,
1948-07-12,
1948-07-13,
1948-07-14,
1948-07-15,
1948-07-16,
1948-07-19,
1948-07-20,
1948-07-21,
1948-07-22,
1948-07-23,
1948-07-26,
1948-07-27,
1948-07-28,
1948-07-29,
1948-07-30,
1948-08-02,
1948-08-03,
1948-08-04,
1948-08-05,
1948-08-06,
1948-08-09,
1948-08-10,
1948-08-11,
1948-08-12,
1948-08-13,
1948-08-16,
1948-08-17,
1948-08-18,
1948-08-19,
1948-08-20,
1948-08-23,
1948-08-24,
1948-08-25,
1948-08-26,
1948-08-27,
1948-08-30,
1948-08-31,
1948-09-01,
1948-09-02,
1948-09-03,
1948-09-07,
1948-09-08,
1948-09-09,
1948-09-10,
1948-09-13,
1948-09-14,
1948-09-15,
1948-09-16,
1948-09-17,
1948-09-20,
1948-09-21,
1948-09-22,
1948-09-23,
1948-09-24,
1948-09-27,
1948-09-28,
1948-09-29,
1948-09-30,
1948-10-01,
1948-10-02,
1948-10-04,
1948-10-05,
1948-10-06,
1948-10-07,
1948-10-08,
1948-10-09,
1948-10-11,
1948-10-13,
1948-10-14,
1948-10-15,
1948-10-16,
1948-10-18,
1948-10-19,
1948-10-20,
1948-10-21,
1948-10-22,
1948-10-23,
1948-10-25,
1948-10-26,
1948-10-27,
1948-10-28,
1948-10-29,
1948-10-30,
1948-11-01,
1948-11-03,
1948-11-04,
1948-11-05,
1948-11-06,
1948-11-08,
1948-11-09,
1948-11-10,
1948-11-12,
1948-11-13,
1948-11-15,
1948-11-16,
1948-11-17,
1948-11-18,
1948-11-19,
1948-11-20,
1948-11-22,
1948-11-23,
1948-11-24,
1948-11-26,
1948-11-27,
1948-11-29,
1948-11-30,
1948-12-01,
1948-12-02,
1948-12-03,
1948-12-04,
1948-12-06,
1948-12-07,
1948-12-08,
1948-12-09,
1948-12-10,
1948-12-11,
1948-12-13,
1948-12-14,
1948-12-15,
1948-12-16,
1948-12-17,
1948-12-18,
1948-12-20,
1948-12-21,
1948-12-22,
1948-12-23,
1948-12-24,
1948-12-27,
1948-12-28,
1948-12-29,
1948-12-30,
1948-12-31,
1949-01-03,
1949-01-04,
1949-01-05,
1949-01-06,
1949-01-07,
1949-01-08,
1949-01-10,
1949-01-11,
1949-01-12,
1949-01-13,
1949-01-14,
1949-01-15,
1949-01-17,
1949-01-18,
1949-01-19,
1949-01-20,
1949-01-21,
1949-01-22,
1949-01-24,
1949-01-25,
1949-01-26,
1949-01-27,
1949-01-28,
1949-01-29,
1949-01-31,
1949-02-01,
1949-02-02,
1949-02-03,
1949-02-04,
1949-02-05,
1949-02-07,
1949-02-08,
1949-02-09,
1949-02-10,
1949-02-11,
1949-02-14,
1949-02-15,
1949-02-16,
1949-02-17,
1949-02-18,
1949-02-19,
1949-02-21,
1949-02-23,
1949-02-24,
1949-02-25,
1949-02-26,
1949-02-28,
1949-03-01,
1949-03-02,
1949-03-03,
1949-03-04,
1949-03-05,
1949-03-07,
1949-03-08,
1949-03-09,
1949-03-10,
1949-03-11,
1949-03-12,
1949-03-14,
1949-03-15,
1949-03-16,
1949-03-17,
1949-03-18,
1949-03-19,
1949-03-21,
1949-03-22,
1949-03-23,
1949-03-24,
1949-03-25,
1949-03-26,
1949-03-28,
1949-03-29,
1949-03-30,
1949-03-31,
1949-04-01,
1949-04-02,
1949-04-04,
1949-04-05,
1949-04-06,
1949-04-07,
1949-04-08,
1949-04-09,
1949-04-11,
1949-04-12,
1949-04-13,
1949-04-14,
1949-04-16,
1949-04-18,
1949-04-19,
1949-04-20,
1949-04-21,
1949-04-22,
1949-04-23,
1949-04-25,
1949-04-26,
1949-04-27,
1949-04-28,
1949-04-29,
1949-04-30,
1949-05-02,
1949-05-03,
1949-05-04,
1949-05-05,
1949-05-06,
1949-05-07,
1949-05-09,
1949-05-10,
1949-05-11,
1949-05-12,
1949-05-13,
1949-05-14,
1949-05-16,
1949-05-17,
1949-05-18,
1949-05-19,
1949-05-20,
1949-05-21,
1949-05-23,
1949-05-24,
1949-05-25,
1949-05-26,
1949-05-27,
1949-05-31,
1949-06-01,
1949-06-02,
1949-06-03,
1949-06-06,
1949-06-07,
1949-06-08,
1949-06-09,
1949-06-10,
1949-06-13,
1949-06-14,
1949-06-15,
1949-06-16,
1949-06-17,
1949-06-20,
1949-06-21,
1949-06-22,
1949-06-23,
1949-06-24,
1949-06-27,
1949-06-28,
1949-06-29,
1949-06-30,
1949-07-01,
1949-07-05,
1949-07-06,
1949-07-07,
1949-07-08,
1949-07-11,
1949-07-12,
1949-07-13,
1949-07-14,
1949-07-15,
1949-07-18,
1949-07-19,
1949-07-20,
1949-07-21,
1949-07-22,
1949-07-25,
1949-07-26,
1949-07-27,
1949-07-28,
1949-07-29,
1949-08-01,
1949-08-02,
1949-08-03,
1949-08-04,
1949-08-05,
1949-08-08,
1949-08-09,
1949-08-10,
1949-08-11,
1949-08-12,
1949-08-15,
1949-08-16,
1949-08-17,
1949-08-18,
1949-08-19,
1949-08-22,
1949-08-23,
1949-08-24,
1949-08-25,
1949-08-26,
1949-08-29,
1949-08-30,
1949-08-31,
1949-09-01,
1949-09-02,
1949-09-06,
1949-09-07,
1949-09-08,
1949-09-09,
1949-09-12,
1949-09-13,
1949-09-14,
1949-09-15,
1949-09-16,
1949-09-19,
1949-09-20,
1949-09-21,
1949-09-22,
1949-09-23,
1949-09-26,
1949-09-27,
1949-09-28,
1949-09-29,
1949-09-30,
1949-10-01,
1949-10-03,
1949-10-04,
1949-10-05,
1949-10-06,
1949-10-07,
1949-10-08,
1949-10-10,
1949-10-11,
1949-10-13,
1949-10-14,
1949-10-15,
1949-10-17,
1949-10-18,
1949-10-19,
1949-10-20,
1949-10-21,
1949-10-22,
1949-10-24,
1949-10-25,
1949-10-26,
1949-10-27,
1949-10-28,
1949-10-29,
1949-10-31,
1949-11-01,
1949-11-02,
1949-11-03,
1949-11-04,
1949-11-05,
1949-11-07,
1949-11-09,
1949-11-10,
1949-11-12,
1949-11-14,
1949-11-15,
1949-11-16,
1949-11-17,
1949-11-18,
1949-11-19,
1949-11-21,
1949-11-22,
1949-11-23,
1949-11-25,
1949-11-26,
1949-11-28,
1949-11-29,
1949-11-30,
1949-12-01,
1949-12-02,
1949-12-03,
1949-12-05,
1949-12-06,
1949-12-07,
1949-12-08,
1949-12-09,
1949-12-10,
1949-12-12,
1949-12-13,
1949-12-14,
1949-12-15,
1949-12-16,
1949-12-17,
1949-12-19,
1949-12-20,
1949-12-21,
1949-12-22,
1949-12-23,
1949-12-27,
1949-12-28,
1949-12-29,
1949-12-30,
1949-12-31,
1950-01-03,
1950-01-04,
1950-01-05,
1950-01-06,
1950-01-07,
1950-01-09,
1950-01-10,
1950-01-11,
1950-01-12,
1950-01-13,
1950-01-14,
1950-01-16,
1950-01-17,
1950-01-18,
1950-01-19,
1950-01-20,
1950-01-21,
1950-01-23,
1950-01-24,
1950-01-25,
1950-01-26,
1950-01-27,
1950-01-28,
1950-01-30,
1950-01-31,
1950-02-01,
1950-02-02,
1950-02-03,
1950-02-04,
1950-02-06,
1950-02-07,
1950-02-08,
1950-02-09,
1950-02-10,
1950-02-11,
1950-02-14,
1950-02-15,
1950-02-16,
1950-02-17,
1950-02-18,
1950-02-20,
1950-02-21,
1950-02-23,
1950-02-24,
1950-02-25,
1950-02-27,
1950-02-28,
1950-03-01,
1950-03-02,
1950-03-03,
1950-03-04,
1950-03-06,
1950-03-07,
1950-03-08,
1950-03-09,
1950-03-10,
1950-03-11,
1950-03-13,
1950-03-14,
1950-03-15,
1950-03-16,
1950-03-17,
1950-03-18,
1950-03-20,
1950-03-21,
1950-03-22,
1950-03-23,
1950-03-24,
1950-03-25,
1950-03-27,
1950-03-28,
1950-03-29,
1950-03-30,
1950-03-31,
1950-04-01,
1950-04-03,
1950-04-04,
1950-04-05,
1950-04-06,
1950-04-08,
1950-04-10,
1950-04-11,
1950-04-12,
1950-04-13,
1950-04-14,
1950-04-15,
1950-04-17,
1950-04-18,
1950-04-19,
1950-04-20,
1950-04-21,
1950-04-22,
1950-04-24,
1950-04-25,
1950-04-26,
1950-04-27,
1950-04-28,
1950-04-29,
1950-05-01,
1950-05-02,
1950-05-03,
1950-05-04,
1950-05-05,
1950-05-06,
1950-05-08,
1950-05-09,
1950-05-10,
1950-05-11,
1950-05-12,
1950-05-13,
1950-05-15,
1950-05-16,
1950-05-17,
1950-05-18,
1950-05-19,
1950-05-20,
1950-05-22,
1950-05-23,
1950-05-24,
1950-05-25,
1950-05-26,
1950-05-27,
1950-05-29,
1950-05-31,
1950-06-01,
1950-06-02,
1950-06-05,
1950-06-06,
1950-06-07,
1950-06-08,
1950-06-09,
1950-06-12,
1950-06-13,
1950-06-14,
1950-06-15,
1950-06-16,
1950-06-19,
1950-06-20,
1950-06-21,
1950-06-22,
1950-06-23,
1950-06-26,
1950-06-27,
1950-06-28,
1950-06-29,
1950-06-30,
1950-07-03,
1950-07-05,
1950-07-06,
1950-07-07,
1950-07-10,
1950-07-11,
1950-07-12,
1950-07-13,
1950-07-14,
1950-07-17,
1950-07-18,
1950-07-19,
1950-07-20,
1950-07-21,
1950-07-24,
1950-07-25,
1950-07-26,
1950-07-27,
1950-07-28,
1950-07-31,
1950-08-01,
1950-08-02,
1950-08-03,
1950-08-04,
1950-08-07,
1950-08-08,
1950-08-09,
1950-08-10,
1950-08-11,
1950-08-14,
1950-08-15,
1950-08-16,
1950-08-17,
1950-08-18,
1950-08-21,
1950-08-22,
1950-08-23,
1950-08-24,
1950-08-25,
1950-08-28,
1950-08-29,
1950-08-30,
1950-08-31,
1950-09-01,
1950-09-05,
1950-09-06,
1950-09-07,
1950-09-08,
1950-09-11,
1950-09-12,
1950-09-13,
1950-09-14,
1950-09-15,
1950-09-18,
1950-09-19,
1950-09-20,
1950-09-21,
1950-09-22,
1950-09-25,
1950-09-26,
1950-09-27,
1950-09-28,
1950-09-29,
1950-10-02,
1950-10-03,
1950-10-04,
1950-10-05,
1950-10-06,
1950-10-07,
1950-10-09,
1950-10-10,
1950-10-11,
1950-10-13,
1950-10-14,
1950-10-16,
1950-10-17,
1950-10-18,
1950-10-19,
1950-10-20,
1950-10-21,
1950-10-23,
1950-10-24,
1950-10-25,
1950-10-26,
1950-10-27,
1950-10-28,
1950-10-30,
1950-10-31,
1950-11-01,
1950-11-02,
1950-11-03,
1950-11-04,
1950-11-06,
1950-11-08,
1950-11-09,
1950-11-10,
1950-11-13,
1950-11-14,
1950-11-15,
1950-11-16,
1950-11-17,
1950-11-18,
1950-11-20,
1950-11-21,
1950-11-22,
1950-11-24,
1950-11-25,
1950-11-27,
1950-11-28,
1950-11-29,
1950-11-30,
1950-12-01,
1950-12-02,
1950-12-04,
1950-12-05,
1950-12-06,
1950-12-07,
1950-12-08,
1950-12-09,
1950-12-11,
1950-12-12,
1950-12-13,
1950-12-14,
1950-12-15,
1950-12-16,
1950-12-18,
1950-12-19,
1950-12-20,
1950-12-21,
1950-12-22,
1950-12-26,
1950-12-27,
1950-12-28,
1950-12-29,
1950-12-30,
1951-01-02,
1951-01-03,
1951-01-04,
1951-01-05,
1951-01-06,
1951-01-08,
1951-01-09,
1951-01-10,
1951-01-11,
1951-01-12,
1951-01-13,
1951-01-15,
1951-01-16,
1951-01-17,
1951-01-18,
1951-01-19,
1951-01-20,
1951-01-22,
1951-01-23,
1951-01-24,
1951-01-25,
1951-01-26,
1951-01-27,
1951-01-29,
1951-01-30,
1951-01-31,
1951-02-01,
1951-02-02,
1951-02-03,
1951-02-05,
1951-02-06,
1951-02-07,
1951-02-08,
1951-02-09,
1951-02-10,
1951-02-13,
1951-02-14,
1951-02-15,
1951-02-16,
1951-02-17,
1951-02-19,
1951-02-20,
1951-02-21,
1951-02-23,
1951-02-24,
1951-02-26,
1951-02-27,
1951-02-28,
1951-03-01,
1951-03-02,
1951-03-03,
1951-03-05,
1951-03-06,
1951-03-07,
1951-03-08,
1951-03-09,
1951-03-10,
1951-03-12,
1951-03-13,
1951-03-14,
1951-03-15,
1951-03-16,
1951-03-17,
1951-03-19,
1951-03-20,
1951-03-21,
1951-03-22,
1951-03-24,
1951-03-26,
1951-03-27,
1951-03-28,
1951-03-29,
1951-03-30,
1951-03-31,
1951-04-02,
1951-04-03,
1951-04-04,
1951-04-05,
1951-04-06,
1951-04-07,
1951-04-09,
1951-04-10,
1951-04-11,
1951-04-12,
1951-04-13,
1951-04-14,
1951-04-16,
1951-04-17,
1951-04-18,
1951-04-19,
1951-04-20,
1951-04-21,
1951-04-23,
1951-04-24,
1951-04-25,
1951-04-26,
1951-04-27,
1951-04-28,
1951-04-30,
1951-05-01,
1951-05-02,
1951-05-03,
1951-05-04,
1951-05-05,
1951-05-07,
1951-05-08,
1951-05-09,
1951-05-10,
1951-05-11,
1951-05-12,
1951-05-14,
1951-05-15,
1951-05-16,
1951-05-17,
1951-05-18,
1951-05-19,
1951-05-21,
1951-05-22,
1951-05-23,
1951-05-24,
1951-05-25,
1951-05-26,
1951-05-28,
1951-05-29,
1951-05-31,
1951-06-01,
1951-06-04,
1951-06-05,
1951-06-06,
1951-06-07,
1951-06-08,
1951-06-11,
1951-06-12,
1951-06-13,
1951-06-14,
1951-06-15,
1951-06-18,
1951-06-19,
1951-06-20,
1951-06-21,
1951-06-22,
1951-06-25,
1951-06-26,
1951-06-27,
1951-06-28,
1951-06-29,
1951-07-02,
1951-07-03,
1951-07-05,
1951-07-06,
1951-07-09,
1951-07-10,
1951-07-11,
1951-07-12,
1951-07-13,
1951-07-16,
1951-07-17,
1951-07-18,
1951-07-19,
1951-07-20,
1951-07-23,
1951-07-24,
1951-07-25,
1951-07-26,
1951-07-27,
1951-07-30,
1951-07-31,
1951-08-01,
1951-08-02,
1951-08-03,
1951-08-06,
1951-08-07,
1951-08-08,
1951-08-09,
1951-08-10,
1951-08-13,
1951-08-14,
1951-08-15,
1951-08-16,
1951-08-17,
1951-08-20,
1951-08-21,
1951-08-22,
1951-08-23,
1951-08-24,
1951-08-27,
1951-08-28,
1951-08-29,
1951-08-30,
1951-08-31,
1951-09-04,
1951-09-05,
1951-09-06,
1951-09-07,
1951-09-10,
1951-09-11,
1951-09-12,
1951-09-13,
1951-09-14,
1951-09-17,
1951-09-18,
1951-09-19,
1951-09-20,
1951-09-21,
1951-09-24,
1951-09-25,
1951-09-26,
1951-09-27,
1951-09-28,
1951-10-01,
1951-10-02,
1951-10-03,
1951-10-04,
1951-10-05,
1951-10-06,
1951-10-08,
1951-10-09,
1951-10-10,
1951-10-11,
1951-10-13,
1951-10-15,
1951-10-16,
1951-10-17,
1951-10-18,
1951-10-19,
1951-10-20,
1951-10-22,
1951-10-23,
1951-10-24,
1951-10-25,
1951-10-26,
1951-10-27,
1951-10-29,
1951-10-30,
1951-10-31,
1951-11-01,
1951-11-02,
1951-11-03,
1951-11-05,
1951-11-07,
1951-11-08,
1951-11-09,
1951-11-10,
1951-11-13,
1951-11-14,
1951-11-15,
1951-11-16,
1951-11-17,
1951-11-19,
1951-11-20,
1951-11-21,
1951-11-23,
1951-11-24,
1951-11-26,
1951-11-27,
1951-11-28,
1951-11-29,
1951-11-30,
1951-12-01,
1951-12-03,
1951-12-04,
1951-12-05,
1951-12-06,
1951-12-07,
1951-12-08,
1951-12-10,
1951-12-11,
1951-12-12,
1951-12-13,
1951-12-14,
1951-12-15,
1951-12-17,
1951-12-18,
1951-12-19,
1951-12-20,
1951-12-21,
1951-12-22,
1951-12-24,
1951-12-26,
1951-12-27,
1951-12-28,
1951-12-29,
1951-12-31,
1952-01-02,
1952-01-03,
1952-01-04,
1952-01-05,
1952-01-07,
1952-01-08,
1952-01-09,
1952-01-10,
1952-01-11,
1952-01-12,
1952-01-14,
1952-01-15,
1952-01-16,
1952-01-17,
1952-01-18,
1952-01-19,
1952-01-21,
1952-01-22,
1952-01-23,
1952-01-24,
1952-01-25,
1952-01-26,
1952-01-28,
1952-01-29,
1952-01-30,
1952-01-31,
1952-02-01,
1952-02-02,
1952-02-04,
1952-02-05,
1952-02-06,
1952-02-07,
1952-02-08,
1952-02-09,
1952-02-11,
1952-02-13,
1952-02-14,
1952-02-15,
1952-02-16,
1952-02-18,
1952-02-19,
1952-02-20,
1952-02-21,
1952-02-23,
1952-02-25,
1952-02-26,
1952-02-27,
1952-02-28,
1952-02-29,
1952-03-01,
1952-03-03,
1952-03-04,
1952-03-05,
1952-03-06,
1952-03-07,
1952-03-08,
1952-03-10,
1952-03-11,
1952-03-12,
1952-03-13,
1952-03-14,
1952-03-15,
1952-03-17,
1952-03-18,
1952-03-19,
1952-03-20,
1952-03-21,
1952-03-22,
1952-03-24,
1952-03-25,
1952-03-26,
1952-03-27,
1952-03-28,
1952-03-29,
1952-03-31,
1952-04-01,
1952-04-02,
1952-04-03,
1952-04-04,
1952-04-05,
1952-04-07,
1952-04-08,
1952-04-09,
1952-04-10,
1952-04-12,
1952-04-14,
1952-04-15,
1952-04-16,
1952-04-17,
1952-04-18,
1952-04-19,
1952-04-21,
1952-04-22,
1952-04-23,
1952-04-24,
1952-04-25,
1952-04-26,
1952-04-28,
1952-04-29,
1952-04-30,
1952-05-01,
1952-05-02,
1952-05-03,
1952-05-05,
1952-05-06,
1952-05-07,
1952-05-08,
1952-05-09,
1952-05-10,
1952-05-12,
1952-05-13,
1952-05-14,
1952-05-15,
1952-05-16,
1952-05-17,
1952-05-19,
1952-05-20,
1952-05-21,
1952-05-22,
1952-05-23,
1952-05-24,
1952-05-26,
1952-05-27,
1952-05-28,
1952-05-29,
1952-06-02,
1952-06-03,
1952-06-04,
1952-06-05,
1952-06-06,
1952-06-09,
1952-06-10,
1952-06-11,
1952-06-12,
1952-06-13,
1952-06-16,
1952-06-17,
1952-06-18,
1952-06-19,
1952-06-20,
1952-06-23,
1952-06-24,
1952-06-25,
1952-06-26,
1952-06-27,
1952-06-30,
1952-07-01,
1952-07-02,
1952-07-03,
1952-07-07,
1952-07-08,
1952-07-09,
1952-07-10,
1952-07-11,
1952-07-14,
1952-07-15,
1952-07-16,
1952-07-17,
1952-07-18,
1952-07-21,
1952-07-22,
1952-07-23,
1952-07-24,
1952-07-25,
1952-07-28,
1952-07-29,
1952-07-30,
1952-07-31,
1952-08-01,
1952-08-04,
1952-08-05,
1952-08-06,
1952-08-07,
1952-08-08,
1952-08-11,
1952-08-12,
1952-08-13,
1952-08-14,
1952-08-15,
1952-08-18,
1952-08-19,
1952-08-20,
1952-08-21,
1952-08-22,
1952-08-25,
1952-08-26,
1952-08-27,
1952-08-28,
1952-08-29,
1952-09-02,
1952-09-03,
1952-09-04,
1952-09-05,
1952-09-08,
1952-09-09,
1952-09-10,
1952-09-11,
1952-09-12,
1952-09-15,
1952-09-16,
1952-09-17,
1952-09-18,
1952-09-19,
1952-09-22,
1952-09-23,
1952-09-24,
1952-09-25,
1952-09-26,
1952-09-29,
1952-09-30,
1952-10-01,
1952-10-02,
1952-10-03,
1952-10-06,
1952-10-07,
1952-10-08,
1952-10-09,
1952-10-10,
1952-10-14,
1952-10-15,
1952-10-16,
1952-10-17,
1952-10-20,
1952-10-21,
1952-10-22,
1952-10-23,
1952-10-24,
1952-10-27,
1952-10-28,
1952-10-29,
1952-10-30,
1952-10-31,
1952-11-03,
1952-11-05,
1952-11-06,
1952-11-07,
1952-11-10,
1952-11-12,
1952-11-13,
1952-11-14,
1952-11-17,
1952-11-18,
1952-11-19,
1952-11-20,
1952-11-21,
1952-11-24,
1952-11-25,
1952-11-26,
1952-11-28,
1952-12-01,
1952-12-02,
1952-12-03,
1952-12-04,
1952-12-05,
1952-12-08,
1952-12-09,
1952-12-10,
1952-12-11,
1952-12-12,
1952-12-15,
1952-12-16,
1952-12-17,
1952-12-18,
1952-12-19,
1952-12-22,
1952-12-23,
1952-12-24,
1952-12-26,
1952-12-29,
1952-12-30,
1952-12-31,
1953-01-02,
1953-01-05,
1953-01-06,
1953-01-07,
1953-01-08,
1953-01-09,
1953-01-12,
1953-01-13,
1953-01-14,
1953-01-15,
1953-01-16,
1953-01-19,
1953-01-20,
1953-01-21,
1953-01-22,
1953-01-23,
1953-01-26,
1953-01-27,
1953-01-28,
1953-01-29,
1953-01-30,
1953-02-02,
1953-02-03,
1953-02-04,
1953-02-05,
1953-02-06,
1953-02-09,
1953-02-10,
1953-02-11,
1953-02-13,
1953-02-16,
1953-02-17,
1953-02-18,
1953-02-19,
1953-02-20,
1953-02-24,
1953-02-25,
1953-02-26,
1953-02-27,
1953-03-02,
1953-03-03,
1953-03-04,
1953-03-05,
1953-03-06,
1953-03-09,
1953-03-10,
1953-03-11,
1953-03-12,
1953-03-13,
1953-03-16,
1953-03-17,
1953-03-18,
1953-03-19,
1953-03-20,
1953-03-23,
1953-03-24,
1953-03-25,
1953-03-26,
1953-03-27,
1953-03-30,
1953-03-31,
1953-04-01,
1953-04-02,
1953-04-06,
1953-04-07,
1953-04-08,
1953-04-09,
1953-04-10,
1953-04-13,
1953-04-14,
1953-04-15,
1953-04-16,
1953-04-17,
1953-04-20,
1953-04-21,
1953-04-22,
1953-04-23,
1953-04-24,
1953-04-27,
1953-04-28,
1953-04-29,
1953-04-30,
1953-05-01,
1953-05-04,
1953-05-05,
1953-05-06,
1953-05-07,
1953-05-08,
1953-05-11,
1953-05-12,
1953-05-13,
1953-05-14,
1953-05-15,
1953-05-18,
1953-05-19,
1953-05-20,
1953-05-21,
1953-05-22,
1953-05-25,
1953-05-26,
1953-05-27,
1953-05-28,
1953-05-29,
1953-06-01,
1953-06-02,
1953-06-03,
1953-06-04,
1953-06-05,
1953-06-08,
1953-06-09,
1953-06-10,
1953-06-11,
1953-06-12,
1953-06-15,
1953-06-16,
1953-06-17,
1953-06-18,
1953-06-19,
1953-06-22,
1953-06-23,
1953-06-24,
1953-06-25,
1953-06-26,
1953-06-29,
1953-06-30,
1953-07-01,
1953-07-02,
1953-07-03,
1953-07-06,
1953-07-07,
1953-07-08,
1953-07-09,
1953-07-10,
1953-07-13,
1953-07-14,
1953-07-15,
1953-07-16,
1953-07-17,
1953-07-20,
1953-07-21,
1953-07-22,
1953-07-23,
1953-07-24,
1953-07-27,
1953-07-28,
1953-07-29,
1953-07-30,
1953-07-31,
1953-08-03,
1953-08-04,
1953-08-05,
1953-08-06,
1953-08-07,
1953-08-10,
1953-08-11,
1953-08-12,
1953-08-13,
1953-08-14,
1953-08-17,
1953-08-18,
1953-08-19,
1953-08-20,
1953-08-21,
1953-08-24,
1953-08-25,
1953-08-26,
1953-08-27,
1953-08-28,
1953-08-31,
1953-09-01,
1953-09-02,
1953-09-03,
1953-09-04,
1953-09-08,
1953-09-09,
1953-09-10,
1953-09-11,
1953-09-14,
1953-09-15,
1953-09-16,
1953-09-17,
1953-09-18,
1953-09-21,
1953-09-22,
1953-09-23,
1953-09-24,
1953-09-25,
1953-09-28,
1953-09-29,
1953-09-30,
1953-10-01,
1953-10-02,
1953-10-05,
1953-10-06,
1953-10-07,
1953-10-08,
1953-10-09,
1953-10-13,
1953-10-14,
1953-10-15,
1953-10-16,
1953-10-19,
1953-10-20,
1953-10-21,
1953-10-22,
1953-10-23,
1953-10-26,
1953-10-27,
1953-10-28,
1953-10-29,
1953-10-30,
1953-11-02,
1953-11-04,
1953-11-05,
1953-11-06,
1953-11-09,
1953-11-10,
1953-11-12,
1953-11-13,
1953-11-16,
1953-11-17,
1953-11-18,
1953-11-19,
1953-11-20,
1953-11-23,
1953-11-24,
1953-11-25,
1953-11-27,
1953-11-30,
1953-12-01,
1953-12-02,
1953-12-03,
1953-12-04,
1953-12-07,
1953-12-08,
1953-12-09,
1953-12-10,
1953-12-11,
1953-12-14,
1953-12-15,
1953-12-16,
1953-12-17,
1953-12-18,
1953-12-21,
1953-12-22,
1953-12-23,
1953-12-24,
1953-12-28,
1953-12-29,
1953-12-30,
1953-12-31,
1954-01-04,
1954-01-05,
1954-01-06,
1954-01-07,
1954-01-08,
1954-01-11,
1954-01-12,
1954-01-13,
1954-01-14,
1954-01-15,
1954-01-18,
1954-01-19,
1954-01-20,
1954-01-21,
1954-01-22,
1954-01-25,
1954-01-26,
1954-01-27,
1954-01-28,
1954-01-29,
1954-02-01,
1954-02-02,
1954-02-03,
1954-02-04,
1954-02-05,
1954-02-08,
1954-02-09,
1954-02-10,
1954-02-11,
1954-02-12,
1954-02-15,
1954-02-16,
1954-02-17,
1954-02-18,
1954-02-19,
1954-02-23,
1954-02-24,
1954-02-25,
1954-02-26,
1954-03-01,
1954-03-02,
1954-03-03,
1954-03-04,
1954-03-05,
1954-03-08,
1954-03-09,
1954-03-10,
1954-03-11,
1954-03-12,
1954-03-15,
1954-03-16,
1954-03-17,
1954-03-18,
1954-03-19,
1954-03-22,
1954-03-23,
1954-03-24,
1954-03-25,
1954-03-26,
1954-03-29,
1954-03-30,
1954-03-31,
1954-04-01,
1954-04-02,
1954-04-05,
1954-04-06,
1954-04-07,
1954-04-08,
1954-04-09,
1954-04-12,
1954-04-13,
1954-04-14,
1954-04-15,
1954-04-19,
1954-04-20,
1954-04-21,
1954-04-22,
1954-04-23,
1954-04-26,
1954-04-27,
1954-04-28,
1954-04-29,
1954-04-30,
1954-05-03,
1954-05-04,
1954-05-05,
1954-05-06,
1954-05-07,
1954-05-10,
1954-05-11,
1954-05-12,
1954-05-13,
1954-05-14,
1954-05-17,
1954-05-18,
1954-05-19,
1954-05-20,
1954-05-21,
1954-05-24,
1954-05-25,
1954-05-26,
1954-05-27,
1954-05-28,
1954-06-01,
1954-06-02,
1954-06-03,
1954-06-04,
1954-06-07,
1954-06-08,
1954-06-09,
1954-06-10,
1954-06-11,
1954-06-14,
1954-06-15,
1954-06-16,
1954-06-17,
1954-06-18,
1954-06-21,
1954-06-22,
1954-06-23,
1954-06-24,
1954-06-25,
1954-06-28,
1954-06-29,
1954-06-30,
1954-07-01,
1954-07-02,
1954-07-06,
1954-07-07,
1954-07-08,
1954-07-09,
1954-07-12,
1954-07-13,
1954-07-14,
1954-07-15,
1954-07-16,
1954-07-19,
1954-07-20,
1954-07-21,
1954-07-22,
1954-07-23,
1954-07-26,
1954-07-27,
1954-07-28,
1954-07-29,
1954-07-30,
1954-08-02,
1954-08-03,
1954-08-04,
1954-08-05,
1954-08-06,
1954-08-09,
1954-08-10,
1954-08-11,
1954-08-12,
1954-08-13,
1954-08-16,
1954-08-17,
1954-08-18,
1954-08-19,
1954-08-20,
1954-08-23,
1954-08-24,
1954-08-25,
1954-08-26,
1954-08-27,
1954-08-30,
1954-08-31,
1954-09-01,
1954-09-02,
1954-09-03,
1954-09-07,
1954-09-08,
1954-09-09,
1954-09-10,
1954-09-13,
1954-09-14,
1954-09-15,
1954-09-16,
1954-09-17,
1954-09-20,
1954-09-21,
1954-09-22,
1954-09-23,
1954-09-24,
1954-09-27,
1954-09-28,
1954-09-29,
1954-09-30,
1954-10-01,
1954-10-04,
1954-10-05,
1954-10-06,
1954-10-07,
1954-10-08,
1954-10-11,
1954-10-12,
1954-10-13,
1954-10-14,
1954-10-15,
1954-10-18,
1954-10-19,
1954-10-20,
1954-10-21,
1954-10-22,
1954-10-25,
1954-10-26,
1954-10-27,
1954-10-28,
1954-10-29,
1954-11-01,
1954-11-03,
1954-11-04,
1954-11-05,
1954-11-08,
1954-11-09,
1954-11-10,
1954-11-11,
1954-11-12,
1954-11-15,
1954-11-16,
1954-11-17,
1954-11-18,
1954-11-19,
1954-11-22,
1954-11-23,
1954-11-24,
1954-11-26,
1954-11-29,
1954-11-30,
1954-12-01,
1954-12-02,
1954-12-03,
1954-12-06,
1954-12-07,
1954-12-08,
1954-12-09,
1954-12-10,
1954-12-13,
1954-12-14,
1954-12-15,
1954-12-16,
1954-12-17,
1954-12-20,
1954-12-21,
1954-12-22,
1954-12-23,
1954-12-27,
1954-12-28,
1954-12-29,
1954-12-30,
1954-12-31,
1955-01-03,
1955-01-04,
1955-01-05,
1955-01-06,
1955-01-07,
1955-01-10,
1955-01-11,
1955-01-12,
1955-01-13,
1955-01-14,
1955-01-17,
1955-01-18,
1955-01-19,
1955-01-20,
1955-01-21,
1955-01-24,
1955-01-25,
1955-01-26,
1955-01-27,
1955-01-28,
1955-01-31,
1955-02-01,
1955-02-02,
1955-02-03,
1955-02-04,
1955-02-07,
1955-02-08,
1955-02-09,
1955-02-10,
1955-02-11,
1955-02-14,
1955-02-15,
1955-02-16,
1955-02-17,
1955-02-18,
1955-02-21,
1955-02-23,
1955-02-24,
1955-02-25,
1955-02-28,
1955-03-01,
1955-03-02,
1955-03-03,
1955-03-04,
1955-03-07,
1955-03-08,
1955-03-09,
1955-03-10,
1955-03-11,
1955-03-14,
1955-03-15,
1955-03-16,
1955-03-17,
1955-03-18,
1955-03-21,
1955-03-22,
1955-03-23,
1955-03-24,
1955-03-25,
1955-03-28,
1955-03-29,
1955-03-30,
1955-03-31,
1955-04-01,
1955-04-04,
1955-04-05,
1955-04-06,
1955-04-07,
1955-04-11,
1955-04-12,
1955-04-13,
1955-04-14,
1955-04-15,
1955-04-18,
1955-04-19,
1955-04-20,
1955-04-21,
1955-04-22,
1955-04-25,
1955-04-26,
1955-04-27,
1955-04-28,
1955-04-29,
1955-05-02,
1955-05-03,
1955-05-04,
1955-05-05,
1955-05-06,
1955-05-09,
1955-05-10,
1955-05-11,
1955-05-12,
1955-05-13,
1955-05-16,
1955-05-17,
1955-05-18,
1955-05-19,
1955-05-20,
1955-05-23,
1955-05-24,
1955-05-25,
1955-05-26,
1955-05-27,
1955-05-31,
1955-06-01,
1955-06-02,
1955-06-03,
1955-06-06,
1955-06-07,
1955-06-08,
1955-06-09,
1955-06-10,
1955-06-13,
1955-06-14,
1955-06-15,
1955-06-16,
1955-06-17,
1955-06-20,
1955-06-21,
1955-06-22,
1955-06-23,
1955-06-24,
1955-06-27,
1955-06-28,
1955-06-29,
1955-06-30,
1955-07-01,
1955-07-05,
1955-07-06,
1955-07-07,
1955-07-08,
1955-07-11,
1955-07-12,
1955-07-13,
1955-07-14,
1955-07-15,
1955-07-18,
1955-07-19,
1955-07-20,
1955-07-21,
1955-07-22,
1955-07-25,
1955-07-26,
1955-07-27,
1955-07-28,
1955-07-29,
1955-08-01,
1955-08-02,
1955-08-03,
1955-08-04,
1955-08-05,
1955-08-08,
1955-08-09,
1955-08-10,
1955-08-11,
1955-08-12,
1955-08-15,
1955-08-16,
1955-08-17,
1955-08-18,
1955-08-19,
1955-08-22,
1955-08-23,
1955-08-24,
1955-08-25,
1955-08-26,
1955-08-29,
1955-08-30,
1955-08-31,
1955-09-01,
1955-09-02,
1955-09-06,
1955-09-07,
1955-09-08,
1955-09-09,
1955-09-12,
1955-09-13,
1955-09-14,
1955-09-15,
1955-09-16,
1955-09-19,
1955-09-20,
1955-09-21,
1955-09-22,
1955-09-23,
1955-09-26,
1955-09-27,
1955-09-28,
1955-09-29,
1955-09-30,
1955-10-03,
1955-10-04,
1955-10-05,
1955-10-06,
1955-10-07,
1955-10-10,
1955-10-11,
1955-10-12,
1955-10-13,
1955-10-14,
1955-10-17,
1955-10-18,
1955-10-19,
1955-10-20,
1955-10-21,
1955-10-24,
1955-10-25,
1955-10-26,
1955-10-27,
1955-10-28,
1955-10-31,
1955-11-01,
1955-11-02,
1955-11-03,
1955-11-04,
1955-11-07,
1955-11-09,
1955-11-10,
1955-11-11,
1955-11-14,
1955-11-15,
1955-11-16,
1955-11-17,
1955-11-18,
1955-11-21,
1955-11-22,
1955-11-23,
1955-11-25,
1955-11-28,
1955-11-29,
1955-11-30,
1955-12-01,
1955-12-02,
1955-12-05,
1955-12-06,
1955-12-07,
1955-12-08,
1955-12-09,
1955-12-12,
1955-12-13,
1955-12-14,
1955-12-15,
1955-12-16,
1955-12-19,
1955-12-20,
1955-12-21,
1955-12-22,
1955-12-23,
1955-12-27,
1955-12-28,
1955-12-29,
1955-12-30,
1956-01-03,
1956-01-04,
1956-01-05,
1956-01-06,
1956-01-09,
1956-01-10,
1956-01-11,
1956-01-12,
1956-01-13,
1956-01-16,
1956-01-17,
1956-01-18,
1956-01-19,
1956-01-20,
1956-01-23,
1956-01-24,
1956-01-25,
1956-01-26,
1956-01-27,
1956-01-30,
1956-01-31,
1956-02-01,
1956-02-02,
1956-02-03,
1956-02-06,
1956-02-07,
1956-02-08,
1956-02-09,
1956-02-10,
1956-02-13,
1956-02-14,
1956-02-15,
1956-02-16,
1956-02-17,
1956-02-20,
1956-02-21,
1956-02-23,
1956-02-24,
1956-02-27,
1956-02-28,
1956-02-29,
1956-03-01,
1956-03-02,
1956-03-05,
1956-03-06,
1956-03-07,
1956-03-08,
1956-03-09,
1956-03-12,
1956-03-13,
1956-03-14,
1956-03-15,
1956-03-16,
1956-03-19,
1956-03-20,
1956-03-21,
1956-03-22,
1956-03-23,
1956-03-26,
1956-03-27,
1956-03-28,
1956-03-29,
1956-04-02,
1956-04-03,
1956-04-04,
1956-04-05,
1956-04-06,
1956-04-09,
1956-04-10,
1956-04-11,
1956-04-12,
1956-04-13,
1956-04-16,
1956-04-17,
1956-04-18,
1956-04-19,
1956-04-20,
1956-04-23,
1956-04-24,
1956-04-25,
1956-04-26,
1956-04-27,
1956-04-30,
1956-05-01,
1956-05-02,
1956-05-03,
1956-05-04,
1956-05-07,
1956-05-08,
1956-05-09,
1956-05-10,
1956-05-11,
1956-05-14,
1956-05-15,
1956-05-16,
1956-05-17,
1956-05-18,
1956-05-21,
1956-05-22,
1956-05-23,
1956-05-24,
1956-05-25,
1956-05-28,
1956-05-29,
1956-05-31,
1956-06-01,
1956-06-04,
1956-06-05,
1956-06-06,
1956-06-07,
1956-06-08,
1956-06-11,
1956-06-12,
1956-06-13,
1956-06-14,
1956-06-15,
1956-06-18,
1956-06-19,
1956-06-20,
1956-06-21,
1956-06-22,
1956-06-25,
1956-06-26,
1956-06-27,
1956-06-28,
1956-06-29,
1956-07-02,
1956-07-03,
1956-07-05,
1956-07-06,
1956-07-09,
1956-07-10,
1956-07-11,
1956-07-12,
1956-07-13,
1956-07-16,
1956-07-17,
1956-07-18,
1956-07-19,
1956-07-20,
1956-07-23,
1956-07-24,
1956-07-25,
1956-07-26,
1956-07-27,
1956-07-30,
1956-07-31,
1956-08-01,
1956-08-02,
1956-08-03,
1956-08-06,
1956-08-07,
1956-08-08,
1956-08-09,
1956-08-10,
1956-08-13,
1956-08-14,
1956-08-15,
1956-08-16,
1956-08-17,
1956-08-20,
1956-08-21,
1956-08-22,
1956-08-23,
1956-08-24,
1956-08-27,
1956-08-28,
1956-08-29,
1956-08-30,
1956-08-31,
1956-09-04,
1956-09-05,
1956-09-06,
1956-09-07,
1956-09-10,
1956-09-11,
1956-09-12,
1956-09-13,
1956-09-14,
1956-09-17,
1956-09-18,
1956-09-19,
1956-09-20,
1956-09-21,
1956-09-24,
1956-09-25,
1956-09-26,
1956-09-27,
1956-09-28,
1956-10-01,
1956-10-02,
1956-10-03,
1956-10-04,
1956-10-05,
1956-10-08,
1956-10-09,
1956-10-10,
1956-10-11,
1956-10-12,
1956-10-15,
1956-10-16,
1956-10-17,
1956-10-18,
1956-10-19,
1956-10-22,
1956-10-23,
1956-10-24,
1956-10-25,
1956-10-26,
1956-10-29,
1956-10-30,
1956-10-31,
1956-11-01,
1956-11-02,
1956-11-05,
1956-11-07,
1956-11-08,
1956-11-09,
1956-11-12,
1956-11-13,
1956-11-14,
1956-11-15,
1956-11-16,
1956-11-19,
1956-11-20,
1956-11-21,
1956-11-23,
1956-11-26,
1956-11-27,
1956-11-28,
1956-11-29,
1956-11-30,
1956-12-03,
1956-12-04,
1956-12-05,
1956-12-06,
1956-12-07,
1956-12-10,
1956-12-11,
1956-12-12,
1956-12-13,
1956-12-14,
1956-12-17,
1956-12-18,
1956-12-19,
1956-12-20,
1956-12-21,
1956-12-26,
1956-12-27,
1956-12-28,
1956-12-31,
1957-01-02,
1957-01-03,
1957-01-04,
1957-01-07,
1957-01-08,
1957-01-09,
1957-01-10,
1957-01-11,
1957-01-14,
1957-01-15,
1957-01-16,
1957-01-17,
1957-01-18,
1957-01-21,
1957-01-22,
1957-01-23,
1957-01-24,
1957-01-25,
1957-01-28,
1957-01-29,
1957-01-30,
1957-01-31,
1957-02-01,
1957-02-04,
1957-02-05,
1957-02-06,
1957-02-07,
1957-02-08,
1957-02-11,
1957-02-12,
1957-02-13,
1957-02-14,
1957-02-15,
1957-02-18,
1957-02-19,
1957-02-20,
1957-02-21,
1957-02-25,
1957-02-26,
1957-02-27,
1957-02-28,
1957-03-01,
1957-03-04,
1957-03-05,
1957-03-06,
1957-03-07,
1957-03-08,
1957-03-11,
1957-03-12,
1957-03-13,
1957-03-14,
1957-03-15,
1957-03-18,
1957-03-19,
1957-03-20,
1957-03-21,
1957-03-22,
1957-03-25,
1957-03-26,
1957-03-27,
1957-03-28,
1957-03-29,
1957-04-01,
1957-04-02,
1957-04-03,
1957-04-04,
1957-04-05,
1957-04-08,
1957-04-09,
1957-04-10,
1957-04-11,
1957-04-12,
1957-04-15,
1957-04-16,
1957-04-17,
1957-04-18,
1957-04-22,
1957-04-23,
1957-04-24,
1957-04-25,
1957-04-26,
1957-04-29,
1957-04-30,
1957-05-01,
1957-05-02,
1957-05-03,
1957-05-06,
1957-05-07,
1957-05-08,
1957-05-09,
1957-05-10,
1957-05-13,
1957-05-14,
1957-05-15,
1957-05-16,
1957-05-17,
1957-05-20,
1957-05-21,
1957-05-22,
1957-05-23,
1957-05-24,
1957-05-27,
1957-05-28,
1957-05-29,
1957-05-31,
1957-06-03,
1957-06-04,
1957-06-05,
1957-06-06,
1957-06-07,
1957-06-10,
1957-06-11,
1957-06-12,
1957-06-13,
1957-06-14,
1957-06-17,
1957-06-18,
1957-06-19,
1957-06-20,
1957-06-21,
1957-06-24,
1957-06-25,
1957-06-26,
1957-06-27,
1957-06-28,
1957-07-01,
1957-07-02,
1957-07-03,
1957-07-05,
1957-07-08,
1957-07-09,
1957-07-10,
1957-07-11,
1957-07-12,
1957-07-15,
1957-07-16,
1957-07-17,
1957-07-18,
1957-07-19,
1957-07-22,
1957-07-23,
1957-07-24,
1957-07-25,
1957-07-26,
1957-07-29,
1957-07-30,
1957-07-31,
1957-08-01,
1957-08-02,
1957-08-05,
1957-08-06,
1957-08-07,
1957-08-08,
1957-08-09,
1957-08-12,
1957-08-13,
1957-08-14,
1957-08-15,
1957-08-16,
1957-08-19,
1957-08-20,
1957-08-21,
1957-08-22,
1957-08-23,
1957-08-26,
1957-08-27,
1957-08-28,
1957-08-29,
1957-08-30,
1957-09-03,
1957-09-04,
1957-09-05,
1957-09-06,
1957-09-09,
1957-09-10,
1957-09-11,
1957-09-12,
1957-09-13,
1957-09-16,
1957-09-17,
1957-09-18,
1957-09-19,
1957-09-20,
1957-09-23,
1957-09-24,
1957-09-25,
1957-09-26,
1957-09-27,
1957-09-30,
1957-10-01,
1957-10-02,
1957-10-03,
1957-10-04,
1957-10-07,
1957-10-08,
1957-10-09,
1957-10-10,
1957-10-11,
1957-10-14,
1957-10-15,
1957-10-16,
1957-10-17,
1957-10-18,
1957-10-21,
1957-10-22,
1957-10-23,
1957-10-24,
1957-10-25,
1957-10-28,
1957-10-29,
1957-10-30,
1957-10-31,
1957-11-01,
1957-11-04,
1957-11-06,
1957-11-07,
1957-11-08,
1957-11-11,
1957-11-12,
1957-11-13,
1957-11-14,
1957-11-15,
1957-11-18,
1957-11-19,
1957-11-20,
1957-11-21,
1957-11-22,
1957-11-25,
1957-11-26,
1957-11-27,
1957-11-29,
1957-12-02,
1957-12-03,
1957-12-04,
1957-12-05,
1957-12-06,
1957-12-09,
1957-12-10,
1957-12-11,
1957-12-12,
1957-12-13,
1957-12-16,
1957-12-17,
1957-12-18,
1957-12-19,
1957-12-20,
1957-12-23,
1957-12-24,
1957-12-26,
1957-12-27,
1957-12-30,
1957-12-31,
1958-01-02,
1958-01-03,
1958-01-06,
1958-01-07,
1958-01-08,
1958-01-09,
1958-01-10,
1958-01-13,
1958-01-14,
1958-01-15,
1958-01-16,
1958-01-17,
1958-01-20,
1958-01-21,
1958-01-22,
1958-01-23,
1958-01-24,
1958-01-27,
1958-01-28,
1958-01-29,
1958-01-30,
1958-01-31,
1958-02-03,
1958-02-04,
1958-02-05,
1958-02-06,
1958-02-07,
1958-02-10,
1958-02-11,
1958-02-12,
1958-02-13,
1958-02-14,
1958-02-17,
1958-02-18,
1958-02-19,
1958-02-20,
1958-02-21,
1958-02-24,
1958-02-25,
1958-02-26,
1958-02-27,
1958-02-28,
1958-03-03,
1958-03-04,
1958-03-05,
1958-03-06,
1958-03-07,
1958-03-10,
1958-03-11,
1958-03-12,
1958-03-13,
1958-03-14,
1958-03-17,
1958-03-18,
1958-03-19,
1958-03-20,
1958-03-21,
1958-03-24,
1958-03-25,
1958-03-26,
1958-03-27,
1958-03-28,
1958-03-31,
1958-04-01,
1958-04-02,
1958-04-03,
1958-04-07,
1958-04-08,
1958-04-09,
1958-04-10,
1958-04-11,
1958-04-14,
1958-04-15,
1958-04-16,
1958-04-17,
1958-04-18,
1958-04-21,
1958-04-22,
1958-04-23,
1958-04-24,
1958-04-25,
1958-04-28,
1958-04-29,
1958-04-30,
1958-05-01,
1958-05-02,
1958-05-05,
1958-05-06,
1958-05-07,
1958-05-08,
1958-05-09,
1958-05-12,
1958-05-13,
1958-05-14,
1958-05-15,
1958-05-16,
1958-05-19,
1958-05-20,
1958-05-21,
1958-05-22,
1958-05-23,
1958-05-26,
1958-05-27,
1958-05-28,
1958-05-29,
1958-06-02,
1958-06-03,
1958-06-04,
1958-06-05,
1958-06-06,
1958-06-09,
1958-06-10,
1958-06-11,
1958-06-12,
1958-06-13,
1958-06-16,
1958-06-17,
1958-06-18,
1958-06-19,
1958-06-20,
1958-06-23,
1958-06-24,
1958-06-25,
1958-06-26,
1958-06-27,
1958-06-30,
1958-07-01,
1958-07-02,
1958-07-03,
1958-07-07,
1958-07-08,
1958-07-09,
1958-07-10,
1958-07-11,
1958-07-14,
1958-07-15,
1958-07-16,
1958-07-17,
1958-07-18,
1958-07-21,
1958-07-22,
1958-07-23,
1958-07-24,
1958-07-25,
1958-07-28,
1958-07-29,
1958-07-30,
1958-07-31,
1958-08-01,
1958-08-04,
1958-08-05,
1958-08-06,
1958-08-07,
1958-08-08,
1958-08-11,
1958-08-12,
1958-08-13,
1958-08-14,
1958-08-15,
1958-08-18,
1958-08-19,
1958-08-20,
1958-08-21,
1958-08-22,
1958-08-25,
1958-08-26,
1958-08-27,
1958-08-28,
1958-08-29,
1958-09-02,
1958-09-03,
1958-09-04,
1958-09-05,
1958-09-08,
1958-09-09,
1958-09-10,
1958-09-11,
1958-09-12,
1958-09-15,
1958-09-16,
1958-09-17,
1958-09-18,
1958-09-19,
1958-09-22,
1958-09-23,
1958-09-24,
1958-09-25,
1958-09-26,
1958-09-29,
1958-09-30,
1958-10-01,
1958-10-02,
1958-10-03,
1958-10-06,
1958-10-07,
1958-10-08,
1958-10-09,
1958-10-10,
1958-10-13,
1958-10-14,
1958-10-15,
1958-10-16,
1958-10-17,
1958-10-20,
1958-10-21,
1958-10-22,
1958-10-23,
1958-10-24,
1958-10-27,
1958-10-28,
1958-10-29,
1958-10-30,
1958-10-31,
1958-11-03,
1958-11-05,
1958-11-06,
1958-11-07,
1958-11-10,
1958-11-11,
1958-11-12,
1958-11-13,
1958-11-14,
1958-11-17,
1958-11-18,
1958-11-19,
1958-11-20,
1958-11-21,
1958-11-24,
1958-11-25,
1958-11-26,
1958-11-28,
1958-12-01,
1958-12-02,
1958-12-03,
1958-12-04,
1958-12-05,
1958-12-08,
1958-12-09,
1958-12-10,
1958-12-11,
1958-12-12,
1958-12-15,
1958-12-16,
1958-12-17,
1958-12-18,
1958-12-19,
1958-12-22,
1958-12-23,
1958-12-24,
1958-12-29,
1958-12-30,
1958-12-31,
1959-01-02,
1959-01-05,
1959-01-06,
1959-01-07,
1959-01-08,
1959-01-09,
1959-01-12,
1959-01-13,
1959-01-14,
1959-01-15,
1959-01-16,
1959-01-19,
1959-01-20,
1959-01-21,
1959-01-22,
1959-01-23,
1959-01-26,
1959-01-27,
1959-01-28,
1959-01-29,
1959-01-30,
1959-02-02,
1959-02-03,
1959-02-04,
1959-02-05,
1959-02-06,
1959-02-09,
1959-02-10,
1959-02-11,
1959-02-12,
1959-02-13,
1959-02-16,
1959-02-17,
1959-02-18,
1959-02-19,
1959-02-20,
1959-02-24,
1959-02-25,
1959-02-26,
1959-02-27,
1959-03-02,
1959-03-03,
1959-03-04,
1959-03-05,
1959-03-06,
1959-03-09,
1959-03-10,
1959-03-11,
1959-03-12,
1959-03-13,
1959-03-16,
1959-03-17,
1959-03-18,
1959-03-19,
1959-03-20,
1959-03-23,
1959-03-24,
1959-03-25,
1959-03-26,
1959-03-30,
1959-03-31,
1959-04-01,
1959-04-02,
1959-04-03,
1959-04-06,
1959-04-07,
1959-04-08,
1959-04-09,
1959-04-10,
1959-04-13,
1959-04-14,
1959-04-15,
1959-04-16,
1959-04-17,
1959-04-20,
1959-04-21,
1959-04-22,
1959-04-23,
1959-04-24,
1959-04-27,
1959-04-28,
1959-04-29,
1959-04-30,
1959-05-01,
1959-05-04,
1959-05-05,
1959-05-06,
1959-05-07,
1959-05-08,
1959-05-11,
1959-05-12,
1959-05-13,
1959-05-14,
1959-05-15,
1959-05-18,
1959-05-19,
1959-05-20,
1959-05-21,
1959-05-22,
1959-05-25,
1959-05-26,
1959-05-27,
1959-05-28,
1959-05-29,
1959-06-01,
1959-06-02,
1959-06-03,
1959-06-04,
1959-06-05,
1959-06-08,
1959-06-09,
1959-06-10,
1959-06-11,
1959-06-12,
1959-06-15,
1959-06-16,
1959-06-17,
1959-06-18,
1959-06-19,
1959-06-22,
1959-06-23,
1959-06-24,
1959-06-25,
1959-06-26,
1959-06-29,
1959-06-30,
1959-07-01,
1959-07-02,
1959-07-06,
1959-07-07,
1959-07-08,
1959-07-09,
1959-07-10,
1959-07-13,
1959-07-14,
1959-07-15,
1959-07-16,
1959-07-17,
1959-07-20,
1959-07-21,
1959-07-22,
1959-07-23,
1959-07-24,
1959-07-27,
1959-07-28,
1959-07-29,
1959-07-30,
1959-07-31,
1959-08-03,
1959-08-04,
1959-08-05,
1959-08-06,
1959-08-07,
1959-08-10,
1959-08-11,
1959-08-12,
1959-08-13,
1959-08-14,
1959-08-17,
1959-08-18,
1959-08-19,
1959-08-20,
1959-08-21,
1959-08-24,
1959-08-25,
1959-08-26,
1959-08-27,
1959-08-28,
1959-08-31,
1959-09-01,
1959-09-02,
1959-09-03,
1959-09-04,
1959-09-08,
1959-09-09,
1959-09-10,
1959-09-11,
1959-09-14,
1959-09-15,
1959-09-16,
1959-09-17,
1959-09-18,
1959-09-21,
1959-09-22,
1959-09-23,
1959-09-24,
1959-09-25,
1959-09-28,
1959-09-29,
1959-09-30,
1959-10-01,
1959-10-02,
1959-10-05,
1959-10-06,
1959-10-07,
1959-10-08,
1959-10-09,
1959-10-12,
1959-10-13,
1959-10-14,
1959-10-15,
1959-10-16,
1959-10-19,
1959-10-20,
1959-10-21,
1959-10-22,
1959-10-23,
1959-10-26,
1959-10-27,
1959-10-28,
1959-10-29,
1959-10-30,
1959-11-02,
1959-11-04,
1959-11-05,
1959-11-06,
1959-11-09,
1959-11-10,
1959-11-11,
1959-11-12,
1959-11-13,
1959-11-16,
1959-11-17,
1959-11-18,
1959-11-19,
1959-11-20,
1959-11-23,
1959-11-24,
1959-11-25,
1959-11-27,
1959-11-30,
1959-12-01,
1959-12-02,
1959-12-03,
1959-12-04,
1959-12-07,
1959-12-08,
1959-12-09,
1959-12-10,
1959-12-11,
1959-12-14,
1959-12-15,
1959-12-16,
1959-12-17,
1959-12-18,
1959-12-21,
1959-12-22,
1959-12-23,
1959-12-24,
1959-12-28,
1959-12-29,
1959-12-30,
1959-12-31,
1960-01-04,
1960-01-05,
1960-01-06,
1960-01-07,
1960-01-08,
1960-01-11,
1960-01-12,
1960-01-13,
1960-01-14,
1960-01-15,
1960-01-18,
1960-01-19,
1960-01-20,
1960-01-21,
1960-01-22,
1960-01-25,
1960-01-26,
1960-01-27,
1960-01-28,
1960-01-29,
1960-02-01,
1960-02-02,
1960-02-03,
1960-02-04,
1960-02-05,
1960-02-08,
1960-02-09,
1960-02-10,
1960-02-11,
1960-02-12,
1960-02-15,
1960-02-16,
1960-02-17,
1960-02-18,
1960-02-19,
1960-02-23,
1960-02-24,
1960-02-25,
1960-02-26,
1960-02-29,
1960-03-01,
1960-03-02,
1960-03-03,
1960-03-04,
1960-03-07,
1960-03-08,
1960-03-09,
1960-03-10,
1960-03-11,
1960-03-14,
1960-03-15,
1960-03-16,
1960-03-17,
1960-03-18,
1960-03-21,
1960-03-22,
1960-03-23,
1960-03-24,
1960-03-25,
1960-03-28,
1960-03-29,
1960-03-30,
1960-03-31,
1960-04-01,
1960-04-04,
1960-04-05,
1960-04-06,
1960-04-07,
1960-04-08,
1960-04-11,
1960-04-12,
1960-04-13,
1960-04-14,
1960-04-18,
1960-04-19,
1960-04-20,
1960-04-21,
1960-04-22,
1960-04-25,
1960-04-26,
1960-04-27,
1960-04-28,
1960-04-29,
1960-05-02,
1960-05-03,
1960-05-04,
1960-05-05,
1960-05-06,
1960-05-09,
1960-05-10,
1960-05-11,
1960-05-12,
1960-05-13,
1960-05-16,
1960-05-17,
1960-05-18,
1960-05-19,
1960-05-20,
1960-05-23,
1960-05-24,
1960-05-25,
1960-05-26,
1960-05-27,
1960-05-31,
1960-06-01,
1960-06-02,
1960-06-03,
1960-06-06,
1960-06-07,
1960-06-08,
1960-06-09,
1960-06-10,
1960-06-13,
1960-06-14,
1960-06-15,
1960-06-16,
1960-06-17,
1960-06-20,
1960-06-21,
1960-06-22,
1960-06-23,
1960-06-24,
1960-06-27,
1960-06-28,
1960-06-29,
1960-06-30,
1960-07-01,
1960-07-05,
1960-07-06,
1960-07-07,
1960-07-08,
1960-07-11,
1960-07-12,
1960-07-13,
1960-07-14,
1960-07-15,
1960-07-18,
1960-07-19,
1960-07-20,
1960-07-21,
1960-07-22,
1960-07-25,
1960-07-26,
1960-07-27,
1960-07-28,
1960-07-29,
1960-08-01,
1960-08-02,
1960-08-03,
1960-08-04,
1960-08-05,
1960-08-08,
1960-08-09,
1960-08-10,
1960-08-11,
1960-08-12,
1960-08-15,
1960-08-16,
1960-08-17,
1960-08-18,
1960-08-19,
1960-08-22,
1960-08-23,
1960-08-24,
1960-08-25,
1960-08-26,
1960-08-29,
1960-08-30,
1960-08-31,
1960-09-01,
1960-09-02,
1960-09-06,
1960-09-07,
1960-09-08,
1960-09-09,
1960-09-12,
1960-09-13,
1960-09-14,
1960-09-15,
1960-09-16,
1960-09-19,
1960-09-20,
1960-09-21,
1960-09-22,
1960-09-23,
1960-09-26,
1960-09-27,
1960-09-28,
1960-09-29,
1960-09-30,
1960-10-03,
1960-10-04,
1960-10-05,
1960-10-06,
1960-10-07,
1960-10-10,
1960-10-11,
1960-10-12,
1960-10-13,
1960-10-14,
1960-10-17,
1960-10-18,
1960-10-19,
1960-10-20,
1960-10-21,
1960-10-24,
1960-10-25,
1960-10-26,
1960-10-27,
1960-10-28,
1960-10-31,
1960-11-01,
1960-11-02,
1960-11-03,
1960-11-04,
1960-11-07,
1960-11-09,
1960-11-10,
1960-11-11,
1960-11-14,
1960-11-15,
1960-11-16,
1960-11-17,
1960-11-18,
1960-11-21,
1960-11-22,
1960-11-23,
1960-11-25,
1960-11-28,
1960-11-29,
1960-11-30,
1960-12-01,
1960-12-02,
1960-12-05,
1960-12-06,
1960-12-07,
1960-12-08,
1960-12-09,
1960-12-12,
1960-12-13,
1960-12-14,
1960-12-15,
1960-12-16,
1960-12-19,
1960-12-20,
1960-12-21,
1960-12-22,
1960-12-23,
1960-12-27,
1960-12-28,
1960-12-29,
1960-12-30,
1961-01-03,
1961-01-04,
1961-01-05,
1961-01-06,
1961-01-09,
1961-01-10,
1961-01-11,
1961-01-12,
1961-01-13,
1961-01-16,
1961-01-17,
1961-01-18,
1961-01-19,
1961-01-20,
1961-01-23,
1961-01-24,
1961-01-25,
1961-01-26,
1961-01-27,
1961-01-30,
1961-01-31,
1961-02-01,
1961-02-02,
1961-02-03,
1961-02-06,
1961-02-07,
1961-02-08,
1961-02-09,
1961-02-10,
1961-02-13,
1961-02-14,
1961-02-15,
1961-02-16,
1961-02-17,
1961-02-20,
1961-02-21,
1961-02-23,
1961-02-24,
1961-02-27,
1961-02-28,
1961-03-01,
1961-03-02,
1961-03-03,
1961-03-06,
1961-03-07,
1961-03-08,
1961-03-09,
1961-03-10,
1961-03-13,
1961-03-14,
1961-03-15,
1961-03-16,
1961-03-17,
1961-03-20,
1961-03-21,
1961-03-22,
1961-03-23,
1961-03-24,
1961-03-27,
1961-03-28,
1961-03-29,
1961-03-30,
1961-04-03,
1961-04-04,
1961-04-05,
1961-04-06,
1961-04-07,
1961-04-10,
1961-04-11,
1961-04-12,
1961-04-13,
1961-04-14,
1961-04-17,
1961-04-18,
1961-04-19,
1961-04-20,
1961-04-21,
1961-04-24,
1961-04-25,
1961-04-26,
1961-04-27,
1961-04-28,
1961-05-01,
1961-05-02,
1961-05-03,
1961-05-04,
1961-05-05,
1961-05-08,
1961-05-09,
1961-05-10,
1961-05-11,
1961-05-12,
1961-05-15,
1961-05-16,
1961-05-17,
1961-05-18,
1961-05-19,
1961-05-22,
1961-05-23,
1961-05-24,
1961-05-25,
1961-05-26,
1961-05-31,
1961-06-01,
1961-06-02,
1961-06-05,
1961-06-06,
1961-06-07,
1961-06-08,
1961-06-09,
1961-06-12,
1961-06-13,
1961-06-14,
1961-06-15,
1961-06-16,
1961-06-19,
1961-06-20,
1961-06-21,
1961-06-22,
1961-06-23,
1961-06-26,
1961-06-27,
1961-06-28,
1961-06-29,
1961-06-30,
1961-07-03,
1961-07-05,
1961-07-06,
1961-07-07,
1961-07-10,
1961-07-11,
1961-07-12,
1961-07-13,
1961-07-14,
1961-07-17,
1961-07-18,
1961-07-19,
1961-07-20,
1961-07-21,
1961-07-24,
1961-07-25,
1961-07-26,
1961-07-27,
1961-07-28,
1961-07-31,
1961-08-01,
1961-08-02,
1961-08-03,
1961-08-04,
1961-08-07,
1961-08-08,
1961-08-09,
1961-08-10,
1961-08-11,
1961-08-14,
1961-08-15,
1961-08-16,
1961-08-17,
1961-08-18,
1961-08-21,
1961-08-22,
1961-08-23,
1961-08-24,
1961-08-25,
1961-08-28,
1961-08-29,
1961-08-30,
1961-08-31,
1961-09-01,
1961-09-05,
1961-09-06,
1961-09-07,
1961-09-08,
1961-09-11,
1961-09-12,
1961-09-13,
1961-09-14,
1961-09-15,
1961-09-18,
1961-09-19,
1961-09-20,
1961-09-21,
1961-09-22,
1961-09-25,
1961-09-26,
1961-09-27,
1961-09-28,
1961-09-29,
1961-10-02,
1961-10-03,
1961-10-04,
1961-10-05,
1961-10-06,
1961-10-09,
1961-10-10,
1961-10-11,
1961-10-12,
1961-10-13,
1961-10-16,
1961-10-17,
1961-10-18,
1961-10-19,
1961-10-20,
1961-10-23,
1961-10-24,
1961-10-25,
1961-10-26,
1961-10-27,
1961-10-30,
1961-10-31,
1961-11-01,
1961-11-02,
1961-11-03,
1961-11-06,
1961-11-08,
1961-11-09,
1961-11-10,
1961-11-13,
1961-11-14,
1961-11-15,
1961-11-16,
1961-11-17,
1961-11-20,
1961-11-21,
1961-11-22,
1961-11-24,
1961-11-27,
1961-11-28,
1961-11-29,
1961-11-30,
1961-12-01,
1961-12-04,
1961-12-05,
1961-12-06,
1961-12-07,
1961-12-08,
1961-12-11,
1961-12-12,
1961-12-13,
1961-12-14,
1961-12-15,
1961-12-18,
1961-12-19,
1961-12-20,
1961-12-21,
1961-12-22,
1961-12-26,
1961-12-27,
1961-12-28,
1961-12-29,
1962-01-02,
1962-01-03,
1962-01-04,
1962-01-05,
1962-01-08,
1962-01-09,
1962-01-10,
1962-01-11,
1962-01-12,
1962-01-15,
1962-01-16,
1962-01-17,
1962-01-18,
1962-01-19,
1962-01-22,
1962-01-23,
1962-01-24,
1962-01-25,
1962-01-26,
1962-01-29,
1962-01-30,
1962-01-31,
1962-02-01,
1962-02-02,
1962-02-05,
1962-02-06,
1962-02-07,
1962-02-08,
1962-02-09,
1962-02-12,
1962-02-13,
1962-02-14,
1962-02-15,
1962-02-16,
1962-02-19,
1962-02-20,
1962-02-21,
1962-02-23,
1962-02-26,
1962-02-27,
1962-02-28,
1962-03-01,
1962-03-02,
1962-03-05,
1962-03-06,
1962-03-07,
1962-03-08,
1962-03-09,
1962-03-12,
1962-03-13,
1962-03-14,
1962-03-15,
1962-03-16,
1962-03-19,
1962-03-20,
1962-03-21,
1962-03-22,
1962-03-23,
1962-03-26,
1962-03-27,
1962-03-28,
1962-03-29,
1962-03-30,
1962-04-02,
1962-04-03,
1962-04-04,
1962-04-05,
1962-04-06,
1962-04-09,
1962-04-10,
1962-04-11,
1962-04-12,
1962-04-13,
1962-04-16,
1962-04-17,
1962-04-18,
1962-04-19,
1962-04-23,
1962-04-24,
1962-04-25,
1962-04-26,
1962-04-27,
1962-04-30,
1962-05-01,
1962-05-02,
1962-05-03,
1962-05-04,
1962-05-07,
1962-05-08,
1962-05-09,
1962-05-10,
1962-05-11,
1962-05-14,
1962-05-15,
1962-05-16,
1962-05-17,
1962-05-18,
1962-05-21,
1962-05-22,
1962-05-23,
1962-05-24,
1962-05-25,
1962-05-28,
1962-05-29,
1962-05-31,
1962-06-01,
1962-06-04,
1962-06-05,
1962-06-06,
1962-06-07,
1962-06-08,
1962-06-11,
1962-06-12,
1962-06-13,
1962-06-14,
1962-06-15,
1962-06-18,
1962-06-19,
1962-06-20,
1962-06-21,
1962-06-22,
1962-06-25,
1962-06-26,
1962-06-27,
1962-06-28,
1962-06-29,
1962-07-02,
1962-07-03,0.011278
1962-07-05,0.005665
1962-07-06,-0.011266
1962-07-09,0.006765
1962-07-10,0.011494
1962-07-11,0.009266
1962-07-12,0.005197
1962-07-13,-0.003446
1962-07-16,0.000000
1962-07-17,-0.018157
1962-07-18,-0.010215
1962-07-19,0.003915
1962-07-20,0.006912
1962-07-23,-0.000176
1962-07-24,-0.007746
1962-07-25,0.001774
1962-07-26,0.005491
1962-07-27,0.007574
1962-07-30,0.011014
1962-07-31,0.006917
1962-08-01,-0.008243
1962-08-02,0.003983
1962-08-03,0.002415
1962-08-06,-0.006366
1962-08-07,-0.006753
1962-08-08,0.002615
1962-08-09,-0.000696
1962-08-10,0.001392
1962-08-13,0.001390
1962-08-14,0.010758
1962-08-15,0.007039
1962-08-16,-0.000341
1962-08-17,0.006310
1962-08-20,0.006101
1962-08-21,-0.004211
1962-08-22,0.011164
1962-08-23,-0.001338
1962-08-24,-0.002010
1962-08-27,-0.000504
1962-08-28,-0.012762
1962-08-29,-0.002211
1962-08-30,0.000341
1962-08-31,0.007498
1962-09-04,-0.009472
1962-09-05,-0.007514
1962-09-06,0.004129
1962-09-07,0.000343
1962-09-10,0.001199
1962-09-11,0.002395
1962-09-12,0.004267
1962-09-13,-0.002379
1962-09-14,0.003237
1962-09-17,0.003226
1962-09-18,-0.000846
1962-09-19,-0.001355
1962-09-20,-0.006955
1962-09-21,-0.014520
1962-09-24,-0.018374
1962-09-25,0.005827
1962-09-26,-0.014221
1962-09-27,-0.006768
1962-09-28,0.008965
1962-10-01,-0.013862
1962-10-02,0.010993
1962-10-03,0.001070
1962-10-04,0.009615
1962-10-05,0.006526
1962-10-08,0.000000
1962-10-09,0.002278
1962-10-10,0.000699
1962-10-11,-0.003319
1962-10-12,-0.001753
1962-10-15,0.005619
1962-10-16,-0.003318
1962-10-17,-0.003329
1962-10-18,-0.009668
1962-10-19,-0.013312
1962-10-22,-0.011333
1962-10-23,-0.026747
1962-10-24,0.032156
1962-10-25,-0.009419
1962-10-26,-0.002743
1962-10-29,0.021636
1962-10-30,0.014716
1962-10-31,-0.000354
1962-11-01,0.010616
1962-11-02,0.011029
1962-11-05,0.010390
1962-11-07,0.006170
1962-11-08,-0.006643
1962-11-09,0.007888
1962-11-12,0.013780
1962-11-13,-0.002182
1962-11-14,0.011773
1962-11-15,-0.003158
1962-11-16,0.003168
1962-11-19,-0.005652
1962-11-20,0.010532
1962-11-21,0.005955
1962-11-23,0.012005
1962-11-26,-0.002925
1962-11-27,0.006030
1962-11-28,0.006318
1962-11-29,0.004668
1962-11-30,-0.002403
1962-12-03,-0.005140
1962-12-04,0.011301
1962-12-05,0.003991
1962-12-06,0.000636
1962-12-07,0.002066
1962-12-10,-0.012528
1962-12-11,0.000803
1962-12-12,0.004974
1962-12-13,-0.003353
1962-12-14,0.002403
1962-12-17,-0.003196
1962-12-18,-0.004810
1962-12-19,0.008217
1962-12-20,0.003835
1962-12-21,-0.002865
1962-12-24,-0.000160
1962-12-26,0.006227
1962-12-27,-0.001428
1962-12-28,0.000477
1962-12-31,0.002224
1963-01-02,-0.006498
1963-01-03,0.016430
1963-01-04,0.006434
1963-01-07,-0.000156
1963-01-08,0.009669
1963-01-09,-0.002317
1963-01-10,0.001858
1963-01-11,0.002163
1963-01-14,0.005397
1963-01-15,-0.001380
1963-01-16,-0.006758
1963-01-17,0.007113
1963-01-18,0.000768
1963-01-21,0.001534
1963-01-22,0.002451
1963-01-23,0.002751
1963-01-24,0.001981
1963-01-25,0.002586
1963-01-28,0.004854
1963-01-29,-0.000151
1963-01-30,-0.005738
1963-01-31,0.005315
1963-02-01,0.001662
1963-02-04,-0.002111
1963-02-05,-0.000907
1963-02-06,0.004387
1963-02-07,-0.003464
1963-02-08,0.000000
1963-02-11,-0.006196
1963-02-12,0.001064
1963-02-13,0.004861
1963-02-14,0.003023
1963-02-15,0.000904
1963-02-18,0.001656
1963-02-19,-0.004811
1963-02-20,-0.005589
1963-02-21,0.001367
1963-02-25,-0.006978
1963-02-26,0.000153
1963-02-27,-0.007026
1963-02-28,-0.011075
1963-03-01,-0.002955
1963-03-04,0.009672
1963-03-05,0.000309
1963-03-06,0.001699
1963-03-07,0.006322
1963-03-08,0.001073
1963-03-11,0.002755
1963-03-12,0.002442
1963-03-13,0.003655
1963-03-14,-0.004703
1963-03-15,0.005030
1963-03-18,-0.004854
1963-03-19,-0.002134
1963-03-20,0.007332
1963-03-21,-0.001516
1963-03-22,0.005163
1963-03-25,0.000302
1963-03-26,0.002870
1963-03-27,0.004217
1963-03-28,-0.001500
1963-03-29,-0.000150
1963-04-01,0.004206
1963-04-02,-0.000150
1963-04-03,0.007780
1963-04-04,0.007274
1963-04-05,0.006338
1963-04-08,0.003515
1963-04-09,-0.001022
1963-04-10,-0.002337
1963-04-11,0.007029
1963-04-15,0.004653
1963-04-16,0.000724
1963-04-17,-0.003182
1963-04-18,-0.000435
1963-04-19,0.004935
1963-04-22,0.001011
1963-04-23,0.003319
1963-04-24,0.002733
1963-04-25,0.000574
1963-04-26,-0.000860
1963-04-29,-0.000717
1963-04-30,0.002154
1963-05-01,0.002436
1963-05-02,0.002858
1963-05-03,-0.001995
1963-05-06,-0.007140
1963-05-07,-0.001294
1963-05-08,0.008209
1963-05-09,0.004856
1963-05-10,0.002416
1963-05-13,-0.000567
1963-05-14,-0.003831
1963-05-15,0.003133
1963-05-16,-0.002556
1963-05-17,0.000569
1963-05-20,-0.004695
1963-05-21,0.002573
1963-05-22,0.000000
1963-05-23,-0.000570
1963-05-24,-0.001141
1963-05-27,-0.002142
1963-05-28,0.002004
1963-05-29,0.004571
1963-05-31,0.006683
1963-06-03,-0.001554
1963-06-04,0.000141
1963-06-05,-0.002405
1963-06-06,0.000709
1963-06-07,-0.002409
1963-06-10,-0.006675
1963-06-11,0.001287
1963-06-12,0.005426
1963-06-13,-0.002556
1963-06-14,0.000285
1963-06-17,-0.004413
1963-06-18,0.001144
1963-06-19,0.001000
1963-06-20,-0.001141
1963-06-21,0.003428
1963-06-24,-0.000712
1963-06-25,-0.002279
1963-06-26,-0.008995
1963-06-27,-0.004898
1963-06-28,0.004343
1963-07-01,-0.007352
1963-07-02,0.008713
1963-07-03,0.006910
1963-07-05,0.004003
1963-07-08,-0.006836
1963-07-09,0.004302
1963-07-10,-0.002142
1963-07-11,-0.001860
1963-07-12,-0.001720
1963-07-15,-0.006318
1963-07-16,-0.000867
1963-07-17,-0.003037
1963-07-18,-0.006383
1963-07-19,-0.002044
1963-07-22,-0.006584
1963-07-23,0.000147
1963-07-24,0.005448
1963-07-25,-0.000293
1963-07-26,0.004102
1963-07-29,0.001897
1963-07-30,0.008301
1963-07-31,-0.001589
1963-08-01,-0.000868
1963-08-02,0.003330
1963-08-05,0.005916
1963-08-06,0.006599
1963-08-07,-0.002993
1963-08-08,0.000858
1963-08-09,0.006570
1963-08-12,0.001561
1963-08-13,0.002833
1963-08-14,0.003955
1963-08-15,0.004362
1963-08-16,0.001541
1963-08-19,-0.000699
1963-08-20,-0.000840
1963-08-21,-0.001261
1963-08-22,0.003507
1963-08-23,0.003075
1963-08-26,0.002090
1963-08-27,-0.005423
1963-08-28,0.007271
1963-08-29,0.001666
1963-08-30,0.004712
1963-09-03,0.002207
1963-09-04,-0.000275
1963-09-05,0.004956
1963-09-06,-0.002192
1963-09-09,-0.003569
1963-09-10,0.005649
1963-09-11,0.002877
1963-09-12,-0.000683
1963-09-13,0.000273
1963-09-16,-0.001367
1963-09-17,0.000684
1963-09-18,-0.004376
1963-09-19,0.005769
1963-09-20,0.001093
1963-09-23,-0.004638
1963-09-24,0.004660
1963-09-25,-0.005593
1963-09-26,-0.008506
1963-09-27,-0.001937
1963-09-30,-0.005961
1963-10-01,0.007252
1963-10-02,0.001108
1963-10-03,0.007331
1963-10-04,0.000275
1963-10-07,-0.002059
1963-10-08,-0.001376
1963-10-09,-0.005785
1963-10-10,0.000277
1963-10-11,0.000970
1963-10-14,0.000415
1963-10-15,0.001383
1963-10-16,0.007873
1963-10-17,0.003974
1963-10-18,0.000819
1963-10-21,0.000818
1963-10-22,-0.005724
1963-10-23,0.000548
1963-10-24,0.003836
1963-10-25,0.009962
1963-10-28,0.006350
1963-10-29,-0.000269
1963-10-30,-0.008864
1963-10-31,0.002846
1963-11-01,-0.002432
1963-11-04,-0.005147
1963-11-06,-0.008713
1963-11-07,0.003434
1963-11-08,0.004106
1963-11-11,0.002181
1963-11-12,-0.003945
1963-11-13,0.000819
1963-11-14,-0.004639
1963-11-15,-0.008225
1963-11-18,-0.007187
1963-11-19,0.000975
1963-11-20,0.009179
1963-11-21,-0.012955
1963-11-22,-0.028065
1963-11-26,0.039793
1963-11-27,-0.001796
1963-11-29,0.013564
1963-12-02,0.005872
1963-12-03,-0.000543
1963-12-04,0.002445
1963-12-05,0.006504
1963-12-06,-0.003770
1963-12-09,-0.000541
1963-12-10,0.000406
1963-12-11,-0.001216
1963-12-12,0.000135
1963-12-13,0.002029
1963-12-16,0.003241
1963-12-17,0.005922
1963-12-18,-0.001472
1963-12-19,-0.003082
1963-12-20,-0.001613
1963-12-23,-0.006327
1963-12-24,0.002168
1963-12-26,0.004732
1963-12-27,0.001615
1963-12-30,0.001612
1963-12-31,0.006170
1964-01-02,0.005465
1964-01-03,0.000928
1964-01-06,0.002252
1964-01-07,0.000264
1964-01-08,0.004096
1964-01-09,0.003684
1964-01-10,-0.000524
1964-01-13,-0.000262
1964-01-14,0.001837
1964-01-15,0.003667
1964-01-16,-0.001174
1964-01-17,0.000131
1964-01-20,-0.001959
1964-01-21,0.002748
1964-01-22,0.005351
1964-01-23,0.000779
1964-01-24,0.000259
1964-01-27,-0.000389
1964-01-28,0.000259
1964-01-29,-0.006096
1964-01-30,0.000913
1964-01-31,0.004433
1964-02-03,-0.000909
1964-02-04,-0.001169
1964-02-05,-0.001691
1964-02-06,0.002345
1964-02-07,0.003250
1964-02-10,-0.001684
1964-02-11,0.003634
1964-02-12,0.003104
1964-02-13,-0.000645
1964-02-14,-0.000516
1964-02-17,-0.000258
1964-02-18,0.000129
1964-02-19,0.001033
1964-02-20,0.000903
1964-02-24,0.000773
1964-02-25,0.000000
1964-02-26,0.002446
1964-02-27,-0.003210
1964-02-28,0.002319
1964-03-02,0.002185
1964-03-03,0.003206
1964-03-04,-0.001918
1964-03-05,-0.000128
1964-03-06,0.003203
1964-03-09,0.000255
1964-03-10,0.003319
1964-03-11,0.004581
1964-03-12,0.001647
1964-03-13,0.000759
1964-03-16,0.000000
1964-03-17,0.002274
1964-03-18,0.000756
1964-03-19,-0.001008
1964-03-20,-0.004792
1964-03-23,0.000127
1964-03-24,-0.001774
1964-03-25,0.002285
1964-03-26,0.002786
1964-03-30,-0.000631
1964-03-31,-0.002022
1964-04-01,0.003292
1964-04-02,0.005805
1964-04-03,0.003011
1964-04-06,0.001001
1964-04-07,-0.003499
1964-04-08,0.000125
1964-04-09,-0.000627
1964-04-10,0.001882
1964-04-13,-0.001002
1964-04-14,0.002758
1964-04-15,0.001250
1964-04-16,0.001373
1964-04-17,0.004364
1964-04-20,-0.000621
1964-04-21,0.000497
1964-04-22,-0.000621
1964-04-23,-0.001367
1964-04-24,-0.007838
1964-04-27,-0.005016
1964-04-28,0.006931
1964-04-29,-0.002503
1964-04-30,-0.003011
1964-05-01,0.008935
1964-05-04,0.003742
1964-05-05,0.005095
1964-05-06,0.002226
1964-05-07,0.001110
1964-05-08,-0.001848
1964-05-11,-0.001235
1964-05-12,0.003214
1964-05-13,-0.002341
1964-05-14,-0.001359
1964-05-15,0.001855
1964-05-18,-0.003580
1964-05-19,-0.005203
1964-05-20,0.004483
1964-05-21,0.000496
1964-05-22,0.000372
1964-05-25,-0.002106
1964-05-26,-0.002110
1964-05-27,-0.001617
1964-05-28,0.001371
1964-06-01,-0.003235
1964-06-02,-0.005118
1964-06-03,-0.002635
1964-06-04,-0.010316
1964-06-05,0.004449
1964-06-08,-0.004809
1964-06-09,0.006358
1964-06-10,0.003791
1964-06-11,0.003651
1964-06-12,-0.001631
1964-06-15,0.004648
1964-06-16,0.005377
1964-06-17,0.005100
1964-06-18,-0.000247
1964-06-19,0.001238
1964-06-22,0.002720
1964-06-23,-0.004192
1964-06-24,0.003590
1964-06-25,0.001850
1964-06-26,0.003078
1964-06-29,0.002210
1964-06-30,0.000612
1964-07-01,0.007100
1964-07-02,0.004011
1964-07-06,0.004600
1964-07-07,0.001687
1964-07-08,0.000000
1964-07-09,0.001203
1964-07-10,0.001682
1964-07-13,-0.000600
1964-07-14,-0.003001
1964-07-15,0.003371
1964-07-16,0.003600
1964-07-17,0.004424
1964-07-20,-0.003214
1964-07-21,-0.002388
1964-07-22,-0.000239
1964-07-23,-0.000479
1964-07-24,-0.000240
1964-07-27,-0.004553
1964-07-28,-0.002768
1964-07-29,0.000845
1964-07-30,0.002050
1964-07-31,0.001083
1964-08-03,-0.002164
1964-08-04,-0.012530
1964-08-05,0.001586
1964-08-06,-0.009136
1964-08-07,0.006393
1964-08-10,-0.000977
1964-08-11,-0.000245
1964-08-12,0.005015
1964-08-13,0.002921
1964-08-14,-0.000728
1964-08-17,0.000121
1964-08-18,0.000486
1964-08-19,-0.000971
1964-08-20,-0.004616
1964-08-21,0.001587
1964-08-24,-0.001950
1964-08-25,-0.005738
1964-08-26,-0.001473
1964-08-27,0.004673
1964-08-28,0.003550
1964-08-31,-0.001951
1964-09-01,0.004277
1964-09-02,0.001582
1964-09-03,0.003037
1964-09-04,0.002422
1964-09-08,0.001329
1964-09-09,0.002172
1964-09-10,0.000602
1964-09-11,0.004212
1964-09-14,-0.002756
1964-09-15,-0.002644
1964-09-16,0.002892
1964-09-17,0.006607
1964-09-18,-0.003700
1964-09-21,0.004552
1964-09-22,0.000358
1964-09-23,0.000238
1964-09-24,0.001073
1964-09-25,0.002500
1964-09-28,0.000831
1964-09-29,-0.000475
1964-09-30,-0.000712
1964-10-01,-0.001188
1964-10-02,0.003330
1964-10-05,0.004505
1964-10-06,0.000590
1964-10-07,0.000118
1964-10-08,0.002830
1964-10-09,0.002117
1964-10-12,0.000235
1964-10-13,-0.003285
1964-10-14,-0.002001
1964-10-15,-0.006369
1964-10-16,0.006884
1964-10-19,0.001179
1964-10-20,0.002944
1964-10-21,-0.000939
1964-10-22,-0.001880
1964-10-23,0.002355
1964-10-26,-0.001644
1964-10-27,0.000000
1964-10-28,-0.003647
1964-10-29,0.000472
1964-10-30,0.001534
1964-11-02,0.003771
1964-11-04,-0.000470
1964-11-05,0.000235
1964-11-06,0.000822
1964-11-09,-0.000469
1964-11-10,-0.004108
1964-11-11,0.002829
1964-11-12,0.001293
1964-11-13,0.000235
1964-11-16,0.005164
1964-11-17,0.004437
1964-11-18,0.002209
1964-11-19,-0.000464
1964-11-20,0.001160
1964-11-23,-0.003245
1964-11-24,-0.003140
1964-11-25,-0.003383
1964-11-27,-0.003277
1964-11-30,-0.008690
1964-12-01,-0.010306
1964-12-02,0.002873
1964-12-03,0.004654
1964-12-04,0.002019
1964-12-07,-0.000237
1964-12-08,-0.003913
1964-12-09,-0.006429
1964-12-10,-0.000120
1964-12-11,0.002516
1964-12-14,-0.002510
1964-12-15,-0.002756
1964-12-16,0.003965
1964-12-17,0.004189
1964-12-18,0.004648
1964-12-21,0.001068
1964-12-22,-0.000593
1964-12-23,-0.002134
1964-12-24,0.000000
1964-12-28,-0.000951
1964-12-29,-0.003093
1964-12-30,0.005847
1964-12-31,0.005338
1965-01-04,-0.006136
1965-01-05,0.004749
1965-01-06,0.003072
1965-01-07,0.004359
1965-01-08,0.001290
1965-01-11,0.000351
1965-01-12,0.002459
1965-01-13,0.002687
1965-01-14,0.000000
1965-01-15,0.004310
1965-01-18,0.003248
1965-01-19,0.001619
1965-01-20,-0.000346
1965-01-21,-0.000924
1965-01-22,0.002543
1965-01-25,0.001383
1965-01-26,0.000921
1965-01-27,0.003336
1965-01-28,0.002866
1965-01-29,0.000914
1965-02-01,0.000228
1965-02-02,-0.000343
1965-02-03,0.000914
1965-02-04,-0.000685
1965-02-05,-0.003197
1965-02-08,-0.003895
1965-02-09,0.003335
1965-02-10,-0.008941
1965-02-11,-0.010641
1965-02-12,0.007365
1965-02-15,-0.001160
1965-02-16,-0.004647
1965-02-17,0.001167
1965-02-18,0.003265
1965-02-19,0.001859
1965-02-23,0.004988
1965-02-24,0.006117
1965-02-25,0.000344
1965-02-26,0.002638
1965-03-01,-0.002059
1965-03-02,0.001719
1965-03-03,-0.001602
1965-03-04,-0.003209
1965-03-05,-0.002069
1965-03-08,0.000346
1965-03-09,-0.001612
1965-03-10,-0.001730
1965-03-11,0.004160
1965-03-12,0.003567
1965-03-15,0.000344
1965-03-16,-0.001261
1965-03-17,-0.001262
1965-03-18,-0.002413
1965-03-19,0.000346
1965-03-22,-0.000115
1965-03-23,0.001152
1965-03-24,0.001841
1965-03-25,-0.002871
1965-03-26,-0.007370
1965-03-29,-0.001972
1965-03-30,0.001976
1965-03-31,-0.000464
1965-04-01,0.001857
1965-04-02,0.002433
1965-04-05,0.000000
1965-04-06,-0.000347
1965-04-07,0.000578
1965-04-08,0.005661
1965-04-09,0.005974
1965-04-12,0.004340
1965-04-13,0.001137
1965-04-14,0.002272
1965-04-15,-0.001020
1965-04-19,0.004084
1965-04-20,-0.000565
1965-04-21,-0.001809
1965-04-22,0.005436
1965-04-23,0.001126
1965-04-26,0.000113
1965-04-27,0.001687
1965-04-28,-0.000449
1965-04-29,-0.000787
1965-04-30,0.002024
1965-05-03,0.001347
1965-05-04,0.003138
1965-05-05,0.002234
1965-05-06,0.002341
1965-05-07,-0.000778
1965-05-10,-0.002115
1965-05-11,-0.001227
1965-05-12,0.004355
1965-05-13,0.003669
1965-05-14,-0.001883
1965-05-17,-0.006215
1965-05-18,-0.000893
1965-05-19,0.002347
1965-05-20,-0.005464
1965-05-21,-0.004822
1965-05-24,-0.007437
1965-05-25,0.005790
1965-05-26,-0.003386
1965-05-27,-0.005210
1965-05-28,0.006603
1965-06-01,-0.007917
1965-06-02,-0.007182
1965-06-03,-0.002182
1965-06-04,0.002417
1965-06-07,-0.002640
1965-06-08,-0.010935
1965-06-09,-0.010357
1965-06-10,-0.003645
1965-06-11,0.004603
1965-06-14,-0.013040
1965-06-15,0.005714
1965-06-16,0.008403
1965-06-17,0.006338
1965-06-18,-0.004665
1965-06-21,-0.003398
1965-06-22,0.001881
1965-06-23,-0.006337
1965-06-24,-0.013110
1965-06-25,-0.005984
1965-06-28,-0.017578
1965-06-29,0.009926
1965-06-30,0.020750
1965-07-01,0.004280
1965-07-02,0.008049
1965-07-06,-0.001996
1965-07-07,-0.003765
1965-07-08,0.008504
1965-07-09,0.003748
1965-07-12,-0.000233
1965-07-13,-0.001167
1965-07-14,0.003271
1965-07-15,-0.001747
1965-07-16,-0.000350
1965-07-19,-0.000700
1965-07-20,-0.012612
1965-07-21,-0.005677
1965-07-22,-0.002617
1965-07-23,0.002624
1965-07-26,-0.000238
1965-07-27,-0.002142
1965-07-28,0.001908
1965-07-29,0.007735
1965-07-30,0.006731
1965-08-02,0.001994
1965-08-03,0.000468
1965-08-04,0.003861
1965-08-05,0.000000
1965-08-06,0.003264
1965-08-09,-0.002440
1965-08-10,0.000116
1965-08-11,0.003028
1965-08-12,0.002903
1965-08-13,0.004515
1965-08-16,0.001152
1965-08-17,0.001957
1965-08-18,-0.000574
1965-08-19,-0.002299
1965-08-20,-0.001152
1965-08-23,-0.001500
1965-08-24,0.001733
1965-08-25,0.001153
1965-08-26,0.003801
1965-08-27,0.000689
1965-08-30,0.000115
1965-08-31,-0.000459
1965-09-01,0.000000
1965-09-02,0.005506
1965-09-03,0.004678
1965-09-07,0.003407
1965-09-08,0.003395
1965-09-09,0.002594
1965-09-10,0.002587
1965-09-13,0.002917
1965-09-14,-0.003916
1965-09-15,0.005504
1965-09-16,0.005585
1965-09-17,0.000333
1965-09-20,0.000333
1965-09-21,-0.002997
1965-09-22,0.004565
1965-09-23,-0.003990
1965-09-24,0.001781
1965-09-27,0.006998
1965-09-28,-0.002427
1965-09-29,-0.004534
1965-09-30,-0.000667
1965-10-01,-0.000667
1965-10-04,0.002002
1965-10-05,0.006106
1965-10-06,-0.000993
1965-10-07,-0.000773
1965-10-08,0.004200
1965-10-11,0.005724
1965-10-12,-0.000219
1965-10-13,-0.000109
1965-10-14,-0.001642
1965-10-15,0.002084
1965-10-18,0.003283
1965-10-19,0.001309
1965-10-20,-0.000218
1965-10-21,0.001743
1965-10-22,0.000435
1965-10-25,-0.003370
1965-10-26,0.005782
1965-10-27,0.003362
1965-10-28,-0.003243
1965-10-29,0.002277
1965-11-01,-0.002056
1965-11-03,0.000867
1965-11-04,0.001625
1965-11-05,-0.000973
1965-11-08,-0.001516
1965-11-09,-0.003253
1965-11-10,-0.001088
1965-11-11,0.003049
1965-11-12,0.004777
1965-11-15,0.000864
1965-11-16,-0.002375
1965-11-17,0.002056
1965-11-18,-0.004104
1965-11-19,0.000217
1965-11-22,-0.006505
1965-11-23,0.001528
1965-11-24,0.001743
1965-11-26,0.000979
1965-11-29,-0.002499
1965-11-30,-0.002070
1965-12-01,-0.001201
1965-12-02,-0.003169
1965-12-03,0.000658
1965-12-06,-0.007450
1965-12-07,0.008831
1965-12-08,-0.001204
1965-12-09,0.003067
1965-12-10,0.002621
1965-12-13,0.000327
1965-12-14,0.000544
1965-12-15,0.001524
1965-12-16,0.001087
1965-12-17,-0.000434
1965-12-20,-0.004670
1965-12-21,0.003928
1965-12-22,0.003043
1965-12-23,-0.001084
1965-12-27,-0.007268
1965-12-28,0.000109
1965-12-29,0.003059
1965-12-30,0.004248
1965-12-31,0.002495
1966-01-03,-0.002705
1966-01-04,0.000868
1966-01-05,0.006395
1966-01-06,0.002262
1966-01-07,0.000860
1966-01-10,0.002040
1966-01-11,0.000857
1966-01-12,-0.002355
1966-01-13,0.001824
1966-01-14,0.001500
1966-01-17,0.002888
1966-01-18,0.001920
1966-01-19,-0.002767
1966-01-20,-0.003522
1966-01-21,0.001178
1966-01-24,0.002568
1966-01-25,0.001494
1966-01-26,-0.001598
1966-01-27,-0.000320
1966-01-28,-0.003843
1966-01-31,-0.004608
1966-02-01,-0.007752
1966-02-02,0.004015
1966-02-03,0.001297
1966-02-04,0.006584
1966-02-07,0.003538
1966-02-08,-0.000427
1966-02-09,0.005452
1966-02-10,-0.002445
1966-02-11,-0.000213
1966-02-14,-0.001706
1966-02-15,-0.005125
1966-02-16,-0.000107
1966-02-17,-0.005367
1966-02-18,-0.002698
1966-02-21,-0.005844
1966-02-23,-0.004245
1966-02-24,-0.006449
1966-02-25,0.002751
1966-02-28,0.000878
1966-03-01,-0.012717
1966-03-02,-0.010104
1966-03-03,0.003589
1966-03-04,-0.002571
1966-03-07,-0.013447
1966-03-08,0.001590
1966-03-09,0.008846
1966-03-10,0.000000
1966-03-11,-0.001237
1966-03-14,-0.011255
1966-03-15,-0.005692
1966-03-16,0.005839
1966-03-17,0.003528
1966-03-18,0.004083
1966-03-21,0.007568
1966-03-22,0.002915
1966-03-23,-0.003689
1966-03-24,0.001795
1966-03-25,0.002800
1966-03-28,0.000893
1966-03-29,-0.003905
1966-03-30,-0.005489
1966-03-31,0.005069
1966-04-01,0.007957
1966-04-04,0.009117
1966-04-05,0.006060
1966-04-06,0.002738
1966-04-07,0.002184
1966-04-11,0.000327
1966-04-12,-0.003704
1966-04-13,0.000984
1966-04-14,0.003605
1966-04-15,0.001306
1966-04-18,-0.004457
1966-04-19,-0.000109
1966-04-20,0.005570
1966-04-21,0.003692
1966-04-22,-0.001623
1966-04-25,-0.002059
1966-04-26,-0.000977
1966-04-27,-0.002500
1966-04-28,-0.006866
1966-04-29,-0.000768
1966-05-02,-0.001757
1966-05-03,-0.011551
1966-05-04,-0.005120
1966-05-05,-0.016333
1966-05-06,-0.001024
1966-05-09,-0.017304
1966-05-10,0.008804
1966-05-11,0.001723
1966-05-12,-0.011464
1966-05-13,-0.008814
1966-05-16,-0.012402
1966-05-17,-0.009241
1966-05-18,0.017817
1966-05-19,-0.001175
1966-05-20,0.004822
1966-05-23,0.009013
1966-05-24,0.006613
1966-05-25,0.003457
1966-05-26,0.000000
1966-05-27,0.002986
1966-05-31,-0.013741
1966-06-01,-0.000348
1966-06-02,-0.001626
1966-06-03,0.001163
1966-06-06,-0.007437
1966-06-07,-0.006907
1966-06-08,0.001179
1966-06-09,0.006711
1966-06-10,0.010994
1966-06-13,0.004512
1966-06-14,0.002764
1966-06-15,-0.003905
1966-06-16,-0.002998
1966-06-17,0.000463
1966-06-20,-0.000347
1966-06-21,0.002660
1966-06-22,0.001615
1966-06-23,-0.004030
1966-06-24,0.000925
1966-06-27,-0.005775
1966-06-28,-0.004763
1966-06-29,-0.009455
1966-06-30,-0.001414
1966-07-01,0.010267
1966-07-05,0.002453
1966-07-06,0.014449
1966-07-07,0.003676
1966-07-08,0.002632
1966-07-11,-0.001826
1966-07-12,-0.006518
1966-07-13,-0.006676
1966-07-14,0.006025
1966-07-15,0.002995
1966-07-18,-0.001034
1966-07-19,-0.007587
1966-07-20,-0.009498
1966-07-21,0.000117
1966-07-22,-0.001286
1966-07-25,-0.018499
1966-07-26,-0.001551
1966-07-27,0.004779
1966-07-28,-0.003924
1966-07-29,-0.002029
1966-08-01,-0.015431
1966-08-02,0.000243
1966-08-03,0.009960
1966-08-04,0.009381
1966-08-05,0.000834
1966-08-08,-0.002976
1966-08-09,-0.003104
1966-08-10,-0.004551
1966-08-11,-0.001083
1966-08-12,0.001807
1966-08-15,-0.005170
1966-08-16,-0.013416
1966-08-17,-0.005513
1966-08-18,-0.012565
1966-08-19,-0.006737
1966-08-22,-0.017332
1966-08-23,-0.001662
1966-08-24,0.012290
1966-08-25,-0.012773
1966-08-26,-0.021138
1966-08-29,-0.024604
1966-08-30,0.017845
1966-08-31,0.016346
1966-09-01,0.007782
1966-09-02,-0.003604
1966-09-06,-0.005942
1966-09-07,-0.008056
1966-09-08,-0.003799
1966-09-09,0.003156
1966-09-12,0.021235
1966-09-13,0.005262
1966-09-14,0.010342
1966-09-15,0.012006
1966-09-16,-0.001124
1966-09-19,-0.005001
1966-09-20,-0.006910
1966-09-21,-0.016827
1966-09-22,0.002960
1966-09-23,-0.003464
1966-09-26,0.002446
1966-09-27,0.003082
1966-09-28,-0.012676
1966-09-29,-0.010375
1966-09-30,0.003276
1966-10-03,-0.021682
1966-10-04,0.002670
1966-10-05,-0.005459
1966-10-06,-0.008569
1966-10-07,-0.011479
1966-10-10,0.018169
1966-10-11,0.005099
1966-10-12,0.028434
1966-10-13,-0.001947
1966-10-14,-0.003772
1966-10-17,0.011358
1966-10-18,0.015619
1966-10-19,-0.008007
1966-10-20,-0.002691
1966-10-21,0.004496
1966-10-24,0.002942
1966-10-25,0.006121
1966-10-26,0.008619
1966-10-27,0.008168
1966-10-28,0.000125
1966-10-31,-0.000499
1966-11-01,0.007606
1966-11-02,0.000866
1966-11-03,-0.003956
1966-11-04,0.003103
1966-11-07,-0.000990
1966-11-09,0.008052
1966-11-10,0.006267
1966-11-11,0.000611
1966-11-14,-0.006956
1966-11-15,0.003933
1966-11-16,0.008324
1966-11-17,-0.006920
1966-11-18,-0.006601
1966-11-21,-0.014398
1966-11-22,-0.005244
1966-11-23,0.006778
1966-11-25,0.007979
1966-11-28,-0.001732
1966-11-29,-0.003593
1966-11-30,0.000373
1966-12-01,-0.004599
1966-12-02,0.000624
1966-12-05,0.001373
1966-12-06,0.007478
1966-12-07,0.010886
1966-12-08,0.004038
1966-12-09,0.001097
1966-12-12,0.010470
1966-12-13,-0.003253
1966-12-14,-0.001088
1966-12-15,-0.012101
1966-12-16,-0.000735
1966-12-19,-0.003800
1966-12-20,-0.003814
1966-12-21,0.005188
1966-12-22,0.003809
1966-12-23,-0.002693
1966-12-27,-0.005769
1966-12-28,-0.004815
1966-12-29,-0.002977
1966-12-30,-0.000498
1967-01-03,0.000622
1967-01-04,0.002115
1967-01-05,0.013035
1967-01-06,0.007108
1967-01-09,0.007666
1967-01-10,0.000000
1967-01-11,0.007970
1967-01-12,0.005271
1967-01-13,0.007389
1967-01-16,-0.002603
1967-01-17,0.011031
1967-01-18,0.006452
1967-01-19,0.000350
1967-01-20,0.002913
1967-01-23,0.003718
1967-01-24,0.001389
1967-01-25,-0.007629
1967-01-26,-0.000466
1967-01-27,0.004079
1967-01-30,0.005803
1967-01-31,-0.000577
1967-02-01,-0.002078
1967-02-02,0.003471
1967-02-03,0.007264
1967-02-06,-0.002060
1967-02-07,-0.002638
1967-02-08,0.008856
1967-02-09,-0.004104
1967-02-10,0.001488
1967-02-13,0.001029
1967-02-14,0.006737
1967-02-15,0.001134
1967-02-16,-0.004645
1967-02-17,0.000341
1967-02-20,-0.005575
1967-02-21,-0.000686
1967-02-23,0.001259
1967-02-24,-0.000457
1967-02-27,-0.010868
1967-02-28,0.003701
1967-03-01,0.010371
1967-03-02,0.005474
1967-03-03,0.001475
1967-03-06,-0.002152
1967-03-07,0.000681
1967-03-08,0.001248
1967-03-09,0.002946
1967-03-10,0.004066
1967-03-13,-0.005175
1967-03-14,-0.000905
1967-03-15,0.009508
1967-03-16,0.010091
1967-03-17,0.001776
1967-03-20,-0.000554
1967-03-21,-0.002217
1967-03-22,0.002778
1967-03-23,0.007645
1967-03-27,-0.000770
1967-03-28,0.000440
1967-03-29,-0.001980
1967-03-30,-0.000331
1967-03-31,-0.005513
1967-04-03,-0.010643
1967-04-04,-0.000224
1967-04-05,0.006389
1967-04-06,0.001671
1967-04-07,-0.006449
1967-04-10,-0.012534
1967-04-11,0.007253
1967-04-12,-0.001125
1967-04-13,0.007659
1967-04-14,0.010843
1967-04-17,0.007077
1967-04-18,0.008675
1967-04-19,0.000871
1967-04-20,0.001849
1967-04-21,0.002063
1967-04-24,0.003467
1967-04-25,0.005290
1967-04-26,-0.000967
1967-04-27,0.008493
1967-04-28,0.002132
1967-05-01,-0.001808
1967-05-02,-0.001812
1967-05-03,0.002562
1967-05-04,0.004366
1967-05-05,0.001272
1967-05-08,0.001482
1967-05-09,-0.010362
1967-05-10,-0.002671
1967-05-11,0.004285
1967-05-12,-0.002880
1967-05-15,-0.008237
1967-05-16,0.004638
1967-05-17,-0.003865
1967-05-18,-0.002695
1967-05-19,-0.004971
1967-05-22,-0.004345
1967-05-23,-0.004800
1967-05-24,-0.011509
1967-05-25,0.011200
1967-05-26,-0.002303
1967-05-29,-0.005386
1967-05-31,-0.015582
1967-06-01,0.012910
1967-06-02,-0.004876
1967-06-05,-0.015146
1967-06-06,0.020355
1967-06-07,0.007536
1967-06-08,0.005390
1967-06-09,0.001751
1967-06-12,0.005242
1967-06-13,0.006302
1967-06-14,-0.002375
1967-06-15,0.000974
1967-06-16,0.000541
1967-06-19,-0.000324
1967-06-20,-0.000757
1967-06-21,-0.002596
1967-06-22,-0.002495
1967-06-23,0.000326
1967-06-26,-0.003913
1967-06-27,-0.003710
1967-06-28,0.000110
1967-06-29,-0.005038
1967-06-30,-0.002312
1967-07-03,0.002979
1967-07-05,0.004950
1967-07-06,-0.000438
1967-07-07,0.004052
1967-07-10,0.003926
1967-07-11,0.004671
1967-07-12,-0.000865
1967-07-13,0.000216
1967-07-14,0.003462
1967-07-17,0.000108
1967-07-18,0.008086
1967-07-19,0.001604
1967-07-20,0.002136
1967-07-21,0.002025
1967-07-24,-0.003296
1967-07-25,0.000107
1967-07-26,0.003414
1967-07-27,0.003083
1967-07-28,0.001484
1967-07-31,0.002752
1967-08-01,0.006544
1967-08-02,0.004299
1967-08-03,-0.001253
1967-08-04,0.001777
1967-08-07,-0.002609
1967-08-08,0.001151
1967-08-09,0.000941
1967-08-10,-0.002610
1967-08-11,-0.003978
1967-08-14,-0.005360
1967-08-15,0.001374
1967-08-16,-0.002321
1967-08-17,0.000846
1967-08-18,0.001585
1967-08-21,-0.005592
1967-08-22,-0.005411
1967-08-23,-0.001387
1967-08-24,-0.005555
1967-08-25,-0.004189
1967-08-28,-0.000647
1967-08-29,0.002591
1967-08-30,0.002046
1967-08-31,0.006124
1967-09-01,0.000427
1967-09-05,0.005658
1967-09-06,0.001911
1967-09-07,-0.000636
1967-09-08,0.000318
1967-09-11,0.001908
1967-09-12,0.004760
1967-09-13,0.010527
1967-09-14,0.002188
1967-09-15,0.000728
1967-09-18,0.002701
1967-09-19,-0.003729
1967-09-20,-0.000416
1967-09-21,0.006450
1967-09-22,0.002584
1967-09-25,0.006082
1967-09-26,-0.008505
1967-09-27,0.000310
1967-09-28,0.000000
1967-09-29,-0.000827
1967-10-02,-0.004033
1967-10-03,0.003426
1967-10-04,-0.002276
1967-10-05,0.002489
1967-10-06,0.006103
1967-10-09,0.002570
1967-10-10,-0.006871
1967-10-11,-0.004853
1967-10-12,-0.006434
1967-10-13,0.002611
1967-10-16,-0.007813
1967-10-17,-0.002625
1967-10-18,0.002632
1967-10-19,0.001890
1967-10-20,-0.000524
1967-10-23,-0.004403
1967-10-24,-0.005687
1967-10-25,0.001059
1967-10-26,0.004444
1967-10-27,0.000211
1967-10-30,-0.001790
1967-10-31,-0.009389
1967-11-01,-0.012673
1967-11-02,-0.003991
1967-11-03,-0.006065
1967-11-06,-0.003269
1967-11-08,-0.003717
1967-11-09,0.004937
1967-11-10,0.006769
1967-11-13,-0.002603
1967-11-14,-0.006306
1967-11-15,0.004049
1967-11-16,0.009154
1967-11-17,0.002376
1967-11-20,-0.012605
1967-11-21,0.015821
1967-11-22,0.005908
1967-11-24,0.002670
1967-11-27,0.002875
1967-11-28,0.003186
1967-11-29,0.000000
1967-11-30,-0.004975
1967-12-01,0.005319
1967-12-04,0.006349
1967-12-05,0.001367
1967-12-06,0.004305
1967-12-07,-0.001150
1967-12-08,-0.001151
1967-12-11,-0.003144
1967-12-12,-0.001156
1967-12-13,0.003473
1967-12-14,0.001364
1967-12-15,-0.004609
1967-12-18,-0.002736
1967-12-19,-0.001477
1967-12-20,0.005495
1967-12-21,0.002417
1967-12-22,-0.001887
1967-12-26,0.000630
1967-12-27,0.006823
1967-12-28,-0.000209
1967-12-29,0.006049
1968-01-02,-0.003732
1968-01-03,-0.004578
1968-01-04,-0.003240
1968-01-05,0.006082
1968-01-08,0.007088
1968-01-09,-0.001242
1968-01-10,0.000207
1968-01-11,0.001036
1968-01-12,0.001035
1968-01-15,-0.003102
1968-01-16,-0.006223
1968-01-17,-0.001879
1968-01-18,-0.000836
1968-01-19,-0.003349
1968-01-22,-0.012705
1968-01-23,-0.003935
1968-01-24,-0.005232
1968-01-25,0.001395
1968-01-26,0.001608
1968-01-29,-0.001070
1968-01-30,-0.004928
1968-01-31,-0.006998
1968-02-01,0.003469
1968-02-02,-0.003133
1968-02-05,-0.004335
1968-02-06,0.000327
1968-02-07,0.001741
1968-02-08,-0.012600
1968-02-09,-0.011441
1968-02-13,-0.008791
1968-02-14,0.012013
1968-02-15,0.001775
1968-02-16,-0.003765
1968-02-19,0.003891
1968-02-20,0.005758
1968-02-21,0.004514
1968-02-23,-0.003836
1968-02-26,-0.007812
1968-02-27,0.003881
1968-02-28,-0.004971
1968-02-29,-0.007993
1968-03-01,-0.002798
1968-03-04,-0.013354
1968-03-05,-0.002275
1968-03-06,0.017556
1968-03-07,-0.001793
1968-03-08,-0.000786
1968-03-11,0.012355
1968-03-12,0.001110
1968-03-13,-0.002217
1968-03-14,-0.018994
1968-03-15,0.008832
1968-03-18,0.005499
1968-03-19,-0.006697
1968-03-20,-0.000112
1968-03-21,-0.007305
1968-03-22,0.001019
1968-03-25,-0.001018
1968-03-26,0.006793
1968-03-27,0.008209
1968-03-28,-0.001004
1968-03-29,0.007034
1968-04-01,0.025277
1968-04-02,0.001730
1968-04-03,0.008959
1968-04-04,0.003958
1968-04-05,-0.005861
1968-04-08,0.017794
1968-04-10,0.007583
1968-04-11,0.008989
1968-04-15,0.000622
1968-04-16,0.000311
1968-04-17,0.001966
1968-04-18,0.002789
1968-04-19,-0.012670
1968-04-22,-0.005529
1968-04-23,0.012170
1968-04-24,0.001451
1968-04-25,0.003105
1968-04-26,0.002992
1968-04-29,0.002572
1968-04-30,0.001334
1968-05-01,0.003894
1968-05-02,0.006328
1968-05-03,0.000710
1968-05-06,-0.003142
1968-05-07,0.005592
1968-05-08,0.000101
1968-05-09,-0.005257
1968-05-10,0.001118
1968-05-13,-0.003147
1968-05-14,-0.000713
1968-05-15,-0.000510
1968-05-16,-0.004792
1968-05-17,-0.007172
1968-05-20,-0.004644
1968-05-21,0.004977
1968-05-22,0.002579
1968-05-23,-0.002161
1968-05-24,0.001856
1968-05-27,-0.001647
1968-05-28,0.006496
1968-05-29,0.003073
1968-05-31,0.007761
1968-06-03,0.013275
1968-06-04,0.003900
1968-06-05,-0.004881
1968-06-06,0.007608
1968-06-07,0.006160
1968-06-10,0.001382
1968-06-11,0.002465
1968-06-13,-0.004033
1968-06-14,-0.001185
1968-06-17,-0.009888
1968-06-18,-0.001398
1968-06-20,0.005201
1968-06-21,0.001492
1968-06-24,-0.002682
1968-06-25,-0.003088
1968-06-27,-0.000999
1968-06-28,-0.004001
1968-07-01,-0.001808
1968-07-02,0.003421
1968-07-03,0.011731
1968-07-08,0.010207
1968-07-09,0.002845
1968-07-11,0.001565
1968-07-12,-0.000488
1968-07-15,-0.000782
1968-07-16,-0.005476
1968-07-18,-0.002557
1968-07-19,-0.009661
1968-07-22,-0.011248
1968-07-23,-0.001208
1968-07-25,-0.012801
1968-07-26,0.004084
1968-07-29,-0.007016
1968-07-30,0.000922
1968-08-01,-0.004706
1968-08-02,-0.006682
1968-08-05,0.002277
1968-08-06,0.004130
1968-08-08,-0.002159
1968-08-09,-0.000309
1968-08-12,0.010308
1968-08-13,0.005306
1968-08-15,-0.004669
1968-08-16,0.006220
1968-08-19,0.003243
1968-08-20,-0.000404
1968-08-22,-0.002627
1968-08-23,-0.000101
1968-08-26,0.002533
1968-08-27,-0.001314
1968-08-29,-0.000708
1968-08-30,0.001215
1968-09-03,0.004653
1968-09-04,0.007048
1968-09-05,0.007199
1968-09-06,0.004566
1968-09-09,0.000296
1968-09-10,-0.004939
1968-09-12,-0.002085
1968-09-13,0.003382
1968-09-16,0.003768
1968-09-17,0.002568
1968-09-19,0.000887
1968-09-20,0.000689
1968-09-23,0.005705
1968-09-24,0.003423
1968-09-26,-0.002242
1968-09-27,-0.000488
1968-09-30,0.003519
1968-10-01,0.001851
1968-10-03,0.004667
1968-10-04,0.003580
1968-10-07,-0.000096
1968-10-08,0.000386
1968-10-10,-0.004338
1968-10-11,-0.001065
1968-10-14,0.001357
1968-10-15,0.002033
1968-10-17,0.004636
1968-10-18,0.007788
1968-10-21,0.001622
1968-10-22,-0.004000
1968-10-24,-0.006981
1968-10-25,0.003467
1968-10-28,-0.002879
1968-10-29,-0.005775
1968-10-31,0.001065
1968-11-01,-0.003385
1968-11-04,0.000388
1968-11-06,0.001649
1968-11-07,0.002227
1968-11-08,0.004348
1968-11-12,0.006445
1968-11-13,0.004875
1968-11-14,0.000666
1968-11-15,0.005513
1968-11-18,0.001324
1968-11-19,0.002077
1968-11-21,-0.001602
1968-11-22,0.003114
1968-11-25,0.001693
1968-11-26,0.007325
1968-11-27,0.004662
1968-11-29,0.005661
1968-12-02,-0.002307
1968-12-03,-0.000925
1968-12-05,-0.003240
1968-12-06,0.002415
1968-12-09,-0.002502
1968-12-10,-0.002508
1968-12-12,-0.000652
1968-12-13,0.002423
1968-12-16,-0.004462
1968-12-17,-0.004108
1968-12-19,0.002906
1968-12-20,-0.005890
1968-12-23,-0.010626
1968-12-24,-0.001616
1968-12-26,0.001047
1968-12-27,-0.003899
1968-12-30,-0.008975
1968-12-31,0.000578
1969-01-02,0.000674
1969-01-03,0.000577
1969-01-06,-0.014617
1969-01-07,-0.012199
1969-01-08,-0.004149
1969-01-09,0.004167
1969-01-10,-0.002865
1969-01-13,-0.005251
1969-01-14,0.007271
1969-01-15,0.004845
1969-01-16,0.005511
1969-01-17,-0.001468
1969-01-20,-0.003332
1969-01-21,-0.000590
1969-01-22,0.003444
1969-01-23,0.004413
1969-01-24,-0.000488
1969-01-27,0.000195
1969-01-28,0.000098
1969-01-29,0.000976
1969-01-30,0.000390
1969-01-31,0.004486
1969-02-03,-0.001165
1969-02-04,0.000292
1969-02-05,0.002721
1969-02-06,0.003295
1969-02-07,-0.000097
1969-02-11,0.001159
1969-02-12,-0.000193
1969-02-13,0.000772
1969-02-14,-0.000964
1969-02-17,-0.011292
1969-02-18,-0.010152
1969-02-19,-0.007396
1969-02-20,-0.008544
1969-02-24,-0.011925
1969-02-25,-0.006288
1969-02-26,0.004797
1969-02-27,-0.003149
1969-02-28,-0.000102
1969-03-03,0.002548
1969-03-04,0.009555
1969-03-05,0.003927
1969-03-06,-0.010129
1969-03-07,-0.000507
1969-03-10,0.003447
1969-03-11,0.003334
1969-03-12,-0.002718
1969-03-13,-0.006663
1969-03-14,-0.003964
1969-03-17,0.002551
1969-03-18,0.002443
1969-03-19,0.007310
1969-03-20,0.006350
1969-03-21,-0.002103
1969-03-24,-0.001305
1969-03-25,0.001608
1969-03-26,0.007325
1969-03-27,0.007072
1969-03-28,0.004055
1969-04-01,-0.000887
1969-04-02,-0.006310
1969-04-03,-0.000992
1969-04-07,-0.007847
1969-04-08,0.002503
1969-04-09,0.008788
1969-04-10,0.005246
1969-04-11,0.000985
1969-04-14,-0.000787
1969-04-15,-0.000394
1969-04-16,-0.008864
1969-04-17,0.001491
1969-04-18,0.004564
1969-04-21,-0.006717
1969-04-22,0.002188
1969-04-23,0.000198
1969-04-24,0.004663
1969-04-25,0.004444
1969-04-28,0.003048
1969-04-29,0.007449
1969-04-30,0.008756
1969-05-01,-0.001736
1969-05-02,0.004734
1969-05-05,0.003558
1969-05-06,0.004695
1969-05-07,-0.001812
1969-05-08,0.004108
1969-05-09,-0.000476
1969-05-12,-0.001523
1969-05-13,0.004290
1969-05-14,0.007784
1969-05-15,-0.002920
1969-05-16,0.000850
1969-05-19,-0.009156
1969-05-20,-0.008860
1969-05-21,0.004133
1969-05-22,0.001244
1969-05-23,-0.000096
1969-05-26,-0.002199
1969-05-27,-0.007570
1969-05-28,-0.002993
1969-05-29,0.001937
1969-06-02,-0.005026
1969-06-03,-0.003011
1969-06-04,-0.000390
1969-06-05,0.001657
1969-06-06,-0.006228
1969-06-09,-0.009009
1969-06-10,-0.007708
1969-06-11,-0.008664
1969-06-12,-0.012958
1969-06-13,0.003969
1969-06-16,-0.003345
1969-06-17,-0.003763
1969-06-18,-0.001429
1969-06-19,-0.005828
1969-06-20,-0.005862
1969-06-23,-0.004552
1969-06-24,0.011327
1969-06-25,-0.003185
1969-06-26,0.002474
1969-06-27,0.000823
1969-06-30,0.003904
1969-07-01,0.003787
1969-07-02,0.008768
1969-07-03,0.006772
1969-07-07,-0.005823
1969-07-08,-0.014137
1969-07-09,-0.007682
1969-07-10,-0.015483
1969-07-11,0.004089
1969-07-14,-0.012739
1969-07-15,-0.003279
1969-07-16,0.009975
1969-07-17,0.006094
1969-07-18,-0.008459
1969-07-22,-0.015061
1969-07-23,-0.004277
1969-07-24,-0.003436
1969-07-25,-0.009052
1969-07-28,-0.019030
1969-07-29,-0.008092
1969-07-30,0.005029
1969-07-31,0.021128
1969-08-01,0.017859
1969-08-04,-0.005135
1969-08-05,0.004517
1969-08-06,0.005460
1969-08-07,0.000745
1969-08-08,-0.000532
1969-08-11,-0.006174
1969-08-12,-0.007819
1969-08-13,0.000756
1969-08-14,0.006904
1969-08-15,0.007071
1969-08-18,0.006064
1969-08-19,0.005287
1969-08-20,0.000000
1969-08-21,0.002945
1969-08-22,0.005978
1969-08-25,-0.010321
1969-08-26,-0.006636
1969-08-27,0.002015
1969-08-28,0.004233
1969-08-29,0.006534
1969-09-02,0.000314
1969-09-03,-0.005861
1969-09-04,-0.008212
1969-09-05,-0.005945
1969-09-08,-0.010038
1969-09-09,0.007335
1969-09-10,0.016813
1969-09-11,-0.007688
1969-09-12,0.001380
1969-09-15,0.005511
1969-09-16,0.000843
1969-09-17,-0.003370
1969-09-18,0.002853
1969-09-19,0.003056
1969-09-22,0.004622
1969-09-23,0.000000
1969-09-24,-0.001359
1969-09-25,-0.007644
1969-09-26,-0.006437
1969-09-29,-0.007965
1969-09-30,-0.003105
1969-10-01,-0.006443
1969-10-02,0.007782
1969-10-03,-0.000536
1969-10-06,0.001824
1969-10-07,-0.002892
1969-10-08,-0.004512
1969-10-09,0.003885
1969-10-10,0.005697
1969-10-13,0.010581
1969-10-14,0.012163
1969-10-15,0.000209
1969-10-16,0.006791
1969-10-17,-0.001141
1969-10-20,0.002078
1969-10-21,0.007672
1969-10-22,0.006481
1969-10-23,-0.003782
1969-10-24,0.006772
1969-10-27,-0.001834
1969-10-28,-0.002859
1969-10-29,-0.008704
1969-10-30,0.001240
1969-10-31,0.003198
1969-11-03,-0.000926
1969-11-04,0.000618
1969-11-05,0.004423
1969-11-06,0.000307
1969-11-07,0.006041
1969-11-10,0.000712
1969-11-11,-0.002644
1969-11-12,-0.001835
1969-11-13,-0.004801
1969-11-14,-0.003593
1969-11-17,-0.006799
1969-11-18,-0.000207
1969-11-19,-0.005084
1969-11-20,-0.010323
1969-11-21,-0.006216
1969-11-24,-0.011450
1969-11-25,-0.003218
1969-11-26,0.003551
1969-11-28,0.005790
1969-12-01,-0.006289
1969-12-02,-0.006115
1969-12-03,-0.010793
1969-12-04,0.003273
1969-12-05,-0.002393
1969-12-08,-0.011992
1969-12-09,-0.000883
1969-12-10,-0.000773
1969-12-11,0.000442
1969-12-12,0.003204
1969-12-15,-0.002973
1969-12-16,-0.009057
1969-12-17,-0.005796
1969-12-18,0.015807
1969-12-19,0.008498
1969-12-22,-0.008755
1969-12-23,-0.003864
1969-12-24,0.010529
1969-12-26,0.007787
1969-12-29,-0.006965
1969-12-30,0.003836
1969-12-31,0.005022
1970-01-02,0.010211
1970-01-05,0.004946
1970-01-06,-0.006848
1970-01-07,-0.002047
1970-01-08,0.000540
1970-01-09,-0.003021
1970-01-12,-0.007576
1970-01-13,0.000981
1970-01-14,-0.001525
1970-01-15,0.000327
1970-01-16,-0.008290
1970-01-19,-0.013968
1970-01-20,0.002008
1970-01-21,0.000891
1970-01-22,0.000445
1970-01-23,-0.009783
1970-01-26,-0.010104
1970-01-27,-0.006238
1970-01-28,-0.009473
1970-01-29,-0.012674
1970-01-30,-0.007819
1970-02-02,0.008586
1970-02-03,0.011895
1970-02-04,-0.006108
1970-02-05,-0.003942
1970-02-06,0.005006
1970-02-09,0.007877
1970-02-10,-0.010459
1970-02-11,0.009756
1970-02-12,-0.002415
1970-02-13,-0.002191
1970-02-16,-0.000809
1970-02-17,-0.001156
1970-02-18,0.012389
1970-02-19,0.003660
1970-02-20,0.003077
1970-02-24,-0.000454
1970-02-25,0.015456
1970-02-26,-0.005036
1970-02-27,0.006749
1970-03-02,0.002346
1970-03-03,0.005796
1970-03-04,-0.002106
1970-03-05,-0.000444
1970-03-06,-0.006222
1970-03-09,-0.010398
1970-03-10,0.002712
1970-03-11,-0.000676
1970-03-12,-0.004059
1970-03-13,-0.005321
1970-03-16,-0.010813
1970-03-17,0.004372
1970-03-18,0.002864
1970-03-19,-0.001371
1970-03-20,-0.004118
1970-03-23,-0.000804
1970-03-24,0.011381
1970-03-25,0.020346
1970-03-26,0.001671
1970-03-30,-0.003225
1970-03-31,0.000000
1970-04-01,0.004909
1970-04-02,-0.003109
1970-04-03,-0.004455
1970-04-06,-0.007048
1970-04-07,-0.002704
1970-04-08,-0.000339
1970-04-09,0.000452
1970-04-10,-0.003276
1970-04-13,-0.006800
1970-04-14,-0.008558
1970-04-15,-0.001841
1970-04-16,-0.009801
1970-04-17,-0.002445
1970-04-20,0.001868
1970-04-21,-0.005243
1970-04-22,-0.013001
1970-04-23,-0.014596
1970-04-24,-0.003251
1970-04-27,-0.015827
1970-04-28,-0.014608
1970-04-29,0.019185
1970-04-30,-0.003545
1970-05-01,-0.000981
1970-05-04,-0.025417
1970-05-05,-0.009701
1970-05-06,0.011069
1970-05-07,0.004530
1970-05-08,-0.004885
1970-05-11,-0.010574
1970-05-12,-0.009542
1970-05-13,-0.016956
1970-05-14,-0.014243
1970-05-15,0.019353
1970-05-18,0.000780
1970-05-19,-0.019491
1970-05-20,-0.025709
1970-05-21,-0.018498
1970-05-22,0.001247
1970-05-25,-0.027682
1970-05-26,-0.013665
1970-05-27,0.050224
1970-05-28,0.025285
1970-05-29,0.026002
1970-06-01,0.016852
1970-06-02,0.000000
1970-06-03,0.008736
1970-06-04,-0.014773
1970-06-05,-0.015383
1970-06-08,0.001575
1970-06-09,-0.000524
1970-06-10,-0.010098
1970-06-11,-0.013646
1970-06-12,-0.003224
1970-06-15,0.002291
1970-06-16,0.023797
1970-06-17,-0.001970
1970-06-18,0.006711
1970-06-19,0.007058
1970-06-22,-0.005321
1970-06-23,-0.024530
1970-06-24,-0.010567
1970-06-25,0.000676
1970-06-26,-0.007430
1970-06-29,-0.007894
1970-06-30,-0.002332
1970-07-01,0.004400
1970-07-02,-0.001643
1970-07-06,-0.015634
1970-07-07,-0.007662
1970-07-08,0.024849
1970-07-09,0.014521
1970-07-10,0.006886
1970-07-13,-0.001207
1970-07-14,-0.000806
1970-07-15,0.010884
1970-07-16,0.014755
1970-07-17,0.017684
1970-07-20,0.000386
1970-07-21,-0.009521
1970-07-22,0.000650
1970-07-23,0.012593
1970-07-24,-0.002308
1970-07-27,-0.002185
1970-07-28,0.001545
1970-07-29,0.003472
1970-07-30,0.000384
1970-07-31,-0.000256
1970-08-03,-0.013197
1970-08-04,0.002207
1970-08-05,-0.000130
1970-08-06,-0.001296
1970-08-07,0.002595
1970-08-10,-0.013975
1970-08-11,-0.004987
1970-08-12,-0.005276
1970-08-13,-0.008751
1970-08-14,0.005618
1970-08-17,0.001995
1970-08-18,0.011549
1970-08-19,0.009974
1970-08-20,0.008836
1970-08-21,0.020608
1970-08-24,0.022085
1970-08-25,0.001605
1970-08-26,0.001109
1970-08-27,-0.001601
1970-08-28,0.009620
1970-08-31,-0.004153
1970-09-01,-0.006992
1970-09-02,0.000124
1970-09-03,0.013958
1970-09-04,0.009014
1970-09-08,0.002535
1970-09-09,-0.003011
1970-09-10,-0.005919
1970-09-11,0.002673
1970-09-14,-0.005453
1970-09-15,-0.008651
1970-09-16,0.005285
1970-09-17,0.006113
1970-09-18,0.004010
1970-09-21,-0.008594
1970-09-22,-0.003052
1970-09-23,0.014328
1970-09-24,0.013039
1970-09-25,0.000715
1970-09-28,-0.001310
1970-09-29,0.005247
1970-09-30,-0.001068
1970-10-01,0.001306
1970-10-02,0.009962
1970-10-05,0.015383
1970-10-06,0.004395
1970-10-07,0.000461
1970-10-08,-0.010818
1970-10-09,-0.010122
1970-10-12,-0.010696
1970-10-13,-0.001307
1970-10-14,0.001547
1970-10-15,0.005464
1970-10-16,-0.004371
1970-10-19,-0.013408
1970-10-20,0.005893
1970-10-21,0.000239
1970-10-22,-0.003347
1970-10-23,0.004677
1970-10-26,-0.005491
1970-10-27,-0.002281
1970-10-28,0.003730
1970-10-29,-0.000839
1970-10-30,-0.001320
1970-11-02,0.003123
1970-11-03,0.008502
1970-11-04,0.002019
1970-11-05,-0.003436
1970-11-06,0.001427
1970-11-09,0.005343
1970-11-10,0.001417
1970-11-11,0.002831
1970-11-12,-0.010349
1970-11-13,-0.009269
1970-11-16,-0.001559
1970-11-17,0.001201
1970-11-18,-0.006599
1970-11-19,0.001449
1970-11-20,0.009770
1970-11-23,0.006211
1970-11-24,0.006410
1970-11-25,0.003657
1970-11-27,0.009872
1970-11-30,0.014779
1970-12-01,0.003096
1970-12-02,0.011547
1970-12-03,0.004747
1970-12-04,0.006299
1970-12-07,0.005366
1970-12-08,-0.005226
1970-12-09,0.000782
1970-12-10,0.004244
1970-12-11,0.003781
1970-12-14,-0.005096
1970-12-15,-0.001559
1970-12-16,0.000669
1970-12-17,0.003567
1970-12-18,0.001999
1970-12-21,-0.003104
1970-12-22,0.001112
1970-12-23,0.000666
1970-12-24,0.005660
1970-12-28,0.005297
1970-12-29,0.010868
1970-12-30,0.002063
1970-12-31,-0.001301
1971-01-04,-0.010852
1971-01-05,0.007131
1971-01-06,0.005991
1971-01-07,0.000325
1971-01-08,-0.002057
1971-01-11,-0.002278
1971-01-12,0.008045
1971-01-13,-0.001726
1971-01-14,0.002593
1971-01-15,0.002478
1971-01-18,0.004085
1971-01-19,0.003747
1971-01-20,0.000213
1971-01-21,0.004372
1971-01-22,0.007326
1971-01-25,0.004216
1971-01-26,0.003254
1971-01-27,-0.007323
1971-01-28,0.003372
1971-01-29,0.007037
1971-02-01,0.005632
1971-02-02,0.000104
1971-02-03,0.002074
1971-02-04,-0.000103
1971-02-05,0.003208
1971-02-08,0.005365
1971-02-09,0.000616
1971-02-10,-0.001231
1971-02-11,0.005339
1971-02-12,0.005311
1971-02-16,0.002337
1971-02-17,-0.004662
1971-02-18,-0.006517
1971-02-19,-0.008405
1971-02-22,-0.010544
1971-02-23,0.003865
1971-02-24,0.006660
1971-02-25,0.001964
1971-02-26,-0.001754
1971-03-01,0.002584
1971-03-02,-0.000206
1971-03-03,-0.000309
1971-03-04,0.010005
1971-03-05,0.010621
1971-03-08,0.004244
1971-03-09,0.000805
1971-03-10,-0.001609
1971-03-11,0.000906
1971-03-12,0.001811
1971-03-15,0.011449
1971-03-16,0.004965
1971-03-17,-0.000889
1971-03-18,0.000692
1971-03-19,-0.001779
1971-03-22,-0.003861
1971-03-23,-0.003379
1971-03-24,-0.006582
1971-03-25,-0.000100
1971-03-26,0.003413
1971-03-29,0.000800
1971-03-30,0.002299
1971-03-31,0.000499
1971-04-01,0.000798
1971-04-02,0.001693
1971-04-05,0.002287
1971-04-06,0.007144
1971-04-07,0.004630
1971-04-08,0.001177
1971-04-12,0.007640
1971-04-13,0.000972
1971-04-14,0.003787
1971-04-15,0.001451
1971-04-16,-0.000290
1971-04-19,0.005025
1971-04-20,-0.003846
1971-04-21,-0.002413
1971-04-22,0.001935
1971-04-23,0.004732
1971-04-26,-0.001057
1971-04-27,0.004329
1971-04-28,0.003640
1971-04-29,-0.001336
1971-04-30,-0.006499
1971-05-03,-0.006349
1971-05-04,0.004841
1971-05-05,-0.000096
1971-05-06,-0.005300
1971-05-07,-0.003487
1971-05-10,-0.004958
1971-05-11,0.002540
1971-05-12,0.002729
1971-05-13,-0.002041
1971-05-14,-0.004674
1971-05-17,-0.014871
1971-05-18,0.001390
1971-05-19,0.002380
1971-05-20,0.002375
1971-05-21,-0.003159
1971-05-24,-0.008516
1971-05-25,-0.006591
1971-05-26,0.001206
1971-05-27,-0.001908
1971-05-28,0.002314
1971-06-01,0.005721
1971-06-02,0.007585
1971-06-03,0.000495
1971-06-04,0.002871
1971-06-07,-0.001579
1971-06-08,-0.008108
1971-06-09,-0.000299
1971-06-10,0.003490
1971-06-11,0.004273
1971-06-14,-0.008410
1971-06-15,0.000998
1971-06-16,0.001994
1971-06-17,-0.000199
1971-06-18,-0.015224
1971-06-21,-0.011114
1971-06-22,-0.002861
1971-06-23,0.008403
1971-06-24,-0.002439
1971-06-25,-0.001834
1971-06-28,-0.002551
1971-06-29,0.011050
1971-06-30,0.008905
1971-07-01,0.000802
1971-07-02,0.000000
1971-07-06,-0.000200
1971-07-07,0.002807
1971-07-08,0.002999
1971-07-09,0.003488
1971-07-12,0.001291
1971-07-13,-0.013093
1971-07-14,-0.002814
1971-07-15,0.000605
1971-07-16,-0.001712
1971-07-19,-0.001816
1971-07-20,0.003942
1971-07-21,-0.000403
1971-07-22,-0.001712
1971-07-23,-0.001715
1971-07-26,-0.002729
1971-07-27,-0.009020
1971-07-28,-0.007261
1971-07-29,-0.010817
1971-07-30,-0.004582
1971-08-02,0.003976
1971-08-03,-0.015110
1971-08-04,-0.006560
1971-08-05,0.002130
1971-08-06,0.001701
1971-08-09,-0.007639
1971-08-10,0.000107
1971-08-11,0.011973
1971-08-12,0.014156
1971-08-13,-0.003229
1971-08-16,0.032083
1971-08-17,0.012454
1971-08-18,-0.013901
1971-08-19,-0.004462
1971-08-20,0.001732
1971-08-23,0.010272
1971-08-24,0.010670
1971-08-25,0.000100
1971-08-26,-0.001693
1971-08-27,0.002394
1971-08-30,-0.009554
1971-08-31,-0.004924
1971-09-01,0.000404
1971-09-02,0.002221
1971-09-03,0.014100
1971-09-07,0.004568
1971-09-08,0.001878
1971-09-09,-0.005329
1971-09-10,-0.003770
1971-09-13,-0.003485
1971-09-14,-0.007295
1971-09-15,0.004329
1971-09-16,-0.001103
1971-09-17,0.003010
1971-09-20,-0.002801
1971-09-21,-0.003411
1971-09-22,-0.008758
1971-09-23,-0.000914
1971-09-24,-0.002338
1971-09-27,-0.005400
1971-09-28,0.002663
1971-09-29,0.000204
1971-09-30,0.004494
1971-10-01,0.006000
1971-10-04,0.002830
1971-10-05,-0.001008
1971-10-06,0.007164
1971-10-07,0.002004
1971-10-08,-0.006599
1971-10-11,-0.002013
1971-10-12,0.004135
1971-10-13,-0.005423
1971-10-14,-0.009088
1971-10-15,-0.003465
1971-10-18,-0.004499
1971-10-19,-0.003595
1971-10-20,-0.013918
1971-10-21,-0.000523
1971-10-22,-0.000941
1971-10-25,-0.004293
1971-10-26,-0.003785
1971-10-27,-0.010027
1971-10-28,0.001813
1971-10-29,0.002874
1971-11-01,-0.015176
1971-11-02,0.004095
1971-11-03,0.018566
1971-11-04,-0.001264
1971-11-05,-0.003481
1971-11-08,-0.000741
1971-11-09,0.000742
1971-11-10,-0.011116
1971-11-11,-0.013810
1971-11-12,0.000000
1971-11-15,-0.003365
1971-11-16,0.009803
1971-11-17,0.001510
1971-11-18,-0.007754
1971-11-19,-0.005644
1971-11-22,-0.008951
1971-11-23,-0.006939
1971-11-24,0.001886
1971-11-26,0.017824
1971-11-29,0.015989
1971-11-30,0.006209
1971-12-01,0.016491
1971-12-02,0.003140
1971-12-03,0.012730
1971-12-06,-0.005667
1971-12-07,0.003730
1971-12-08,0.000516
1971-12-09,0.000413
1971-12-10,0.007529
1971-12-13,0.002866
1971-12-14,-0.003062
1971-12-15,0.008908
1971-12-16,0.012178
1971-12-17,0.005214
1971-12-20,0.012867
1971-12-21,0.002462
1971-12-22,-0.006090
1971-12-23,-0.004349
1971-12-27,0.002085
1971-12-28,0.009906
1971-12-29,0.002550
1971-12-30,-0.004207
1971-12-31,0.003046
1972-01-03,-0.004114
1972-01-04,0.004131
1972-01-05,0.009599
1972-01-06,0.004269
1972-01-07,-0.000386
1972-01-10,-0.001450
1972-01-11,0.003194
1972-01-12,-0.000579
1972-01-13,-0.005792
1972-01-14,0.003884
1972-01-17,0.002998
1972-01-18,0.003375
1972-01-19,-0.001634
1972-01-20,0.000000
1972-01-21,-0.002214
1972-01-24,-0.010420
1972-01-25,0.002047
1972-01-26,-0.002724
1972-01-27,0.009756
1972-01-28,0.006377
1972-01-31,-0.002112
1972-02-01,0.000673
1972-02-02,0.006442
1972-02-03,-0.000382
1972-02-04,0.002102
1972-02-07,-0.003052
1972-02-08,0.001913
1972-02-09,0.007733
1972-02-10,0.000379
1972-02-11,-0.004830
1972-02-14,-0.004663
1972-02-15,0.004207
1972-02-16,0.005617
1972-02-17,-0.000284
1972-02-18,-0.002936
1972-02-22,0.000095
1972-02-23,0.000855
1972-02-24,0.000664
1972-02-25,0.006923
1972-02-28,0.000094
1972-02-29,0.003578
1972-03-01,0.007319
1972-03-02,-0.000279
1972-03-03,0.005777
1972-03-06,0.007689
1972-03-07,0.000919
1972-03-08,0.000827
1972-03-09,-0.000184
1972-03-10,-0.005232
1972-03-13,-0.009597
1972-03-14,0.002609
1972-03-15,0.001301
1972-03-16,-0.002320
1972-03-17,0.003907
1972-03-20,-0.003058
1972-03-21,-0.008365
1972-03-22,0.001406
1972-03-23,0.008517
1972-03-24,-0.002135
1972-03-27,-0.002046
1972-03-28,-0.001212
1972-03-29,-0.006345
1972-03-30,0.006667
1972-04-03,0.002612
1972-04-04,0.005955
1972-04-05,0.008139
1972-04-06,0.003853
1972-04-07,0.001828
1972-04-10,-0.001551
1972-04-11,0.002832
1972-04-12,0.003827
1972-04-13,-0.002451
1972-04-14,-0.000637
1972-04-17,-0.003004
1972-04-18,0.002374
1972-04-19,-0.005193
1972-04-20,-0.001465
1972-04-21,-0.001376
1972-04-24,-0.006429
1972-04-25,-0.009890
1972-04-26,-0.002147
1972-04-27,0.001497
1972-04-28,0.005792
1972-05-01,-0.009102
1972-05-02,-0.005717
1972-05-03,-0.000848
1972-05-04,0.002453
1972-05-05,0.003576
1972-05-08,-0.004595
1972-05-09,-0.013190
1972-05-10,0.006492
1972-05-11,0.003320
1972-05-12,0.005767
1972-05-15,0.004512
1972-05-16,-0.001872
1972-05-17,0.002156
1972-05-18,0.009823
1972-05-19,0.009635
1972-05-22,0.006515
1972-05-23,0.000820
1972-05-24,0.004828
1972-05-25,0.001360
1972-05-26,0.001811
1972-05-30,-0.002801
1972-05-31,-0.007431
1972-06-01,0.001461
1972-06-02,0.000365
1972-06-05,-0.008293
1972-06-06,-0.005606
1972-06-07,-0.005175
1972-06-08,-0.003437
1972-06-09,-0.003915
1972-06-12,0.001404
1972-06-13,0.005046
1972-06-14,0.007810
1972-06-15,0.000461
1972-06-16,-0.000738
1972-06-19,-0.002307
1972-06-20,0.004162
1972-06-21,0.002119
1972-06-22,-0.001011
1972-06-23,-0.003773
1972-06-26,-0.007297
1972-06-27,-0.001023
1972-06-28,-0.003260
1972-06-29,-0.001869
1972-06-30,0.002996
1972-07-03,0.003267
1972-07-05,0.005675
1972-07-06,0.008696
1972-07-07,-0.003210
1972-07-10,-0.005336
1972-07-11,-0.007307
1972-07-12,-0.004007
1972-07-13,-0.005707
1972-07-14,0.004893
1972-07-17,-0.008614
1972-07-18,-0.000472
1972-07-19,0.002929
1972-07-20,-0.003109
1972-07-21,0.008033
1972-07-24,0.011813
1972-07-25,-0.002965
1972-07-26,-0.000651
1972-07-27,-0.002325
1972-07-28,0.000932
1972-07-31,0.000093
1972-08-01,0.009405
1972-08-02,0.008210
1972-08-03,0.007777
1972-08-04,0.002633
1972-08-07,0.001630
1972-08-08,0.000723
1972-08-09,0.001536
1972-08-10,0.001714
1972-08-11,0.008104
1972-08-14,0.005360
1972-08-15,-0.004354
1972-08-16,-0.003570
1972-08-17,-0.002866
1972-08-18,0.003772
1972-08-21,-0.000358
1972-08-22,0.006176
1972-08-23,-0.001334
1972-08-24,-0.011046
1972-08-25,-0.003153
1972-08-28,-0.003976
1972-08-29,0.001633
1972-08-30,0.001449
1972-08-31,0.004703
1972-09-01,0.003781
1972-09-05,-0.002511
1972-09-06,-0.006113
1972-09-07,-0.002352
1972-09-08,-0.001269
1972-09-11,-0.005810
1972-09-12,-0.009497
1972-09-13,0.003964
1972-09-14,0.000275
1972-09-15,-0.001102
1972-09-18,-0.001838
1972-09-19,-0.000552
1972-09-20,0.000461
1972-09-21,-0.001565
1972-09-22,0.000830
1972-09-25,-0.004331
1972-09-26,0.001111
1972-09-27,0.013775
1972-09-28,0.006292
1972-09-29,0.001812
1972-10-02,-0.003528
1972-10-03,0.001271
1972-10-04,-0.001904
1972-10-05,-0.010900
1972-10-06,0.006704
1972-10-09,0.002554
1972-10-10,0.000819
1972-10-11,-0.004455
1972-10-12,-0.008219
1972-10-13,-0.006262
1972-10-16,-0.010656
1972-10-17,0.006837
1972-10-18,0.006419
1972-10-19,-0.001294
1972-10-20,0.011013
1972-10-23,0.010161
1972-10-24,0.004169
1972-10-25,-0.000812
1972-10-26,0.002439
1972-10-27,-0.003334
1972-10-30,-0.000271
1972-10-31,0.008952
1972-11-01,0.009769
1972-11-02,0.004970
1972-11-03,0.008743
1972-11-06,-0.002101
1972-11-08,-0.005527
1972-11-09,0.001323
1972-11-10,0.002026
1972-11-13,0.001495
1972-11-14,0.009219
1972-11-15,-0.003915
1972-11-16,0.005502
1972-11-17,0.003127
1972-11-20,0.000346
1972-11-21,0.005886
1972-11-22,0.005938
1972-11-24,0.003165
1972-11-27,-0.004690
1972-11-28,-0.002142
1972-11-29,0.000429
1972-11-30,0.001287
1972-12-01,0.006086
1972-12-04,0.003323
1972-12-05,-0.001613
1972-12-06,0.003657
1972-12-07,0.005000
1972-12-08,0.002192
1972-12-11,0.002187
1972-12-12,-0.003862
1972-12-13,-0.000843
1972-12-14,-0.002699
1972-12-15,0.000169
1972-12-18,-0.011500
1972-12-19,-0.004790
1972-12-20,-0.003352
1972-12-21,-0.007245
1972-12-22,0.006255
1972-12-26,0.004058
1972-12-27,0.005417
1972-12-29,0.009578
1973-01-02,0.008895
1973-01-03,0.003946
1973-01-04,-0.001422
1973-01-05,0.003936
1973-01-08,-0.000167
1973-01-09,-0.001001
1973-01-10,-0.002506
1973-01-11,0.006782
1973-01-12,-0.007818
1973-01-15,-0.007209
1973-01-16,-0.002533
1973-01-17,0.004571
1973-01-18,0.001432
1973-01-19,-0.000589
1973-01-22,-0.004799
1973-01-23,0.000085
1973-01-24,-0.012604
1973-01-26,-0.002399
1973-01-29,-0.003778
1973-01-30,-0.001552
1973-01-31,0.001727
1973-02-01,-0.010945
1973-02-02,-0.003573
1973-02-05,-0.001049
1973-02-06,0.001926
1973-02-07,-0.006903
1973-02-08,-0.004399
1973-02-09,0.013432
1973-02-12,0.012033
1973-02-13,0.006204
1973-02-14,-0.014386
1973-02-15,-0.005647
1973-02-16,0.004631
1973-02-20,0.003653
1973-02-21,-0.006153
1973-02-22,-0.002180
1973-02-23,-0.011185
1973-02-26,-0.008572
1973-02-27,-0.011498
1973-02-28,0.007033
1973-03-01,-0.005641
1973-03-02,0.011076
1973-03-05,0.003563
1973-03-06,0.012602
1973-03-07,0.003067
1973-03-08,-0.001922
1973-03-09,-0.003852
1973-03-12,0.000615
1973-03-13,0.005445
1973-03-14,0.004368
1973-03-15,-0.007480
1973-03-16,-0.005082
1973-03-19,-0.012066
1973-03-20,-0.001961
1973-03-21,-0.013042
1973-03-22,-0.014933
1973-03-23,0.000368
1973-03-26,0.008817
1973-03-27,0.015659
1973-03-28,0.000538
1973-03-29,0.009765
1973-03-30,-0.010558
1973-04-02,-0.012016
1973-04-03,-0.008531
1973-04-04,-0.004302
1973-04-05,-0.002298
1973-04-06,0.007003
1973-04-09,0.014458
1973-04-10,0.012178
1973-04-11,0.004189
1973-04-12,-0.000887
1973-04-13,-0.004441
1973-04-16,-0.005710
1973-04-17,-0.004487
1973-04-18,0.005408
1973-04-19,0.005648
1973-04-23,-0.005349
1973-04-24,-0.014162
1973-04-25,-0.015001
1973-04-26,0.005077
1973-04-27,-0.015245
1973-04-30,-0.002425
1973-05-01,0.001215
1973-05-02,0.012418
1973-05-03,0.016508
1973-05-04,0.007077
1973-05-07,-0.004234
1973-05-08,0.006514
1973-05-09,-0.007281
1973-05-10,-0.008149
1973-05-11,-0.012507
1973-05-14,-0.020985
1973-05-15,0.006327
1973-05-16,-0.001314
1973-05-17,-0.008174
1973-05-18,-0.016105
1973-05-21,-0.010880
1973-05-22,0.008274
1973-05-23,0.004731
1973-05-24,0.029499
1973-05-25,0.007467
1973-05-29,-0.003984
1973-05-30,-0.014882
1973-05-31,-0.009064
1973-06-01,-0.009719
1973-06-04,-0.009237
1973-06-05,0.016024
1973-06-06,-0.002963
1973-06-07,0.014668
1973-06-08,0.011243
1973-06-11,-0.003083
1973-06-12,0.014902
1973-06-13,-0.006372
1973-06-14,-0.011152
1973-06-15,-0.012218
1973-06-18,-0.014272
1973-06-19,0.003764
1973-06-20,0.004327
1973-06-21,-0.011777
1973-06-22,0.004748
1973-06-25,-0.013983
1973-06-26,0.010269
1973-06-27,0.003098
1973-06-28,0.010326
1973-06-29,-0.004107
1973-07-02,-0.013044
1973-07-03,-0.010010
1973-07-05,-0.000883
1973-07-06,-0.004913
1973-07-09,0.008491
1973-07-10,0.013511
1973-07-11,0.022025
1973-07-12,-0.002836
1973-07-13,-0.013365
1973-07-16,0.015179
1973-07-17,0.000473
1973-07-18,0.005959
1973-07-19,0.001881
1973-07-20,0.005537
1973-07-23,0.003547
1973-07-24,0.005766
1973-07-25,0.013871
1973-07-26,0.001915
1973-07-27,-0.002367
1973-07-30,-0.003102
1973-07-31,-0.009428
1973-08-01,-0.012844
1973-08-02,-0.001498
1973-08-03,-0.001687
1973-08-06,0.002254
1973-08-07,-0.001686
1973-08-08,-0.009385
1973-08-09,0.000568
1973-08-10,-0.007954
1973-08-13,-0.010117
1973-08-14,-0.009642
1973-08-15,0.002921
1973-08-16,-0.006990
1973-08-17,0.000196
1973-08-20,-0.006842
1973-08-21,-0.007086
1973-08-22,-0.003568
1973-08-23,0.013727
1973-08-24,-0.002846
1973-08-27,0.007872
1973-08-28,0.005858
1973-08-29,0.009804
1973-08-30,-0.001442
1973-08-31,0.003562
1973-09-04,0.002494
1973-09-05,0.001244
1973-09-06,0.004874
1973-09-07,-0.003709
1973-09-10,-0.008687
1973-09-11,-0.006066
1973-09-12,-0.001550
1973-09-13,0.002911
1973-09-14,0.010449
1973-09-17,-0.002777
1973-09-18,-0.003649
1973-09-19,0.020333
1973-09-20,0.008311
1973-09-21,0.004121
1973-09-24,0.001493
1973-09-25,0.006427
1973-09-26,0.007219
1973-09-27,0.002297
1973-09-28,-0.005959
1973-10-01,-0.002029
1973-10-02,0.005360
1973-10-03,-0.000092
1973-10-04,-0.003401
1973-10-05,0.013283
1973-10-08,0.003459
1973-10-09,-0.000907
1973-10-10,-0.008263
1973-10-11,0.017121
1973-10-12,0.003151
1973-10-15,-0.012473
1973-10-16,0.001272
1973-10-17,-0.001997
1973-10-18,0.000364
1973-10-19,0.001909
1973-10-22,-0.009617
1973-10-23,0.005405
1973-10-24,0.004738
1973-10-25,0.002086
1973-10-26,0.007964
1973-10-29,-0.002065
1973-10-30,-0.016374
1973-10-31,-0.009512
1973-11-01,-0.005541
1973-11-02,-0.005757
1973-11-05,-0.014477
1973-11-06,-0.005307
1973-11-07,0.008003
1973-11-08,0.011531
1973-11-09,-0.016072
1973-11-12,-0.008167
1973-11-13,-0.000766
1973-11-14,-0.018302
1973-11-15,-0.000195
1973-11-16,0.014156
1973-11-19,-0.030516
1973-11-20,-0.020355
1973-11-21,0.011149
1973-11-23,-0.003208
1973-11-26,-0.028761
1973-11-27,-0.009112
1973-11-28,0.020376
1973-11-29,-0.003482
1973-11-30,-0.013873
1973-12-03,-0.021467
1973-12-04,-0.003301
1973-12-05,-0.015279
1973-12-06,0.024523
1973-12-07,0.022135
1973-12-10,0.014921
1973-12-11,-0.019500
1973-12-12,-0.025718
1973-12-13,-0.012718
1973-12-14,0.009851
1973-12-17,-0.005788
1973-12-18,0.021456
1973-12-19,0.000844
1973-12-20,-0.002848
1973-12-21,-0.010682
1973-12-24,-0.006842
1973-12-26,0.030571
1973-12-27,0.020890
1973-12-28,-0.002046
1973-12-31,0.000103
1974-01-02,0.001333
1974-01-03,0.021704
1974-01-04,-0.009018
1974-01-07,-0.008392
1974-01-08,-0.019884
1974-01-09,-0.028090
1974-01-10,-0.011025
1974-01-11,0.013746
1974-01-14,-0.002562
1974-01-15,0.008671
1974-01-16,0.015282
1974-01-17,0.017038
1974-01-18,-0.017883
1974-01-21,-0.001674
1974-01-22,0.012055
1974-01-23,0.005386
1974-01-24,-0.002575
1974-01-25,-0.001962
1974-01-28,-0.005588
1974-01-29,-0.000833
1974-01-30,0.010936
1974-01-31,-0.005048
1974-02-01,-0.012944
1974-02-04,-0.021297
1974-02-05,-0.003109
1974-02-06,0.002796
1974-02-07,0.000429
1974-02-08,-0.010397
1974-02-11,-0.018087
1974-02-12,0.003088
1974-02-13,0.000440
1974-02-14,-0.000330
1974-02-15,0.014513
1974-02-19,-0.001626
1974-02-20,0.014329
1974-02-21,0.013592
1974-02-22,0.007180
1974-02-25,-0.003774
1974-02-26,0.010207
1974-02-27,0.004167
1974-02-28,-0.001867
1974-03-01,-0.007171
1974-03-04,0.000000
1974-03-05,0.018738
1974-03-06,0.006782
1974-03-07,-0.010614
1974-03-08,0.008665
1974-03-11,0.011250
1974-03-12,0.002731
1974-03-13,0.005951
1974-03-14,-0.000902
1974-03-15,-0.003713
1974-03-18,-0.012389
1974-03-19,-0.008363
1974-03-20,0.003497
1974-03-21,-0.002357
1974-03-22,-0.000719
1974-03-25,0.003804
1974-03-26,0.003175
1974-03-27,-0.013885
1974-03-28,-0.018325
1974-03-29,-0.008859
1974-04-01,-0.007768
1974-04-02,0.001072
1974-04-03,0.010498
1974-04-04,0.000000
1974-04-05,-0.013993
1974-04-08,-0.010537
1974-04-09,0.006302
1974-04-10,-0.002268
1974-04-11,-0.003030
1974-04-15,-0.000760
1974-04-16,0.017490
1974-04-17,0.007474
1974-04-18,0.004451
1974-04-19,-0.010867
1974-04-22,-0.003947
1974-04-23,-0.016813
1974-04-24,-0.016447
1974-04-25,-0.008084
1974-04-26,0.006810
1974-04-29,-0.001996
1974-04-30,0.003444
1974-05-01,0.021149
1974-05-02,-0.001410
1974-05-03,-0.008687
1974-05-06,-0.001862
1974-05-07,0.003731
1974-05-08,0.001968
1974-05-09,0.014404
1974-05-10,-0.016028
1974-05-13,-0.008855
1974-05-14,0.000331
1974-05-15,-0.002646
1974-05-16,-0.008071
1974-05-17,-0.016830
1974-05-20,-0.003968
1974-05-21,0.000569
1974-05-22,-0.009328
1974-05-23,0.002296
1974-05-24,0.014778
1974-05-28,-0.002371
1974-05-29,-0.016748
1974-05-30,0.006215
1974-05-31,-0.001716
1974-06-03,0.020852
1974-06-04,0.011672
1974-06-05,0.001886
1974-06-06,0.018270
1974-06-07,0.006416
1974-06-10,0.005943
1974-06-11,-0.008808
1974-06-12,-0.002384
1974-06-13,0.003041
1974-06-14,-0.011263
1974-06-17,-0.013801
1974-06-18,-0.006553
1974-06-19,-0.006819
1974-06-20,-0.007091
1974-06-21,-0.008502
1974-06-24,0.002630
1974-06-25,0.014711
1974-06-26,-0.014722
1974-06-27,-0.015513
1974-06-28,-0.003592
1974-07-01,0.000233
1974-07-02,-0.019995
1974-07-03,-0.000593
1974-07-05,-0.007003
1974-07-08,-0.030720
1974-07-09,0.004809
1974-07-10,-0.018287
1974-07-11,-0.001250
1974-07-12,0.040806
1974-07-15,0.007577
1974-07-16,-0.011578
1974-07-17,0.010747
1974-07-18,0.000956
1974-07-19,-0.002865
1974-07-22,0.003232
1974-07-23,0.010023
1974-07-24,0.004017
1974-07-25,-0.011884
1974-07-26,-0.018814
1974-07-29,-0.017718
1974-07-30,-0.005436
1974-07-31,-0.014783
1974-08-01,-0.007061
1974-08-02,-0.002032
1974-08-05,0.008907
1974-08-06,0.015513
1974-08-07,0.026453
1974-08-08,-0.013067
1974-08-09,-0.008704
1974-08-12,-0.013727
1974-08-13,-0.015799
1974-08-14,-0.022423
1974-08-15,-0.005604
1974-08-16,-0.008257
1974-08-19,-0.014537
1974-08-20,0.005096
1974-08-21,-0.019213
1974-08-22,-0.009659
1974-08-23,-0.017170
1974-08-26,0.008526
1974-08-27,-0.016907
1974-08-28,-0.002537
1974-08-29,-0.010882
1974-08-30,0.030862
1974-09-03,-0.022592
1974-09-04,-0.025950
1974-09-05,0.031737
1974-09-06,0.007761
1974-09-09,-0.023803
1974-09-10,-0.006885
1974-09-11,-0.009965
1974-09-12,-0.026842
1974-09-13,-0.022635
1974-09-16,0.016258
1974-09-17,0.016903
1974-09-18,0.005046
1974-09-19,0.034997
1974-09-20,0.000713
1974-09-23,-0.010265
1974-09-24,-0.020167
1974-09-25,-0.006616
1974-09-26,-0.016427
1974-09-27,-0.022871
1974-09-30,-0.021558
1974-10-01,-0.002361
1974-10-02,-0.000158
1974-10-03,-0.017356
1974-10-04,0.000963
1974-10-07,0.041867
1974-10-08,-0.001694
1974-10-09,0.045959
1974-10-10,0.029047
1974-10-11,0.019344
1974-10-14,0.022491
1974-10-15,-0.017872
1974-10-16,-0.015538
1974-10-17,0.011944
1974-10-18,0.015596
1974-10-21,0.016879
1974-10-22,-0.005034
1974-10-23,-0.028716
1974-10-24,-0.011404
1974-10-25,-0.001424
1974-10-28,-0.000428
1974-10-29,0.039093
1974-10-30,0.020321
1974-10-31,-0.005517
1974-11-01,-0.000271
1974-11-04,-0.010828
1974-11-05,0.027778
1974-11-06,-0.004793
1974-11-07,0.006154
1974-11-08,-0.003989
1974-11-11,0.003204
1974-11-12,-0.019694
1974-11-13,-0.004344
1974-11-14,-0.003954
1974-11-15,-0.015740
1974-11-18,-0.036713
1974-11-19,-0.015447
1974-11-20,-0.004399
1974-11-21,0.004124
1974-11-22,0.010560
1974-11-25,-0.001016
1974-11-26,0.009298
1974-11-27,0.006766
1974-11-29,0.000429
1974-12-02,-0.026583
1974-12-03,-0.013801
1974-12-04,0.003573
1974-12-05,-0.018988
1974-12-06,-0.016936
1974-12-09,0.009076
1974-12-10,0.025610
1974-12-11,0.005797
1974-12-12,-0.003251
1974-12-13,-0.005634
1974-12-16,-0.009095
1974-12-17,0.016852
1974-12-18,0.004735
1974-12-19,-0.003682
1974-12-20,-0.010939
1974-12-23,-0.014198
1974-12-24,0.013948
1974-12-26,0.008373
1974-12-27,-0.004448
1974-12-30,0.000298
1974-12-31,0.020846
1975-01-02,0.024358
1975-01-03,0.006835
1975-01-06,0.005091
1975-01-07,-0.000704
1975-01-08,-0.013799
1975-01-09,0.016134
1975-01-10,0.020233
1975-01-13,-0.004132
1975-01-14,-0.008712
1975-01-15,0.006417
1975-01-16,-0.001248
1975-01-17,-0.015128
1975-01-20,0.001691
1975-01-21,-0.005346
1975-01-22,0.014710
1975-01-23,0.004600
1975-01-24,0.012627
1975-01-27,0.032749
1975-01-28,0.008757
1975-01-29,0.016178
1975-01-30,-0.013590
1975-01-31,0.010104
1975-02-03,0.010912
1975-02-04,-0.002699
1975-02-05,0.017266
1975-02-06,-0.004940
1975-02-07,0.000891
1975-02-10,-0.003434
1975-02-11,0.002808
1975-02-12,0.017053
1975-02-13,0.013639
1975-02-14,0.006049
1975-02-18,-0.006994
1975-02-19,0.006302
1975-02-20,0.009455
1975-02-21,0.004987
1975-02-24,-0.014282
1975-02-25,-0.023453
1975-02-26,0.010562
1975-02-27,0.004977
1975-02-28,0.010152
1975-03-03,0.017649
1975-03-04,0.006383
1975-03-05,-0.007899
1975-03-06,0.009530
1975-03-07,0.007289
1975-03-10,0.007711
1975-03-11,-0.006945
1975-03-12,-0.009128
1975-03-13,0.001794
1975-03-14,0.012181
1975-03-17,0.014748
1975-03-18,-0.010231
1975-03-19,-0.009280
1975-03-20,-0.008655
1975-03-21,-0.002631
1975-03-24,-0.023624
1975-03-25,0.007860
1975-03-26,0.018645
1975-03-27,0.003110
1975-03-31,-0.005844
1975-04-01,-0.008637
1975-04-02,-0.002541
1975-04-03,-0.011161
1975-04-04,-0.007729
1975-04-07,-0.006553
1975-04-08,0.007965
1975-04-09,0.022842
1975-04-10,0.011226
1975-04-11,0.004894
1975-04-14,0.016869
1975-04-15,0.008178
1975-04-16,0.003476
1975-04-17,0.007506
1975-04-18,-0.010888
1975-04-21,0.010776
1975-04-22,-0.001605
1975-04-23,-0.011138
1975-04-24,-0.000929
1975-04-25,0.006741
1975-04-28,-0.004502
1975-04-29,-0.006842
1975-04-30,0.019383
1975-05-01,0.009164
1975-05-02,0.012713
1975-05-05,0.009639
1975-05-06,-0.015986
1975-05-07,0.004964
1975-05-08,0.005388
1975-05-09,0.010831
1975-05-12,0.000884
1975-05-13,0.010705
1975-05-14,0.007534
1975-05-15,-0.009320
1975-05-16,-0.010721
1975-05-19,0.001106
1975-05-20,-0.005081
1975-05-21,-0.011214
1975-05-22,0.003705
1975-05-23,0.013312
1975-05-27,-0.002650
1975-05-28,-0.006974
1975-05-29,-0.000334
1975-05-30,0.016392
1975-06-02,0.015688
1975-06-03,0.003348
1975-06-04,-0.003122
1975-06-05,0.000972
1975-06-06,-0.002266
1975-06-09,-0.013733
1975-06-10,-0.008442
1975-06-11,0.001216
1975-06-12,-0.005191
1975-06-13,0.004885
1975-06-16,0.010384
1975-06-17,-0.009622
1975-06-18,-0.002098
1975-06-19,0.018033
1975-06-20,0.006412
1975-06-23,0.010906
1975-06-24,0.006088
1975-06-25,0.004565
1975-06-26,0.002008
1975-06-27,0.000000
1975-06-30,0.004008
1975-07-01,-0.003572
1975-07-02,-0.007064
1975-07-03,0.001911
1975-07-07,-0.008690
1975-07-08,-0.001604
1975-07-09,0.015098
1975-07-10,0.000105
1975-07-11,-0.001582
1975-07-14,0.005599
1975-07-15,0.004412
1975-07-16,-0.010459
1975-07-17,-0.010358
1975-07-18,-0.004593
1975-07-21,-0.008155
1975-07-22,-0.010710
1975-07-23,-0.013887
1975-07-24,-0.001220
1975-07-25,-0.008660
1975-07-28,-0.006720
1975-07-29,-0.005638
1975-07-30,0.007257
1975-07-31,-0.000901
1975-08-01,-0.008563
1975-08-04,-0.009547
1975-08-05,-0.010557
1975-08-06,0.000232
1975-08-07,0.000580
1975-08-08,-0.003244
1975-08-11,0.006161
1975-08-12,0.006586
1975-08-13,-0.013200
1975-08-14,-0.004304
1975-08-15,0.008879
1975-08-18,-0.001853
1975-08-19,-0.014501
1975-08-20,-0.020365
1975-08-21,-0.001802
1975-08-22,0.014566
1975-08-25,0.009255
1975-08-26,-0.012932
1975-08-27,0.005598
1975-08-28,0.023333
1975-08-29,0.005556
1975-09-02,-0.016114
1975-09-03,0.006434
1975-09-04,0.001976
1975-09-05,-0.006729
1975-09-08,0.003153
1975-09-09,-0.015019
1975-09-10,-0.009574
1975-09-11,-0.004058
1975-09-12,-0.001797
1975-09-15,-0.005042
1975-09-16,-0.009532
1975-09-17,0.003411
1975-09-18,0.020517
1975-09-19,0.021651
1975-09-22,-0.009432
1975-09-23,-0.001528
1975-09-24,0.009418
1975-09-25,-0.001166
1975-09-26,0.006422
1975-09-29,-0.013459
1975-09-30,-0.013642
1975-10-01,-0.011208
1975-10-02,0.010732
1975-10-03,0.025412
1975-10-06,0.010820
1975-10-07,-0.001266
1975-10-08,0.013484
1975-10-09,0.004890
1975-10-10,-0.001811
1975-10-13,0.014171
1975-10-14,-0.002012
1975-10-15,-0.000560
1975-10-16,0.001569
1975-10-17,-0.005707
1975-10-20,0.010804
1975-10-21,0.008239
1975-10-22,0.001656
1975-10-23,0.005843
1975-10-24,-0.015454
1975-10-27,-0.001113
1975-10-28,0.008693
1975-10-29,-0.012374
1975-10-30,-0.000895
1975-10-31,-0.003023
1975-11-03,-0.010669
1975-11-04,0.004768
1975-11-05,0.007231
1975-11-06,0.004487
1975-11-07,-0.002457
1975-11-10,0.000112
1975-11-11,0.005932
1975-11-12,0.014688
1975-11-13,-0.001645
1975-11-14,-0.000769
1975-11-17,0.005386
1975-11-18,-0.005030
1975-11-19,-0.011209
1975-11-20,-0.003779
1975-11-21,-0.001227
1975-11-24,0.001899
1975-11-25,0.011260
1975-11-26,0.002536
1975-11-28,0.003299
1975-12-01,-0.006247
1975-12-02,-0.014779
1975-12-03,-0.019366
1975-12-04,0.002740
1975-12-05,-0.011612
1975-12-08,0.002880
1975-12-09,0.002642
1975-12-10,0.008935
1975-12-11,-0.003179
1975-12-12,0.000342
1975-12-15,0.002960
1975-12-16,0.009536
1975-12-17,0.002474
1975-12-18,0.003141
1975-12-19,-0.007045
1975-12-22,-0.007432
1975-12-23,0.006694
1975-12-24,0.008227
1975-12-26,0.008831
1975-12-29,-0.001330
1975-12-30,-0.003994
1975-12-31,0.004679
1976-01-02,0.007872
1976-01-05,0.018482
1976-01-06,0.010261
1976-01-07,0.004491
1976-01-08,0.006706
1976-01-09,0.003912
1976-01-12,0.014534
1976-01-13,-0.007890
1976-01-14,0.016323
1976-01-15,-0.005354
1976-01-16,0.004037
1976-01-19,0.013608
1976-01-20,0.005492
1976-01-21,-0.006271
1976-01-22,-0.002036
1976-01-23,0.011934
1976-01-26,0.004737
1976-01-27,-0.006120
1976-01-28,-0.005451
1976-01-29,0.016036
1976-01-30,0.007492
1976-02-02,0.000099
1976-02-03,0.003073
1976-02-04,0.007314
1976-02-05,-0.015012
1976-02-06,-0.009264
1976-02-09,0.001609
1976-02-10,0.008532
1976-02-11,0.002986
1976-02-12,-0.005160
1976-02-13,-0.005786
1976-02-17,-0.006221
1976-02-18,0.008077
1976-02-19,0.015623
1976-02-20,0.006804
1976-02-23,-0.004799
1976-02-24,0.004133
1976-02-25,-0.003332
1976-02-26,-0.015537
1976-02-27,-0.003996
1976-03-01,0.003109
1976-03-02,0.005399
1976-03-03,-0.005768
1976-03-04,-0.010602
1976-03-05,0.001921
1976-03-08,0.010897
1976-03-09,0.003893
1976-03-10,0.003579
1976-03-11,0.009412
1976-03-12,-0.010109
1976-03-15,-0.010510
1976-03-16,0.011222
1976-03-17,-0.000595
1976-03-18,-0.004065
1976-03-19,0.001294
1976-03-22,0.001293
1976-03-23,0.015192
1976-03-24,0.011541
1976-03-25,-0.005512
1976-03-26,0.000000
1976-03-29,-0.004278
1976-03-30,-0.003906
1976-03-31,0.007450
1976-04-01,-0.005157
1976-04-02,0.000098
1976-04-05,0.012323
1976-04-06,-0.001449
1976-04-07,-0.011126
1976-04-08,-0.009099
1976-04-09,-0.009182
1976-04-12,-0.001495
1976-04-13,0.008483
1976-04-14,-0.007323
1976-04-15,0.003589
1976-04-19,0.007649
1976-04-20,0.014097
1976-04-21,0.004374
1976-04-22,-0.003291
1976-04-23,-0.006700
1976-04-26,0.001369
1976-04-27,-0.005565
1976-04-28,0.002651
1976-04-29,0.000000
1976-04-30,-0.004798
1976-05-03,-0.007084
1976-05-04,0.005351
1976-05-05,-0.005717
1976-05-06,0.002776
1976-05-07,0.007117
1976-05-10,0.011975
1976-05-11,-0.001455
1976-05-12,-0.001748
1976-05-13,-0.005936
1976-05-14,-0.008027
1976-05-17,-0.002467
1976-05-18,0.001682
1976-05-19,-0.000790
1976-05-20,0.008104
1976-05-21,-0.007255
1976-05-24,-0.017974
1976-05-25,0.000503
1976-05-26,-0.001508
1976-05-27,0.000403
1976-05-28,0.008050
1976-06-01,-0.003294
1976-06-02,0.003706
1976-06-03,-0.000898
1976-06-04,-0.009787
1976-06-07,-0.005245
1976-06-08,0.001724
1976-06-09,-0.000607
1976-06-10,0.008305
1976-06-11,0.013660
1976-06-14,0.010206
1976-06-15,-0.004806
1976-06-16,0.005421
1976-06-17,0.015685
1976-06-18,0.001448
1976-06-21,0.005012
1976-06-22,-0.007768
1976-06-23,-0.002126
1976-06-24,0.005230
1976-06-25,-0.000674
1976-06-28,-0.002796
1976-06-29,0.004157
1976-06-30,0.004044
1976-07-01,-0.006617
1976-07-02,0.005020
1976-07-06,-0.005475
1976-07-07,0.002801
1976-07-08,0.001445
1976-07-09,0.009617
1976-07-12,0.008764
1976-07-13,-0.002172
1976-07-14,0.002650
1976-07-15,-0.007079
1976-07-16,-0.004943
1976-07-19,-0.003726
1976-07-20,-0.005466
1976-07-21,0.000964
1976-07-22,0.001060
1976-07-23,0.001251
1976-07-26,0.000096
1976-07-27,-0.005669
1976-07-28,-0.004155
1976-07-29,-0.001164
1976-07-30,0.004955
1976-08-02,-0.002417
1976-08-03,0.009206
1976-08-04,0.002785
1976-08-05,-0.005554
1976-08-06,-0.000578
1976-08-09,-0.002890
1976-08-10,0.008890
1976-08-11,-0.003352
1976-08-12,0.001538
1976-08-13,0.000288
1976-08-16,0.001727
1976-08-17,0.003543
1976-08-18,-0.002290
1976-08-19,-0.011190
1976-08-20,-0.009866
1976-08-23,-0.004005
1976-08-24,-0.006767
1976-08-25,0.007505
1976-08-26,-0.006959
1976-08-27,0.001579
1976-08-30,0.005814
1976-08-31,0.008230
1976-09-01,0.011175
1976-09-02,-0.001345
1976-09-03,0.003657
1976-09-07,0.006999
1976-09-08,-0.000857
1976-09-09,-0.005146
1976-09-10,0.002395
1976-09-13,-0.003440
1976-09-14,-0.003356
1976-09-15,0.002598
1976-09-16,0.010843
1976-09-17,0.008829
1976-09-20,0.000470
1976-09-21,0.014202
1976-09-22,-0.003431
1976-09-23,-0.005025
1976-09-24,-0.001122
1976-09-27,0.004307
1976-09-28,-0.012493
1976-09-29,-0.005193
1976-09-30,-0.001234
1976-10-01,-0.010167
1976-10-04,-0.001344
1976-10-05,-0.007690
1976-10-06,-0.002519
1976-10-07,0.005536
1976-10-08,-0.009465
1976-10-11,-0.008970
1976-10-12,-0.008166
1976-10-13,0.012995
1976-10-14,-0.012436
1976-10-15,0.000297
1976-10-18,0.005849
1976-10-19,-0.000197
1976-10-20,0.002859
1976-10-21,-0.009534
1976-10-22,-0.008038
1976-10-25,0.001100
1976-10-26,0.009893
1976-10-27,0.006927
1976-10-28,-0.001474
1976-10-29,0.012696
1976-11-01,0.001944
1976-11-03,-0.011445
1976-11-04,0.004808
1976-11-05,-0.015526
1976-11-08,-0.012101
1976-11-09,-0.002811
1976-11-10,-0.005135
1976-11-11,0.008400
1976-11-12,-0.004014
1976-11-15,0.006651
1976-11-16,0.001401
1976-11-17,0.005698
1976-11-18,0.012722
1976-11-19,0.000294
1976-11-22,0.006574
1976-11-23,-0.006141
1976-11-24,0.004413
1976-11-26,0.007226
1976-11-29,-0.006883
1976-11-30,-0.003319
1976-12-01,0.003820
1976-12-02,-0.003610
1976-12-03,0.006267
1976-12-06,0.007785
1976-12-07,-0.000676
1976-12-08,0.005701
1976-12-09,0.004131
1976-12-10,0.001818
1976-12-13,-0.000669
1976-12-14,0.004205
1976-12-15,0.000666
1976-12-16,-0.003234
1976-12-17,-0.005153
1976-12-20,-0.005851
1976-12-21,0.005499
1976-12-22,0.004702
1976-12-23,0.001242
1976-12-27,0.011637
1976-12-28,0.006694
1976-12-29,-0.004027
1976-12-30,0.005078
1976-12-31,0.005427
1977-01-03,-0.004281
1977-01-04,-0.012150
1977-01-05,-0.008893
1977-01-06,0.002482
1977-01-07,-0.000095
1977-01-10,0.001809
1977-01-11,-0.010266
1977-01-12,-0.006915
1977-01-13,0.007737
1977-01-14,-0.001823
1977-01-17,-0.002692
1977-01-18,-0.003953
1977-01-19,0.005130
1977-01-20,-0.008474
1977-01-21,0.003399
1977-01-24,-0.000678
1977-01-25,-0.001162
1977-01-26,-0.007660
1977-01-27,-0.005374
1977-01-28,0.001375
1977-01-31,0.000981
1977-02-01,0.004999
1977-02-02,-0.001755
1977-02-03,-0.004982
1977-02-04,0.000295
1977-02-07,0.000098
1977-02-08,-0.002846
1977-02-09,-0.008563
1977-02-10,0.000893
1977-02-11,-0.005951
1977-02-14,0.005189
1977-02-15,0.002978
1977-02-16,0.004553
1977-02-17,-0.005714
1977-02-18,-0.004261
1977-02-22,0.000000
1977-02-23,-0.002985
1977-02-24,-0.005889
1977-02-25,-0.001205
1977-02-28,0.003418
1977-03-01,0.008415
1977-03-02,-0.002682
1977-03-03,0.004881
1977-03-04,0.003172
1977-03-07,0.000494
1977-03-08,-0.003753
1977-03-09,-0.007634
1977-03-10,0.005694
1977-03-11,-0.000199
1977-03-14,0.007650
1977-03-15,0.005522
1977-03-16,0.001863
1977-03-17,-0.000881
1977-03-18,-0.002155
1977-03-21,-0.005400
1977-03-22,-0.003060
1977-03-23,-0.007921
1977-03-24,-0.004990
1977-03-25,-0.006419
1977-03-28,-0.000606
1977-03-29,0.006970
1977-03-30,-0.011536
1977-03-31,-0.001218
1977-04-01,0.008027
1977-04-04,-0.009878
1977-04-05,-0.002240
1977-04-06,-0.001020
1977-04-07,0.004494
1977-04-11,0.005389
1977-04-12,0.012844
1977-04-13,0.000100
1977-04-14,0.008387
1977-04-15,0.000396
1977-04-18,-0.004949
1977-04-19,-0.004675
1977-04-20,0.003298
1977-04-21,-0.006474
1977-04-22,-0.013133
1977-04-25,-0.013104
1977-04-26,-0.000412
1977-04-27,0.008753
1977-04-28,0.002450
1977-04-29,0.002444
1977-05-02,0.004978
1977-05-03,0.005054
1977-05-04,0.005330
1977-05-05,0.001501
1977-05-06,-0.006193
1977-05-09,-0.003116
1977-05-10,0.002924
1977-05-11,-0.006937
1977-05-12,-0.000506
1977-05-13,0.003039
1977-05-16,0.004443
1977-05-17,0.003016
1977-05-18,0.005312
1977-05-19,-0.004187
1977-05-20,-0.004305
1977-05-23,-0.013072
1977-05-24,-0.004890
1977-05-25,-0.009215
1977-05-26,0.002480
1977-05-27,-0.007628
1977-05-31,-0.001558
1977-06-01,0.008427
1977-06-02,-0.001960
1977-06-03,0.009820
1977-06-06,-0.004709
1977-06-07,0.005142
1977-06-08,0.004809
1977-06-09,-0.000611
1977-06-10,0.003261
1977-06-13,0.002844
1977-06-14,0.011343
1977-06-15,-0.002403
1977-06-16,0.002309
1977-06-17,0.001202
1977-06-20,0.004501
1977-06-21,0.003187
1977-06-22,-0.002779
1977-06-23,0.001593
1977-06-24,0.005665
1977-06-27,-0.002075
1977-06-28,-0.008318
1977-06-29,-0.000300
1977-06-30,0.003696
1977-07-01,-0.003782
1977-07-05,-0.000100
1977-07-06,-0.005095
1977-07-07,0.003515
1977-07-08,-0.001401
1977-07-11,-0.002405
1977-07-12,-0.001005
1977-07-13,0.001408
1977-07-15,0.005924
1977-07-18,0.007686
1977-07-19,0.008321
1977-07-20,-0.000589
1977-07-21,-0.001376
1977-07-22,0.000787
1977-07-25,-0.008065
1977-07-26,-0.005751
1977-07-27,-0.016256
1977-07-28,0.001521
1977-07-29,0.000607
1977-08-01,0.002731
1977-08-02,-0.006255
1977-08-03,-0.001320
1977-08-04,0.003761
1977-08-05,0.000203
1977-08-08,-0.007797
1977-08-09,0.000612
1977-08-10,0.008873
1977-08-11,-0.007683
1977-08-12,-0.002852
1977-08-15,0.003065
1977-08-16,-0.004583
1977-08-17,0.000102
1977-08-18,-0.000614
1977-08-19,-0.001740
1977-08-22,0.002872
1977-08-23,-0.001738
1977-08-24,-0.003995
1977-08-25,-0.011108
1977-08-26,-0.000936
1977-08-29,0.008953
1977-08-30,-0.005572
1977-08-31,0.004046
1977-09-01,0.000620
1977-09-02,0.006403
1977-09-06,0.002668
1977-09-07,0.003070
1977-09-08,-0.007448
1977-09-09,-0.009354
1977-09-12,-0.003528
1977-09-13,0.000625
1977-09-14,0.004787
1977-09-15,0.002589
1977-09-16,-0.003306
1977-09-19,-0.006530
1977-09-20,0.000417
1977-09-21,-0.008239
1977-09-22,-0.000105
1977-09-23,-0.000526
1977-09-26,0.003577
1977-09-27,-0.001468
1977-09-28,0.000735
1977-09-29,0.005666
1977-09-30,0.007094
1977-10-03,0.002175
1977-10-04,-0.007339
1977-10-05,-0.003645
1977-10-06,0.003867
1977-10-07,-0.000833
1977-10-10,-0.002292
1977-10-11,-0.008564
1977-10-12,-0.009375
1977-10-13,-0.006168
1977-10-14,0.001070
1977-10-17,-0.000962
1977-10-18,-0.000107
1977-10-19,-0.011556
1977-10-20,0.003139
1977-10-21,-0.003777
1977-10-24,-0.007474
1977-10-25,-0.006875
1977-10-26,0.012088
1977-10-27,0.002606
1977-10-28,0.003032
1977-10-31,-0.003023
1977-11-01,-0.010721
1977-11-02,-0.007006
1977-11-03,0.000551
1977-11-04,0.009035
1977-11-07,0.007753
1977-11-08,0.001842
1977-11-09,0.005624
1977-11-10,0.018606
1977-11-11,0.013409
1977-11-14,-0.006876
1977-11-15,0.006399
1977-11-16,-0.005004
1977-11-17,-0.003038
1977-11-18,0.001786
1977-11-21,-0.000839
1977-11-22,0.008819
1977-11-23,0.004163
1977-11-25,0.002073
1977-11-28,-0.006723
1977-11-29,-0.015514
1977-11-30,0.002961
1977-12-01,-0.001476
1977-12-02,-0.000211
1977-12-05,-0.004225
1977-12-06,-0.015275
1977-12-07,-0.000539
1977-12-08,0.001940
1977-12-09,0.007423
1977-12-12,-0.000214
1977-12-13,-0.000748
1977-12-14,0.005024
1977-12-15,-0.005105
1977-12-16,-0.001603
1977-12-19,-0.007602
1977-12-20,-0.002050
1977-12-21,0.005946
1977-12-22,0.008060
1977-12-23,0.009488
1977-12-27,0.000000
1977-12-28,0.000634
1977-12-29,0.002005
1977-12-30,0.001685
1978-01-03,-0.013460
1978-01-04,-0.003198
1978-01-05,-0.008340
1978-01-06,-0.012077
1978-01-09,-0.010696
1978-01-10,-0.005185
1978-01-11,-0.004769
1978-01-12,0.000891
1978-01-13,-0.001447
1978-01-16,-0.002899
1978-01-17,0.005032
1978-01-18,0.007566
1978-01-19,-0.005190
1978-01-20,-0.002220
1978-01-23,-0.007231
1978-01-24,0.000112
1978-01-25,0.001569
1978-01-26,-0.009061
1978-01-27,0.000000
1978-01-30,0.008580
1978-01-31,-0.001007
1978-02-01,0.007619
1978-02-02,0.002224
1978-02-03,-0.005658
1978-02-06,-0.001339
1978-02-07,0.009274
1978-02-08,0.005535
1978-02-09,-0.005835
1978-02-10,-0.002436
1978-02-13,-0.002442
1978-02-14,-0.009125
1978-02-15,-0.002358
1978-02-16,-0.008443
1978-02-17,-0.001362
1978-02-21,-0.004206
1978-02-22,-0.000343
1978-02-23,0.000914
1978-02-24,0.009699
1978-02-27,-0.008702
1978-02-28,-0.007752
1978-03-01,0.001723
1978-03-02,0.001491
1978-03-03,0.001489
1978-03-06,-0.006289
1978-03-07,0.005293
1978-03-08,0.005495
1978-03-09,0.000569
1978-03-10,0.011264
1978-03-13,0.000788
1978-03-14,0.004497
1978-03-15,-0.002574
1978-03-16,0.004376
1978-03-17,0.007709
1978-03-20,0.006874
1978-03-21,-0.011341
1978-03-22,-0.003564
1978-03-23,-0.001229
1978-03-27,-0.005483
1978-03-28,0.007089
1978-03-29,0.001564
1978-03-30,-0.002566
1978-03-31,-0.002237
1978-04-03,-0.008407
1978-04-04,0.004522
1978-04-05,0.008778
1978-04-06,0.001673
1978-04-07,0.004232
1978-04-10,0.003549
1978-04-11,-0.002652
1978-04-12,-0.001551
1978-04-13,0.009655
1978-04-14,0.021323
1978-04-17,0.016466
1978-04-18,-0.010799
1978-04-19,0.004602
1978-04-20,0.007245
1978-04-21,-0.002116
1978-04-24,0.015158
1978-04-25,0.009084
1978-04-26,0.001863
1978-04-27,-0.009915
1978-04-28,0.010119
1978-05-01,0.008675
1978-05-02,-0.004300
1978-05-03,-0.010180
1978-05-04,-0.003428
1978-05-05,0.006255
1978-05-08,-0.003522
1978-05-09,-0.003015
1978-05-10,0.000209
1978-05-11,0.013344
1978-05-12,0.008951
1978-05-15,0.007036
1978-05-16,0.005974
1978-05-17,0.002516
1978-05-18,-0.009839
1978-05-19,-0.005070
1978-05-22,0.009886
1978-05-23,-0.010496
1978-05-24,-0.009893
1978-05-25,-0.002884
1978-05-26,-0.002273
1978-05-30,0.002899
1978-05-31,0.003923
1978-06-01,0.001131
1978-06-02,0.008115
1978-06-05,0.018443
1978-06-06,0.003702
1978-06-07,-0.001994
1978-06-08,0.000899
1978-06-09,-0.002794
1978-06-12,-0.003803
1978-06-13,0.000201
1978-06-14,-0.000904
1978-06-15,-0.011460
1978-06-16,-0.009355
1978-06-19,0.000719
1978-06-20,-0.010052
1978-06-21,-0.005181
1978-06-22,0.002396
1978-06-23,-0.004052
1978-06-26,-0.013041
1978-06-27,0.004017
1978-06-28,0.004422
1978-06-29,0.001782
1978-06-30,-0.000419
1978-07-03,-0.004606
1978-07-05,-0.008623
1978-07-06,0.000530
1978-07-07,0.006043
1978-07-10,0.004005
1978-07-11,0.006928
1978-07-12,0.003232
1978-07-13,0.000104
1978-07-14,0.013818
1978-07-17,0.002050
1978-07-18,-0.009307
1978-07-19,0.012904
1978-07-20,-0.000917
1978-07-21,-0.002856
1978-07-24,-0.000307
1978-07-25,0.007368
1978-07-26,0.006501
1978-07-27,0.004643
1978-07-28,0.004621
1978-07-31,0.006800
1978-08-01,-0.000199
1978-08-02,0.022452
1978-08-03,0.005733
1978-08-04,0.003961
1978-08-07,-0.003560
1978-08-08,0.004442
1978-08-09,0.004711
1978-08-10,-0.008038
1978-08-11,0.002894
1978-08-14,0.000096
1978-08-15,-0.001154
1978-08-16,0.007703
1978-08-17,0.004109
1978-08-18,-0.003331
1978-08-21,-0.008021
1978-08-22,0.004043
1978-08-23,0.005752
1978-08-24,0.001620
1978-08-25,-0.001713
1978-08-28,-0.008961
1978-08-29,-0.005483
1978-08-30,0.000774
1978-08-31,-0.001740
1978-09-01,0.003776
1978-09-05,0.007813
1978-09-06,0.008518
1978-09-07,0.000380
1978-09-08,0.012996
1978-09-11,0.001779
1978-09-12,0.000093
1978-09-13,-0.006075
1978-09-14,-0.011661
1978-09-15,-0.009324
1978-09-18,-0.008740
1978-09-19,-0.006589
1978-09-20,-0.007803
1978-09-21,0.001671
1978-09-22,-0.000589
1978-09-25,0.000196
1978-09-26,0.007461
1978-09-27,-0.009355
1978-09-28,0.002951
1978-09-29,0.005689
1978-10-02,0.004096
1978-10-03,-0.003497
1978-10-04,0.004483
1978-10-05,0.002038
1978-10-06,0.002421
1978-10-09,0.010336
1978-10-10,-0.001243
1978-10-11,0.008903
1978-10-12,-0.004839
1978-10-13,-0.002098
1978-10-16,-0.019587
1978-10-17,-0.013157
1978-10-18,-0.007604
1978-10-19,-0.011543
1978-10-20,-0.013893
1978-10-23,0.002348
1978-10-24,-0.007028
1978-10-25,-0.001846
1978-10-26,-0.013154
1978-10-27,-0.014995
1978-10-30,0.004969
1978-10-31,-0.020093
1978-11-01,0.039721
1978-11-02,-0.012803
1978-11-03,0.005962
1978-11-06,-0.010293
1978-11-07,-0.014077
1978-11-08,0.006393
1978-11-09,-0.000318
1978-11-10,0.003707
1978-11-13,-0.017305
1978-11-14,-0.006872
1978-11-15,0.002379
1978-11-16,0.010786
1978-11-17,0.007577
1978-11-20,0.008791
1978-11-21,-0.002520
1978-11-22,0.004947
1978-11-24,0.003247
1978-11-27,0.002088
1978-11-28,-0.008751
1978-11-29,-0.014714
1978-11-30,0.010133
1978-12-01,0.016684
1978-12-04,-0.001350
1978-12-05,0.013417
1978-12-06,0.000513
1978-12-07,-0.004206
1978-12-08,-0.004635
1978-12-11,0.004967
1978-12-12,-0.005355
1978-12-13,-0.005487
1978-12-14,-0.000208
1978-12-15,-0.007393
1978-12-18,-0.019826
1978-12-19,0.008562
1978-12-20,0.004669
1978-12-21,0.000317
1978-12-22,0.016894
1978-12-26,0.012564
1978-12-27,-0.008819
1978-12-28,-0.003931
1978-12-29,-0.001766
1979-01-02,0.006451
1979-01-03,0.011062
1979-01-04,0.007975
1979-01-05,0.005579
1979-01-08,-0.003329
1979-01-09,0.005364
1979-01-10,-0.005638
1979-01-11,0.003341
1979-01-12,0.008375
1979-01-15,0.007605
1979-01-16,-0.012216
1979-01-17,0.000201
1979-01-18,0.002413
1979-01-19,0.000301
1979-01-22,0.001504
1979-01-23,0.007007
1979-01-24,-0.004374
1979-01-25,0.010284
1979-01-26,0.006621
1979-01-29,-0.003043
1979-01-30,-0.004924
1979-01-31,-0.011084
1979-02-01,0.000300
1979-02-02,-0.004602
1979-02-05,-0.014171
1979-02-06,-0.000408
1979-02-07,-0.009077
1979-02-08,0.005043
1979-02-09,0.002253
1979-02-12,0.003372
1979-02-13,0.007434
1979-02-14,-0.000606
1979-02-15,-0.001416
1979-02-16,-0.000608
1979-02-20,0.007601
1979-02-21,-0.003520
1979-02-22,-0.007469
1979-02-23,-0.005593
1979-02-26,-0.001125
1979-02-27,-0.015767
1979-02-28,0.001560
1979-03-01,0.006440
1979-03-02,0.000722
1979-03-05,0.011241
1979-03-06,-0.001938
1979-03-07,0.005824
1979-03-08,0.011581
1979-03-09,-0.000402
1979-03-12,0.001306
1979-03-13,0.001706
1979-03-14,-0.001302
1979-03-15,0.001504
1979-03-16,0.008312
1979-03-19,0.003675
1979-03-20,-0.005541
1979-03-21,0.007463
1979-03-22,0.004148
1979-03-23,-0.000689
1979-03-26,-0.005512
1979-03-27,0.014252
1979-03-28,-0.003513
1979-03-29,-0.000881
1979-03-30,-0.004312
1979-04-02,-0.006792
1979-04-03,0.014866
1979-04-04,0.002441
1979-04-05,0.005943
1979-04-06,-0.000775
1979-04-09,-0.003004
1979-04-10,0.004569
1979-04-11,-0.009967
1979-04-12,-0.003030
1979-04-16,-0.008627
1979-04-17,0.001187
1979-04-18,0.004544
1979-04-19,-0.004130
1979-04-20,-0.000494
1979-04-23,0.003359
1979-04-24,0.006203
1979-04-25,0.002935
1979-04-26,-0.004780
1979-04-27,-0.002059
1979-04-30,-0.000393
1979-05-01,-0.000786
1979-05-02,0.000393
1979-05-03,0.000885
1979-05-04,-0.011001
1979-05-07,-0.016586
1979-05-08,0.001515
1979-05-09,0.002924
1979-05-10,-0.009451
1979-05-11,0.000000
1979-05-14,-0.004669
1979-05-15,0.000816
1979-05-16,0.002853
1979-05-17,0.015444
1979-05-18,-0.000100
1979-05-21,0.002101
1979-05-22,0.003695
1979-05-23,-0.006268
1979-05-24,0.000501
1979-05-25,0.002902
1979-05-29,-0.001696
1979-05-30,-0.009395
1979-05-31,-0.000303
1979-06-01,0.000908
1979-06-04,0.001513
1979-06-05,0.013089
1979-06-06,0.006758
1979-06-07,0.004837
1979-06-08,-0.002947
1979-06-11,0.004138
1979-06-12,0.009224
1979-06-13,-0.005250
1979-06-14,-0.001075
1979-06-15,-0.001076
1979-06-18,-0.005191
1979-06-19,0.000197
1979-06-20,0.000492
1979-06-21,0.004526
1979-06-22,0.005387
1979-06-25,-0.005359
1979-06-26,-0.004212
1979-06-27,0.006000
1979-06-28,0.005182
1979-06-29,0.001070
1979-07-02,-0.008940
1979-07-03,0.000980
1979-07-05,0.003330
1979-07-06,0.011618
1979-07-09,0.008203
1979-07-10,-0.002584
1979-07-11,-0.005374
1979-07-12,-0.009166
1979-07-13,-0.003603
1979-07-16,0.004105
1979-07-17,-0.008857
1979-07-18,-0.001375
1979-07-19,-0.000787
1979-07-20,0.002067
1979-07-23,-0.002259
1979-07-24,0.003741
1979-07-25,0.010886
1979-07-26,0.000194
1979-07-27,0.000000
1979-07-30,0.000485
1979-07-31,0.006398
1979-08-01,0.003468
1979-08-02,-0.000672
1979-08-03,-0.000576
1979-08-06,0.002499
1979-08-07,0.012943
1979-08-08,0.003124
1979-08-09,-0.004624
1979-08-10,0.008626
1979-08-13,0.009586
1979-08-14,0.000931
1979-08-15,0.006789
1979-08-16,-0.001478
1979-08-17,0.001943
1979-08-20,0.004894
1979-08-21,0.000735
1979-08-22,0.000735
1979-08-23,-0.003303
1979-08-24,-0.000276
1979-08-27,0.004972
1979-08-28,-0.001100
1979-08-29,0.000000
1979-08-30,0.000000
1979-08-31,0.002752
1979-09-04,-0.017197
1979-09-05,-0.009680
1979-09-06,0.004229
1979-09-07,0.007581
1979-09-10,0.004737
1979-09-11,-0.006102
1979-09-12,0.002883
1979-09-13,0.000278
1979-09-14,0.008438
1979-09-17,0.000736
1979-09-18,-0.007718
1979-09-19,0.002593
1979-09-20,0.020595
1979-09-21,-0.000362
1979-09-24,-0.007785
1979-09-25,0.000639
1979-09-26,0.002553
1979-09-27,0.002274
1979-09-28,-0.008075
1979-10-01,-0.006952
1979-10-02,0.009488
1979-10-03,0.000000
1979-10-04,0.005292
1979-10-05,0.009985
1979-10-08,-0.012492
1979-10-09,-0.029578
1979-10-10,-0.012473
1979-10-11,-0.002374
1979-10-12,-0.005331
1979-10-15,-0.010814
1979-10-16,-0.001645
1979-10-17,0.001938
1979-10-18,0.002128
1979-10-19,-0.019400
1979-10-22,-0.008760
1979-10-23,-0.004270
1979-10-24,0.001596
1979-10-25,-0.004381
1979-10-26,0.005700
1979-10-29,0.001392
1979-10-30,0.019462
1979-10-31,-0.008279
1979-11-01,0.007366
1979-11-02,-0.000585
1979-11-05,-0.006731
1979-11-06,-0.006089
1979-11-07,-0.013142
1979-11-08,0.004306
1979-11-09,0.012064
1979-11-12,0.019702
1979-11-13,-0.005507
1979-11-14,0.004371
1979-11-15,0.007157
1979-11-16,-0.003265
1979-11-19,0.004239
1979-11-20,-0.005181
1979-11-21,0.001929
1979-11-23,0.007508
1979-11-26,0.020350
1979-11-27,-0.003933
1979-11-28,0.003666
1979-11-29,0.000375
1979-11-30,-0.006086
1979-12-03,-0.003109
1979-12-04,0.009071
1979-12-05,0.004308
1979-12-06,0.006993
1979-12-07,-0.004444
1979-12-10,0.001395
1979-12-11,-0.001672
1979-12-12,0.000279
1979-12-13,0.001395
1979-12-14,0.011610
1979-12-17,0.003764
1979-12-18,-0.009421
1979-12-19,-0.000923
1979-12-20,0.000555
1979-12-21,-0.006189
1979-12-24,0.000651
1979-12-26,0.001115
1979-12-27,0.001670
1979-12-28,-0.001112
1979-12-31,0.000927
1980-01-02,-0.020196
1980-01-03,-0.005106
1980-01-04,0.012355
1980-01-07,0.002722
1980-01-08,0.020036
1980-01-09,0.000918
1980-01-10,0.007703
1980-01-11,0.000273
1980-01-14,0.004185
1980-01-15,0.006885
1980-01-16,-0.000810
1980-01-17,-0.003152
1980-01-18,0.003342
1980-01-21,0.009273
1980-01-22,-0.005263
1980-01-23,0.017308
1980-01-24,0.002292
1980-01-25,-0.000792
1980-01-28,0.010915
1980-01-29,-0.006791
1980-01-30,0.009906
1980-01-31,-0.009028
1980-02-01,0.008409
1980-02-04,-0.006515
1980-02-05,0.002536
1980-02-06,0.009245
1980-02-07,0.004839
1980-02-08,0.014362
1980-02-11,-0.007037
1980-02-12,0.006660
1980-02-13,0.004580
1980-02-14,-0.014522
1980-02-15,-0.011223
1980-02-19,-0.007018
1980-02-20,0.016318
1980-02-21,-0.010217
1980-02-22,-0.002082
1980-02-25,-0.014864
1980-02-26,0.005735
1980-02-27,-0.014038
1980-02-28,-0.000267
1980-02-29,0.011660
1980-03-03,-0.010206
1980-03-04,0.002489
1980-03-05,-0.014630
1980-03-06,-0.022316
1980-03-07,-0.016107
1980-03-10,-0.003648
1980-03-11,0.011924
1980-03-12,-0.008443
1980-03-13,-0.011696
1980-03-14,-0.001799
1980-03-17,-0.030067
1980-03-18,0.017993
1980-03-19,0.002017
1980-03-20,-0.011408
1980-03-21,-0.007855
1980-03-24,-0.029616
1980-03-25,-0.000907
1980-03-26,-0.005142
1980-03-27,-0.004662
1980-03-28,0.025046
1980-03-31,0.014005
1980-04-01,0.000882
1980-04-02,0.004893
1980-04-03,-0.005162
1980-04-07,-0.019187
1980-04-08,0.010081
1980-04-09,0.018874
1980-04-10,0.009407
1980-04-11,-0.002786
1980-04-14,-0.009153
1980-04-15,-0.002042
1980-04-16,-0.010621
1980-04-17,-0.004826
1980-04-18,-0.004948
1980-04-21,-0.007459
1980-04-22,0.036373
1980-04-23,0.002901
1980-04-24,0.006459
1980-04-25,0.007280
1980-04-28,0.004564
1980-04-29,0.002083
1980-04-30,0.004062
1980-05-01,-0.007809
1980-05-02,0.001138
1980-05-05,0.007577
1980-05-06,-0.001222
1980-05-07,0.008753
1980-05-08,-0.009797
1980-05-09,-0.013286
1980-05-12,0.000573
1980-05-13,0.014507
1980-05-14,0.005174
1980-05-15,0.001310
1980-05-16,0.003365
1980-05-19,0.002981
1980-05-20,-0.000464
1980-05-21,0.000929
1980-05-22,0.011975
1980-05-23,0.014769
1980-05-27,0.007051
1980-05-28,0.005925
1980-05-29,-0.015974
1980-05-30,0.008797
1980-06-02,-0.004315
1980-06-03,-0.002257
1980-06-04,0.019003
1980-06-05,0.001510
1980-06-06,0.003724
1980-06-09,0.004505
1980-06-10,0.008355
1980-06-11,0.011861
1980-06-12,-0.004310
1980-06-13,0.002510
1980-06-16,0.002418
1980-06-17,-0.000517
1980-06-18,0.001982
1980-06-19,-0.013762
1980-06-20,-0.005233
1980-06-23,0.003945
1980-06-24,0.005502
1980-06-25,0.013722
1980-06-26,-0.004541
1980-06-27,-0.001635
1980-06-30,-0.015172
1980-07-01,0.006040
1980-07-02,0.006526
1980-07-03,0.015387
1980-07-07,0.007066
1980-07-08,-0.003804
1980-07-09,0.001188
1980-07-10,-0.008730
1980-07-11,0.007610
1980-07-14,0.018415
1980-07-15,-0.005916
1980-07-16,0.002766
1980-07-17,0.015130
1980-07-18,0.004941
1980-07-21,0.003851
1980-07-22,-0.002612
1980-07-23,-0.002128
1980-07-24,-0.001148
1980-07-25,-0.008293
1980-07-28,0.005382
1980-07-29,0.007988
1980-07-30,-0.001389
1980-07-31,-0.004582
1980-08-01,-0.003781
1980-08-04,-0.001898
1980-08-05,-0.001984
1980-08-06,0.006709
1980-08-07,0.014397
1980-08-08,0.002514
1980-08-11,0.009465
1980-08-12,-0.007934
1980-08-13,-0.004120
1980-08-14,0.015980
1980-08-15,0.003752
1980-08-18,-0.018533
1980-08-19,-0.006402
1980-08-20,0.009543
1980-08-21,0.013654
1980-08-22,0.004464
1980-08-25,-0.006824
1980-08-26,-0.002557
1980-08-27,-0.010574
1980-08-28,-0.011658
1980-08-29,0.002457
1980-09-02,0.011113
1980-09-03,0.019234
1980-09-04,-0.005550
1980-09-05,-0.004306
1980-09-08,-0.012572
1980-09-09,0.006163
1980-09-10,0.005964
1980-09-11,0.006810
1980-09-12,-0.000955
1980-09-15,0.001036
1980-09-16,0.008514
1980-09-17,0.016806
1980-09-18,-0.003647
1980-09-19,0.006620
1980-09-22,0.008897
1980-09-23,-0.007439
1980-09-24,0.007263
1980-09-25,-0.012656
1980-09-26,-0.018412
1980-09-29,-0.022240
1980-09-30,0.015542
1980-10-01,0.013311
1980-10-02,0.007551
1980-10-03,0.009681
1980-10-06,0.018557
1980-10-07,-0.005542
1980-10-08,0.004962
1980-10-09,-0.004633
1980-10-10,-0.005723
1980-10-13,0.013355
1980-10-14,-0.000076
1980-10-15,0.012725
1980-10-16,-0.011070
1980-10-17,-0.005294
1980-10-20,0.008288
1980-10-21,-0.005807
1980-10-22,0.000607
1980-10-23,-0.018117
1980-10-24,0.002470
1980-10-27,-0.015171
1980-10-28,0.001329
1980-10-29,-0.001093
1980-10-30,-0.012665
1980-10-31,0.009344
1980-11-03,0.012317
1980-11-05,0.017746
1980-11-06,-0.018427
1980-11-07,0.002094
1980-11-10,0.002322
1980-11-11,0.013747
1980-11-12,0.025370
1980-11-13,0.014117
1980-11-14,0.004836
1980-11-17,0.004375
1980-11-18,0.014156
1980-11-19,-0.004581
1980-11-20,0.009636
1980-11-21,-0.009188
1980-11-24,-0.005751
1980-11-25,0.007375
1980-11-26,0.006029
1980-11-28,0.002497
1980-12-01,-0.023555
1980-12-02,-0.001749
1980-12-03,-0.001898
1980-12-04,-0.001682
1980-12-05,-0.017951
1980-12-08,-0.025517
1980-12-09,-0.000995
1980-12-10,-0.017014
1980-12-11,-0.007017
1980-12-12,0.014683
1980-12-15,0.001702
1980-12-16,0.008884
1980-12-17,0.017534
1980-12-18,0.000828
1980-12-19,0.005263
1980-12-22,0.015557
1980-12-23,-0.003535
1980-12-24,0.004287
1980-12-26,0.005078
1980-12-29,-0.011276
1980-12-30,0.002222
1980-12-31,0.003177
1981-01-02,0.004272
1981-01-05,0.011955
1981-01-06,0.001087
1981-01-07,-0.022010
1981-01-08,-0.014954
1981-01-09,0.003156
1981-01-12,0.000300
1981-01-13,-0.001723
1981-01-14,0.001350
1981-01-15,0.005619
1981-01-16,0.004098
1981-01-19,-0.002968
1981-01-20,-0.020243
1981-01-21,-0.002203
1981-01-22,-0.008374
1981-01-23,-0.000230
1981-01-26,-0.002995
1981-01-27,0.009858
1981-01-28,-0.005949
1981-01-29,-0.000767
1981-01-30,-0.005298
1981-02-02,-0.020378
1981-02-03,0.012213
1981-02-04,0.001012
1981-02-05,0.008088
1981-02-06,0.007483
1981-02-09,-0.010184
1981-02-10,-0.000232
1981-02-11,-0.007738
1981-02-12,-0.005926
1981-02-13,-0.003922
1981-02-17,0.006536
1981-02-18,0.005242
1981-02-19,-0.014555
1981-02-20,-0.000237
1981-02-23,0.006083
1981-02-24,0.000314
1981-02-25,0.008870
1981-02-26,0.012294
1981-02-27,0.008993
1981-03-02,0.005637
1981-03-03,-0.010984
1981-03-04,0.002298
1981-03-05,-0.007107
1981-03-06,-0.000616
1981-03-09,0.009781
1981-03-10,-0.005034
1981-03-11,-0.003909
1981-03-12,0.024933
1981-03-13,-0.000601
1981-03-16,0.011795
1981-03-17,-0.005643
1981-03-18,0.002240
1981-03-19,-0.005662
1981-03-20,0.004646
1981-03-23,0.012008
1981-03-24,-0.007517
1981-03-25,0.018118
1981-03-26,-0.006126
1981-03-27,-0.011888
1981-03-30,-0.002748
1981-03-31,0.012809
1981-04-01,0.004191
1981-04-02,-0.001831
1981-04-03,-0.006089
1981-04-06,-0.011514
1981-04-07,-0.000149
1981-04-08,0.002987
1981-04-09,0.002680
1981-04-10,-0.001188
1981-04-13,-0.010111
1981-04-14,-0.003530
1981-04-15,0.011230
1981-04-16,0.003950
1981-04-20,0.005568
1981-04-21,-0.009007
1981-04-22,-0.000670
1981-04-23,-0.001491
1981-04-24,0.008959
1981-04-27,0.002516
1981-04-28,-0.008488
1981-04-29,-0.009529
1981-04-30,-0.001804
1981-05-01,-0.000678
1981-05-04,-0.015446
1981-05-05,-0.002679
1981-05-06,0.003530
1981-05-07,0.006805
1981-05-08,-0.000076
1981-05-11,-0.014811
1981-05-12,0.007787
1981-05-13,-0.001300
1981-05-14,0.005592
1981-05-15,0.006779
1981-05-18,0.002799
1981-05-19,-0.003395
1981-05-20,-0.000681
1981-05-21,-0.001894
1981-05-22,-0.003188
1981-05-26,0.010965
1981-05-27,0.007532
1981-05-28,-0.002392
1981-05-29,-0.006444
1981-06-01,-0.001358
1981-06-02,-0.013519
1981-06-03,0.000689
1981-06-04,0.001913
1981-06-05,0.009621
1981-06-08,0.000151
1981-06-09,-0.002042
1981-06-10,0.002652
1981-06-11,0.010807
1981-06-12,-0.001944
1981-06-15,0.000899
1981-06-16,-0.010927
1981-06-17,0.008854
1981-06-18,-0.012601
1981-06-19,0.004786
1981-06-22,-0.002419
1981-06-23,0.010610
1981-06-24,-0.005174
1981-06-25,0.001131
1981-06-26,-0.001882
1981-06-29,-0.005054
1981-06-30,-0.005156
1981-07-01,-0.010975
1981-07-02,-0.008708
1981-07-06,-0.009873
1981-07-07,0.006830
1981-07-08,0.000624
1981-07-09,0.007637
1981-07-10,0.000541
1981-07-13,0.002087
1981-07-14,0.000077
1981-07-15,0.004628
1981-07-16,0.000691
1981-07-17,0.003222
1981-07-20,-0.015601
1981-07-21,-0.002952
1981-07-22,-0.009428
1981-07-23,0.002124
1981-07-24,0.008320
1981-07-27,0.011210
1981-07-28,-0.005851
1981-07-29,0.000155
1981-07-30,0.006581
1981-07-31,0.006999
1981-08-03,-0.003361
1981-08-04,0.005365
1981-08-05,0.011358
1981-08-06,-0.000226
1981-08-07,-0.006710
1981-08-10,0.005996
1981-08-11,0.009884
1981-08-12,-0.003362
1981-08-13,0.000825
1981-08-14,-0.007640
1981-08-17,-0.009586
1981-08-18,-0.008459
1981-08-19,0.002921
1981-08-20,0.001533
1981-08-21,-0.011171
1981-08-24,-0.028863
1981-08-25,-0.002948
1981-08-26,-0.001359
1981-08-27,-0.011604
1981-08-28,0.004615
1981-08-31,-0.010397
1981-09-01,0.001873
1981-09-02,0.003821
1981-09-03,-0.018220
1981-09-04,-0.009650
1981-09-08,-0.017407
1981-09-09,0.003560
1981-09-10,0.014696
1981-09-11,0.012236
1981-09-14,-0.007812
1981-09-15,-0.007376
1981-09-16,-0.007514
1981-09-17,-0.014470
1981-09-18,-0.007597
1981-09-21,0.008429
1981-09-22,-0.004777
1981-09-23,-0.008828
1981-09-24,-0.005534
1981-09-25,-0.019477
1981-09-28,0.024475
1981-09-29,0.003549
1981-09-30,0.002070
1981-10-01,0.007747
1981-10-02,0.019474
1981-10-05,0.001257
1981-10-06,-0.001004
1981-10-07,0.016082
1981-10-08,0.008243
1981-10-09,-0.007031
1981-10-12,-0.001976
1981-10-13,-0.003548
1981-10-14,-0.016393
1981-10-15,0.007660
1981-10-16,-0.004344
1981-10-19,-0.001762
1981-10-20,0.010926
1981-10-21,-0.001497
1981-10-22,-0.003830
1981-10-23,-0.008693
1981-10-26,-0.003710
1981-10-27,0.009563
1981-10-28,0.001341
1981-10-29,-0.003265
1981-10-30,0.023770
1981-11-02,0.018952
1981-11-03,0.004831
1981-11-04,-0.000481
1981-11-05,-0.009620
1981-11-06,-0.007042
1981-11-09,0.005054
1981-11-10,-0.004785
1981-11-11,0.001793
1981-11-12,0.002197
1981-11-13,-0.012339
1981-11-16,-0.011753
1981-11-17,0.007568
1981-11-18,-0.007346
1981-11-19,0.003742
1981-11-20,0.008284
1981-11-23,-0.000904
1981-11-24,0.015707
1981-11-25,0.004372
1981-11-27,0.008384
1981-11-30,0.010073
1981-12-01,-0.001979
1981-12-02,-0.011182
1981-12-03,0.003449
1981-12-04,0.009111
1981-12-07,-0.008475
1981-12-08,-0.002956
1981-12-09,0.005288
1981-12-10,0.001833
1981-12-11,-0.006205
1981-12-14,-0.017210
1981-12-15,0.001710
1981-12-16,-0.004635
1981-12-17,0.005718
1981-12-18,0.007147
1981-12-21,-0.005323
1981-12-22,-0.003730
1981-12-23,-0.004639
1981-12-24,0.001880
1981-12-28,-0.002203
1981-12-29,-0.004907
1981-12-30,0.005178
1981-12-31,0.002044
1982-01-04,0.001550
1982-01-05,-0.021916
1982-01-06,-0.007247
1982-01-07,-0.002098
1982-01-08,0.005213
1982-01-11,-0.023170
1982-01-12,-0.004110
1982-01-13,-0.012210
1982-01-14,0.005745
1982-01-15,0.006837
1982-01-18,0.007651
1982-01-19,-0.010664
1982-01-20,-0.006036
1982-01-21,0.004164
1982-01-22,-0.003197
1982-01-25,0.000260
1982-01-26,-0.001906
1982-01-27,0.004775
1982-01-28,0.027475
1982-01-29,0.012445
1982-02-01,-0.021761
1982-02-02,0.001953
1982-02-03,-0.012965
1982-02-04,-0.000515
1982-02-05,0.007215
1982-02-08,-0.022429
1982-02-09,-0.008288
1982-02-10,0.008621
1982-02-11,-0.002006
1982-02-12,-0.000437
1982-02-16,-0.002798
1982-02-17,-0.003244
1982-02-18,0.001143
1982-02-19,-0.005271
1982-02-22,-0.014397
1982-02-23,-0.000717
1982-02-24,0.017577
1982-02-25,-0.002291
1982-02-26,-0.000883
1982-03-01,0.001768
1982-03-02,-0.005560
1982-03-03,-0.015619
1982-03-04,-0.009376
1982-03-05,-0.004914
1982-03-08,-0.018292
1982-03-09,0.013881
1982-03-10,0.005329
1982-03-11,-0.000457
1982-03-12,-0.006858
1982-03-15,0.007734
1982-03-16,-0.001553
1982-03-17,-0.001830
1982-03-18,0.011184
1982-03-19,0.002811
1982-03-22,0.019528
1982-03-23,0.006917
1982-03-24,-0.005108
1982-03-25,0.002124
1982-03-26,-0.011218
1982-03-29,0.003216
1982-03-30,-0.000267
1982-03-31,-0.002761
1982-04-01,0.016345
1982-04-02,0.011688
1982-04-05,-0.003388
1982-04-06,0.005491
1982-04-07,0.000867
1982-04-08,0.006582
1982-04-12,-0.001893
1982-04-13,-0.000086
1982-04-14,-0.001379
1982-04-15,0.004489
1982-04-16,0.003954
1982-04-19,-0.000942
1982-04-20,-0.010797
1982-04-21,0.002426
1982-04-22,0.012703
1982-04-23,0.012373
1982-04-26,0.005226
1982-04-27,-0.010565
1982-04-28,-0.006271
1982-04-29,-0.009637
1982-04-30,0.002669
1982-05-03,0.003178
1982-05-04,0.005565
1982-05-05,0.001788
1982-05-06,0.008583
1982-05-07,0.006657
1982-05-10,-0.009124
1982-05-11,0.008785
1982-05-12,-0.002093
1982-05-13,-0.007972
1982-05-14,-0.001776
1982-05-17,-0.011016
1982-05-18,-0.007454
1982-05-19,-0.008201
1982-05-20,-0.002611
1982-05-21,0.002618
1982-05-24,-0.000870
1982-05-25,-0.003398
1982-05-26,-0.011276
1982-05-27,-0.003978
1982-05-28,-0.006923
1982-06-01,-0.001788
1982-06-02,0.003223
1982-06-03,-0.001607
1982-06-04,-0.015823
1982-06-07,0.000273
1982-06-08,-0.004450
1982-06-09,-0.005838
1982-06-10,0.005689
1982-06-11,0.014871
1982-06-14,-0.011507
1982-06-15,-0.002455
1982-06-16,-0.007476
1982-06-17,-0.011665
1982-06-18,-0.002974
1982-06-21,-0.000746
1982-06-22,0.010261
1982-06-23,0.016990
1982-06-24,-0.002815
1982-06-25,-0.006282
1982-06-28,0.010262
1982-06-29,-0.000453
1982-06-30,-0.005444
1982-07-01,-0.008211
1982-07-02,-0.009751
1982-07-06,-0.003344
1982-07-07,-0.000652
1982-07-08,0.002891
1982-07-09,0.012090
1982-07-12,0.006800
1982-07-13,-0.001095
1982-07-14,0.009045
1982-07-15,0.000272
1982-07-16,0.005431
1982-07-19,-0.003061
1982-07-20,0.007315
1982-07-21,-0.001076
1982-07-22,0.000449
1982-07-23,-0.002691
1982-07-26,-0.007286
1982-07-27,-0.008427
1982-07-28,-0.015535
1982-07-29,-0.000093
1982-07-30,-0.005848
1982-08-02,0.017649
1982-08-03,-0.010552
1982-08-04,-0.015673
1982-08-05,-0.009233
1982-08-06,-0.013789
1982-08-09,-0.006075
1982-08-10,-0.002328
1982-08-11,-0.002334
1982-08-12,-0.001754
1982-08-13,0.013962
1982-08-16,0.002311
1982-08-17,0.047555
1982-08-18,-0.004677
1982-08-19,0.005805
1982-08-20,0.035361
1982-08-23,0.027340
1982-08-24,-0.006632
1982-08-25,0.019421
1982-08-26,0.008250
1982-08-27,-0.012147
1982-08-30,0.004696
1982-08-31,0.015723
1982-09-01,-0.010543
1982-09-02,0.017167
1982-09-03,0.019953
1982-09-07,-0.010678
1982-09-08,0.006839
1982-09-09,-0.001882
1982-09-10,-0.008199
1982-09-13,0.010498
1982-09-14,0.007035
1982-09-15,0.009667
1982-09-16,-0.004184
1982-09-17,-0.009857
1982-09-20,-0.000326
1982-09-21,0.019345
1982-09-22,-0.007127
1982-09-23,-0.001452
1982-09-24,-0.003958
1982-09-27,0.002433
1982-09-28,-0.003074
1982-09-29,-0.013064
1982-09-30,-0.009948
1982-10-01,0.012872
1982-10-04,-0.003771
1982-10-05,0.003868
1982-10-06,0.032710
1982-10-07,0.022466
1982-10-08,0.017469
1982-10-11,0.026097
1982-10-12,-0.000223
1982-10-13,0.016885
1982-10-14,-0.015654
1982-10-15,-0.007431
1982-10-18,0.023658
1982-10-19,-0.001097
1982-10-20,0.019403
1982-10-21,-0.001221
1982-10-22,-0.001654
1982-10-25,-0.039689
1982-10-26,0.008701
1982-10-27,0.005949
1982-10-28,-0.012493
1982-10-29,0.000898
1982-11-01,0.013163
1982-11-02,0.014911
1982-11-03,0.039130
1982-11-04,-0.007139
1982-11-05,0.002185
1982-11-08,-0.012099
1982-11-09,0.018371
1982-11-10,-0.013005
1982-11-11,0.004250
1982-11-12,-0.015731
1982-11-15,-0.017917
1982-11-16,-0.011749
1982-11-17,0.018535
1982-11-18,0.002973
1982-11-19,-0.009542
1982-11-22,-0.020435
1982-11-23,-0.009611
1982-11-24,0.007147
1982-11-26,0.007469
1982-11-29,-0.005042
1982-11-30,0.032340
1982-12-01,0.001299
1982-12-02,0.000721
1982-12-03,-0.000936
1982-12-06,0.022208
1982-12-07,0.006701
1982-12-08,-0.006376
1982-12-09,-0.012764
1982-12-10,-0.003071
1982-12-13,0.002723
1982-12-14,-0.018292
1982-12-15,-0.015649
1982-12-16,0.000444
1982-12-17,0.016186
1982-12-20,-0.008946
1982-12-21,0.017246
1982-12-22,0.001587
1982-12-23,0.006411
1982-12-27,0.017607
1982-12-28,-0.009917
1982-12-29,0.003339
1982-12-30,-0.006443
1982-12-31,0.002209
1983-01-03,-0.016354
1983-01-04,0.021758
1983-01-05,0.004316
1983-01-06,0.023316
1983-01-07,-0.000620
1983-01-10,0.011021
1983-01-11,-0.006813
1983-01-12,0.006242
1983-01-13,-0.006544
1983-01-14,0.006313
1983-01-17,0.000409
1983-01-18,-0.002113
1983-01-19,-0.007719
1983-01-20,0.007021
1983-01-21,-0.016679
1983-01-24,-0.026973
1983-01-25,0.012717
1983-01-26,-0.001481
1983-01-27,0.019288
1983-01-28,0.001664
1983-01-31,0.005467
1983-02-01,-0.016105
1983-02-02,0.001889
1983-02-03,0.007191
1983-02-04,0.013032
1983-02-07,0.005406
1983-02-08,-0.008371
1983-02-09,-0.004804
1983-02-10,0.017241
1983-02-11,0.000881
1983-02-14,0.008738
1983-02-15,-0.004163
1983-02-16,-0.005866
1983-02-17,0.000068
1983-02-18,0.003798
1983-02-22,-0.017027
1983-02-23,0.009005
1983-02-24,0.019143
1983-02-25,0.000936
1983-02-28,-0.011219
1983-03-01,0.019046
1983-03-02,0.009411
1983-03-03,0.007748
1983-03-04,0.001238
1983-03-07,0.000000
1983-03-08,-0.015683
1983-03-09,0.010644
1983-03-10,-0.006999
1983-03-11,-0.003689
1983-03-14,-0.002711
1983-03-15,0.003514
1983-03-16,-0.010307
1983-03-17,-0.001402
1983-03-18,0.002072
1983-03-21,0.008606
1983-03-22,-0.003506
1983-03-23,0.014271
1983-03-24,0.003665
1983-03-25,-0.004564
1983-03-28,-0.005371
1983-03-29,-0.001712
1983-03-30,0.011874
1983-03-31,-0.002803
1983-04-04,0.000392
1983-04-05,-0.007385
1983-04-06,-0.005596
1983-04-07,0.004767
1983-04-08,0.007182
1983-04-11,0.014982
1983-04-12,0.004383
1983-04-13,0.006097
1983-04-14,0.008548
1983-04-15,0.004048
1983-04-18,0.006236
1983-04-19,-0.006448
1983-04-20,0.012602
1983-04-21,-0.004107
1983-04-22,0.002312
1983-04-25,-0.010036
1983-04-26,0.018891
1983-04-27,-0.002287
1983-04-28,0.009353
1983-04-29,0.009021
1983-05-02,-0.014049
1983-05-03,0.001419
1983-05-04,0.005975
1983-05-05,0.005940
1983-05-06,0.011079
1983-05-09,-0.001746
1983-05-10,0.000844
1983-05-11,-0.005966
1983-05-12,-0.004304
1983-05-13,0.003957
1983-05-16,-0.009096
1983-05-17,0.001897
1983-05-18,-0.002688
1983-05-19,-0.007840
1983-05-20,0.000926
1983-05-23,0.007956
1983-05-24,0.012911
1983-05-25,0.004047
1983-05-26,-0.004392
1983-05-27,-0.006164
1983-05-31,-0.012587
1983-06-01,0.000985
1983-06-02,0.008797
1983-06-03,0.002683
1983-06-06,0.002494
1983-06-07,-0.012498
1983-06-08,-0.008663
1983-06-09,0.002913
1983-06-10,0.005252
1983-06-13,0.013278
1983-06-14,0.004186
1983-06-15,0.009606
1983-06-16,0.012087
1983-06-17,-0.000059
1983-06-20,-0.000650
1983-06-21,0.008934
1983-06-22,0.002697
1983-06-23,-0.002456
1983-06-24,-0.000997
1983-06-27,-0.011385
1983-06-28,-0.016502
1983-06-29,0.005794
1983-06-30,0.008821
1983-07-01,0.004759
1983-07-05,-0.013676
1983-07-06,0.011285
1983-07-07,-0.005461
1983-07-08,-0.002865
1983-07-11,0.006165
1983-07-12,-0.015347
1983-07-13,-0.000423
1983-07-14,0.003324
1983-07-15,-0.010361
1983-07-18,-0.002070
1983-07-19,0.005367
1983-07-20,0.027058
1983-07-21,-0.001359
1983-07-22,-0.001006
1983-07-25,0.003789
1983-07-26,0.004837
1983-07-27,-0.016202
1983-07-28,-0.015216
1983-07-29,-0.015027
1983-08-01,-0.003199
1983-08-02,-0.000185
1983-08-03,0.008827
1983-08-04,-0.012910
1983-08-05,0.002541
1983-08-08,-0.015828
1983-08-09,0.005968
1983-08-10,0.008805
1983-08-11,0.000062
1983-08-12,0.003776
1983-08-15,0.009558
1983-08-16,-0.001833
1983-08-17,0.011505
1983-08-18,-0.010527
1983-08-19,0.002629
1983-08-22,0.002195
1983-08-23,-0.009553
1983-08-24,-0.009338
1983-08-25,-0.002543
1983-08-26,0.008083
1983-08-29,0.000678
1983-08-30,0.002034
1983-08-31,0.011194
1983-09-01,-0.001034
1983-09-02,0.004689
1983-09-06,0.017515
1983-09-07,0.000417
1983-09-08,-0.001131
1983-09-09,-0.005066
1983-09-12,-0.008627
1983-09-13,-0.004109
1983-09-14,0.003398
1983-09-15,-0.005926
1983-09-16,0.011315
1983-09-19,0.008301
1983-09-20,0.009724
1983-09-21,-0.004963
1983-09-22,0.008016
1983-09-23,-0.001473
1983-09-26,0.003304
1983-09-27,-0.009643
1983-09-28,-0.002494
1983-09-29,-0.004643
1983-09-30,-0.006937
1983-10-03,-0.001626
1983-10-04,0.002835
1983-10-05,0.008841
1983-10-06,0.015142
1983-10-07,0.003054
1983-10-10,0.010831
1983-10-11,-0.013380
1983-10-12,-0.004168
1983-10-13,0.001474
1983-10-14,-0.000118
1983-10-17,0.003356
1983-10-18,-0.015373
1983-10-19,-0.006436
1983-10-20,0.001499
1983-10-21,-0.006168
1983-10-24,0.000241
1983-10-25,0.002892
1983-10-26,-0.006548
1983-10-27,-0.003265
1983-10-28,-0.008918
1983-10-31,0.001102
1983-11-01,0.000550
1983-11-02,0.007333
1983-11-03,-0.008432
1983-11-04,-0.006179
1983-11-07,-0.003263
1983-11-08,-0.000926
1983-11-09,0.013662
1983-11-10,0.002683
1983-11-11,0.011435
1983-11-14,0.001744
1983-11-15,-0.007324
1983-11-16,0.004354
1983-11-17,0.000301
1983-11-18,-0.006260
1983-11-21,0.005815
1983-11-22,0.004758
1983-11-23,0.000719
1983-11-25,0.001318
1983-11-28,-0.003828
1983-11-29,0.008226
1983-11-30,-0.008993
1983-12-01,0.000541
1983-12-02,-0.006307
1983-12-05,0.001995
1983-12-06,-0.001810
1983-12-07,0.002659
1983-12-08,-0.004279
1983-12-09,-0.000666
1983-12-12,0.003210
1983-12-13,-0.004166
1983-12-14,-0.009701
1983-12-15,-0.010163
1983-12-16,0.004454
1983-12-19,-0.000431
1983-12-20,-0.001971
1983-12-21,0.009630
1983-12-22,-0.001773
1983-12-23,-0.000306
1983-12-27,0.009435
1983-12-28,0.003520
1983-12-29,-0.002903
1983-12-30,0.000425
1984-01-03,-0.005396
1984-01-04,0.016703
1984-01-05,0.012172
1984-01-06,0.002784
1984-01-09,-0.002245
1984-01-10,-0.005625
1984-01-11,-0.000953
1984-01-12,-0.000238
1984-01-13,-0.004352
1984-01-16,0.000958
1984-01-17,0.003888
1984-01-18,-0.001668
1984-01-19,-0.003044
1984-01-20,-0.004969
1984-01-23,-0.008062
1984-01-24,0.006490
1984-01-25,-0.006629
1984-01-26,-0.003640
1984-01-27,-0.001827
1984-01-30,-0.006527
1984-01-31,0.003316
1984-02-01,-0.004100
1984-02-02,0.003810
1984-02-03,-0.014998
1984-02-06,-0.017587
1984-02-07,0.004175
1984-02-08,-0.018206
1984-02-09,-0.002759
1984-02-10,0.005662
1984-02-13,-0.008637
1984-02-14,0.010713
1984-02-15,-0.002299
1984-02-16,-0.000768
1984-02-17,-0.002498
1984-02-21,-0.007063
1984-02-22,-0.002134
1984-02-23,-0.000130
1984-02-24,0.020870
1984-02-27,0.011364
1984-02-28,-0.015568
1984-02-29,0.001530
1984-03-01,0.007195
1984-03-02,0.006638
1984-03-05,-0.008478
1984-03-06,-0.010387
1984-03-07,-0.010752
1984-03-08,0.004011
1984-03-09,-0.005413
1984-03-12,0.012893
1984-03-13,0.002814
1984-03-14,-0.000064
1984-03-15,0.004082
1984-03-16,0.011816
1984-03-19,-0.009355
1984-03-20,0.006845
1984-03-21,-0.001259
1984-03-22,-0.012416
1984-03-23,0.001085
1984-03-26,-0.001211
1984-03-27,0.004021
1984-03-28,0.016402
1984-03-29,-0.002252
1984-03-30,-0.002131
1984-04-02,-0.007539
1984-04-03,-0.002026
1984-04-04,-0.000761
1984-04-05,-0.015869
1984-04-06,0.002838
1984-04-09,-0.000193
1984-04-10,0.002702
1984-04-11,-0.005582
1984-04-12,0.017613
1984-04-13,-0.002663
1984-04-16,0.006420
1984-04-17,0.004106
1984-04-18,-0.006731
1984-04-19,0.000760
1984-04-23,-0.007721
1984-04-24,0.008099
1984-04-25,0.003669
1984-04-26,0.010400
1984-04-27,-0.002558
1984-04-30,0.001001
1984-05-01,0.010184
1984-05-02,0.001361
1984-05-03,-0.004324
1984-05-04,-0.012965
1984-05-07,0.002263
1984-05-08,0.006584
1984-05-09,-0.002554
1984-05-10,-0.000687
1984-05-11,-0.009438
1984-05-14,-0.006246
1984-05-15,0.003175
1984-05-16,-0.000063
1984-05-17,-0.008988
1984-05-18,-0.005046
1984-05-21,-0.006740
1984-05-22,-0.005493
1984-05-23,-0.004744
1984-05-24,-0.012537
1984-05-25,0.002579
1984-05-29,-0.008772
1984-05-30,0.000399
1984-05-31,0.001330
1984-06-01,0.017868
1984-06-04,0.007178
1984-06-05,-0.004471
1984-06-06,0.008851
1984-06-07,-0.000581
1984-06-08,0.001614
1984-06-11,-0.013598
1984-06-12,-0.005684
1984-06-13,-0.000394
1984-06-14,-0.011438
1984-06-15,-0.009043
1984-06-18,0.018117
1984-06-19,0.005800
1984-06-20,0.014612
1984-06-21,-0.002131
1984-06-22,-0.000324
1984-06-25,-0.003172
1984-06-26,-0.008183
1984-06-27,-0.007007
1984-06-28,0.007913
1984-06-29,0.002225
1984-07-02,0.000131
1984-07-03,0.003264
1984-07-05,-0.006116
1984-07-06,-0.003404
1984-07-09,0.007357
1984-07-10,-0.003065
1984-07-11,-0.015240
1984-07-12,-0.003520
1984-07-13,0.005666
1984-07-16,0.004772
1984-07-17,0.005145
1984-07-18,-0.006431
1984-07-19,-0.006803
1984-07-20,-0.005453
1984-07-23,-0.004012
1984-07-24,-0.007586
1984-07-25,0.006833
1984-07-26,0.008399
1984-07-27,0.007396
1984-07-30,-0.006614
1984-07-31,0.003129
1984-08-01,0.022700
1984-08-02,0.025376
1984-08-03,0.027597
1984-08-06,0.001540
1984-08-07,0.000677
1984-08-08,-0.005900
1984-08-09,0.023431
1984-08-10,-0.000725
1984-08-13,0.000060
1984-08-14,-0.006105
1984-08-15,-0.009853
1984-08-16,0.005958
1984-08-17,0.002259
1984-08-20,0.004874
1984-08-21,0.017522
1984-08-22,-0.004588
1984-08-23,0.000359
1984-08-24,0.002334
1984-08-27,-0.006388
1984-08-28,0.005768
1984-08-29,-0.001792
1984-08-30,-0.002992
1984-08-31,0.000480
1984-09-04,-0.010799
1984-09-05,-0.003578
1984-09-06,0.008278
1984-09-07,-0.007727
1984-09-10,-0.000669
1984-09-11,0.001157
1984-09-12,0.001399
1984-09-13,0.019796
1984-09-14,0.005002
1984-09-17,0.000533
1984-09-18,-0.007224
1984-09-19,-0.004235
1984-09-20,0.003175
1984-09-21,-0.010748
1984-09-24,-0.002354
1984-09-25,0.002057
1984-09-26,0.003985
1984-09-27,0.004089
1984-09-28,-0.005151
1984-10-01,-0.008910
1984-10-02,-0.006257
1984-10-03,-0.007030
1984-10-04,0.002955
1984-10-05,-0.001473
1984-10-08,-0.003381
1984-10-09,-0.002837
1984-10-10,0.002722
1984-10-11,0.004133
1984-10-12,0.008601
1984-10-15,0.009684
1984-10-16,-0.005972
1984-10-17,-0.003884
1984-10-18,0.024126
1984-10-19,-0.000833
1984-10-22,-0.003572
1984-10-23,-0.001613
1984-10-24,0.000658
1984-10-25,-0.005323
1984-10-26,-0.006133
1984-10-29,-0.003085
1984-10-30,0.012502
1984-10-31,-0.004495
1984-11-01,0.008429
1984-11-02,-0.000418
1984-11-05,0.006929
1984-11-06,0.010855
1984-11-07,-0.007277
1984-11-08,-0.002896
1984-11-09,-0.006403
1984-11-12,-0.001432
1984-11-13,-0.008305
1984-11-14,0.000121
1984-11-15,-0.000602
1984-11-16,-0.010790
1984-11-19,-0.006094
1984-11-20,0.006622
1984-11-21,0.002071
1984-11-23,0.014588
1984-11-26,-0.008208
1984-11-27,0.004470
1984-11-28,-0.007637
1984-11-29,-0.006726
1984-11-30,-0.002013
1984-12-03,-0.004646
1984-12-04,0.003439
1984-12-05,-0.007834
1984-12-06,0.004072
1984-12-07,-0.003072
1984-12-10,0.003513
1984-12-11,0.001474
1984-12-12,-0.002698
1984-12-13,-0.005042
1984-12-14,0.005438
1984-12-17,0.005655
1984-12-18,0.027504
1984-12-19,-0.005651
1984-12-20,-0.004666
1984-12-21,-0.005229
1984-12-24,0.007552
1984-12-26,-0.001739
1984-12-27,-0.004325
1984-12-28,0.003077
1984-12-31,0.005894
1985-01-02,-0.011182
1985-01-03,-0.004838
1985-01-04,-0.005408
1985-01-07,0.003421
1985-01-08,-0.001522
1985-01-09,0.007257
1985-01-10,0.018949
1985-01-11,-0.002377
1985-01-14,0.015484
1985-01-15,0.001701
1985-01-16,0.002283
1985-01-17,-0.002687
1985-01-18,0.003456
1985-01-21,0.022823
1985-01-22,0.001427
1985-01-23,0.010372
1985-01-24,-0.003328
1985-01-25,0.003622
1985-01-28,0.000226
1985-01-29,0.010091
1985-01-30,0.001172
1985-01-31,0.001338
1985-02-01,-0.005567
1985-02-04,0.009629
1985-02-05,0.001442
1985-02-06,-0.000997
1985-02-07,0.007704
1985-02-08,0.002035
1985-02-11,-0.009221
1985-02-12,0.000277
1985-02-13,0.015452
1985-02-14,-0.005127
1985-02-15,-0.004441
1985-02-19,-0.001487
1985-02-20,-0.000827
1985-02-21,-0.005464
1985-02-22,-0.004606
1985-02-25,-0.000725
1985-02-26,0.010824
1985-02-27,-0.002539
1985-02-28,0.002656
1985-03-01,0.011259
1985-03-04,-0.006385
1985-03-05,0.000934
1985-03-06,-0.008670
1985-03-07,-0.006311
1985-03-08,-0.002284
1985-03-11,-0.001731
1985-03-12,0.004866
1985-03-13,-0.008182
1985-03-14,-0.001964
1985-03-15,-0.007366
1985-03-18,0.001983
1985-03-19,0.015038
1985-03-20,-0.002562
1985-03-21,0.001508
1985-03-22,-0.001728
1985-03-25,-0.005976
1985-03-26,0.002585
1985-03-27,0.006221
1985-03-28,0.000000
1985-03-29,0.006238
1985-04-01,0.003377
1985-04-02,-0.004082
1985-04-03,-0.007866
1985-04-04,-0.000447
1985-04-08,-0.005586
1985-04-09,0.001011
1985-04-10,0.006790
1985-04-11,0.004292
1985-04-12,0.001942
1985-04-15,0.002105
1985-04-16,0.001548
1985-04-17,0.002649
1985-04-18,-0.004624
1985-04-19,0.001493
1985-04-22,-0.002264
1985-04-23,0.006530
1985-04-24,0.002089
1985-04-25,0.006419
1985-04-26,-0.006815
1985-04-29,-0.008508
1985-04-30,-0.004429
1985-05-01,-0.008119
1985-05-02,0.003588
1985-05-03,0.005977
1985-05-06,-0.000500
1985-05-07,0.004278
1985-05-08,-0.000775
1985-05-09,0.007197
1985-05-10,0.012973
1985-05-13,0.001791
1985-05-14,-0.004008
1985-05-15,0.003644
1985-05-16,0.006069
1985-05-17,0.009480
1985-05-20,0.012272
1985-05-21,-0.000422
1985-05-22,-0.005695
1985-05-23,-0.005091
1985-05-24,0.003678
1985-05-28,-0.002284
1985-05-29,-0.000958
1985-05-30,0.000373
1985-05-31,0.009587
1985-06-03,-0.001213
1985-06-04,0.003803
1985-06-05,0.000631
1985-06-06,0.004733
1985-06-07,-0.007223
1985-06-10,-0.000896
1985-06-11,-0.002480
1985-06-12,-0.007565
1985-06-13,-0.012153
1985-06-14,0.009551
1985-06-17,-0.003046
1985-06-18,0.004342
1985-06-19,-0.003790
1985-06-20,0.000536
1985-06-21,0.015423
1985-06-24,-0.002426
1985-06-25,0.003119
1985-06-26,0.001687
1985-06-27,0.006156
1985-06-28,0.003242
1985-07-01,0.003023
1985-07-02,-0.002183
1985-07-03,-0.002917
1985-07-05,0.005589
1985-07-08,-0.003065
1985-07-09,-0.004585
1985-07-10,0.006909
1985-07-11,0.002963
1985-07-12,0.001814
1985-07-15,-0.002949
1985-07-16,0.010378
1985-07-17,0.004776
1985-07-18,-0.006491
1985-07-19,0.003858
1985-07-22,-0.003997
1985-07-23,-0.009262
1985-07-24,-0.005038
1985-07-25,0.002505
1985-07-26,0.001770
1985-07-29,-0.014553
1985-07-30,0.001741
1985-07-31,0.005212
1985-08-01,0.006233
1985-08-02,-0.003279
1985-08-05,-0.004491
1985-08-06,-0.014112
1985-08-07,-0.001330
1985-08-08,0.006767
1985-08-09,-0.003334
1985-08-12,-0.003664
1985-08-13,-0.001759
1985-08-14,0.000587
1985-08-15,-0.000800
1985-08-16,-0.006195
1985-08-19,0.001505
1985-08-20,0.009121
1985-08-21,0.005742
1985-08-22,-0.009516
1985-08-23,-0.001014
1985-08-26,0.000748
1985-08-27,0.004218
1985-08-28,0.003881
1985-08-29,0.000530
1985-08-30,-0.001588
1985-09-03,-0.003817
1985-09-04,-0.002874
1985-09-05,-0.000534
1985-09-06,0.005180
1985-09-09,0.000053
1985-09-10,-0.007171
1985-09-11,-0.010005
1985-09-12,-0.007242
1985-09-13,-0.004246
1985-09-16,-0.000164
1985-09-17,-0.008311
1985-09-18,0.001930
1985-09-19,0.009246
1985-09-20,-0.007307
1985-09-23,0.012359
1985-09-24,-0.009116
1985-09-25,-0.010733
1985-09-26,0.003487
1985-09-30,0.004358
1985-10-01,0.016421
1985-10-02,-0.005457
1985-10-03,0.001630
1985-10-04,-0.006184
1985-10-07,-0.007368
1985-10-08,0.000000
1985-10-09,0.003574
1985-10-10,0.001425
1985-10-11,0.008207
1985-10-14,0.011341
1985-10-15,-0.001556
1985-10-16,0.010211
1985-10-17,-0.001702
1985-10-18,-0.003304
1985-10-21,-0.000428
1985-10-22,0.005777
1985-10-23,0.005584
1985-10-24,-0.003120
1985-10-25,-0.005199
1985-10-28,0.001280
1985-10-29,0.007829
1985-10-30,0.004439
1985-10-31,-0.001315
1985-11-01,0.009009
1985-11-04,-0.001462
1985-11-05,0.005856
1985-11-06,0.002027
1985-11-07,-0.000726
1985-11-08,0.005711
1985-11-11,0.018429
1985-11-12,0.004004
1985-11-13,-0.004947
1985-11-14,0.009944
1985-11-15,-0.004772
1985-11-18,0.003029
1985-11-19,-0.000201
1985-11-20,0.001611
1985-11-21,0.012161
1985-11-22,0.000546
1985-11-25,-0.005806
1985-11-26,0.001597
1985-11-27,0.009319
1985-11-29,-0.001827
1985-12-02,-0.008458
1985-12-03,0.001995
1985-12-04,0.016778
1985-12-05,-0.001714
1985-12-06,-0.004365
1985-12-09,0.006207
1985-12-10,0.000685
1985-12-11,0.009394
1985-12-12,0.002036
1985-12-13,0.015528
1985-12-16,0.009908
1985-12-17,-0.006462
1985-12-18,-0.003988
1985-12-19,0.001001
1985-12-20,0.004381
1985-12-23,-0.011235
1985-12-24,-0.006856
1985-12-26,0.002462
1985-12-27,0.009439
1985-12-30,0.005105
1985-12-31,0.002848
1986-01-02,-0.007999
1986-01-03,0.006155
1986-01-06,-0.001091
1986-01-07,0.014954
1986-01-08,-0.027268
1986-01-09,-0.008944
1986-01-10,-0.000728
1986-01-13,0.003690
1986-01-14,-0.000387
1986-01-15,0.007840
1986-01-16,0.004370
1986-01-17,-0.003538
1986-01-20,-0.004318
1986-01-21,-0.008384
1986-01-22,-0.011176
1986-01-23,0.003735
1986-01-24,0.010673
1986-01-27,0.004650
1986-01-28,0.011669
1986-01-29,0.002288
1986-01-30,-0.004565
1986-01-31,0.011704
1986-02-03,0.010294
1986-02-04,-0.005468
1986-02-05,0.000799
1986-02-06,0.002395
1986-02-07,0.005106
1986-02-10,0.007830
1986-02-11,-0.001480
1986-02-12,0.000232
1986-02-13,0.006621
1986-02-14,0.010856
1986-02-18,0.012241
1986-02-19,-0.012093
1986-02-20,0.011194
1986-02-21,0.010800
1986-02-24,-0.001247
1986-02-25,-0.002452
1986-02-26,0.001117
1986-02-27,0.012185
1986-02-28,0.000661
1986-03-03,-0.006610
1986-03-04,-0.004614
1986-03-05,-0.000178
1986-03-06,0.003521
1986-03-07,0.001954
1986-03-10,0.004478
1986-03-11,0.022553
1986-03-12,0.003669
1986-03-13,0.002795
1986-03-14,0.014409
1986-03-17,-0.007948
1986-03-18,0.004730
1986-03-19,-0.000763
1986-03-20,0.003990
1986-03-21,-0.013528
1986-03-24,0.008528
1986-03-25,-0.002592
1986-03-26,0.010992
1986-03-27,0.007038
1986-03-31,-0.000293
1986-04-01,-0.015739
1986-04-02,0.002424
1986-04-03,-0.013746
1986-04-04,-0.016260
1986-04-07,-0.000262
1986-04-08,0.021388
1986-04-09,0.000985
1986-04-10,0.011508
1986-04-11,-0.001988
1986-04-14,0.005552
1986-04-15,0.001896
1986-04-16,0.018887
1986-04-17,0.003344
1986-04-18,-0.002675
1986-04-21,0.009737
1986-04-22,-0.009479
1986-04-23,-0.002764
1986-04-24,0.001117
1986-04-25,0.001116
1986-04-28,0.003261
1986-04-29,-0.010573
1986-04-30,-0.020748
1986-05-01,-0.001529
1986-05-02,-0.001573
1986-05-05,0.012522
1986-05-06,-0.002061
1986-05-07,-0.004890
1986-05-08,0.004448
1986-05-09,0.003036
1986-05-12,-0.001135
1986-05-13,-0.004925
1986-05-14,0.004780
1986-05-15,-0.013093
1986-05-16,-0.007124
1986-05-19,0.001890
1986-05-20,0.012479
1986-05-21,-0.002795
1986-05-22,0.019834
1986-05-23,0.005122
1986-05-27,0.014087
1986-05-28,0.007681
1986-05-29,0.005474
1986-05-30,-0.002541
1986-06-02,-0.009339
1986-06-03,0.001918
1986-06-04,-0.006395
1986-06-05,0.007010
1986-06-06,0.000081
1986-06-09,-0.023243
1986-06-10,-0.001584
1986-06-11,0.006470
1986-06-12,0.001493
1986-06-13,0.017558
1986-06-16,0.001628
1986-06-17,-0.007232
1986-06-18,0.002619
1986-06-19,-0.003796
1986-06-20,0.014423
1986-06-23,-0.009371
1986-06-24,0.007217
1986-06-25,0.007691
1986-06-26,-0.000763
1986-06-27,0.003457
1986-06-30,0.004968
1986-07-01,0.004784
1986-07-02,0.002619
1986-07-03,-0.003601
1986-07-07,-0.030740
1986-07-08,-0.010080
1986-07-09,0.005091
1986-07-10,0.000782
1986-07-11,-0.003251
1986-07-14,-0.016968
1986-07-15,-0.018689
1986-07-16,0.005778
1986-07-17,0.004510
1986-07-18,0.001228
1986-07-21,-0.000508
1986-07-22,0.008212
1986-07-23,0.002057
1986-07-24,-0.003017
1986-07-25,0.009540
1986-07-28,-0.017526
1986-07-29,-0.006186
1986-07-30,0.008698
1986-07-31,-0.001987
1986-08-01,-0.005125
1986-08-04,0.004598
1986-08-05,0.004407
1986-08-06,-0.000802
1986-08-07,0.000844
1986-08-08,-0.000675
1986-08-11,0.016042
1986-08-12,0.011052
1986-08-13,0.009575
1986-08-14,0.002361
1986-08-15,0.003655
1986-08-18,0.000931
1986-08-19,-0.003517
1986-08-20,0.013225
1986-08-21,-0.000400
1986-08-22,0.002083
1986-08-25,-0.009513
1986-08-26,0.020298
1986-08-27,0.001819
1986-08-28,-0.001816
1986-08-29,0.000356
1986-09-02,-0.017436
1986-09-03,0.006277
1986-09-04,0.014995
1986-09-05,-0.013237
1986-09-08,-0.009303
1986-09-09,-0.001894
1986-09-10,-0.002463
1986-09-11,-0.048085
1986-09-12,-0.019177
1986-09-15,0.005506
1986-09-16,-0.000949
1986-09-17,-0.000173
1986-09-18,0.002719
1986-09-19,-0.000430
1986-09-22,0.011714
1986-09-23,0.003150
1986-09-24,0.002588
1986-09-25,-0.018834
1986-09-26,0.001725
1986-09-29,-0.009990
1986-09-30,0.006133
1986-10-01,0.009856
1986-10-02,0.001370
1986-10-03,-0.000898
1986-10-06,0.004578
1986-10-07,-0.001576
1986-10-08,0.009684
1986-10-09,-0.003507
1986-10-10,-0.001569
1986-10-13,0.001826
1986-10-14,-0.002289
1986-10-15,0.014573
1986-10-16,0.003057
1986-10-17,-0.002881
1986-10-20,-0.012016
1986-10-21,-0.000381
1986-10-22,0.001611
1986-10-23,0.012783
1986-10-24,-0.004263
1986-10-27,0.002141
1986-10-28,0.002052
1986-10-29,0.007022
1986-10-30,0.011497
1986-10-31,0.001108
1986-11-03,0.007460
1986-11-04,0.001627
1986-11-05,0.001543
1986-11-06,-0.002879
1986-11-07,-0.000407
1986-11-10,0.001465
1986-11-11,0.003860
1986-11-12,-0.001781
1986-11-13,-0.014677
1986-11-14,0.006090
1986-11-17,-0.005276
1986-11-18,-0.026438
1986-11-19,0.003717
1986-11-20,0.018472
1986-11-21,0.015741
1986-11-24,0.006467
1986-11-25,0.002910
1986-11-26,0.002418
1986-11-28,0.001809
1986-12-01,-0.000682
1986-12-02,0.019876
1986-12-03,-0.000591
1986-12-04,-0.003191
1986-12-05,-0.007390
1986-12-08,-0.000040
1986-12-09,-0.007485
1986-12-10,0.006739
1986-12-11,-0.011117
1986-12-12,-0.003304
1986-12-15,0.003477
1986-12-16,0.007373
1986-12-17,-0.009918
1986-12-18,-0.003151
1986-12-19,0.011954
1986-12-22,-0.003924
1986-12-23,-0.009688
1986-12-24,0.001664
1986-12-26,0.000689
1986-12-29,-0.009112
1986-12-30,-0.005313
1986-12-31,-0.004931
1987-01-02,0.017674
1987-01-05,0.023291
1987-01-06,0.002340
1987-01-07,0.010088
1987-01-08,0.007637
1987-01-09,0.005636
1987-01-12,0.006068
1987-01-13,-0.001345
1987-01-14,0.010348
1987-01-15,0.010851
1987-01-16,0.002976
1987-01-19,0.011492
1987-01-20,-0.001114
1987-01-21,-0.004460
1987-01-22,0.022663
1987-01-23,-0.013910
1987-01-26,-0.001814
1987-01-27,0.015356
1987-01-28,0.006027
1987-01-29,-0.004212
1987-01-30,-0.000583
1987-02-02,0.008647
1987-02-03,-0.001664
1987-02-04,0.013225
1987-02-05,0.005436
1987-02-06,-0.003983
1987-02-09,-0.006713
1987-02-10,-0.011109
1987-02-11,0.008980
1987-02-12,-0.006918
1987-02-13,0.014803
1987-02-17,0.020701
1987-02-18,-0.000245
1987-02-19,0.000526
1987-02-20,-0.000315
1987-02-23,-0.010859
1987-02-24,0.001771
1987-02-25,0.003959
1987-02-26,-0.003662
1987-02-27,0.004382
1987-03-02,-0.004222
1987-03-03,0.003958
1987-03-04,0.015838
1987-03-05,0.006583
1987-03-06,0.000482
1987-03-09,-0.008119
1987-03-10,0.008880
1987-03-11,-0.001891
1987-03-12,0.003135
1987-03-13,-0.004567
1987-03-16,-0.005726
1987-03-17,0.014710
1987-03-18,0.001060
1987-03-19,0.004440
1987-03-20,0.013908
1987-03-23,0.010028
1987-03-24,0.001594
1987-03-25,-0.004177
1987-03-26,0.001831
1987-03-27,-0.015951
1987-03-30,-0.023402
1987-03-31,0.008645
1987-04-01,0.002365
1987-04-02,0.004241
1987-04-03,0.023090
1987-04-06,0.005126
1987-04-07,-0.017420
1987-04-08,0.001921
1987-04-09,-0.014802
1987-04-10,-0.001263
1987-04-13,-0.023488
1987-04-14,-0.022617
1987-04-15,0.018914
1987-04-16,0.008684
1987-04-20,-0.002858
1987-04-21,0.024398
1987-04-22,-0.020063
1987-04-23,-0.001288
1987-04-24,-0.018478
1987-04-27,0.001101
1987-04-28,0.002413
1987-04-29,0.007292
1987-04-30,0.013318
1987-05-01,-0.001144
1987-05-04,0.004618
1987-05-05,0.020666
1987-05-06,0.000440
1987-05-07,-0.002572
1987-05-08,-0.004547
1987-05-11,-0.006136
1987-05-12,0.005933
1987-05-13,0.002318
1987-05-14,0.000884
1987-05-15,-0.023144
1987-05-18,-0.002714
1987-05-19,-0.024525
1987-05-20,-0.005043
1987-05-21,0.007045
1987-05-22,0.007103
1987-05-26,0.024631
1987-05-27,-0.001314
1987-05-28,0.007031
1987-05-29,-0.002270
1987-06-01,-0.000931
1987-06-02,-0.004727
1987-06-03,0.017368
1987-06-04,0.005520
1987-06-05,-0.005558
1987-06-08,0.011143
1987-06-09,0.001887
1987-06-10,0.000639
1987-06-11,0.004236
1987-06-12,0.009674
1987-06-15,0.005039
1987-06-16,0.005344
1987-06-17,0.000164
1987-06-18,0.002887
1987-06-19,0.004187
1987-06-22,0.008730
1987-06-23,-0.003940
1987-06-24,-0.005090
1987-06-25,0.006844
1987-06-26,-0.005826
1987-06-29,0.002409
1987-06-30,-0.012666
1987-07-01,-0.003487
1987-07-02,0.008880
1987-07-06,-0.002323
1987-07-07,0.008133
1987-07-08,0.002895
1987-07-09,-0.002498
1987-07-10,0.002829
1987-07-13,-0.002464
1987-07-14,0.009915
1987-07-15,-0.000837
1987-07-16,0.007345
1987-07-17,0.006044
1987-07-20,-0.010172
1987-07-21,-0.009120
1987-07-22,-0.000259
1987-07-23,-0.002140
1987-07-24,0.004743
1987-07-27,0.004462
1987-07-28,0.005408
1987-07-29,0.010630
1987-07-30,0.007603
1987-07-31,0.001918
1987-08-03,-0.003421
1987-08-04,-0.004220
1987-08-05,0.007020
1987-08-06,0.011430
1987-08-07,0.002825
1987-08-10,0.015480
1987-08-11,0.016250
1987-08-12,-0.002820
1987-08-13,0.006799
1987-08-14,-0.001972
1987-08-17,0.000359
1987-08-18,-0.014546
1987-08-19,0.001762
1987-08-20,0.015190
1987-08-21,0.003166
1987-08-24,-0.007651
1987-08-25,0.010320
1987-08-26,-0.006533
1987-08-27,-0.009535
1987-08-28,-0.013097
1987-08-31,0.008439
1987-09-01,-0.019406
1987-09-02,-0.005318
1987-09-03,-0.004570
1987-09-04,-0.010962
1987-09-08,-0.009915
1987-09-09,0.001148
1987-09-10,0.010226
1987-09-11,0.015293
1987-09-14,0.003416
1987-09-15,-0.016528
1987-09-16,-0.009064
1987-09-17,0.000222
1987-09-18,-0.000222
1987-09-21,-0.013720
1987-09-22,0.028853
1987-09-23,0.005290
1987-09-24,-0.004577
1987-09-25,0.001376
1987-09-28,0.009495
1987-09-29,-0.004672
1987-09-30,0.000435
1987-10-01,0.017090
1987-10-02,0.002261
1987-10-05,0.000030
1987-10-06,-0.027006
1987-10-07,-0.002130
1987-10-08,-0.013750
1987-10-09,-0.009836
1987-10-12,-0.005401
1987-10-13,0.016581
1987-10-14,-0.029537
1987-10-15,-0.023425
1987-10-16,-0.051597
1987-10-19,-0.204669
1987-10-20,0.053327
1987-10-21,0.090994
1987-10-22,-0.039206
1987-10-23,-0.000121
1987-10-26,-0.082789
1987-10-27,0.024246
1987-10-28,0.000386
1987-10-29,0.049254
1987-10-30,0.028680
1987-11-02,0.015727
1987-11-03,-0.019277
1987-11-04,-0.007416
1987-11-05,0.022172
1987-11-06,-0.015993
1987-11-09,-0.028913
1987-11-10,-0.017149
1987-11-11,0.012134
1987-11-12,0.027367
1987-11-13,-0.011589
1987-11-16,0.004560
1987-11-17,-0.015075
1987-11-18,0.010328
1987-11-19,-0.022399
1987-11-20,0.008123
1987-11-23,0.004091
1987-11-24,0.013992
1987-11-25,-0.009294
1987-11-27,-0.015404
1987-11-30,-0.041774
1987-12-01,0.007382
1987-12-02,0.006250
1987-12-03,-0.035297
1987-12-04,-0.005728
1987-12-07,0.021615
1987-12-08,0.026884
1987-12-09,0.016943
1987-12-10,-0.022270
1987-12-11,0.007492
1987-12-14,0.029194
1987-12-15,0.002519
1987-12-16,0.021746
1987-12-17,-0.020558
1987-12-18,0.025434
1987-12-21,0.001525
1987-12-22,0.001643
1987-12-23,0.012843
1987-12-24,-0.004503
1987-12-28,-0.025593
1987-12-29,-0.003991
1987-12-30,0.013369
1987-12-31,-0.003147
1988-01-04,0.035859
1988-01-05,0.010510
1988-01-06,0.001005
1988-01-07,0.008421
1988-01-08,-0.067683
1988-01-11,0.016804
1988-01-12,-0.008364
1988-01-13,0.001589
1988-01-14,0.000285
1988-01-15,0.025094
1988-01-18,-0.000674
1988-01-19,-0.010164
1988-01-20,-0.026833
1988-01-21,0.002102
1988-01-22,0.013819
1988-01-25,0.023002
1988-01-26,-0.010311
1988-01-27,-0.000761
1988-01-28,0.015679
1988-01-29,0.014924
1988-02-01,-0.007897
1988-02-02,0.002078
1988-02-03,-0.013147
1988-02-04,0.000000
1988-02-05,-0.004956
1988-02-08,-0.007412
1988-02-09,0.010518
1988-02-10,0.019625
1988-02-11,-0.002766
1988-02-12,0.006564
1988-02-16,0.008539
1988-02-17,-0.002386
1988-02-18,-0.005015
1988-02-19,0.014346
1988-02-22,0.015405
1988-02-23,-0.002334
1988-02-24,-0.002226
1988-02-25,-0.010778
1988-02-26,0.003364
1988-02-29,0.020422
1988-03-01,-0.002240
1988-03-02,0.002844
1988-03-03,-0.000373
1988-03-04,-0.002165
1988-03-07,0.000299
1988-03-08,0.007667
1988-03-09,-0.001373
1988-03-10,-0.019401
1988-03-11,0.004169
1988-03-14,0.005397
1988-03-15,-0.000901
1988-03-16,0.009469
1988-03-17,0.009566
1988-03-18,-0.000369
1988-03-21,-0.008778
1988-03-22,0.000372
1988-03-23,0.000260
1988-03-24,-0.020676
1988-03-25,-0.018379
1988-03-28,-0.001741
1988-03-29,0.007789
1988-03-30,-0.007690
1988-03-31,0.003177
1988-04-04,-0.010815
1988-04-05,0.009450
1988-04-06,0.027001
1988-04-07,0.002524
1988-04-08,0.012286
1988-04-11,0.002709
1988-04-12,0.004479
1988-04-13,0.000737
1988-04-14,-0.043525
1988-04-15,0.000077
1988-04-18,-0.002156
1988-04-19,-0.004977
1988-04-20,-0.006940
1988-04-21,0.001132
1988-04-22,0.014507
1988-04-25,0.008918
1988-04-26,0.005601
1988-04-27,-0.000493
1988-04-28,-0.004511
1988-04-29,-0.004874
1988-05-02,0.000880
1988-05-03,0.005505
1988-05-04,-0.010190
1988-05-05,-0.005877
1988-05-06,-0.005062
1988-05-09,-0.003651
1988-05-10,0.004210
1988-05-11,-0.016730
1988-05-12,0.002132
1988-05-13,0.011542
1988-05-16,0.007516
1988-05-17,-0.012833
1988-05-18,-0.015819
1988-05-19,0.004854
1988-05-20,0.001782
1988-05-23,-0.008655
1988-05-24,0.010685
1988-05-25,0.000986
1988-05-26,0.003428
1988-05-27,-0.004752
1988-05-31,0.034488
1988-06-01,0.017280
1988-06-02,-0.005100
1988-06-03,0.004221
1988-06-06,0.002252
1988-06-07,-0.007040
1988-06-08,0.023947
1988-06-09,-0.004862
1988-06-10,0.003923
1988-06-13,0.000627
1988-06-14,0.010574
1988-06-15,0.000547
1988-06-16,-0.017052
1988-06-17,0.003373
1988-06-20,-0.006428
1988-06-21,0.010151
1988-06-22,0.014687
1988-06-23,-0.003047
1988-06-24,-0.003784
1988-06-27,-0.017240
1988-06-28,0.012079
1988-06-29,-0.004884
1988-06-30,0.009300
1988-07-01,-0.006289
1988-07-05,0.014828
1988-07-06,-0.013741
1988-07-07,-0.000882
1988-07-08,-0.006476
1988-07-11,0.001963
1988-07-12,-0.009980
1988-07-13,0.005488
1988-07-14,0.003490
1988-07-15,0.006623
1988-07-18,-0.005661
1988-07-19,-0.007541
1988-07-20,0.005699
1988-07-21,-0.012370
1988-07-22,-0.011850
1988-07-25,0.004478
1988-07-26,0.001927
1988-07-27,-0.010144
1988-07-28,0.013410
1988-07-29,0.022555
1988-08-01,0.000698
1988-08-02,-0.000551
1988-08-03,0.003382
1988-08-04,-0.003846
1988-08-05,-0.002868
1988-08-08,-0.004315
1988-08-09,-0.012927
1988-08-10,-0.017224
1988-08-11,0.003246
1988-08-12,-0.000761
1988-08-15,-0.014702
1988-08-16,0.007229
1988-08-17,0.000806
1988-08-18,0.000997
1988-08-19,-0.003026
1988-08-22,-0.012527
1988-08-23,0.000428
1988-08-24,0.015714
1988-08-25,-0.007468
1988-08-26,0.001929
1988-08-29,0.010205
1988-08-30,0.000686
1988-08-31,-0.003771
1988-09-01,-0.012121
1988-09-02,0.023728
1988-09-06,0.004197
1988-09-07,0.001054
1988-09-08,0.000038
1988-09-09,0.003611
1988-09-12,-0.001387
1988-09-13,0.003603
1988-09-14,0.007030
1988-09-15,-0.004382
1988-09-16,0.009398
1988-09-19,-0.006762
1988-09-20,0.003385
1988-09-21,0.001594
1988-09-22,-0.003627
1988-09-23,0.002155
1988-09-26,-0.003262
1988-09-27,-0.002306
1988-09-28,0.003057
1988-09-29,0.013044
1988-09-30,-0.002495
1988-10-03,-0.001949
1988-10-04,-0.002801
1988-10-05,0.004582
1988-10-06,0.001950
1988-10-07,0.020852
1988-10-10,0.000611
1988-10-11,-0.001114
1988-10-12,-0.014212
1988-10-13,0.004526
1988-10-14,0.001017
1988-10-17,0.003303
1988-10-18,0.010745
1988-10-19,-0.008626
1988-10-20,0.021338
1988-10-21,0.002757
1988-10-24,-0.004865
1988-10-25,0.000354
1988-10-26,-0.003541
1988-10-27,-0.014571
1988-10-28,0.004508
1988-10-31,0.001580
1988-11-01,0.000323
1988-11-02,0.000000
1988-11-03,0.000502
1988-11-04,-0.010351
1988-11-07,-0.008614
1988-11-08,0.004454
1988-11-09,-0.006615
1988-11-10,0.001317
1988-11-11,-0.021082
1988-11-14,-0.000746
1988-11-15,0.002316
1988-11-16,-0.016844
1988-11-17,0.002957
1988-11-18,0.007067
1988-11-21,-0.000938
1988-11-22,0.003719
1988-11-23,0.006699
1988-11-25,-0.006580
1988-11-28,0.005276
1988-11-29,0.008450
1988-11-30,0.010299
1988-12-01,-0.004421
1988-12-02,-0.002496
1988-12-05,0.011479
1988-12-06,0.009675
1988-12-07,0.001945
1988-12-08,-0.005609
1988-12-09,0.001663
1988-12-12,-0.001841
1988-12-13,-0.000759
1988-12-14,-0.003619
1988-12-15,-0.003741
1988-12-16,0.007328
1988-12-19,0.009483
1988-12-20,-0.005163
1988-12-21,-0.000324
1988-12-22,-0.001839
1988-12-23,0.003612
1988-12-27,-0.003743
1988-12-28,0.000903
1988-12-29,0.008373
1988-12-30,-0.006013
1989-01-03,-0.008678
1989-01-04,0.014965
1989-01-05,0.002076
1989-01-06,0.002357
1989-01-09,0.001105
1989-01-10,-0.002135
1989-01-11,0.005814
1989-01-12,0.004113
1989-01-13,0.002472
1989-01-16,0.000951
1989-01-17,-0.002076
1989-01-18,0.010510
1989-01-19,0.001291
1989-01-20,-0.000941
1989-01-23,-0.007431
1989-01-24,0.014025
1989-01-25,0.002253
1989-01-26,0.008819
1989-01-27,0.007302
1989-01-30,0.003982
1989-01-31,0.008407
1989-02-01,-0.001277
1989-02-02,-0.000841
1989-02-03,0.000438
1989-02-06,-0.003132
1989-02-07,0.012127
1989-02-08,-0.003271
1989-02-09,-0.008672
1989-02-10,-0.013646
1989-02-13,0.001781
1989-02-14,-0.002495
1989-02-15,0.008327
1989-02-16,0.001937
1989-02-17,0.006614
1989-02-21,-0.002628
1989-02-22,-0.017130
1989-02-23,0.003919
1989-02-24,-0.016846
1989-02-27,0.002403
1989-02-28,0.003613
1989-03-01,-0.006058
1989-03-02,0.009892
1989-03-03,0.004242
1989-03-06,0.012467
1989-03-07,-0.003188
1989-03-08,0.000715
1989-03-09,-0.000510
1989-03-10,-0.003572
1989-03-13,0.008331
1989-03-14,-0.000610
1989-03-15,0.005184
1989-03-16,0.009337
1989-03-17,-0.022542
1989-03-20,-0.009464
1989-03-21,0.004863
1989-03-22,-0.002883
1989-03-23,-0.005198
1989-03-27,0.005502
1989-03-28,0.003510
1989-03-29,0.002606
1989-03-30,0.000581
1989-03-31,0.008034
1989-04-03,0.005155
1989-04-04,-0.003644
1989-04-05,0.003149
1989-04-06,-0.003207
1989-04-07,0.006333
1989-04-10,-0.000168
1989-04-11,0.004645
1989-04-12,0.001675
1989-04-13,-0.008662
1989-04-14,0.016734
1989-04-17,0.001195
1989-04-18,0.014252
1989-04-19,0.003693
1989-04-20,-0.003126
1989-04-21,0.011170
1989-04-24,-0.002971
1989-04-25,-0.006285
1989-04-26,0.000587
1989-04-27,0.008634
1989-04-28,0.000194
1989-05-01,-0.001679
1989-05-02,-0.003235
1989-05-03,0.000130
1989-05-04,-0.001266
1989-05-05,-0.000520
1989-05-08,-0.005234
1989-05-09,-0.002647
1989-05-10,0.001999
1989-05-11,0.003761
1989-05-12,0.022447
1989-05-15,0.007392
1989-05-16,-0.002783
1989-05-17,0.006978
1989-05-18,0.001543
1989-05-19,0.010284
1989-05-22,0.002304
1989-05-23,-0.011367
1989-05-24,0.002576
1989-05-25,0.000094
1989-05-26,0.007582
1989-05-30,-0.007898
1989-05-31,0.004607
1989-06-01,0.004524
1989-06-02,0.011026
1989-06-05,-0.010721
1989-06-06,0.006863
1989-06-07,0.008358
1989-06-08,-0.000612
1989-06-09,-0.000184
1989-06-12,-0.001377
1989-06-13,-0.007142
1989-06-14,-0.000247
1989-06-15,-0.011580
1989-06-16,0.003968
1989-06-19,0.001680
1989-06-20,-0.001988
1989-06-21,-0.002397
1989-06-22,0.005741
1989-06-23,0.017622
1989-06-26,-0.004268
1989-06-27,0.005634
1989-06-28,-0.008008
1989-06-29,-0.018815
1989-06-30,-0.005318
1989-07-03,0.003931
1989-07-05,0.004417
1989-07-06,0.002838
1989-07-07,0.010449
1989-07-10,0.006648
1989-07-11,0.005228
1989-07-12,0.003133
1989-07-13,0.000424
1989-07-14,0.005728
1989-07-17,0.001808
1989-07-18,-0.003279
1989-07-19,0.013219
1989-07-20,-0.006612
1989-07-21,0.007166
1989-07-24,-0.006639
1989-07-25,0.000629
1989-07-26,0.012490
1989-07-27,0.011655
1989-07-28,0.000468
1989-07-31,0.011486
1989-08-01,-0.006733
1989-08-02,0.001716
1989-08-03,0.001162
1989-08-04,-0.002379
1989-08-07,0.015963
1989-08-08,-0.000172
1989-08-09,-0.006899
1989-08-10,0.003776
1989-08-11,-0.010079
1989-08-14,-0.004873
1989-08-15,0.004810
1989-08-16,0.002756
1989-08-17,-0.003501
1989-08-18,0.004587
1989-08-21,-0.015490
1989-08-22,0.001526
1989-08-23,0.010288
1989-08-24,0.019785
1989-08-25,-0.002845
1989-08-28,0.004479
1989-08-29,-0.006390
1989-08-30,0.002315
1989-08-31,0.002281
1989-09-01,0.006487
1989-09-05,-0.003308
1989-09-06,-0.009417
1989-09-07,-0.002548
1989-09-08,0.001177
1989-09-11,-0.003154
1989-09-12,0.002991
1989-09-13,-0.009292
1989-09-14,-0.006658
1989-09-15,0.005537
1989-09-18,0.004840
1989-09-19,-0.000519
1989-09-20,-0.000231
1989-09-21,-0.002222
1989-09-22,0.003905
1989-09-25,-0.008126
1989-09-26,0.000291
1989-09-27,0.002236
1989-09-28,0.010142
1989-09-29,0.001578
1989-10-02,0.004926
1989-10-03,0.010944
1989-10-04,0.006287
1989-10-05,0.000084
1989-10-06,0.005070
1989-10-09,0.002843
1989-10-10,-0.001862
1989-10-11,-0.005959
1989-10-12,-0.004482
1989-10-13,-0.061257
1989-10-16,0.027666
1989-10-17,-0.004929
1989-10-18,0.001759
1989-10-19,0.015713
1989-10-20,0.000086
1989-10-23,-0.006712
1989-10-24,-0.003277
1989-10-25,-0.003491
1989-10-26,-0.013343
1989-10-27,-0.008493
1989-10-30,0.000030
1989-10-31,0.015788
1989-11-01,0.002468
1989-11-02,-0.007972
1989-11-03,-0.002541
1989-11-06,-0.014839
1989-11-07,0.006614
1989-11-08,0.009976
1989-11-09,-0.004672
1989-11-10,0.007517
1989-11-13,0.001327
1989-11-14,-0.004594
1989-11-15,0.007545
1989-11-16,0.000117
1989-11-17,0.003024
1989-11-20,-0.006616
1989-11-21,0.000707
1989-11-22,0.006832
1989-11-24,0.006025
1989-11-27,0.004768
1989-11-28,0.000463
1989-11-29,-0.006276
1989-11-30,0.006956
1989-12-01,0.013411
1989-12-04,0.002225
1989-12-05,-0.005208
1989-12-06,-0.002946
1989-12-07,-0.002754
1989-12-08,0.003165
1989-12-11,-0.000373
1989-12-12,0.009095
1989-12-13,0.002900
1989-12-14,-0.005159
1989-12-15,-0.002479
1989-12-18,-0.018197
1989-12-19,-0.003579
1989-12-20,0.001110
1989-12-21,0.005659
1989-12-22,0.007657
1989-12-26,-0.001756
1989-12-27,0.005767
1989-12-28,0.005332
1989-12-29,0.007785
1990-01-02,0.017799
1990-01-03,-0.002586
1990-01-04,-0.008613
1990-01-05,-0.009756
1990-01-08,0.004514
1990-01-09,-0.011787
1990-01-10,-0.006607
1990-01-11,0.003513
1990-01-12,-0.024675
1990-01-15,-0.008619
1990-01-16,0.011128
1990-01-17,-0.009831
1990-01-18,0.002341
1990-01-19,0.002839
1990-01-22,-0.025859
1990-01-23,0.003723
1990-01-24,-0.004071
1990-01-25,-0.012657
1990-01-26,-0.000859
1990-01-29,-0.001842
1990-01-30,-0.006827
1990-01-31,0.018887
1990-02-01,-0.000881
1990-02-02,0.006478
1990-02-05,0.002810
1990-02-06,-0.006599
1990-02-07,0.012407
1990-02-08,-0.002367
1990-02-09,0.001982
1990-02-12,-0.010611
1990-02-13,0.002848
1990-02-14,0.002991
1990-02-15,0.008674
1990-02-16,-0.006480
1990-02-20,-0.014216
1990-02-21,-0.000976
1990-02-22,-0.006012
1990-02-23,-0.004759
1990-02-26,0.013944
1990-02-27,0.004838
1990-02-28,0.004936
1990-03-01,0.002561
1990-03-02,0.008415
1990-03-05,-0.005364
1990-03-06,0.012555
1990-03-07,-0.002900
1990-03-08,0.009853
1990-03-09,-0.006877
1990-03-12,0.002190
1990-03-13,-0.007884
1990-03-14,0.002589
1990-03-15,0.003562
1990-03-16,0.011359
1990-03-19,0.004738
1990-03-20,-0.005705
1990-03-21,-0.005358
1990-03-22,-0.011921
1990-03-23,0.004558
1990-03-26,0.001216
1990-03-27,0.011462
1990-03-28,0.001464
1990-03-29,-0.003538
1990-03-30,-0.002494
1990-04-02,-0.003648
1990-04-03,0.014585
1990-04-04,-0.007421
1990-04-05,-0.001055
1990-04-06,-0.001908
1990-04-09,0.003793
1990-04-10,0.002051
1990-04-11,-0.000439
1990-04-12,0.007078
1990-04-16,0.001162
1990-04-17,-0.000174
1990-04-18,-0.011489
1990-04-19,-0.007719
1990-04-20,-0.008785
1990-04-23,-0.012145
1990-04-24,-0.002084
1990-04-25,0.005055
1990-04-26,0.002680
1990-04-27,-0.011444
1990-04-30,0.005135
1990-05-01,0.004383
1990-05-02,0.006712
1990-05-03,0.003259
1990-05-04,0.008404
1990-05-07,0.006324
1990-05-08,0.004346
1990-05-09,0.002485
1990-05-10,0.002800
1990-05-11,0.023792
1990-05-14,0.007813
1990-05-15,-0.001325
1990-05-16,-0.000790
1990-05-17,0.001328
1990-05-18,0.000480
1990-05-21,0.009474
1990-05-22,0.001201
1990-05-23,0.002399
1990-05-24,-0.002449
1990-05-25,-0.010686
1990-05-29,0.017119
1990-05-30,0.000582
1990-05-31,0.001025
1990-06-01,0.005343
1990-06-04,0.011675
1990-06-05,-0.002069
1990-06-06,-0.004582
1990-06-07,-0.004959
1990-06-08,-0.012226
1990-06-11,0.008140
1990-06-12,0.012775
1990-06-13,-0.003686
1990-06-14,-0.005481
1990-06-15,0.000028
1990-06-18,-0.016616
1990-06-19,0.004455
1990-06-20,0.001757
1990-06-21,0.003815
1990-06-22,-0.013982
1990-06-25,-0.008778
1990-06-26,-0.000710
1990-06-27,0.008749
1990-06-28,0.007011
1990-06-29,0.001091
1990-07-02,0.004246
1990-07-03,0.001724
1990-07-05,-0.012439
1990-07-06,0.007704
1990-07-09,0.003069
1990-07-10,-0.008428
1990-07-11,0.013296
1990-07-12,0.011655
1990-07-13,0.005117
1990-07-16,0.004465
1990-07-17,-0.003876
1990-07-18,-0.008979
1990-07-19,0.003020
1990-07-20,-0.010155
1990-07-23,-0.017422
1990-07-24,0.001351
1990-07-25,0.003654
1990-07-26,-0.003304
1990-07-27,-0.006940
1990-07-30,0.005970
1990-07-31,0.001688
1990-08-01,-0.001769
1990-08-02,-0.011364
1990-08-03,-0.018835
1990-08-06,-0.030244
1990-08-07,0.001196
1990-08-08,0.010513
1990-08-09,0.004699
1990-08-10,-0.013002
1990-08-13,0.009895
1990-08-14,0.001623
1990-08-15,0.001974
1990-08-16,-0.022555
1990-08-17,-0.013719
1990-08-20,0.002074
1990-08-21,-0.020243
1990-08-22,-0.016498
1990-08-23,-0.029979
1990-08-24,0.014492
1990-08-27,0.031877
1990-08-28,-0.000311
1990-08-29,0.008869
1990-08-30,-0.016904
1990-08-31,0.012080
1990-09-04,0.001643
1990-09-05,0.004024
1990-09-06,-0.012115
1990-09-07,0.009174
1990-09-10,-0.005473
1990-09-11,-0.001834
1990-09-12,0.004672
1990-09-13,-0.012061
1990-09-14,-0.005712
1990-09-17,0.002967
1990-09-18,0.002612
1990-09-19,-0.006277
1990-09-20,-0.016172
1990-09-21,-0.000514
1990-09-24,-0.021618
1990-09-25,0.012049
1990-09-26,-0.010381
1990-09-27,-0.013407
1990-09-28,0.016879
1990-10-01,0.029048
1990-10-02,0.000857
1990-10-03,-0.012087
1990-10-04,0.004143
1990-10-05,-0.003806
1990-10-08,0.006356
1990-10-09,-0.026732
1990-10-10,-0.015438
1990-10-11,-0.016412
1990-10-12,0.015467
1990-10-15,0.010666
1990-10-16,-0.014214
1990-10-17,-0.000535
1990-10-18,0.023363
1990-10-19,0.022045
1990-10-22,0.007296
1990-10-23,-0.007625
1990-10-24,0.000768
1990-10-25,-0.007774
1990-10-26,-0.017603
1990-10-29,-0.009288
1990-10-30,0.007221
1990-10-31,-0.000197
1990-11-01,0.009934
1990-11-02,0.015732
1990-11-05,0.008786
1990-11-06,-0.009441
1990-11-07,-0.018003
1990-11-08,0.005229
1990-11-09,0.019928
1990-11-12,0.018295
1990-11-13,-0.005665
1990-11-14,0.008594
1990-11-15,-0.010549
1990-11-16,0.000315
1990-11-19,0.007001
1990-11-20,-0.012620
1990-11-21,0.002283
1990-11-23,-0.002943
1990-11-26,0.004475
1990-11-27,0.005024
1990-11-28,-0.000472
1990-11-29,-0.004812
1990-11-30,0.018330
1990-12-03,0.005835
1990-12-04,0.006942
1990-12-05,0.010939
1990-12-06,-0.002576
1990-12-07,-0.004011
1990-12-10,0.003478
1990-12-11,-0.007449
1990-12-12,0.011488
1990-12-13,-0.002574
1990-12-14,-0.007652
1990-12-17,-0.002448
1990-12-18,0.012361
1990-12-19,0.000454
1990-12-20,-0.000242
1990-12-21,0.004938
1990-12-24,-0.005576
1990-12-26,0.002880
1990-12-27,-0.007738
1990-12-28,0.001310
1990-12-31,0.004563
1991-01-02,-0.011417
1991-01-03,-0.013907
1991-01-04,-0.002827
1991-01-07,-0.017321
1991-01-08,-0.001712
1991-01-09,-0.010829
1991-01-10,0.009760
1991-01-11,0.002226
1991-01-14,-0.008692
1991-01-15,0.003968
1991-01-16,0.007777
1991-01-17,0.037322
1991-01-18,0.012989
1991-01-21,-0.003522
1991-01-22,-0.008307
1991-01-23,0.005787
1991-01-24,0.013840
1991-01-25,0.003853
1991-01-28,-0.000119
1991-01-29,-0.000565
1991-01-30,0.015096
1991-01-31,0.008859
1991-02-01,-0.002559
1991-02-04,0.015420
1991-02-05,0.008383
1991-02-06,0.019387
1991-02-07,-0.004329
1991-02-08,0.007938
1991-02-11,0.025685
1991-02-12,-0.008356
1991-02-13,0.009631
1991-02-14,-0.013007
1991-02-15,0.013289
1991-02-19,0.000894
1991-02-20,-0.011505
1991-02-21,-0.000466
1991-02-22,0.001863
1991-02-25,0.004403
1991-02-26,-0.012117
1991-02-27,0.013588
1991-02-28,-0.001822
1991-03-01,0.009263
1991-03-04,-0.003077
1991-03-05,0.020009
1991-03-06,-0.001460
1991-03-07,-0.000691
1991-03-08,-0.002554
1991-03-11,-0.005307
1991-03-12,-0.007856
1991-03-13,0.012269
1991-03-14,-0.002857
1991-03-15,0.000241
1991-03-18,-0.003962
1991-03-19,-0.014834
1991-03-20,0.003628
1991-03-21,-0.003642
1991-03-22,0.002455
1991-03-25,0.006395
1991-03-26,0.017495
1991-03-27,-0.002525
1991-03-28,-0.000346
1991-04-01,-0.010447
1991-04-02,0.022085
1991-04-03,-0.001476
1991-04-04,0.002190
1991-04-05,-0.011612
1991-04-08,0.008792
1991-04-09,-0.013469
1991-04-10,-0.001098
1991-04-11,0.012006
1991-04-12,0.007335
1991-04-15,0.002077
1991-04-16,0.016868
1991-04-17,0.007301
1991-04-18,-0.005097
1991-04-19,-0.010966
1991-04-22,-0.008459
1991-04-23,0.002126
1991-04-24,0.002619
1991-04-25,-0.009170
1991-04-26,-0.000606
1991-04-29,-0.014142
1991-04-30,0.004523
1991-05-01,0.013161
1991-05-02,0.000605
1991-05-03,0.000736
1991-05-06,-0.001891
1991-05-07,-0.007262
1991-05-08,0.003154
1991-05-09,0.012523
1991-05-10,-0.019596
1991-05-13,0.002715
1991-05-14,-0.013643
1991-05-15,-0.008207
1991-05-16,0.009822
1991-05-17,0.000537
1991-05-20,-0.000295
1991-05-21,0.008246
1991-05-22,0.002238
1991-05-23,-0.003243
1991-05-24,0.006721
1991-05-28,0.011788
1991-05-29,0.002225
1991-05-30,0.010894
1991-05-31,0.007417
1991-06-03,-0.004540
1991-06-04,-0.000825
1991-06-05,-0.006834
1991-06-06,-0.003791
1991-06-07,-0.010948
1991-06-10,-0.002267
1991-06-11,0.006551
1991-06-12,-0.011547
1991-06-13,0.002602
1991-06-14,0.012340
1991-06-17,-0.005650
1991-06-18,-0.004051
1991-06-19,-0.009245
1991-06-20,0.000880
1991-06-21,0.006206
1991-06-24,-0.018028
1991-06-25,-0.000782
1991-06-26,0.002536
1991-06-27,0.007562
1991-06-28,-0.008654
1991-07-01,0.018213
1991-07-02,-0.001191
1991-07-03,-0.010968
1991-07-05,0.002009
1991-07-08,0.010319
1991-07-09,-0.004842
1991-07-10,-0.000984
1991-07-11,0.003274
1991-07-12,0.008701
1991-07-15,0.005628
1991-07-16,-0.002223
1991-07-17,-0.000944
1991-07-18,0.010992
1991-07-19,-0.002984
1991-07-22,-0.003488
1991-07-23,-0.009037
1991-07-24,-0.002056
1991-07-25,0.006127
1991-07-26,-0.000079
1991-07-29,0.005828
1991-07-30,0.009239
1991-07-31,0.002896
1991-08-01,-0.001779
1991-08-02,0.000155
1991-08-05,-0.005475
1991-08-06,0.014439
1991-08-07,-0.000154
1991-08-08,-0.003175
1991-08-09,-0.005651
1991-08-12,0.002325
1991-08-13,0.004123
1991-08-14,0.000719
1991-08-15,-0.001462
1991-08-16,-0.009632
1991-08-19,-0.023627
1991-08-20,0.007863
1991-08-21,0.029413
1991-08-22,0.001895
1991-08-23,0.007257
1991-08-26,-0.000812
1991-08-27,-0.002006
1991-08-28,0.009108
1991-08-29,-0.000429
1991-08-30,-0.002623
1991-09-03,-0.008295
1991-09-04,-0.005559
1991-09-05,-0.002128
1991-09-06,-0.000103
1991-09-09,-0.001362
1991-09-10,-0.010320
1991-09-11,0.001378
1991-09-12,0.005843
1991-09-13,-0.009681
1991-09-16,0.005709
1991-09-17,-0.000726
1991-09-18,0.003735
1991-09-19,0.001602
1991-09-20,0.000929
1991-09-23,-0.005156
1991-09-24,0.004638
1991-09-25,-0.002141
1991-09-26,-0.001008
1991-09-27,-0.001527
1991-09-30,0.005079
1991-10-01,0.003455
1991-10-02,-0.002415
1991-10-03,-0.009762
1991-10-04,-0.008401
1991-10-07,-0.004564
1991-10-08,0.003083
1991-10-09,-0.010166
1991-10-10,0.009952
1991-10-11,0.002365
1991-10-14,0.013160
1991-10-15,0.011747
1991-10-16,0.004578
1991-10-17,-0.002240
1991-10-18,0.001480
1991-10-21,-0.006318
1991-10-22,-0.005615
1991-10-23,0.000284
1991-10-24,-0.007398
1991-10-25,-0.002259
1991-10-28,0.013847
1991-10-29,0.005032
1991-10-30,0.003781
1991-10-31,-0.001272
1991-11-01,-0.002905
1991-11-04,-0.002658
1991-11-05,-0.004023
1991-11-06,0.003241
1991-11-07,0.009616
1991-11-08,-0.002108
1991-11-11,0.000585
1991-11-12,0.009208
1991-11-13,0.001689
1991-11-14,-0.000654
1991-11-15,-0.036586
1991-11-18,0.006848
1991-11-19,-0.015107
1991-11-20,-0.002346
1991-11-21,0.004042
1991-11-22,-0.010314
1991-11-25,-0.002127
1991-11-26,0.006980
1991-11-27,-0.003731
1991-11-29,-0.003532
1991-12-02,0.016470
1991-12-03,-0.001154
1991-12-04,-0.002336
1991-12-05,-0.007051
1991-12-06,0.004531
1991-12-09,-0.002216
1991-12-10,-0.000952
1991-12-11,-0.000529
1991-12-12,0.010193
1991-12-13,0.007653
1991-12-16,-0.000026
1991-12-17,-0.004474
1991-12-18,0.001933
1991-12-19,-0.002503
1991-12-20,0.011816
1991-12-23,0.025269
1991-12-24,0.006325
1991-12-26,0.013798
1991-12-27,0.004002
1991-12-30,0.021355
1991-12-31,0.004697
1992-01-02,0.000408
1992-01-03,0.004985
1992-01-06,-0.003291
1992-01-07,-0.001340
1992-01-08,0.001677
1992-01-09,-0.001172
1992-01-10,-0.006010
1992-01-13,-0.001831
1992-01-14,0.014722
1992-01-15,0.000785
1992-01-16,-0.006084
1992-01-17,0.001554
1992-01-20,-0.005969
1992-01-21,-0.008935
1992-01-22,0.013305
1992-01-23,-0.007581
1992-01-24,0.001253
1992-01-27,-0.001179
1992-01-28,-0.000072
1992-01-29,-0.011134
1992-01-30,0.003144
1992-01-31,-0.006899
1992-02-03,0.001810
1992-02-04,0.010549
1992-02-05,-0.000024
1992-02-06,-0.000048
1992-02-07,-0.006597
1992-02-10,0.006519
1992-02-11,-0.000024
1992-02-12,0.008145
1992-02-13,-0.008247
1992-02-14,-0.002925
1992-02-18,-0.012364
1992-02-19,0.002160
1992-02-20,0.013815
1992-02-21,-0.005895
1992-02-24,0.001969
1992-02-25,-0.004415
1992-02-26,0.011938
1992-02-27,-0.003587
1992-02-28,-0.002803
1992-03-02,-0.000606
1992-03-03,0.000970
1992-03-04,-0.008526
1992-03-05,-0.006889
1992-03-06,-0.005092
1992-03-09,0.001904
1992-03-10,0.004146
1992-03-11,-0.007029
1992-03-12,-0.000347
1992-03-13,0.004828
1992-03-16,0.001355
1992-03-17,0.007850
1992-03-18,-0.001050
1992-03-19,0.001589
1992-03-20,0.003660
1992-03-23,-0.003380
1992-03-24,-0.002513
1992-03-25,-0.003326
1992-03-26,0.000834
1992-03-27,-0.010690
1992-03-30,-0.001239
1992-03-31,0.001712
1992-04-01,0.001338
1992-04-02,-0.009227
1992-04-03,0.002622
1992-04-06,0.010061
1992-04-07,-0.018566
1992-04-08,-0.008943
1992-04-09,0.015564
1992-04-10,0.009110
1992-04-13,0.004428
1992-04-14,0.015539
1992-04-15,0.009433
1992-04-16,-0.000553
1992-04-20,-0.014157
1992-04-21,0.000244
1992-04-22,-0.001097
1992-04-23,0.004368
1992-04-24,-0.006268
1992-04-27,-0.001394
1992-04-28,0.001616
1992-04-29,0.007113
1992-04-30,0.007111
1992-05-01,-0.005832
1992-05-04,0.010617
1992-05-05,-0.000168
1992-05-06,-0.000120
1992-05-07,-0.002255
1992-05-08,0.000481
1992-05-11,0.005865
1992-05-12,-0.005257
1992-05-13,0.000384
1992-05-14,-0.007948
1992-05-15,-0.007382
1992-05-18,0.006633
1992-05-19,0.008624
1992-05-20,-0.002354
1992-05-21,-0.006717
1992-05-22,0.003442
1992-05-26,-0.006304
1992-05-27,0.001847
1992-05-28,0.011088
1992-05-29,-0.003335
1992-06-01,0.004695
1992-06-02,-0.009106
1992-06-03,0.002636
1992-06-04,-0.003208
1992-06-05,0.000532
1992-06-08,-0.000290
1992-06-09,-0.007983
1992-06-10,-0.006853
1992-06-11,0.004420
1992-06-12,0.001736
1992-06-15,0.001293
1992-06-16,-0.004801
1992-06-17,-0.014841
1992-06-18,-0.003232
1992-06-19,0.006759
1992-06-22,-0.000669
1992-06-23,0.001587
1992-06-24,-0.000520
1992-06-25,-0.001758
1992-06-26,0.000819
1992-06-29,0.013608
1992-06-30,-0.001956
1992-07-01,0.011614
1992-07-02,-0.002688
1992-07-06,0.005027
1992-07-07,-0.011309
1992-07-08,0.002737
1992-07-09,0.009603
1992-07-10,0.000966
1992-07-13,0.000603
1992-07-14,0.006773
1992-07-15,-0.001389
1992-07-16,0.001055
1992-07-17,-0.004598
1992-07-20,-0.004499
1992-07-21,0.000024
1992-07-22,-0.006840
1992-07-23,0.002799
1992-07-24,-0.001165
1992-07-27,-0.000146
1992-07-28,0.014531
1992-07-29,0.011281
1992-07-30,0.004003
1992-07-31,0.000684
1992-08-03,0.002074
1992-08-04,-0.001717
1992-08-05,-0.005114
1992-08-06,-0.003790
1992-08-07,-0.004066
1992-08-10,0.001289
1992-08-11,-0.001240
1992-08-12,-0.002674
1992-08-13,-0.000120
1992-08-14,0.005219
1992-08-17,0.001977
1992-08-18,0.001426
1992-08-19,-0.007500
1992-08-20,0.000191
1992-08-21,-0.008153
1992-08-24,-0.009955
1992-08-25,0.002167
1992-08-26,0.004616
1992-08-27,0.000048
1992-08-28,0.003168
1992-08-31,-0.001953
1992-09-01,0.004927
1992-09-02,0.004591
1992-09-03,0.000000
1992-09-04,-0.002153
1992-09-08,-0.006330
1992-09-09,0.004633
1992-09-10,0.008622
1992-09-11,-0.000881
1992-09-14,0.013561
1992-09-15,-0.012933
1992-09-16,0.000357
1992-09-17,0.000024
1992-09-18,0.007144
1992-09-21,-0.001868
1992-09-22,-0.011844
1992-09-23,0.000719
1992-09-24,0.002467
1992-09-25,-0.009845
1992-09-28,0.005478
1992-09-29,0.000432
1992-09-30,0.002399
1992-10-01,-0.003614
1992-10-02,-0.013981
1992-10-05,-0.007065
1992-10-06,-0.000957
1992-10-07,-0.007196
1992-10-08,0.008658
1992-10-09,-0.012483
1992-10-12,0.011871
1992-10-13,0.004565
1992-10-14,0.000171
1992-10-15,0.000562
1992-10-16,0.005200
1992-10-19,0.007894
1992-10-20,0.001205
1992-10-21,0.000457
1992-10-22,-0.001852
1992-10-23,-0.001928
1992-10-26,0.009804
1992-10-27,0.000789
1992-10-28,0.003919
1992-10-29,0.001738
1992-10-30,-0.005180
1992-11-02,0.009721
1992-11-03,-0.006694
1992-11-04,-0.006692
1992-11-05,0.002949
1992-11-06,-0.001817
1992-11-09,0.002419
1992-11-10,0.000072
1992-11-11,0.008552
1992-11-12,0.001587
1992-11-13,-0.001041
1992-11-16,-0.004143
1992-11-17,-0.003352
1992-11-18,0.008539
1992-11-19,0.001797
1992-11-20,0.007176
1992-11-23,-0.003586
1992-11-24,0.005810
1992-11-25,0.003742
1992-11-27,0.002260
1992-11-30,0.002766
1992-12-01,-0.001321
1992-12-02,-0.002066
1992-12-03,0.000047
1992-12-04,0.005001
1992-12-07,0.007522
1992-12-08,0.003859
1992-12-09,-0.003066
1992-12-10,-0.002318
1992-12-11,-0.002094
1992-12-14,-0.002052
1992-12-15,-0.000624
1992-12-16,-0.002427
1992-12-17,0.009061
1992-12-18,0.013435
1992-12-21,-0.001314
1992-12-22,-0.000885
1992-12-23,-0.002907
1992-12-24,0.001686
1992-12-28,-0.001410
1992-12-29,-0.002664
1992-12-30,0.001918
1992-12-31,-0.007087
1993-01-04,-0.000757
1993-01-05,-0.002389
1993-01-06,0.000414
1993-01-07,-0.008722
1993-01-08,-0.003900
1993-01-11,0.004428
1993-01-12,0.000209
1993-01-13,0.004617
1993-01-14,0.006720
1993-01-15,0.002776
1993-01-18,-0.000709
1993-01-19,-0.003914
1993-01-20,-0.004045
1993-01-21,0.004892
1993-01-22,0.001424
1993-01-25,0.008943
1993-01-26,-0.000136
1993-01-27,-0.004182
1993-01-28,0.001255
1993-01-29,0.000274
1993-02-01,0.008524
1993-02-02,0.000090
1993-02-03,0.010484
1993-02-04,0.005277
1993-02-05,-0.001401
1993-02-08,-0.002406
1993-02-09,-0.005627
1993-02-10,0.002021
1993-02-11,0.003205
1993-02-12,-0.006880
1993-02-16,-0.024000
1993-02-17,-0.001406
1993-02-18,-0.003231
1993-02-19,0.005372
1993-02-22,0.002349
1993-02-23,-0.001011
1993-02-24,0.013960
1993-02-25,0.003334
1993-02-26,0.002351
1993-03-01,-0.003090
1993-03-02,0.013325
1993-03-03,0.003036
1993-03-04,-0.004274
1993-03-05,-0.002750
1993-03-08,0.019278
1993-03-09,-0.000682
1993-03-10,0.004247
1993-03-11,-0.005720
1993-03-12,-0.008574
1993-03-15,0.003557
1993-03-16,-0.000133
1993-03-17,-0.006779
1993-03-18,0.007986
1993-03-19,-0.003784
1993-03-22,-0.002888
1993-03-23,-0.000267
1993-03-24,-0.001538
1993-03-25,0.006271
1993-03-26,-0.006875
1993-03-29,0.006677
1993-03-30,0.002662
1993-03-31,-0.000664
1993-04-01,-0.003033
1993-04-02,-0.019787
1993-04-05,0.002039
1993-04-06,-0.002555
1993-04-07,0.003559
1993-04-08,-0.002010
1993-04-12,0.014779
1993-04-13,0.001896
1993-04-14,-0.001247
1993-04-15,-0.000580
1993-04-16,0.001204
1993-04-19,-0.003297
1993-04-20,-0.005274
1993-04-21,-0.003303
1993-04-22,-0.009400
1993-04-23,-0.005530
1993-04-26,-0.007986
1993-04-27,0.010310
1993-04-28,0.000023
1993-04-29,0.001986
1993-04-30,0.002962
1993-05-03,0.005157
1993-05-04,0.003594
1993-05-05,0.001058
1993-05-06,-0.002835
1993-05-07,-0.002143
1993-05-10,0.001108
1993-05-11,0.003523
1993-05-12,0.000990
1993-05-13,-0.012522
1993-05-14,0.000751
1993-05-17,0.001843
1993-05-18,-0.000114
1993-05-19,0.016465
1993-05-20,0.006748
1993-05-21,-0.010542
1993-05-24,0.004845
1993-05-25,0.001897
1993-05-26,0.010226
1993-05-27,-0.002272
1993-05-28,-0.004907
1993-06-01,0.008085
1993-06-02,0.000044
1993-06-03,-0.002997
1993-06-04,-0.005370
1993-06-07,-0.005266
1993-06-08,-0.006656
1993-06-09,0.002406
1993-06-10,-0.000897
1993-06-11,0.004221
1993-06-14,0.001006
1993-06-15,-0.003216
1993-06-16,0.002599
1993-06-17,0.002481
1993-06-18,-0.010835
1993-06-21,0.005725
1993-06-22,-0.000650
1993-06-23,-0.006144
1993-06-24,0.007739
1993-06-25,0.002194
1993-06-28,0.009495
1993-06-29,-0.002567
1993-06-30,-0.000355
1993-07-01,-0.003352
1993-07-02,-0.007082
1993-07-06,-0.009891
1993-07-07,0.003172
1993-07-08,0.013120
1993-07-09,-0.001137
1993-07-12,0.001897
1993-07-13,-0.001982
1993-07-14,0.004441
1993-07-15,-0.001911
1993-07-16,-0.007725
1993-07-19,0.000628
1993-07-20,0.002870
1993-07-21,-0.000291
1993-07-22,-0.005971
1993-07-23,0.005827
1993-07-26,0.004451
1993-07-27,-0.001893
1993-07-28,-0.002342
1993-07-29,0.006820
1993-07-30,-0.004686
1993-08-02,0.004508
1993-08-03,-0.001955
1993-08-04,-0.001625
1993-08-05,-0.000914
1993-08-06,0.001227
1993-08-09,0.004547
1993-08-10,-0.002818
1993-08-11,0.002247
1993-08-12,-0.003330
1993-08-13,0.002628
1993-08-16,0.004976
1993-08-17,0.001658
1993-08-18,0.006422
1993-08-19,0.000855
1993-08-20,-0.000592
1993-08-23,-0.002039
1993-08-24,0.009973
1993-08-25,0.000783
1993-08-26,0.001978
1993-08-27,-0.001085
1993-08-30,0.002953
1993-08-31,0.003594
1993-09-01,-0.000884
1993-09-02,-0.003994
1993-09-03,0.000087
1993-09-07,-0.006113
1993-09-08,-0.004078
1993-09-09,0.001861
1993-09-10,0.009224
1993-09-13,0.000736
1993-09-14,-0.004675
1993-09-15,0.003696
1993-09-16,-0.004701
1993-09-17,-0.001306
1993-09-20,-0.008238
1993-09-21,-0.004615
1993-09-22,0.007175
1993-09-23,0.003376
1993-09-24,-0.000240
1993-09-27,0.009112
1993-09-28,-0.000585
1993-09-29,-0.003077
1993-09-30,-0.002565
1993-10-01,0.005142
1993-10-04,0.000108
1993-10-05,-0.000303
1993-10-06,-0.000997
1993-10-07,-0.003386
1993-10-08,0.002461
1993-10-11,0.001238
1993-10-12,0.000521
1993-10-13,0.000802
1993-10-14,0.011571
1993-10-15,0.005719
1993-10-18,-0.002236
1993-10-19,-0.004782
1993-10-20,-0.000300
1993-10-21,-0.001523
1993-10-22,-0.004491
1993-10-25,0.002007
1993-10-26,0.000215
1993-10-27,0.000668
1993-10-28,0.006715
1993-10-29,0.000214
1993-11-01,0.002715
1993-11-02,-0.001407
1993-11-03,-0.011570
1993-11-04,-0.011943
1993-11-05,0.004547
1993-11-08,0.001393
1993-11-09,0.000261
1993-11-10,0.007364
1993-11-11,-0.002329
1993-11-12,0.005944
1993-11-15,-0.003524
1993-11-16,0.006447
1993-11-17,-0.004135
1993-11-18,-0.002560
1993-11-19,-0.002200
1993-11-22,-0.007501
1993-11-23,0.004138
1993-11-24,0.002885
1993-11-26,0.001514
1993-11-29,-0.002505
1993-11-30,-0.000238
1993-12-01,0.000217
1993-12-02,0.002641
1993-12-03,0.003844
1993-12-06,0.003313
1993-12-07,0.000708
1993-12-08,-0.001007
1993-12-09,-0.004525
1993-12-10,-0.000539
1993-12-13,0.003815
1993-12-14,-0.005669
1993-12-15,-0.002635
1993-12-16,0.003248
1993-12-17,0.006561
1993-12-20,-0.001136
1993-12-21,-0.001181
1993-12-22,0.004341
1993-12-23,0.000128
1993-12-27,0.006761
1993-12-28,0.000850
1993-12-29,-0.000764
1993-12-30,-0.004123
1993-12-31,-0.004673
1994-01-03,-0.002165
1994-01-04,0.003115
1994-01-05,0.001414
1994-01-06,-0.000920
1994-01-07,0.005951
1994-01-10,0.011428
1994-01-11,-0.002399
1994-01-12,0.000084
1994-01-13,-0.003585
1994-01-14,0.005164
1994-01-17,-0.003390
1994-01-18,0.002007
1994-01-19,0.000105
1994-01-20,0.001434
1994-01-21,-0.000547
1994-01-24,-0.005793
1994-01-25,-0.002225
1994-01-26,0.004842
1994-01-27,0.008136
1994-01-28,0.003459
1994-01-31,0.006079
1994-02-01,-0.004132
1994-02-02,0.004962
1994-02-03,-0.002676
1994-02-04,-0.022675
1994-02-07,0.004151
1994-02-08,-0.001484
1994-02-09,0.003630
1994-02-10,-0.008122
1994-02-11,0.002666
1994-02-14,0.000106
1994-02-15,0.004870
1994-02-16,0.000571
1994-02-17,-0.005182
1994-02-18,-0.005634
1994-02-22,0.008061
1994-02-23,-0.001633
1994-02-24,-0.013661
1994-02-25,0.003899
1994-02-28,0.002296
1994-03-01,-0.005780
1994-03-02,0.000797
1994-03-03,-0.003873
1994-03-04,0.003736
1994-03-07,0.004669
1994-03-08,-0.002206
1994-03-09,0.002533
1994-03-10,-0.006766
1994-03-11,0.005475
1994-03-14,0.002037
1994-03-15,-0.000813
1994-03-16,0.005160
1994-03-17,0.003153
1994-03-18,0.000340
1994-03-21,-0.005350
1994-03-22,0.000555
1994-03-23,-0.000555
1994-03-24,-0.008943
1994-03-25,-0.008119
1994-03-28,-0.001259
1994-03-29,-0.016348
1994-03-30,-0.015316
1994-03-31,0.000494
1994-04-04,-0.015367
1994-04-05,0.021348
1994-04-06,-0.000535
1994-04-07,0.006316
1994-04-08,-0.008384
1994-04-11,0.006195
1994-04-12,-0.005113
1994-04-13,-0.002927
1994-04-14,0.000269
1994-04-15,-0.000448
1994-04-18,-0.008337
1994-04-19,0.000181
1994-04-20,-0.001311
1994-04-21,0.015318
1994-04-22,-0.002451
1994-04-25,0.011349
1994-04-26,-0.001855
1994-04-28,-0.006130
1994-04-29,0.004030
1994-05-02,0.004679
1994-05-03,0.000022
1994-05-04,-0.002892
1994-05-05,-0.000753
1994-05-06,-0.007887
1994-05-09,-0.012282
1994-05-10,0.008342
1994-05-11,-0.010134
1994-05-12,0.005119
1994-05-13,0.000879
1994-05-16,0.000788
1994-05-17,0.010979
1994-05-18,0.009613
1994-05-19,0.006150
1994-05-20,-0.003417
1994-05-23,-0.003781
1994-05-24,0.003553
1994-05-25,0.003364
1994-05-26,0.001578
1994-05-27,0.000591
1994-05-31,-0.001793
1994-06-01,0.002453
1994-06-02,0.000044
1994-06-03,0.005419
1994-06-06,-0.002717
1994-06-07,-0.001460
1994-06-08,-0.002510
1994-06-09,0.001750
1994-06-10,0.001769
1994-06-13,0.000937
1994-06-14,0.007123
1994-06-15,-0.003806
1994-06-16,0.002866
1994-06-17,-0.007534
1994-06-20,-0.006478
1994-06-21,-0.009089
1994-06-22,0.003877
1994-06-23,-0.007636
1994-06-24,-0.015190
1994-06-27,0.010185
1994-06-28,-0.002772
1994-06-29,0.003497
1994-06-30,-0.007506
1994-07-01,0.004344
1994-07-05,0.000381
1994-07-06,-0.000538
1994-07-07,0.005043
1994-07-08,0.002609
1994-07-11,-0.003314
1994-07-12,-0.000246
1994-07-13,0.001741
1994-07-14,0.010429
1994-07-15,0.001654
1994-07-18,0.002334
1994-07-19,-0.002988
1994-07-20,-0.004980
1994-07-21,0.002236
1994-07-22,0.001105
1994-07-25,0.002516
1994-07-26,-0.001959
1994-07-27,-0.001743
1994-07-28,0.003690
1994-07-29,0.008828
1994-08-01,0.006023
1994-08-02,-0.000976
1994-08-03,0.001954
1994-08-04,-0.006631
1994-08-05,-0.002858
1994-08-08,0.001750
1994-08-09,0.000066
1994-08-10,0.005197
1994-08-11,-0.003085
1994-08-12,0.006690
1994-08-15,-0.001559
1994-08-16,0.008195
1994-08-17,0.000344
1994-08-18,-0.004300
1994-08-19,0.001101
1994-08-22,-0.002955
1994-08-23,0.004759
1994-08-24,0.009731
1994-08-25,-0.002025
1994-08-26,0.012220
1994-08-29,0.001667
1994-08-30,0.003118
1994-08-31,-0.001197
1994-09-01,-0.004900
1994-09-02,-0.004607
1994-09-06,0.001847
1994-09-07,-0.001844
1994-09-08,0.004565
1994-09-09,-0.010483
1994-09-12,-0.004208
1994-09-13,0.002810
1994-09-14,0.002738
1994-09-15,0.012820
1994-09-16,-0.007624
1994-09-19,-0.000722
1994-09-20,-0.015907
1994-09-21,-0.004100
1994-09-22,-0.000412
1994-09-23,-0.003469
1994-09-26,0.002502
1994-09-27,0.002669
1994-09-28,0.005973
1994-09-29,-0.005551
1994-09-30,0.001038
1994-10-03,-0.002096
1994-10-04,-0.015485
1994-10-05,-0.002354
1994-10-06,-0.002558
1994-10-07,0.006057
1994-10-10,0.008657
1994-10-11,0.014705
1994-10-12,-0.000687
1994-10-13,0.004984
1994-10-14,0.002800
1994-10-17,-0.000298
1994-10-18,-0.002772
1994-10-19,0.005602
1994-10-20,-0.007294
1994-10-21,-0.004198
1994-10-24,-0.008733
1994-10-25,0.001497
1994-10-26,0.002362
1994-10-27,0.007004
1994-10-28,0.017001
1994-10-31,-0.002997
1994-11-01,-0.008320
1994-11-02,-0.004078
1994-11-03,0.003001
1994-11-04,-0.012032
1994-11-07,0.001687
1994-11-08,0.005593
1994-11-09,-0.000494
1994-11-10,-0.002299
1994-11-11,-0.004307
1994-11-14,0.007981
1994-11-15,-0.002167
1994-11-16,0.001269
1994-11-17,-0.004403
1994-11-18,-0.004530
1994-11-21,-0.006891
1994-11-22,-0.017914
1994-11-23,-0.000333
1994-11-25,0.005245
1994-11-28,0.004135
1994-11-29,0.002224
1994-11-30,-0.003252
1994-12-01,-0.010514
1994-12-02,0.009757
1994-12-05,0.000066
1994-12-06,-0.000485
1994-12-07,-0.004149
1994-12-08,-0.012809
1994-12-09,0.003412
1994-12-12,0.005593
1994-12-13,0.001513
1994-12-14,0.010708
1994-12-15,0.000835
1994-12-16,0.007577
1994-12-19,-0.001940
1994-12-20,-0.001769
1994-12-21,0.005491
1994-12-22,0.000152
1994-12-23,0.000326
1994-12-27,0.005741
1994-12-28,-0.003481
1994-12-29,0.000673
1994-12-30,-0.004120
1995-01-03,-0.000348
1995-01-04,0.003485
1995-01-05,-0.000803
1995-01-06,0.000739
1995-01-09,0.000326
1995-01-10,0.001844
1995-01-11,-0.000022
1995-01-12,-0.000065
1995-01-13,0.009380
1995-01-16,0.007318
1995-01-17,0.001427
1995-01-18,-0.000723
1995-01-19,-0.005876
1995-01-20,-0.004647
1995-01-23,0.002238
1995-01-24,0.000086
1995-01-25,0.003392
1995-01-26,0.001883
1995-01-27,0.004420
1995-01-30,-0.003997
1995-01-31,0.004077
1995-02-01,-0.000043
1995-02-02,0.005081
1995-02-03,0.012395
1995-02-06,0.005202
1995-02-07,-0.000686
1995-02-08,0.000790
1995-02-09,-0.002078
1995-02-10,0.002645
1995-02-13,0.000395
1995-02-14,0.001869
1995-02-15,0.004124
1995-02-16,0.001403
1995-02-17,-0.006698
1995-02-21,0.001556
1995-02-22,0.004868
1995-02-23,0.003793
1995-02-24,0.002773
1995-02-27,-0.009114
1995-02-28,0.007400
1995-03-01,-0.003570
1995-03-02,-0.001071
1995-03-03,0.000598
1995-03-06,0.000433
1995-03-07,-0.007228
1995-03-08,0.002116
1995-03-09,0.000041
1995-03-10,0.013267
1995-03-13,0.000980
1995-03-14,0.005795
1995-03-15,-0.002049
1995-03-16,0.007177
1995-03-17,0.000222
1995-03-20,0.001251
1995-03-21,-0.002157
1995-03-22,0.001212
1995-03-23,0.000565
1995-03-24,0.010122
1995-03-27,0.004451
1995-03-28,0.001391
1995-03-29,-0.001548
1995-03-30,-0.001789
1995-03-31,-0.003007
1995-04-03,0.002277
1995-04-04,0.006755
1995-04-05,0.000653
1995-04-06,0.001009
1995-04-07,0.000672
1995-04-10,0.001165
1995-04-11,-0.002919
1995-04-12,0.003244
1995-04-13,0.004062
1995-04-17,-0.006088
1995-04-18,-0.001502
1995-04-19,-0.000890
1995-04-20,0.000733
1995-04-21,0.006333
1995-04-24,0.008653
1995-04-25,-0.001540
1995-04-26,0.001094
1995-04-27,0.001736
1995-04-28,0.002259
1995-05-01,-0.000874
1995-05-02,0.001167
1995-05-03,0.010916
1995-05-04,0.000115
1995-05-05,-0.000807
1995-05-08,0.007383
1995-05-09,-0.000763
1995-05-10,0.001528
1995-05-11,0.000019
1995-05-12,0.002250
1995-05-15,0.004167
1995-05-16,0.000853
1995-05-17,-0.002120
1995-05-18,-0.014211
1995-05-19,-0.000751
1995-05-22,0.008590
1995-05-23,0.009434
1995-05-24,0.000038
1995-05-25,-0.000038
1995-05-26,-0.009346
1995-05-30,-0.000134
1995-05-31,0.018755
1995-06-01,0.000169
1995-06-02,-0.001837
1995-06-05,0.005803
1995-06-06,-0.000093
1995-06-07,-0.004519
1995-06-08,-0.001463
1995-06-09,-0.008284
1995-06-12,0.005569
1995-06-13,0.009739
1995-06-14,0.000784
1995-06-15,0.001212
1995-06-16,0.005045
1995-06-19,0.009985
1995-06-20,-0.000440
1995-06-21,-0.001835
1995-06-22,0.013034
1995-06-23,-0.002468
1995-06-26,-0.010151
1995-06-27,-0.003124
1995-06-28,0.004240
1995-06-29,-0.001579
1995-06-30,0.001618
1995-07-03,0.004296
1995-07-05,0.000311
1995-07-06,0.012298
1995-07-07,0.004296
1995-07-10,0.001474
1995-07-11,-0.004325
1995-07-12,0.011013
1995-07-13,0.000196
1995-07-14,-0.001979
1995-07-17,0.005055
1995-07-18,-0.007570
1995-07-19,-0.013394
1995-07-20,0.004646
1995-07-21,0.000145
1995-07-24,0.005437
1995-07-25,0.008030
1995-07-26,0.000909
1995-07-27,0.006428
1995-07-28,-0.004052
1995-07-31,-0.001545
1995-08-01,-0.004306
1995-08-02,-0.001501
1995-08-03,-0.000089
1995-08-04,0.000340
1995-08-07,0.001950
1995-08-08,0.000643
1995-08-09,-0.001213
1995-08-10,-0.004038
1995-08-11,-0.004198
1995-08-14,0.008341
1995-08-15,-0.002090
1995-08-16,0.002506
1995-08-17,-0.001661
1995-08-18,0.000304
1995-08-21,-0.001967
1995-08-22,0.002526
1995-08-23,-0.004254
1995-08-24,0.000574
1995-08-25,0.004736
1995-08-28,-0.001875
1995-08-29,0.001699
1995-08-30,0.001643
1995-08-31,0.001711
1995-09-01,0.003488
1995-09-05,0.009453
1995-09-06,0.001757
1995-09-07,0.000210
1995-09-08,0.004191
1995-09-11,0.002148
1995-09-12,0.004530
1995-09-13,0.003920
1995-09-14,0.008363
1995-09-15,-0.000446
1995-09-18,-0.000994
1995-09-19,0.002454
1995-09-20,0.004399
1995-09-21,-0.006425
1995-09-22,-0.002178
1995-09-25,0.000138
1995-09-26,-0.000688
1995-09-27,-0.000636
1995-09-28,0.008313
1995-09-29,-0.002492
1995-10-02,-0.004603
1995-10-03,0.001066
1995-10-04,-0.001494
1995-10-05,0.001995
1995-10-06,-0.000240
1995-10-09,-0.007073
1995-10-10,-0.001470
1995-10-11,0.003359
1995-10-12,0.006282
1995-10-13,0.002401
1995-10-16,-0.002515
1995-10-17,0.006432
1995-10-18,0.001125
1995-10-19,0.005464
1995-10-20,-0.005401
1995-10-23,-0.004085
1995-10-24,0.002564
1995-10-25,-0.006973
1995-10-26,-0.009872
1995-10-27,0.005167
1995-10-30,0.006124
1995-10-31,-0.003000
1995-11-01,0.004678
1995-11-02,0.009414
1995-11-03,0.001441
1995-11-06,-0.003573
1995-11-07,-0.003637
1995-11-08,0.009193
1995-11-09,0.002620
1995-11-10,-0.000910
1995-11-13,-0.000709
1995-11-14,-0.005082
1995-11-15,0.007925
1995-11-16,0.005691
1995-11-17,0.004570
1995-11-20,-0.005366
1995-11-21,0.005680
1995-11-22,-0.003065
1995-11-24,0.002624
1995-11-27,0.002250
1995-11-28,0.008531
1995-11-29,0.001962
1995-11-30,-0.003736
1995-12-01,0.002660
1995-12-04,0.011038
1995-12-05,0.006518
1995-12-06,0.004047
1995-12-07,-0.006466
1995-12-08,0.002126
1995-12-11,0.003304
1995-12-12,-0.001194
1995-12-13,0.004703
1995-12-14,-0.007673
1995-12-15,-0.000940
1995-12-18,-0.015462
1995-12-19,0.008438
1995-12-20,-0.009789
1995-12-21,0.007509
1995-12-22,0.002392
1995-12-26,0.003840
1995-12-27,0.000374
1995-12-28,-0.000667
1995-12-29,0.002947
1996-01-02,0.007793
1996-01-03,0.000950
1996-01-04,-0.005826
1996-01-05,-0.001587
1996-01-08,0.002821
1996-01-09,-0.014568
1996-01-10,-0.018000
1996-01-11,0.007034
1996-01-12,-0.001460
1996-01-15,-0.003307
1996-01-16,0.014371
1996-01-17,-0.003402
1996-01-18,0.003084
1996-01-19,0.005902
1996-01-22,0.002566
1996-01-23,-0.000994
1996-01-24,0.011701
1996-01-25,-0.004726
1996-01-26,0.007439
1996-01-29,0.004183
1996-01-30,0.009500
1996-01-31,0.009315
1996-02-01,0.003836
1996-02-02,-0.004088
1996-02-05,0.008776
1996-02-06,0.007639
1996-02-07,0.005570
1996-02-08,0.009447
1996-02-09,0.000457
1996-02-12,0.007740
1996-02-13,-0.001421
1996-02-14,-0.007464
1996-02-15,-0.006498
1996-02-16,-0.005128
1996-02-20,-0.011312
1996-02-21,0.011629
1996-02-22,0.016602
1996-02-23,0.000334
1996-02-26,-0.013079
1996-02-27,-0.004950
1996-02-28,-0.003847
1996-02-29,-0.006700
1996-03-01,0.006152
1996-03-04,0.009994
1996-03-05,0.007652
1996-03-06,-0.005779
1996-03-07,0.002531
1996-03-08,-0.030827
1996-03-11,0.010292
1996-03-12,-0.004578
1996-03-13,0.002292
1996-03-14,0.003633
1996-03-15,0.000874
1996-03-18,0.017492
1996-03-19,-0.001471
1996-03-20,-0.002624
1996-03-21,-0.001215
1996-03-22,0.002203
1996-03-25,-0.000891
1996-03-26,0.004507
1996-03-27,-0.006218
1996-03-28,0.000046
1996-03-29,-0.005301
1996-04-01,0.012750
1996-04-02,0.002340
1996-04-03,0.000946
1996-04-04,-0.000030
1996-04-08,-0.017717
1996-04-09,-0.003182
1996-04-10,-0.013532
1996-04-11,-0.003662
1996-04-12,0.008761
1996-04-15,0.009078
1996-04-16,0.003907
1996-04-17,-0.005256
1996-04-18,0.003117
1996-04-19,0.002268
1996-04-22,0.004372
1996-04-23,0.005695
1996-04-24,-0.002164
1996-04-25,0.004153
1996-04-26,0.000904
1996-04-29,0.001071
1996-04-30,0.000015
1996-05-01,0.000627
1996-05-02,-0.017110
1996-05-03,-0.002720
1996-05-06,-0.001278
1996-05-07,-0.003979
1996-05-08,0.010200
1996-05-09,0.001039
1996-05-10,0.010303
1996-05-13,0.014446
1996-05-14,0.006183
1996-05-15,-0.000270
1996-05-16,-0.000857
1996-05-17,0.006107
1996-05-20,0.006339
1996-05-21,-0.000579
1996-05-22,0.008413
1996-05-23,-0.003567
1996-05-24,0.003713
1996-05-28,-0.009256
1996-05-29,-0.006397
1996-05-30,0.005644
1996-05-31,-0.003841
1996-06-03,-0.002152
1996-06-04,0.007309
1996-06-05,0.008743
1996-06-06,-0.007974
1996-06-07,0.000416
1996-06-10,-0.001708
1996-06-11,-0.001770
1996-06-12,-0.002876
1996-06-13,-0.001674
1996-06-14,-0.003099
1996-06-17,-0.001036
1996-06-18,-0.004661
1996-06-19,-0.000151
1996-06-20,0.000211
1996-06-21,0.007159
1996-06-24,0.003014
1996-06-25,-0.000553
1996-06-26,-0.006118
1996-06-27,0.006261
1996-06-28,0.003111
1996-07-01,0.007828
1996-07-02,-0.003359
1996-07-03,-0.001796
1996-07-05,-0.022249
1996-07-08,-0.007453
1996-07-09,0.003387
1996-07-10,0.002001
1996-07-11,-0.015837
1996-07-12,0.000805
1996-07-15,-0.025364
1996-07-16,-0.002271
1996-07-17,0.009071
1996-07-18,0.014967
1996-07-19,-0.007505
1996-07-22,-0.007765
1996-07-23,-0.010887
1996-07-24,-0.000351
1996-07-25,0.007213
1996-07-26,0.007494
1996-07-29,-0.007847
1996-07-30,0.006895
1996-07-31,0.007383
1996-08-01,0.015736
1996-08-02,0.019184
1996-08-05,-0.003411
1996-08-06,0.003256
1996-08-07,0.002687
1996-08-08,-0.002364
1996-08-09,-0.000740
1996-08-12,0.005543
1996-08-13,-0.008366
1996-08-14,0.002802
1996-08-15,0.000347
1996-08-16,0.004424
1996-08-19,0.002060
1996-08-20,-0.001335
1996-08-21,-0.000931
1996-08-22,0.008435
1996-08-23,-0.005442
1996-08-26,-0.004722
1996-08-27,0.003796
1996-08-28,-0.002386
1996-08-29,-0.011146
1996-08-30,-0.008229
1996-09-03,0.004187
1996-09-04,0.001359
1996-09-05,-0.009411
1996-09-06,0.009608
1996-09-09,0.012323
1996-09-10,0.000075
1996-09-11,0.005227
1996-09-12,0.005800
1996-09-13,0.013991
1996-09-16,0.005055
1996-09-17,-0.001521
1996-09-18,-0.002152
1996-09-19,0.002245
1996-09-20,0.005886
1996-09-23,-0.000786
1996-09-24,-0.001267
1996-09-25,0.000321
1996-09-26,0.000044
1996-09-27,0.000481
1996-09-30,0.001632
1996-10-01,0.002575
1996-10-02,0.007154
1996-10-03,-0.001772
1996-10-04,0.012529
1996-10-07,0.002737
1996-10-08,-0.003895
1996-10-09,-0.005566
1996-10-10,-0.003057
1996-10-11,0.008710
1996-10-14,0.004110
1996-10-15,-0.001379
1996-10-16,0.002619
1996-10-17,0.003663
1996-10-18,0.005417
1996-10-21,-0.001365
1996-10-22,-0.004621
1996-10-23,0.000991
1996-10-24,-0.007041
1996-10-25,-0.001951
1996-10-28,-0.005222
1996-10-29,0.006081
1996-10-30,-0.000855
1996-10-31,0.006235
1996-11-01,-0.002127
1996-11-04,0.004206
1996-11-05,0.010485
1996-11-06,0.014633
1996-11-07,0.004223
1996-11-08,0.004356
1996-11-11,0.001437
1996-11-12,-0.003156
1996-11-13,0.002152
1996-11-14,0.006497
1996-11-15,0.002365
1996-11-18,-0.000813
1996-11-19,0.006974
1996-11-20,0.002412
1996-11-21,-0.001613
1996-11-22,0.008051
1996-11-25,0.011085
1996-11-26,-0.001413
1996-11-27,-0.001270
1996-11-29,0.002675
1996-12-02,-0.000608
1996-12-03,-0.010944
1996-12-04,-0.004250
1996-12-05,-0.000966
1996-12-06,-0.006421
1996-12-09,0.013737
1996-12-10,-0.002961
1996-12-11,-0.009110
1996-12-12,-0.015431
1996-12-13,-0.000905
1996-12-16,-0.010513
1996-12-17,0.007018
1996-12-18,0.007575
1996-12-19,0.019438
1996-12-20,0.004170
1996-12-23,-0.002604
1996-12-24,0.005503
1996-12-26,0.006378
1996-12-27,0.001283
1996-12-30,-0.003885
1996-12-31,-0.017391
1997-01-02,-0.005036
1997-01-03,0.014952
1997-01-06,-0.000508
1997-01-07,0.007463
1997-01-08,-0.006399
1997-01-09,0.008605
1997-01-10,0.006160
1997-01-13,0.000013
1997-01-14,0.012311
1997-01-15,-0.002159
1997-01-16,0.003324
1997-01-17,0.008340
1997-01-20,0.000683
1997-01-21,0.007751
1997-01-22,0.004484
1997-01-23,-0.011027
1997-01-24,-0.009054
1997-01-27,-0.007138
1997-01-28,0.000000
1997-01-29,0.009778
1997-01-30,0.015107
1997-01-31,0.002538
1997-02-03,0.000725
1997-02-04,0.003216
1997-02-05,-0.013912
1997-02-06,0.002403
1997-02-07,0.012062
1997-02-10,-0.005231
1997-02-11,0.005296
1997-02-12,0.016692
1997-02-13,0.011273
1997-02-14,-0.004114
1997-02-18,0.009660
1997-02-19,-0.004655
1997-02-20,-0.011926
1997-02-21,-0.001283
1997-02-24,0.010614
1997-02-25,0.002246
1997-02-26,-0.007905
1997-02-27,-0.013169
1997-02-28,-0.005345
1997-03-03,0.005678
1997-03-04,-0.005482
1997-03-05,0.013958
1997-03-06,-0.004277
1997-03-07,0.008027
1997-03-10,0.010783
1997-03-11,-0.002839
1997-03-12,-0.008726
1997-03-13,-0.018278
1997-03-14,0.004572
1997-03-17,0.003202
1997-03-18,-0.007603
1997-03-19,-0.004926
1997-03-20,-0.003971
1997-03-21,0.001853
1997-03-24,0.008660
1997-03-25,-0.002301
1997-03-26,0.001812
1997-03-27,-0.021025
1997-03-31,-0.021657
1997-04-01,0.003328
1997-04-02,-0.012545
1997-04-03,0.000280
1997-04-04,0.010102
1997-04-07,0.005581
1997-04-08,0.005235
1997-04-09,-0.007205
1997-04-10,-0.002971
1997-04-11,-0.027283
1997-04-14,0.008242
1997-04-15,0.014777
1997-04-16,0.011673
1997-04-17,-0.002305
1997-04-18,0.005999
1997-04-21,-0.007790
1997-04-22,0.018728
1997-04-23,-0.001252
1997-04-24,-0.003180
1997-04-25,-0.007534
1997-04-28,0.009917
1997-04-29,0.027285
1997-04-30,0.009181
1997-05-01,-0.003507
1997-05-02,0.018083
1997-05-05,0.021243
1997-05-06,-0.002987
1997-05-07,-0.014666
1997-05-08,0.005689
1997-05-09,0.005510
1997-05-12,0.015616
1997-05-13,-0.005408
1997-05-14,0.003493
1997-05-15,0.006985
1997-05-16,-0.014408
1997-05-19,0.004242
1997-05-20,0.010069
1997-05-21,-0.002745
1997-05-22,-0.004396
1997-05-23,0.013606
1997-05-27,0.003164
1997-05-28,-0.002942
1997-05-29,-0.003694
1997-05-30,0.004976
1997-06-02,-0.002263
1997-06-03,-0.001040
1997-06-04,-0.006351
1997-06-05,0.003952
1997-06-06,0.017287
1997-06-09,0.005711
1997-06-10,0.002735
1997-06-11,0.004970
1997-06-12,0.015996
1997-06-13,0.011081
1997-06-16,0.000705
1997-06-17,0.000593
1997-06-18,-0.006004
1997-06-19,0.010044
1997-06-20,0.000791
1997-06-23,-0.022343
1997-06-24,0.020168
1997-06-25,-0.008200
1997-06-26,-0.005973
1997-06-27,0.004097
1997-06-30,-0.002434
1997-07-01,0.006654
1997-07-02,0.014590
1997-07-03,0.014258
1997-07-07,-0.005148
1997-07-08,0.007180
1997-07-09,-0.012201
1997-07-10,0.006876
1997-07-11,0.003174
1997-07-14,0.001855
1997-07-15,0.008036
1997-07-16,0.011699
1997-07-17,-0.005317
1997-07-18,-0.017507
1997-07-21,-0.002578
1997-07-22,0.023046
1997-07-23,0.002762
1997-07-24,0.003972
1997-07-25,-0.001585
1997-07-28,-0.002493
1997-07-29,0.006236
1997-07-30,0.010612
1997-07-31,0.002100
1997-08-01,-0.007492
1997-08-04,0.003336
1997-08-05,0.002178
1997-08-06,0.008348
1997-08-07,-0.009507
1997-08-08,-0.018556
1997-08-11,0.003706
1997-08-12,-0.011174
1997-08-13,-0.004868
1997-08-14,0.002983
1997-08-15,-0.025909
1997-08-18,0.012966
1997-08-19,0.014817
1997-08-20,0.014406
1997-08-21,-0.015223
1997-08-22,-0.001632
1997-08-25,-0.003660
1997-08-26,-0.007760
1997-08-27,0.000745
1997-08-28,-0.010977
1997-08-29,-0.004648
1997-09-02,0.031252
1997-09-03,0.000291
1997-09-04,0.003255
1997-09-05,-0.001955
1997-09-08,0.002314
1997-09-09,0.002599
1997-09-10,-0.015627
1997-09-11,-0.007007
1997-09-12,0.012404
1997-09-15,-0.004481
1997-09-16,0.028127
1997-09-17,-0.002792
1997-09-18,0.004549
1997-09-19,0.003399
1997-09-22,0.005176
1997-09-23,-0.003663
1997-09-24,-0.007826
1997-09-25,-0.006956
1997-09-26,0.007794
1997-09-29,0.008591
1997-09-30,-0.006357
1997-10-01,0.008582
1997-10-02,0.005286
1997-10-03,0.004758
1997-10-06,0.007938
1997-10-07,0.010723
1997-10-08,-0.009439
1997-10-09,-0.003306
1997-10-10,-0.003750
1997-10-13,0.001158
1997-10-14,0.002252
1997-10-15,-0.004700
1997-10-16,-0.010842
1997-10-17,-0.011610
1997-10-20,0.012127
1997-10-21,0.017444
1997-10-22,-0.003898
1997-10-23,-0.018379
1997-10-24,-0.009519
1997-10-27,-0.068667
1997-10-28,0.051164
1997-10-29,-0.002918
1997-10-30,-0.016841
1997-10-31,0.012106
1997-11-03,0.026645
1997-11-04,0.001885
1997-11-05,0.002126
1997-11-06,-0.005017
1997-11-07,-0.011215
1997-11-10,-0.006879
1997-11-11,0.002877
1997-11-12,-0.019290
1997-11-13,0.011811
1997-11-14,0.012753
1997-11-17,0.019228
1997-11-18,-0.008423
1997-11-19,0.006779
1997-11-20,0.015234
1997-11-21,0.004286
1997-11-24,-0.017049
1997-11-25,0.004384
1997-11-26,0.000862
1997-11-28,0.003951
1997-12-01,0.020274
1997-12-02,-0.003170
1997-12-03,0.005238
1997-12-04,-0.003757
1997-12-05,0.010986
1997-12-08,-0.001443
1997-12-09,-0.006708
1997-12-10,-0.006139
1997-12-11,-0.015313
1997-12-12,-0.001623
1997-12-15,0.010489
1997-12-16,0.004827
1997-12-17,-0.002583
1997-12-18,-0.010605
1997-12-19,-0.008919
1997-12-22,0.007309
1997-12-23,-0.015288
1997-12-24,-0.006836
1997-12-26,0.004031
1997-12-29,0.018047
1997-12-30,0.018335
1997-12-31,-0.000422
1998-01-02,0.004750
1998-01-05,0.002082
1998-01-06,-0.010736
1998-01-07,-0.002669
1998-01-08,-0.008257
1998-01-09,-0.029654
1998-01-12,0.012418
1998-01-13,0.013746
1998-01-14,0.006113
1998-01-15,-0.007527
1998-01-16,0.011339
1998-01-20,0.017774
1998-01-21,-0.007960
1998-01-22,-0.008004
1998-01-23,-0.005670
1998-01-26,-0.000658
1998-01-27,0.012613
1998-01-28,0.008710
1998-01-29,0.008215
1998-01-30,-0.005287
1998-02-02,0.021412
1998-02-03,0.004714
1998-02-04,0.000905
1998-02-05,-0.003337
1998-02-06,0.008889
1998-02-09,-0.001699
1998-02-10,0.008182
1998-02-11,0.000981
1998-02-12,0.004049
1998-02-13,-0.003955
1998-02-17,0.002617
1998-02-18,0.009113
1998-02-19,-0.003682
1998-02-20,0.005767
1998-02-23,0.003800
1998-02-24,-0.007302
1998-02-25,0.011974
1998-02-26,0.005533
1998-02-27,0.000639
1998-03-02,-0.001563
1998-03-03,0.004123
1998-03-04,-0.004458
1998-03-05,-0.011735
1998-03-06,0.019951
1998-03-09,-0.003202
1998-03-10,0.011346
1998-03-11,0.003965
1998-03-12,0.001357
1998-03-13,-0.001224
1998-03-16,0.009976
1998-03-17,0.001093
1998-03-18,0.004692
1998-03-19,0.003888
1998-03-20,0.008644
1998-03-23,-0.003284
1998-03-24,0.009219
1998-03-25,-0.003374
1998-03-26,-0.001016
1998-03-27,-0.004869
1998-03-30,-0.001725
1998-03-31,0.007499
1998-04-01,0.005809
1998-04-02,0.010703
1998-04-03,0.002402
1998-04-06,-0.001167
1998-04-07,-0.010558
1998-04-08,-0.007120
1998-04-09,0.008188
1998-04-13,-0.000882
1998-04-14,0.005461
1998-04-15,0.003200
1998-04-16,-0.009961
1998-04-17,0.013130
1998-04-20,0.000828
1998-04-21,0.002688
1998-04-22,0.003435
1998-04-23,-0.009694
1998-04-24,-0.010432
1998-04-27,-0.019280
1998-04-28,-0.001316
1998-04-29,0.008764
1998-04-30,0.015649
1998-05-01,0.008320
1998-05-04,0.000955
1998-05-05,-0.005855
1998-05-06,-0.009485
1998-05-07,-0.008851
1998-05-08,0.011871
1998-05-11,-0.001354
1998-05-12,0.008268
1998-05-13,0.002751
1998-05-14,-0.001332
1998-05-15,-0.007732
1998-05-18,-0.002625
1998-05-19,0.003346
1998-05-20,0.008598
1998-05-21,-0.003950
1998-05-22,-0.003741
1998-05-26,-0.014814
1998-05-27,-0.001636
1998-05-28,0.004907
1998-05-29,-0.006168
1998-06-01,0.000147
1998-06-02,0.002053
1998-06-03,-0.009596
1998-06-04,0.011175
1998-06-05,0.017382
1998-06-08,0.001670
1998-06-09,0.002411
1998-06-10,-0.005481
1998-06-11,-0.015913
1998-06-12,0.003892
1998-06-15,-0.019866
1998-06-16,0.009823
1998-06-17,0.017939
1998-06-18,-0.000659
1998-06-19,-0.005170
1998-06-22,0.002326
1998-06-23,0.014757
1998-06-24,0.011961
1998-06-25,-0.003178
1998-06-26,0.003471
1998-06-29,0.004668
1998-06-30,-0.004084
1998-07-01,0.012982
1998-07-02,-0.001863
1998-07-06,0.009499
1998-07-07,-0.002290
1998-07-08,0.010142
1998-07-09,-0.006696
1998-07-10,0.004980
1998-07-13,0.000739
1998-07-14,0.010633
1998-07-15,-0.002352
1998-07-16,0.007814
1998-07-17,0.002331
1998-07-20,-0.002233
1998-07-21,-0.016071
1998-07-22,-0.000850
1998-07-23,-0.020901
1998-07-24,0.000921
1998-07-27,0.005671
1998-07-28,-0.014844
1998-07-29,-0.004450
1998-07-30,0.015766
1998-07-31,-0.019493
1998-08-03,-0.007344
1998-08-04,-0.036245
1998-08-05,0.008684
1998-08-06,0.007583
1998-08-07,-0.000165
1998-08-10,-0.005792
1998-08-11,-0.013073
1998-08-12,0.014257
1998-08-13,-0.008587
1998-08-14,-0.011313
1998-08-17,0.019685
1998-08-18,0.016177
1998-08-19,-0.002851
1998-08-20,-0.005883
1998-08-21,-0.009546
1998-08-24,0.006437
1998-08-25,0.004338
1998-08-26,-0.007933
1998-08-27,-0.038370
1998-08-28,-0.014819
1998-08-31,-0.068014
1998-09-01,0.038609
1998-09-02,-0.003782
1998-09-03,-0.008299
1998-09-04,-0.008521
1998-09-08,0.050899
1998-09-09,-0.016864
1998-09-10,-0.025850
1998-09-11,0.029453
1998-09-14,0.020475
1998-09-15,0.007730
1998-09-16,0.007517
1998-09-17,-0.025452
1998-09-18,0.001197
1998-09-21,0.003725
1998-09-22,0.005606
1998-09-23,0.035411
1998-09-24,-0.021921
1998-09-25,0.001947
1998-09-28,0.003771
1998-09-29,0.000315
1998-09-30,-0.030514
1998-10-01,-0.030108
1998-10-02,0.016434
1998-10-05,-0.014004
1998-10-06,-0.004016
1998-10-07,-0.014128
1998-10-08,-0.011580
1998-10-09,0.026005
1998-10-12,0.013531
1998-10-13,-0.002917
1998-10-14,0.010786
1998-10-15,0.041739
1998-10-16,0.008516
1998-10-19,0.005651
1998-10-20,0.001450
1998-10-21,0.005630
1998-10-22,0.008001
1998-10-23,-0.007242
1998-10-26,0.001541
1998-10-27,-0.006509
1998-10-28,0.002581
1998-10-29,0.016703
1998-10-30,0.011732
1998-11-02,0.011769
1998-11-03,-0.000684
1998-11-04,0.007049
1998-11-05,0.013570
1998-11-06,0.006315
1998-11-09,-0.009474
1998-11-10,-0.001717
1998-11-11,-0.006461
1998-11-12,-0.002926
1998-11-13,0.007184
1998-11-16,0.009008
1998-11-17,0.003046
1998-11-18,0.004529
1998-11-19,0.007104
1998-11-20,0.009492
1998-11-23,0.021194
1998-11-24,-0.004393
1998-11-25,0.003280
1998-11-27,0.004567
1998-11-30,-0.024038
1998-12-01,0.010012
1998-12-02,-0.003429
1998-12-03,-0.018023
1998-12-04,0.023128
1998-12-07,0.009314
1998-12-08,-0.005321
1998-12-09,0.001786
1998-12-10,-0.015606
1998-12-11,0.001236
1998-12-14,-0.021655
1998-12-15,0.018954
1998-12-16,-0.000765
1998-12-17,0.015526
1998-12-18,0.006822
1998-12-21,0.012466
1998-12-22,0.000607
1998-12-23,0.020747
1998-12-24,-0.001848
1998-12-28,-0.000636
1998-12-29,0.013317
1998-12-30,-0.007956
1998-12-31,-0.002192
1999-01-04,-0.000919
1999-01-05,0.013582
1999-01-06,0.022140
1999-01-07,-0.002051
1999-01-08,0.004221
1999-01-11,-0.008792
1999-01-12,-0.019282
1999-01-13,-0.004123
1999-01-14,-0.017993
1999-01-15,0.025631
1999-01-19,0.007030
1999-01-20,0.003690
1999-01-21,-0.017078
1999-01-22,-0.008072
1999-01-25,0.007174
1999-01-26,0.014854
1999-01-27,-0.007299
1999-01-28,0.017858
1999-01-29,0.011277
1999-02-01,-0.005189
1999-02-02,-0.008649
1999-02-03,0.007987
1999-02-04,-0.018537
1999-02-05,-0.007281
1999-02-08,0.003526
1999-02-09,-0.022215
1999-02-10,0.006093
1999-02-11,0.024919
1999-02-12,-0.019066
1999-02-16,0.009544
1999-02-17,-0.014365
1999-02-18,0.010825
1999-02-19,0.001568
1999-02-22,0.026565
1999-02-23,-0.000755
1999-02-24,-0.013979
1999-02-25,-0.006694
1999-02-26,-0.005373
1999-03-01,-0.001752
1999-03-02,-0.008623
1999-03-03,0.001795
1999-03-04,0.015427
1999-03-05,0.023126
1999-03-08,0.005692
1999-03-09,-0.002253
1999-03-10,0.005469
1999-03-11,0.008424
1999-03-12,-0.002381
1999-03-15,0.009787
1999-03-16,-0.000673
1999-03-17,-0.006552
1999-03-18,0.014432
1999-03-19,-0.013110
1999-03-22,-0.001755
1999-03-23,-0.026885
1999-03-24,0.005110
1999-03-25,0.016869
1999-03-26,-0.005574
1999-03-29,0.021336
1999-03-30,-0.007190
1999-03-31,-0.011055
1999-04-01,0.005714
1999-04-05,0.021179
1999-04-06,-0.002445
1999-04-07,0.006829
1999-04-08,0.012880
1999-04-09,0.003252
1999-04-12,0.007632
1999-04-13,-0.006492
1999-04-14,-0.015839
1999-04-15,-0.004200
1999-04-16,-0.002918
1999-04-19,-0.022381
1999-04-20,0.012943
1999-04-21,0.022930
1999-04-22,0.016989
1999-04-23,-0.001450
1999-04-26,0.002351
1999-04-27,0.002029
1999-04-28,-0.008725
1999-04-29,-0.005981
1999-04-30,-0.005697
1999-05-03,0.014567
1999-05-04,-0.016706
1999-05-05,0.011494
1999-05-06,-0.011326
1999-05-07,0.009722
1999-05-10,-0.003494
1999-05-11,0.011423
1999-05-12,0.006189
1999-05-13,0.002610
1999-05-14,-0.021761
1999-05-17,0.001263
1999-05-18,-0.004606
1999-05-19,0.008183
1999-05-20,-0.004017
1999-05-21,-0.006379
1999-05-24,-0.017771
1999-05-25,-0.017028
1999-05-26,0.015852
1999-05-27,-0.017896
1999-05-28,0.015943
1999-06-01,-0.005823
1999-06-02,0.000425
1999-06-03,0.003653
1999-06-04,0.021708
1999-06-07,0.005099
1999-06-08,-0.012881
1999-06-09,0.000994
1999-06-10,-0.011997
1999-06-11,-0.007046
1999-06-14,0.000278
1999-06-15,0.005533
1999-06-16,0.022480
1999-06-17,0.007133
1999-06-18,0.002194
1999-06-21,0.004587
1999-06-22,-0.009726
1999-06-23,-0.002111
1999-06-24,-0.012963
1999-06-25,-0.000357
1999-06-28,0.012195
1999-06-29,0.015097
1999-06-30,0.015731
1999-07-01,0.006010
1999-07-02,0.007430
1999-07-06,-0.002228
1999-07-07,0.005576
1999-07-08,-0.001032
1999-07-09,0.006354
1999-07-12,-0.002979
1999-07-13,-0.003960
1999-07-14,0.003308
1999-07-15,0.008189
1999-07-16,0.006498
1999-07-19,-0.007845
1999-07-20,-0.021703
1999-07-21,0.001590
1999-07-22,-0.013282
1999-07-23,-0.002961
1999-07-26,-0.006765
1999-07-27,0.011189
1999-07-28,0.001878
1999-07-29,-0.017848
1999-07-30,-0.009180
1999-08-02,-0.000504
1999-08-03,-0.004420
1999-08-04,-0.012744
1999-08-05,0.006420
1999-08-06,-0.010215
1999-08-09,-0.001915
1999-08-10,-0.012614
1999-08-11,0.015998
1999-08-12,-0.002896
1999-08-13,0.022740
1999-08-16,0.002327
1999-08-17,0.010062
1999-08-18,-0.008422
1999-08-19,-0.006940
1999-08-20,0.009837
1999-08-23,0.017664
1999-08-24,0.002411
1999-08-25,0.013414
1999-08-26,-0.014315
1999-08-27,-0.010088
1999-08-30,-0.017986
1999-08-31,-0.002727
1999-09-01,0.008073
1999-09-02,-0.008985
1999-09-03,0.028906
1999-09-07,-0.005003
1999-09-08,-0.004665
1999-09-09,0.002611
1999-09-10,0.002968
1999-09-13,-0.005571
1999-09-14,-0.005833
1999-09-15,-0.013710
1999-09-16,0.000387
1999-09-17,0.012848
1999-09-20,0.000082
1999-09-21,-0.020928
1999-09-22,0.002241
1999-09-23,-0.022968
1999-09-24,-0.002382
1999-09-27,0.004658
1999-09-28,-0.000865
1999-09-29,-0.010786
1999-09-30,0.011306
1999-10-01,0.000078
1999-10-04,0.016986
1999-10-05,-0.002491
1999-10-06,0.018481
1999-10-07,-0.005855
1999-10-08,0.013949
1999-10-11,-0.000606
1999-10-12,-0.016604
1999-10-13,-0.020936
1999-10-14,-0.001657
1999-10-15,-0.028058
1999-10-18,0.005387
1999-10-19,0.005733
1999-10-20,0.022286
1999-10-21,-0.004514
1999-10-22,0.014054
1999-10-25,-0.006161
1999-10-26,-0.009060
1999-10-27,0.011545
1999-10-28,0.035266
1999-10-29,0.015263
1999-11-01,-0.006464
1999-11-02,-0.004712
1999-11-03,0.005335
1999-11-04,0.005690
1999-11-05,0.005570
1999-11-08,0.004948
1999-11-09,-0.008518
1999-11-10,0.005991
1999-11-11,0.005825
1999-11-12,0.010569
1999-11-15,-0.001196
1999-11-16,0.018417
1999-11-17,-0.006591
1999-11-18,0.010087
1999-11-19,-0.002063
1999-11-22,-0.000745
1999-11-23,-0.011471
1999-11-24,0.008856
1999-11-26,-0.000325
1999-11-29,-0.006205
1999-11-30,-0.013439
1999-12-01,0.006343
1999-12-02,0.008099
1999-12-03,0.017217
1999-12-06,-0.006956
1999-12-07,-0.009949
1999-12-08,-0.003754
1999-12-09,0.003013
1999-12-10,0.006342
1999-12-13,-0.001284
1999-12-14,-0.008515
1999-12-15,0.007234
1999-12-16,0.003863
1999-12-17,0.001586
1999-12-20,-0.002069
1999-12-21,0.010817
1999-12-22,0.001884
1999-12-23,0.015465
1999-12-27,-0.000850
1999-12-28,0.000384
1999-12-29,0.003979
1999-12-30,0.000690
1999-12-31,0.003264
2000-01-03,-0.009549
2000-01-04,-0.038345
2000-01-05,0.001922
2000-01-06,0.000956
2000-01-07,0.027090
2000-01-10,0.011190
2000-01-11,-0.013063
2000-01-12,-0.004386
2000-01-13,0.012170
2000-01-14,0.010671
2000-01-18,-0.006832
2000-01-19,0.000522
2000-01-20,-0.007095
2000-01-21,-0.002912
2000-01-24,-0.027634
2000-01-25,0.006065
2000-01-26,-0.004213
2000-01-27,-0.003938
2000-01-28,-0.027457
2000-01-31,0.025218
2000-02-01,0.010628
2000-02-02,-0.000114
2000-02-03,0.011248
2000-02-04,-0.000421
2000-02-07,-0.000091
2000-02-08,0.012273
2000-02-09,-0.020822
2000-02-10,0.003634
2000-02-11,-0.020969
2000-02-14,0.002033
2000-02-15,0.008713
2000-02-16,-0.010256
2000-02-17,0.000425
2000-02-18,-0.030376
2000-02-22,0.004517
2000-02-23,0.006301
2000-02-24,-0.005336
2000-02-25,-0.014829
2000-02-28,0.011017
2000-02-29,0.013627
2000-03-01,0.009346
2000-03-02,0.001863
2000-03-03,0.019837
2000-03-06,-0.012695
2000-03-07,-0.025631
2000-03-08,0.008173
2000-03-09,0.025602
2000-03-10,-0.004723
2000-03-13,-0.008207
2000-03-14,-0.017685
2000-03-15,0.024280
2000-03-16,0.047639
2000-03-17,0.004114
2000-03-20,-0.005353
2000-03-21,0.025566
2000-03-22,0.004532
2000-03-23,0.017799
2000-03-24,0.000072
2000-03-27,-0.002357
2000-03-28,-0.010585
2000-03-29,0.000524
2000-03-30,-0.013656
2000-03-31,0.007164
2000-04-03,0.004931
2000-04-04,-0.007464
2000-04-05,-0.004924
2000-04-06,0.009392
2000-04-07,0.009998
2000-04-10,-0.007841
2000-04-11,-0.002572
2000-04-12,-0.022271
2000-04-13,-0.018171
2000-04-14,-0.058278
2000-04-17,0.033084
2000-04-18,0.028663
2000-04-19,-0.009808
2000-04-20,0.004953
2000-04-24,-0.003262
2000-04-25,0.033276
2000-04-26,-0.011134
2000-04-27,0.002690
2000-04-28,-0.008526
2000-05-01,0.010892
2000-05-02,-0.014957
2000-05-03,-0.021566
2000-05-04,-0.003908
2000-05-05,0.016360
2000-05-08,-0.005905
2000-05-09,-0.008447
2000-05-10,-0.020600
2000-05-11,0.017902
2000-05-12,0.009341
2000-05-15,0.022098
2000-05-16,0.009419
2000-05-17,-0.012442
2000-05-18,-0.007315
2000-05-19,-0.021055
2000-05-22,-0.004428
2000-05-23,-0.019176
2000-05-24,0.018335
2000-05-25,-0.012530
2000-05-26,-0.002533
2000-05-30,0.032242
2000-05-31,-0.001301
2000-06-01,0.019858
2000-06-02,0.019637
2000-06-05,-0.006519
2000-06-06,-0.006671
2000-06-07,0.009274
2000-06-08,-0.006586
2000-06-09,-0.003229
2000-06-12,-0.007516
2000-06-13,0.016210
2000-06-14,0.000749
2000-06-15,0.005569
2000-06-16,-0.009650
2000-06-19,0.014708
2000-06-20,-0.006763
2000-06-21,0.002155
2000-06-22,-0.018220
2000-06-23,-0.007368
2000-06-26,0.009594
2000-06-27,-0.003271
2000-06-28,0.002944
2000-06-29,-0.008544
2000-06-30,0.008465
2000-07-03,0.010271
2000-07-05,-0.015862
2000-07-06,0.007219
2000-07-07,0.015261
2000-07-10,-0.002218
2000-07-11,0.003565
2000-07-12,0.008130
2000-07-13,0.001956
2000-07-14,0.009453
2000-07-17,0.000338
2000-07-18,-0.011089
2000-07-19,-0.007886
2000-07-20,0.009184
2000-07-21,-0.010284
2000-07-24,-0.010742
2000-07-25,0.006952
2000-07-26,-0.014955
2000-07-27,-0.001928
2000-07-28,-0.020509
2000-07-31,0.007705
2000-08-01,0.005081
2000-08-02,0.000417
2000-08-03,0.009634
2000-08-04,0.007139
2000-08-07,0.011204
2000-08-08,0.002352
2000-08-09,-0.006697
2000-08-10,-0.008568
2000-08-11,0.007937
2000-08-14,0.013398
2000-08-15,-0.004780
2000-08-16,-0.003085
2000-08-17,0.010961
2000-08-18,-0.002908
2000-08-21,0.005202
2000-08-22,-0.000900
2000-08-23,0.005233
2000-08-24,0.001554
2000-08-25,-0.001233
2000-08-28,0.005072
2000-08-29,-0.002807
2000-08-30,-0.004802
2000-08-31,0.010043
2000-09-01,0.002036
2000-09-05,-0.009002
2000-09-06,-0.009840
2000-09-07,0.006876
2000-09-08,-0.005331
2000-09-11,-0.003506
2000-09-12,-0.004882
2000-09-13,0.001970
2000-09-14,-0.002721
2000-09-15,-0.010170
2000-09-18,-0.014531
2000-09-19,0.010654
2000-09-20,-0.005863
2000-09-21,-0.001578
2000-09-22,-0.000228
2000-09-25,-0.006689
2000-09-26,-0.008214
2000-09-27,-0.000448
2000-09-28,0.022235
2000-09-29,-0.014935
2000-10-02,-0.000195
2000-10-03,-0.006803
2000-10-04,0.005510
2000-10-05,0.001367
2000-10-06,-0.019000
2000-10-09,-0.004940
2000-10-10,-0.010706
2000-10-11,-0.016171
2000-10-12,-0.025509
2000-10-13,0.033381
2000-10-16,0.000327
2000-10-17,-0.017932
2000-10-18,-0.005808
2000-10-19,0.034743
2000-10-20,0.005883
2000-10-23,-0.000823
2000-10-24,0.001684
2000-10-25,-0.023767
2000-10-26,-0.000337
2000-10-27,0.011096
2000-10-30,0.013830
2000-10-31,0.021978
2000-11-01,-0.005723
2000-11-02,0.004996
2000-11-03,-0.001141
2000-11-06,0.003855
2000-11-07,-0.000223
2000-11-08,-0.015777
2000-11-09,-0.006486
2000-11-10,-0.024398
2000-11-13,-0.010776
2000-11-14,0.023452
2000-11-15,0.004960
2000-11-16,-0.012584
2000-11-17,-0.003352
2000-11-20,-0.018352
2000-11-21,0.003523
2000-11-22,-0.018548
2000-11-24,0.014678
2000-11-27,0.005366
2000-11-28,-0.009548
2000-11-29,0.004371
2000-11-30,-0.020105
2000-12-01,0.000213
2000-12-04,0.007406
2000-12-05,0.038922
2000-12-06,-0.018220
2000-12-07,-0.005853
2000-12-08,0.019605
2000-12-11,0.007526
2000-12-12,-0.006535
2000-12-13,-0.008161
2000-12-14,-0.014015
2000-12-15,-0.021463
2000-12-18,0.008071
2000-12-19,-0.012958
2000-12-20,-0.031296
2000-12-21,0.008002
2000-12-22,0.024403
2000-12-26,0.007060
2000-12-27,0.010440
2000-12-28,0.003988
2000-12-29,-0.010448
2001-01-02,-0.028032
2001-01-03,0.050099
2001-01-04,-0.010552
2001-01-05,-0.026242
2001-01-08,-0.001918
2001-01-09,0.003812
2001-01-10,0.009586
2001-01-11,0.010318
2001-01-12,-0.006406
2001-01-16,0.006319
2001-01-17,0.002126
2001-01-18,0.013915
2001-01-19,-0.004028
2001-01-22,0.000268
2001-01-23,0.013032
2001-01-24,0.002867
2001-01-25,-0.004977
2001-01-26,-0.001886
2001-01-29,0.006805
2001-01-30,0.007008
2001-01-31,-0.005620
2001-02-01,0.005461
2001-02-02,-0.017474
2001-02-05,0.003587
2001-02-06,-0.001514
2001-02-07,-0.008408
2001-02-08,-0.006235
2001-02-09,-0.013336
2001-02-12,0.011827
2001-02-13,-0.008652
2001-02-14,-0.002184
2001-02-15,0.008124
2001-02-16,-0.018905
2001-02-20,-0.017357
2001-02-21,-0.018508
2001-02-22,-0.001952
2001-02-23,-0.005555
2001-02-26,0.017490
2001-02-27,-0.007660
2001-02-28,-0.014309
2001-03-01,0.001040
2001-03-02,-0.005680
2001-03-05,0.005858
2001-03-06,0.009981
2001-03-07,0.006452
2001-03-08,0.002259
2001-03-09,-0.024764
2001-03-12,-0.043181
2001-03-13,0.014829
2001-03-14,-0.025842
2001-03-15,0.005871
2001-03-16,-0.019624
2001-03-19,0.017627
2001-03-20,-0.024077
2001-03-21,-0.017924
2001-03-22,-0.004064
2001-03-23,0.019909
2001-03-26,0.011282
2001-03-27,0.025575
2001-03-28,-0.024430
2001-03-29,-0.004630
2001-03-30,0.010784
2001-04-02,-0.012462
2001-04-03,-0.034393
2001-04-04,-0.002901
2001-04-05,0.043680
2001-04-06,-0.019984
2001-04-09,0.008117
2001-04-10,0.027066
2001-04-11,-0.002131
2001-04-12,0.015104
2001-04-16,-0.003228
2001-04-17,0.010282
2001-04-18,0.038890
2001-04-19,0.012551
2001-04-20,-0.008551
2001-04-23,-0.014980
2001-04-24,-0.012161
2001-04-25,0.015941
2001-04-26,0.004696
2001-04-27,0.015010
2001-04-30,-0.002865
2001-05-01,0.013590
2001-05-02,0.000782
2001-05-03,-0.014873
2001-05-04,0.014440
2001-05-07,-0.002447
2001-05-08,-0.001828
2001-05-09,-0.004488
2001-05-10,-0.000287
2001-05-11,-0.007577
2001-05-14,0.002609
2001-05-15,0.000416
2001-05-16,0.028453
2001-05-17,0.002724
2001-05-18,0.002693
2001-05-21,0.016154
2001-05-22,-0.002628
2001-05-23,-0.015526
2001-05-24,0.003196
2001-05-25,-0.011816
2001-05-29,-0.007794
2001-05-30,-0.015655
2001-05-31,0.006202
2001-06-01,0.003862
2001-06-04,0.005108
2001-06-05,0.012990
2001-06-06,-0.010549
2001-06-07,0.005457
2001-06-08,-0.009397
2001-06-11,-0.008356
2001-06-12,0.001164
2001-06-13,-0.011347
2001-06-14,-0.017502
2001-06-15,-0.004517
2001-06-18,-0.004883
2001-06-19,0.003434
2001-06-20,0.008709
2001-06-21,0.011364
2001-06-22,-0.009450
2001-06-25,-0.005509
2001-06-26,-0.001510
2001-06-27,-0.004676
2001-06-28,0.012493
2001-06-29,-0.001452
2001-07-02,0.010037
2001-07-03,-0.001827
2001-07-05,-0.012321
2001-07-06,-0.023498
2001-07-09,0.006879
2001-07-10,-0.014398
2001-07-11,-0.001134
2001-07-12,0.023691
2001-07-13,0.006241
2001-07-16,-0.010883
2001-07-17,0.009971
2001-07-18,-0.005542
2001-07-19,0.006053
2001-07-20,-0.003432
2001-07-23,-0.016369
2001-07-24,-0.016272
2001-07-25,0.016080
2001-07-26,0.010449
2001-07-27,0.002402
2001-07-30,-0.001078
2001-07-31,0.005571
2001-08-01,0.003880
2001-08-02,0.003964
2001-08-03,-0.005243
2001-08-06,-0.011422
2001-08-07,0.003265
2001-08-08,-0.017328
2001-08-09,-0.000084
2001-08-10,0.005687
2001-08-13,0.000949
2001-08-14,-0.003828
2001-08-15,-0.007339
2001-08-16,0.003090
2001-08-17,-0.016663
2001-08-20,0.008124
2001-08-21,-0.012079
2001-08-22,0.006956
2001-08-23,-0.002763
2001-08-24,0.019654
2001-08-27,-0.004827
2001-08-28,-0.015010
2001-08-29,-0.011115
2001-08-30,-0.017038
2001-08-31,0.004030
2001-09-04,-0.000565
2001-09-05,-0.001059
2001-09-06,-0.022390
2001-09-07,-0.018637
2001-09-10,0.006226
2001-09-17,-0.049216
2001-09-18,-0.005805
2001-09-19,-0.016112
2001-09-20,-0.031060
2001-09-21,-0.019034
2001-09-24,0.038983
2001-09-25,0.008790
2001-09-26,-0.005167
2001-09-27,0.011489
2001-09-28,0.021922
2001-10-01,-0.002296
2001-10-02,0.012306
2001-10-03,0.019927
2001-10-04,-0.002471
2001-10-05,0.001636
2001-10-08,-0.008344
2001-10-09,-0.005356
2001-10-10,0.022938
2001-10-11,0.015208
2001-10-12,-0.005267
2001-10-15,-0.001530
2001-10-16,0.006936
2001-10-17,-0.018633
2001-10-18,-0.007873
2001-10-19,0.004557
2001-10-22,0.015296
2001-10-23,-0.004698
2001-10-24,0.000387
2001-10-25,0.013721
2001-10-26,0.004109
2001-10-29,-0.023818
2001-10-30,-0.017166
2001-10-31,-0.000009
2001-11-01,0.022948
2001-11-02,0.002860
2001-11-05,0.014386
2001-11-06,0.014526
2001-11-07,-0.002735
2001-11-08,0.002456
2001-11-09,0.001582
2001-11-12,-0.001767
2001-11-13,0.018563
2001-11-14,0.001861
2001-11-15,0.000903
2001-11-16,-0.003143
2001-11-19,0.010899
2001-11-20,-0.007298
2001-11-21,-0.004927
2001-11-23,0.011706
2001-11-26,0.006155
2001-11-27,-0.006843
2001-11-28,-0.018251
2001-11-29,0.010350
2001-11-30,-0.000658
2001-12-03,-0.008381
2001-12-04,0.013187
2001-12-05,0.022318
2001-12-06,-0.002777
2001-12-07,-0.007531
2001-12-10,-0.015868
2001-12-11,-0.002781
2001-12-12,0.000273
2001-12-13,-0.015558
2001-12-14,0.003314
2001-12-17,0.010035
2001-12-18,0.007546
2001-12-19,0.005810
2001-12-20,-0.008377
2001-12-21,0.004351
2001-12-24,-0.000210
2001-12-26,0.004124
2001-12-27,0.006752
2001-12-28,0.003362
2001-12-31,-0.011145
2002-01-02,0.005740
2002-01-03,0.009180
2002-01-04,0.006213
2002-01-07,-0.006499
2002-01-08,-0.003588
2002-01-09,-0.004799
2002-01-10,0.001221
2002-01-11,-0.009468
2002-01-14,-0.006276
2002-01-15,0.006834
2002-01-16,-0.016245
2002-01-17,0.010030
2002-01-18,-0.009922
2002-01-22,-0.007334
2002-01-23,0.007925
2002-01-24,0.003519
2002-01-25,0.000998
2002-01-28,-0.000194
2002-01-29,-0.028613
2002-01-30,0.011748
2002-01-31,0.014934
2002-02-01,-0.007078
2002-02-04,-0.024737
2002-02-05,-0.004039
2002-02-06,-0.005972
2002-02-07,-0.003083
2002-02-08,0.014859
2002-02-11,0.014340
2002-02-12,-0.003993
2002-02-13,0.009941
2002-02-14,-0.001815
2002-02-15,-0.011017
2002-02-19,-0.018874
2002-02-20,0.013514
2002-02-21,-0.015510
2002-02-22,0.008224
2002-02-25,0.017975
2002-02-26,-0.000045
2002-02-27,0.000460
2002-02-28,-0.002847
2002-03-01,0.022634
2002-03-04,0.019491
2002-03-05,-0.006673
2002-03-06,0.014510
2002-03-07,-0.004498
2002-03-08,0.005849
2002-03-11,0.003393
2002-03-12,-0.002294
2002-03-13,-0.009858
2002-03-14,-0.000910
2002-03-15,0.011379
2002-03-18,-0.000523
2002-03-19,0.004067
2002-03-20,-0.015757
2002-03-21,0.001511
2002-03-22,-0.004239
2002-03-25,-0.014651
2002-03-26,0.005849
2002-03-27,0.005349
2002-03-28,0.002455
2002-04-01,-0.000741
2002-04-02,-0.008530
2002-04-03,-0.009993
2002-04-04,0.000835
2002-04-05,-0.003205
2002-04-08,0.002280
2002-04-09,-0.006656
2002-04-10,0.011335
2002-04-11,-0.023689
2002-04-12,0.006632
2002-04-15,-0.007615
2002-04-16,0.023418
2002-04-17,-0.002038
2002-04-18,-0.001421
2002-04-19,0.000623
2002-04-22,-0.015411
2002-04-23,-0.006201
2002-04-24,-0.007103
2002-04-25,-0.001519
2002-04-26,-0.013889
2002-04-29,-0.010099
2002-04-30,0.010765
2002-05-01,0.008859
2002-05-02,-0.001749
2002-05-03,-0.010262
2002-05-06,-0.019340
2002-05-07,-0.003021
2002-05-08,0.037504
2002-05-09,-0.014547
2002-05-10,-0.016794
2002-05-13,0.018550
2002-05-14,0.021144
2002-05-15,-0.005659
2002-05-16,0.006562
2002-05-17,0.007612
2002-05-20,-0.013293
2002-05-21,-0.010990
2002-05-22,0.005686
2002-05-23,0.010184
2002-05-24,-0.012087
2002-05-28,-0.008553
2002-05-29,-0.006412
2002-05-30,-0.002810
2002-05-31,0.002329
2002-06-03,-0.024795
2002-06-04,0.000010
2002-06-05,0.008850
2002-06-06,-0.019764
2002-06-07,-0.001574
2002-06-10,0.003124
2002-06-11,-0.016629
2002-06-12,0.006571
2002-06-13,-0.010488
2002-06-14,-0.002268
2002-06-17,0.028691
2002-06-18,0.000936
2002-06-19,-0.016536
2002-06-20,-0.013432
2002-06-21,-0.017043
2002-06-24,0.003619
2002-06-25,-0.016702
2002-06-26,-0.002674
2002-06-27,0.017575
2002-06-28,-0.000838
2002-07-01,-0.021378
2002-07-02,-0.021225
2002-07-03,0.006223
2002-07-05,0.036730
2002-07-08,-0.012184
2002-07-09,-0.024719
2002-07-10,-0.033962
2002-07-11,0.007496
2002-07-12,-0.006448
2002-07-15,-0.003755
2002-07-16,-0.018389
2002-07-17,0.005538
2002-07-18,-0.027019
2002-07-19,-0.038341
2002-07-22,-0.032922
2002-07-23,-0.027017
2002-07-24,0.057315
2002-07-25,-0.005620
2002-07-26,0.016884
2002-07-29,0.054078
2002-07-30,0.004249
2002-07-31,0.009792
2002-08-01,-0.029574
2002-08-02,-0.023082
2002-08-05,-0.034296
2002-08-06,0.029919
2002-08-07,0.020010
2002-08-08,0.032722
2002-08-09,0.003512
2002-08-12,-0.005327
2002-08-13,-0.021675
2002-08-14,0.040047
2002-08-15,0.011559
2002-08-16,-0.001591
2002-08-19,0.023633
2002-08-20,-0.013979
2002-08-21,0.012726
2002-08-22,0.014052
2002-08-23,-0.022686
2002-08-26,0.007536
2002-08-27,-0.013851
2002-08-28,-0.018132
2002-08-29,-0.000076
2002-08-30,-0.001885
2002-09-03,-0.041536
2002-09-04,0.017517
2002-09-05,-0.015950
2002-09-06,0.016800
2002-09-09,0.010113
2002-09-10,0.007331
2002-09-11,-0.000143
2002-09-12,-0.024784
2002-09-13,0.003270
2002-09-16,0.001450
2002-09-17,-0.019728
2002-09-18,-0.004648
2002-09-19,-0.030065
2002-09-20,0.002455
2002-09-23,-0.013828
2002-09-24,-0.017284
2002-09-25,0.024863
2002-09-26,0.018210
2002-09-27,-0.032259
2002-09-30,-0.014600
2002-10-01,0.040010
2002-10-02,-0.023587
2002-10-03,-0.010822
2002-10-04,-0.022431
2002-10-07,-0.019111
2002-10-08,0.016898
2002-10-09,-0.027287
2002-10-10,0.034966
2002-10-11,0.039059
2002-10-14,0.007327
2002-10-15,0.047336
2002-10-16,-0.024113
2002-10-17,0.022302
2002-10-18,0.005903
2002-10-21,0.017334
2002-10-22,-0.010626
2002-10-23,0.006718
2002-10-24,-0.015221
2002-10-25,0.017167
2002-10-28,-0.008266
2002-10-29,-0.009076
2002-10-30,0.009704
2002-10-31,-0.005557
2002-11-01,0.017160
2002-11-04,0.008191
2002-11-05,0.007761
2002-11-06,0.009144
2002-11-07,-0.022852
2002-11-08,-0.008763
2002-11-11,-0.020732
2002-11-12,0.007715
2002-11-13,-0.000476
2002-11-14,0.024634
2002-11-15,0.006149
2002-11-18,-0.010409
2002-11-19,-0.004021
2002-11-20,0.019415
2002-11-21,0.021452
2002-11-22,-0.003438
2002-11-25,0.002504
2002-11-26,-0.020978
2002-11-27,0.027986
2002-11-29,-0.002727
2002-12-02,-0.001901
2002-12-03,-0.014745
2002-12-04,-0.003454
2002-12-05,-0.012010
2002-12-06,0.006266
2002-12-09,-0.022176
2002-12-10,0.013957
2002-12-11,0.000564
2002-12-12,-0.003724
2002-12-13,-0.013432
2002-12-16,0.023519
2002-12-17,-0.008139
2002-12-18,-0.013145
2002-12-19,-0.007709
2002-12-20,0.013005
2002-12-23,0.001820
2002-12-24,-0.005471
2002-12-26,-0.003149
2002-12-27,-0.016029
2002-12-30,0.004558
2002-12-31,0.000489
2003-01-02,0.033200
2003-01-03,-0.000484
2003-01-06,0.022474
2003-01-07,-0.006545
2003-01-08,-0.014086
2003-01-09,0.019397
2003-01-10,-0.000011
2003-01-13,-0.001412
2003-01-14,0.005830
2003-01-15,-0.014426
2003-01-16,-0.003942
2003-01-17,-0.014017
2003-01-21,-0.015702
2003-01-22,-0.010432
2003-01-23,0.010224
2003-01-24,-0.029233
2003-01-27,-0.016160
2003-01-28,0.013050
2003-01-29,0.006779
2003-01-30,-0.022849
2003-01-31,0.013130
2003-02-03,0.005399
2003-02-04,-0.014088
2003-02-05,-0.005435
2003-02-06,-0.006449
2003-02-07,-0.010094
2003-02-10,0.007569
2003-02-11,-0.008098
2003-02-12,-0.012687
2003-02-13,-0.001600
2003-02-14,0.021435
2003-02-18,0.019500
2003-02-19,-0.007096
2003-02-20,-0.009501
2003-02-21,0.013224
2003-02-24,-0.018381
2003-02-25,0.007195
2003-02-26,-0.013141
2003-02-27,0.011758
2003-02-28,0.004622
2003-03-03,-0.007537
2003-03-04,-0.015357
2003-03-05,0.009562
2003-03-06,-0.009339
2003-03-07,0.008259
2003-03-10,-0.025830
2003-03-11,-0.008359
2003-03-12,0.004321
2003-03-13,0.034457
2003-03-14,0.001647
2003-03-17,0.035427
2003-03-18,0.004242
2003-03-19,0.008737
2003-03-20,0.001888
2003-03-21,0.022977
2003-03-24,-0.035231
2003-03-25,0.012161
2003-03-26,-0.005476
2003-03-27,-0.001644
2003-03-28,-0.005780
2003-03-31,-0.017742
2003-04-01,0.012144
2003-04-02,0.026116
2003-04-03,-0.005052
2003-04-04,0.002738
2003-04-07,0.001229
2003-04-08,-0.001864
2003-04-09,-0.014004
2003-04-10,0.006455
2003-04-11,-0.003763
2003-04-14,0.019498
2003-04-15,0.006303
2003-04-16,-0.012236
2003-04-17,0.015536
2003-04-21,-0.001757
2003-04-22,0.021704
2003-04-23,0.008394
2003-04-24,-0.008259
2003-04-25,-0.013846
2003-04-28,0.017835
2003-04-29,0.003279
2003-04-30,-0.001002
2003-05-01,-0.000676
2003-05-02,0.015039
2003-05-05,-0.003795
2003-05-06,0.008461
2003-05-07,-0.005105
2003-05-08,-0.010058
2003-05-09,0.014278
2003-05-12,0.012535
2003-05-13,-0.002973
2003-05-14,-0.003205
2003-05-15,0.007868
2003-05-16,-0.002504
2003-05-19,-0.024918
2003-05-20,-0.001129
2003-05-21,0.004012
2003-05-22,0.009151
2003-05-23,0.001449
2003-05-27,0.019567
2003-05-28,0.001829
2003-05-29,-0.003756
2003-05-30,0.014690
2003-06-02,0.003539
2003-06-03,0.004716
2003-06-04,0.015110
2003-06-05,0.003954
2003-06-06,-0.002404
2003-06-09,-0.011977
2003-06-10,0.009130
2003-06-11,0.012835
2003-06-12,0.001033
2003-06-13,-0.009915
2003-06-16,0.022385
2003-06-17,0.000910
2003-06-18,-0.001552
2003-06-19,-0.015236
2003-06-20,0.000995
2003-06-23,-0.014111
2003-06-24,0.001834
2003-06-25,-0.008267
2003-06-26,0.010776
2003-06-27,-0.009738
2003-06-30,-0.001762
2003-07-01,0.008025
2003-07-02,0.011646
2003-07-03,-0.008111
2003-07-07,0.018992
2003-07-08,0.003405
2003-07-09,-0.005586
2003-07-10,-0.013480
2003-07-11,0.009548
2003-07-14,0.005731
2003-07-15,-0.003427
2003-07-16,-0.006417
2003-07-17,-0.012344
2003-07-18,0.011806
2003-07-21,-0.014618
2003-07-22,0.009512
2003-07-23,0.000506
2003-07-24,-0.007091
2003-07-25,0.017400
2003-07-28,-0.002163
2003-07-29,-0.007265
2003-07-30,-0.001809
2003-07-31,0.002856
2003-08-01,-0.010259
2003-08-04,0.002724
2003-08-05,-0.017663
2003-08-06,0.001678
2003-08-07,0.007280
2003-08-08,0.003562
2003-08-11,0.003069
2003-08-12,0.009953
2003-08-13,-0.006382
2003-08-14,0.006585
2003-08-15,0.000162
2003-08-18,0.009155
2003-08-19,0.002611
2003-08-20,-0.002045
2003-08-21,0.002969
2003-08-22,-0.010177
2003-08-25,0.000655
2003-08-26,0.003039
2003-08-27,0.000060
2003-08-28,0.006069
2003-08-29,0.005155
2003-09-02,0.013869
2003-09-03,0.004188
2003-09-04,0.001656
2003-09-05,-0.006401
2003-09-08,0.010035
2003-09-09,-0.008210
2003-09-10,-0.011973
2003-09-11,0.005441
2003-09-12,0.002174
2003-09-15,-0.003750
2003-09-16,0.014298
2003-09-17,-0.003255
2003-09-18,0.013266
2003-09-19,-0.003155
2003-09-22,-0.013008
2003-09-23,0.006071
2003-09-24,-0.019096
2003-09-25,-0.006053
2003-09-26,-0.006399
2003-09-29,0.009761
2003-09-30,-0.010541
2003-10-01,0.022340
2003-10-02,0.001984
2003-10-03,0.009419
2003-10-06,0.004370
2003-10-07,0.004737
2003-10-08,-0.005263
2003-10-09,0.004788
2003-10-10,-0.000645
2003-10-13,0.007023
2003-10-14,0.003951
2003-10-15,-0.002592
2003-10-16,0.003162
2003-10-17,-0.010237
2003-10-20,0.005157
2003-10-21,0.001292
2003-10-22,-0.014980
2003-10-23,0.003310
2003-10-24,-0.004701
2003-10-27,0.002158
2003-10-28,0.015187
2003-10-29,0.001261
2003-10-30,-0.001116
2003-10-31,0.003601
2003-11-03,0.007909
2003-11-04,-0.005448
2003-11-05,-0.001367
2003-11-06,0.005933
2003-11-07,-0.004574
2003-11-10,-0.005792
2003-11-11,-0.000516
2003-11-12,0.011456
2003-11-13,-0.000142
2003-11-14,-0.007615
2003-11-17,-0.006398
2003-11-18,-0.009084
2003-11-19,0.008016
2003-11-20,-0.008432
2003-11-21,0.001577
2003-11-24,0.016227
2003-11-25,0.001720
2003-11-26,0.004327
2003-11-28,-0.000236
2003-12-01,0.011264
2003-12-02,-0.003271
2003-12-03,-0.001772
2003-12-04,0.004687
2003-12-05,-0.007684
2003-12-08,0.007348
2003-12-09,-0.008529
2003-12-10,-0.001066
2003-12-11,0.011482
2003-12-12,0.002735
2003-12-15,-0.005679
2003-12-16,0.006638
2003-12-17,0.001256
2003-12-18,0.011798
2003-12-19,-0.000468
2003-12-22,0.003922
2003-12-23,0.002818
2003-12-24,-0.001807
2003-12-26,0.001691
2003-12-29,0.012401
2003-12-30,0.000144
2003-12-31,0.002055
2004-01-02,-0.003094
2004-01-05,0.012395
2004-01-06,0.001292
2004-01-07,0.002367
2004-01-08,0.004963
2004-01-09,-0.008888
2004-01-12,0.004787
2004-01-13,-0.005332
2004-01-14,0.008295
2004-01-15,0.001353
2004-01-16,0.006872
2004-01-20,-0.000930
2004-01-21,0.007772
2004-01-22,-0.003207
2004-01-23,-0.002089
2004-01-26,0.012106
2004-01-27,-0.009798
2004-01-28,-0.013610
2004-01-29,0.004989
2004-01-30,-0.002628
2004-02-02,0.003651
2004-02-03,0.000678
2004-02-04,-0.008371
2004-02-05,0.001838
2004-02-06,0.012555
2004-02-09,-0.002581
2004-02-10,0.005027
2004-02-11,0.010667
2004-02-12,-0.004880
2004-02-13,-0.005468
2004-02-17,0.009757
2004-02-18,-0.004468
2004-02-19,-0.004133
2004-02-20,-0.002572
2004-02-23,-0.002727
2004-02-24,-0.001665
2004-02-25,0.004021
2004-02-26,0.001084
2004-02-27,0.000026
2004-03-01,0.009625
2004-03-02,-0.005934
2004-03-03,0.001688
2004-03-04,0.003336
2004-03-05,0.001723
2004-03-08,-0.008350
2004-03-09,-0.005779
2004-03-10,-0.014633
2004-03-11,-0.015224
2004-03-12,0.012460
2004-03-15,-0.014350
2004-03-16,0.005623
2004-03-17,0.011749
2004-03-18,-0.001273
2004-03-19,-0.011173
2004-03-22,-0.012958
2004-03-23,-0.001324
2004-03-24,-0.002395
2004-03-25,0.016365
2004-03-26,-0.001019
2004-03-29,0.013005
2004-03-30,0.004036
2004-03-31,-0.000701
2004-04-01,0.005292
2004-04-02,0.008515
2004-04-05,0.007672
2004-04-06,-0.002095
2004-04-07,-0.006645
2004-04-08,-0.001061
2004-04-12,0.005161
2004-04-13,-0.013762
2004-04-14,-0.001124
2004-04-15,0.000594
2004-04-16,0.005111
2004-04-19,0.001066
2004-04-20,-0.015557
2004-04-21,0.005312
2004-04-22,0.014091
2004-04-23,0.000588
2004-04-26,-0.004445
2004-04-27,0.002272
2004-04-28,-0.013795
2004-04-29,-0.007591
2004-04-30,-0.005916
2004-05-03,0.009203
2004-05-04,0.001843
2004-05-05,0.001769
2004-05-06,-0.006723
2004-05-07,-0.013725
2004-05-10,-0.010540
2004-05-11,0.007662
2004-05-12,0.001671
2004-05-13,-0.000766
2004-05-14,-0.000675
2004-05-17,-0.010587
2004-05-18,0.006817
2004-05-19,-0.002574
2004-05-20,0.000468
2004-05-21,0.004012
2004-05-24,0.001692
2004-05-25,0.016104
2004-05-26,0.001698
2004-05-27,0.005686
2004-05-28,-0.000535
2004-06-01,0.000464
2004-06-02,0.003380
2004-06-03,-0.007422
2004-06-04,0.005248
2004-06-07,0.015964
2004-06-08,0.001543
2004-06-09,-0.009499
2004-06-10,0.004543
2004-06-14,-0.009837
2004-06-15,0.005972
2004-06-16,0.001369
2004-06-17,-0.001332
2004-06-18,0.002624
2004-06-21,-0.004159
2004-06-22,0.003636
2004-06-23,0.008507
2004-06-24,-0.002981
2004-06-25,-0.005453
2004-06-28,-0.000952
2004-06-29,0.002515
2004-06-30,0.004084
2004-07-01,-0.010431
2004-07-02,-0.003153
2004-07-06,-0.008148
2004-07-07,0.001899
2004-07-08,-0.008244
2004-07-09,0.003336
2004-07-12,0.001384
2004-07-13,0.000709
2004-07-14,-0.003291
2004-07-15,-0.004301
2004-07-16,-0.004789
2004-07-19,-0.000445
2004-07-20,0.007058
2004-07-21,-0.013340
2004-07-22,0.002706
2004-07-23,-0.009701
2004-07-26,-0.001970
2004-07-27,0.009935
2004-07-28,0.000539
2004-07-29,0.004574
2004-07-30,0.001172
2004-08-02,0.004448
2004-08-03,-0.006262
2004-08-04,-0.000964
2004-08-05,-0.016320
2004-08-06,-0.015481
2004-08-09,0.001175
2004-08-10,0.012974
2004-08-11,-0.003012
2004-08-12,-0.011675
2004-08-13,0.001477
2004-08-16,0.013655
2004-08-17,0.002196
2004-08-18,0.012443
2004-08-19,-0.003598
2004-08-20,0.006525
2004-08-23,-0.002431
2004-08-24,0.000465
2004-08-25,0.008000
2004-08-26,0.000118
2004-08-27,0.002425
2004-08-30,-0.007781
2004-08-31,0.004631
2004-09-01,0.001512
2004-09-02,0.011212
2004-09-03,-0.004185
2004-09-07,0.006887
2004-09-08,-0.004486
2004-09-09,0.001890
2004-09-10,0.004954
2004-09-13,0.001691
2004-09-14,0.002229
2004-09-15,-0.007055
2004-09-16,0.002794
2004-09-17,0.004495
2004-09-20,-0.005627
2004-09-21,0.006327
2004-09-22,-0.013938
2004-09-23,-0.004670
2004-09-24,0.001579
2004-09-27,-0.005936
2004-09-28,0.005926
2004-09-29,0.004270
2004-09-30,-0.000197
2004-10-01,0.015181
2004-10-04,0.003243
2004-10-05,-0.000608
2004-10-06,0.006673
2004-10-07,-0.009982
2004-10-08,-0.007527
2004-10-11,0.002005
2004-10-12,-0.002268
2004-10-13,-0.007301
2004-10-14,-0.009303
2004-10-15,0.004450
2004-10-18,0.005252
2004-10-19,-0.009686
2004-10-20,0.000390
2004-10-21,0.002564
2004-10-22,-0.009715
2004-10-25,-0.000849
2004-10-26,0.014870
2004-10-27,0.012879
2004-10-28,0.001813
2004-10-29,0.002448
2004-11-01,0.000274
2004-11-02,0.000027
2004-11-03,0.011198
2004-11-04,0.016156
2004-11-05,0.003874
2004-11-08,-0.001098
2004-11-09,-0.000695
2004-11-10,-0.001005
2004-11-11,0.009089
2004-11-12,0.009110
2004-11-15,-0.000304
2004-11-16,-0.007079
2004-11-17,0.005538
2004-11-18,0.001362
2004-11-19,-0.011161
2004-11-22,0.005896
2004-11-23,-0.000255
2004-11-24,0.004095
2004-11-26,0.000753
2004-11-29,-0.003450
2004-11-30,-0.004030
2004-12-01,0.014951
2004-12-02,-0.000873
2004-12-03,0.000706
2004-12-06,-0.000772
2004-12-07,-0.011073
2004-12-08,0.004877
2004-12-09,0.005436
2004-12-10,-0.001043
2004-12-13,0.008990
2004-12-14,0.003921
2004-12-15,0.001945
2004-12-16,-0.002082
2004-12-17,-0.007472
2004-12-20,0.000360
2004-12-21,0.009040
2004-12-22,0.003418
2004-12-23,0.000463
2004-12-27,-0.004305
2004-12-28,0.007154
2004-12-29,-0.000074
2004-12-30,0.000082
2004-12-31,-0.001343
2005-01-03,-0.008119
2005-01-04,-0.011671
2005-01-05,-0.003628
2005-01-06,0.003506
2005-01-07,-0.001431
2005-01-10,0.003423
2005-01-11,-0.006100
2005-01-12,0.003981
2005-01-13,-0.008630
2005-01-14,0.006005
2005-01-18,0.009675
2005-01-19,-0.009490
2005-01-20,-0.007783
2005-01-21,-0.006415
2005-01-24,-0.003528
2005-01-25,0.004004
2005-01-26,0.004844
2005-01-27,0.000409
2005-01-28,-0.002716
2005-01-31,0.008460
2005-02-01,0.006891
2005-02-02,0.003178
2005-02-03,-0.002766
2005-02-04,0.011043
2005-02-07,-0.001089
2005-02-08,0.000483
2005-02-09,-0.008575
2005-02-10,0.004211
2005-02-11,0.006926
2005-02-14,0.000697
2005-02-15,0.003300
2005-02-16,0.000182
2005-02-17,-0.007923
2005-02-18,0.000700
2005-02-22,-0.014506
2005-02-23,0.005607
2005-02-24,0.007894
2005-02-25,0.009307
2005-02-28,-0.006414
2005-03-01,0.005658
2005-03-02,-0.000273
2005-03-03,0.000322
2005-03-04,0.009624
2005-03-07,0.002610
2005-03-08,-0.004799
2005-03-09,-0.010185
2005-03-10,0.001856
2005-03-11,-0.007583
2005-03-14,0.005625
2005-03-15,-0.007524
2005-03-16,-0.008082
2005-03-17,0.001801
2005-03-18,-0.000471
2005-03-21,-0.004934
2005-03-22,-0.010196
2005-03-23,0.000700
2005-03-24,-0.000947
2005-03-28,0.002441
2005-03-29,-0.007596
2005-03-30,0.013773
2005-03-31,-0.000694
2005-04-01,-0.006497
2005-04-04,0.002728
2005-04-05,0.004481
2005-04-06,0.002269
2005-04-07,0.005971
2005-04-08,-0.008345
2005-04-11,0.000008
2005-04-12,0.005545
2005-04-13,-0.011762
2005-04-14,-0.010002
2005-04-15,-0.016720
2005-04-18,0.002941
2005-04-19,0.005934
2005-04-20,-0.013255
2005-04-21,0.019736
2005-04-22,-0.006750
2005-04-25,0.008662
2005-04-26,-0.008915
2005-04-27,0.004029
2005-04-28,-0.011380
2005-04-29,0.011922
2005-05-02,0.004590
2005-05-03,-0.000852
2005-05-04,0.012470
2005-05-05,-0.002569
2005-05-06,-0.001092
2005-05-09,0.006394
2005-05-10,-0.010705
2005-05-11,0.004193
2005-05-12,-0.010033
2005-05-13,-0.004580
2005-05-16,0.010086
2005-05-17,0.006957
2005-05-18,0.010019
2005-05-19,0.004656
2005-05-20,-0.001511
2005-05-23,0.003851
2005-05-24,0.000176
2005-05-25,-0.003400
2005-05-26,0.006395
2005-05-27,0.000969
2005-05-31,-0.006073
2005-06-01,0.009039
2005-06-02,0.001680
2005-06-03,-0.006867
2005-06-06,0.001246
2005-06-07,-0.000209
2005-06-08,-0.002163
2005-06-09,0.005240
2005-06-10,-0.002348
2005-06-13,0.002262
2005-06-14,0.002573
2005-06-15,0.002218
2005-06-16,0.003630
2005-06-17,0.004955
2005-06-20,-0.000707
2005-06-21,-0.002048
2005-06-22,0.000222
2005-06-23,-0.010833
2005-06-24,-0.007629
2005-06-27,-0.000739
2005-06-28,0.009138
2005-06-29,-0.001431
2005-06-30,-0.007101
2005-07-01,0.002611
2005-07-05,0.008833
2005-07-06,-0.008340
2005-07-07,0.002452
2005-07-08,0.011679
2005-07-11,0.006255
2005-07-12,0.002272
2005-07-13,0.000884
2005-07-14,0.002624
2005-07-15,0.001158
2005-07-18,-0.005530
2005-07-19,0.006731
2005-07-20,0.004759
2005-07-21,-0.006606
2005-07-22,0.005411
2005-07-25,-0.003769
2005-07-26,0.001733
2005-07-27,0.004573
2005-07-28,0.005603
2005-07-29,-0.007671
2005-08-01,0.000948
2005-08-02,0.007099
2005-08-03,0.000739
2005-08-04,-0.007373
2005-08-05,-0.007638
2005-08-08,-0.002683
2005-08-09,0.006745
2005-08-10,-0.001827
2005-08-11,0.007062
2005-08-12,-0.005994
2005-08-15,0.002828
2005-08-16,-0.011776
2005-08-17,0.000738
2005-08-18,-0.001000
2005-08-19,0.000566
2005-08-22,0.001656
2005-08-23,-0.003405
2005-08-24,-0.006554
2005-08-25,0.002315
2005-08-26,-0.006013
2005-08-29,0.005958
2005-08-30,-0.003192
2005-08-31,0.009864
2005-09-01,0.001033
2005-09-02,-0.002922
2005-09-06,0.012619
2005-09-07,0.002408
2005-09-08,-0.003793
2005-09-09,0.007965
2005-09-12,-0.000741
2005-09-13,-0.007545
2005-09-14,-0.003281
2005-09-15,0.000464
2005-09-16,0.008292
2005-09-19,-0.005566
2005-09-20,-0.007863
2005-09-21,-0.009121
2005-09-22,0.003652
2005-09-23,0.000552
2005-09-26,0.000280
2005-09-27,0.000025
2005-09-28,0.001012
2005-09-29,0.008867
2005-09-30,0.000920
2005-10-03,-0.001717
2005-10-04,-0.009970
2005-10-05,-0.014887
2005-10-06,-0.004096
2005-10-07,0.003701
2005-10-10,-0.007166
2005-10-11,-0.002072
2005-10-12,-0.006068
2005-10-13,-0.000713
2005-10-14,0.008268
2005-10-17,0.002975
2005-10-18,-0.010050
2005-10-19,0.014956
2005-10-20,-0.015020
2005-10-21,0.001520
2005-10-24,0.016777
2005-10-25,-0.002368
2005-10-26,-0.004312
2005-10-27,-0.010475
2005-10-28,0.016549
2005-10-31,0.007176
2005-11-01,-0.003521
2005-11-02,0.009977
2005-11-03,0.004264
2005-11-04,0.000164
2005-11-07,0.002188
2005-11-08,-0.003451
2005-11-09,0.001690
2005-11-10,0.008446
2005-11-11,0.003055
2005-11-14,-0.000778
2005-11-15,-0.003850
2005-11-16,0.001790
2005-11-17,0.009414
2005-11-18,0.004401
2005-11-21,0.005271
2005-11-22,0.005084
2005-11-23,0.003473
2005-11-25,0.002086
2005-11-28,-0.008508
2005-11-29,0.000016
2005-11-30,-0.006362
2005-12-01,0.012157
2005-12-02,0.000324
2005-12-05,-0.002363
2005-12-06,0.001276
2005-12-07,-0.005009
2005-12-08,-0.001217
2005-12-09,0.002811
2005-12-12,0.000842
2005-12-13,0.005554
2005-12-14,0.004190
2005-12-15,-0.001414
2005-12-16,-0.002848
2005-12-19,-0.005839
2005-12-20,-0.000238
2005-12-21,0.002517
2005-12-22,0.004221
2005-12-23,0.000426
2005-12-27,-0.009553
2005-12-28,0.001297
2005-12-29,-0.002981
2005-12-30,-0.004887
2006-01-03,0.016430
2006-01-04,0.003673
2006-01-05,0.000016
2006-01-06,0.009399
2006-01-09,0.003656
2006-01-10,-0.000357
2006-01-11,0.003481
2006-01-12,-0.006274
2006-01-13,0.001205
2006-01-17,-0.003635
2006-01-18,-0.003897
2006-01-19,0.005564
2006-01-20,-0.018326
2006-01-23,0.001847
2006-01-24,0.002405
2006-01-25,-0.001721
2006-01-26,0.007235
2006-01-27,0.007764
2006-01-30,0.001153
2006-01-31,-0.003984
2006-02-01,0.001859
2006-02-02,-0.009061
2006-02-03,-0.005359
2006-02-06,0.000783
2006-02-07,-0.008095
2006-02-08,0.008663
2006-02-09,-0.001478
2006-02-10,0.002540
2006-02-13,-0.003260
2006-02-14,0.010033
2006-02-15,0.003504
2006-02-16,0.007328
2006-02-17,-0.001660
2006-02-21,-0.003271
2006-02-22,0.007513
2006-02-23,-0.003775
2006-02-24,0.001274
2006-02-27,0.003637
2006-02-28,-0.010401
2006-03-01,0.008261
2006-03-02,-0.001626
2006-03-03,-0.001482
2006-03-06,-0.006968
2006-03-07,-0.001862
2006-03-08,0.002030
2006-03-09,-0.004881
2006-03-10,0.007349
2006-03-13,0.001990
2006-03-14,0.010396
2006-03-15,0.004270
2006-03-16,0.001773
2006-03-17,0.001471
2006-03-20,-0.001660
2006-03-21,-0.006015
2006-03-22,0.006021
2006-03-23,-0.002582
2006-03-24,0.000983
2006-03-27,-0.001028
2006-03-28,-0.006438
2006-03-29,0.007470
2006-03-30,-0.002026
2006-03-31,-0.004168
2006-04-03,0.002301
2006-04-04,0.006257
2006-04-05,0.004311
2006-04-06,-0.001921
2006-04-07,-0.010343
2006-04-10,0.000849
2006-04-11,-0.007736
2006-04-12,0.001205
2006-04-13,0.000776
2006-04-17,-0.002940
2006-04-18,0.017365
2006-04-19,0.001744
2006-04-20,0.001168
2006-04-21,-0.000137
2006-04-24,-0.002417
2006-04-25,-0.004870
2006-04-26,0.002819
2006-04-27,0.003302
2006-04-28,0.000680
2006-05-01,-0.004135
2006-05-02,0.006145
2006-05-03,-0.004082
2006-05-04,0.003364
2006-05-05,0.010295
2006-05-08,-0.000830
2006-05-09,0.000362
2006-05-10,-0.001728
2006-05-11,-0.012798
2006-05-12,-0.011241
2006-05-15,0.002525
2006-05-16,-0.001869
2006-05-17,-0.016841
2006-05-18,-0.006699
2006-05-19,0.004137
2006-05-22,-0.003915
2006-05-23,-0.004350
2006-05-24,0.001584
2006-05-25,0.011370
2006-05-26,0.005719
2006-05-30,-0.015873
2006-05-31,0.008136
2006-06-01,0.012298
2006-06-02,0.001952
2006-06-05,-0.017800
2006-06-06,-0.001138
2006-06-07,-0.006092
2006-06-08,0.001417
2006-06-09,-0.004476
2006-06-12,-0.012697
2006-06-13,-0.010280
2006-06-14,0.005189
2006-06-15,0.021235
2006-06-16,-0.003678
2006-06-19,-0.009109
2006-06-20,-0.000016
2006-06-21,0.009741
2006-06-22,-0.005271
2006-06-23,-0.000883
2006-06-26,0.004869
2006-06-27,-0.009084
2006-06-28,0.005487
2006-06-29,0.021565
2006-06-30,-0.002098
2006-07-03,0.007865
2006-07-05,-0.007249
2006-07-06,0.002494
2006-07-07,-0.006750
2006-07-10,0.001470
2006-07-11,0.004087
2006-07-12,-0.010939
2006-07-13,-0.012959
2006-07-14,-0.004902
2006-07-17,-0.001383
2006-07-18,0.001920
2006-07-19,0.018555
2006-07-20,-0.008477
2006-07-21,-0.007077
2006-07-24,0.016625
2006-07-25,0.006321
2006-07-26,-0.000378
2006-07-27,-0.004100
2006-07-28,0.012152
2006-07-31,-0.001478
2006-08-01,-0.004496
2006-08-02,0.006004
2006-08-03,0.001345
2006-08-04,-0.000711
2006-08-07,-0.002806
2006-08-08,-0.003363
2006-08-09,-0.004349
2006-08-10,0.004629
2006-08-11,-0.003986
2006-08-14,0.001160
2006-08-15,0.013696
2006-08-16,0.007662
2006-08-17,0.001582
2006-08-18,0.003715
2006-08-21,-0.003670
2006-08-22,0.001002
2006-08-23,-0.004489
2006-08-24,0.002374
2006-08-25,-0.000748
2006-08-28,0.005166
2006-08-29,0.001920
2006-08-30,-0.000008
2006-08-31,-0.000345
2006-09-01,0.005515
2006-09-05,0.001709
2006-09-06,-0.009891
2006-09-07,-0.004799
2006-09-08,0.003787
2006-09-11,0.000477
2006-09-12,0.010442
2006-09-13,0.003777
2006-09-14,-0.001358
2006-09-15,0.002727
2006-09-18,0.000993
2006-09-19,-0.002172
2006-09-20,0.005211
2006-09-21,-0.005395
2006-09-22,-0.002466
2006-09-25,0.008815
2006-09-26,0.007517
2006-09-27,0.000187
2006-09-28,0.001915
2006-09-29,-0.002464
2006-10-02,-0.003391
2006-10-03,0.002096
2006-10-04,0.012075
2006-10-05,0.002222
2006-10-06,-0.002690
2006-10-09,0.000800
2006-10-10,0.002043
2006-10-11,-0.002564
2006-10-12,0.009541
2006-10-13,0.002047
2006-10-16,0.002512
2006-10-17,-0.003652
2006-10-18,0.001400
2006-10-19,0.000732
2006-10-20,0.001200
2006-10-23,0.006152
2006-10-24,0.000261
2006-10-25,0.003514
2006-10-26,0.004963
2006-10-27,-0.008452
2006-10-30,0.000428
2006-10-31,0.000007
2006-11-01,-0.007352
2006-11-02,-0.000344
2006-11-03,-0.002223
2006-11-06,0.011346
2006-11-07,0.002218
2006-11-08,0.002083
2006-11-09,-0.005333
2006-11-10,0.001865
2006-11-13,0.002549
2006-11-14,0.006356
2006-11-15,0.002405
2006-11-16,0.002284
2006-11-17,0.001029
2006-11-20,-0.000500
2006-11-21,0.001649
2006-11-22,0.002338
2006-11-24,-0.003656
2006-11-27,-0.013598
2006-11-28,0.003488
2006-11-29,0.009202
2006-11-30,0.000822
2006-12-01,-0.002799
2006-12-04,0.008885
2006-12-05,0.004002
2006-12-06,-0.001315
2006-12-07,-0.003971
2006-12-08,0.001812
2006-12-11,0.002270
2006-12-12,-0.001047
2006-12-13,0.001169
2006-12-14,0.008689
2006-12-15,0.001122
2006-12-18,-0.003230
2006-12-19,0.002158
2006-12-20,-0.001417
2006-12-21,-0.003674
2006-12-22,-0.005316
2006-12-26,0.004352
2006-12-27,0.007015
2006-12-28,-0.001479
2006-12-29,-0.004513
2007-01-03,-0.001199
2007-01-04,0.001228
2007-01-05,-0.006085
2007-01-08,0.002220
2007-01-09,-0.000517
2007-01-10,0.001940
2007-01-11,0.006340
2007-01-12,0.004853
2007-01-16,0.000818
2007-01-17,-0.000894
2007-01-18,-0.002971
2007-01-19,0.002895
2007-01-22,-0.005278
2007-01-23,0.003542
2007-01-24,0.008501
2007-01-25,-0.011270
2007-01-26,-0.001208
2007-01-29,-0.001097
2007-01-30,0.005772
2007-01-31,0.006593
2007-02-01,0.005354
2007-02-02,0.001694
2007-02-05,-0.000967
2007-02-06,0.000698
2007-02-07,0.001395
2007-02-08,-0.001179
2007-02-09,-0.007077
2007-02-12,-0.003261
2007-02-13,0.007597
2007-02-14,0.007644
2007-02-15,0.001038
2007-02-16,-0.000872
2007-02-20,0.002844
2007-02-21,-0.001404
2007-02-22,-0.000858
2007-02-23,-0.003564
2007-02-26,-0.001254
2007-02-27,-0.034725
2007-02-28,0.005561
2007-03-01,-0.002595
2007-03-02,-0.011403
2007-03-05,-0.009408
2007-03-06,0.015494
2007-03-07,-0.002465
2007-03-08,0.007127
2007-03-09,0.000685
2007-03-12,0.002673
2007-03-13,-0.020368
2007-03-14,0.006691
2007-03-15,0.003684
2007-03-16,-0.003828
2007-03-19,0.010894
2007-03-20,0.006334
2007-03-21,0.017081
2007-03-22,-0.000348
2007-03-23,0.001094
2007-03-26,0.000968
2007-03-27,-0.006184
2007-03-28,-0.007966
2007-03-29,0.003740
2007-03-30,-0.001174
2007-04-02,0.002597
2007-04-03,0.009280
2007-04-04,0.001113
2007-04-05,0.003050
2007-04-09,0.000589
2007-04-10,0.002617
2007-04-11,-0.006573
2007-04-12,0.006206
2007-04-13,0.003488
2007-04-16,0.010751
2007-04-17,0.002050
2007-04-18,0.000693
2007-04-19,-0.001202
2007-04-20,0.009261
2007-04-23,-0.002304
2007-04-24,-0.000351
2007-04-25,0.010139
2007-04-26,-0.000782
2007-04-27,-0.000120
2007-04-30,-0.007831
2007-05-01,0.002651
2007-05-02,0.006472
2007-05-03,0.004325
2007-05-04,0.002150
2007-05-07,0.002564
2007-05-08,-0.001166
2007-05-09,0.003223
2007-05-10,-0.013956
2007-05-11,0.009641
2007-05-14,-0.001793
2007-05-15,-0.001304
2007-05-16,0.008626
2007-05-17,-0.000918
2007-05-18,0.006610
2007-05-21,0.001543
2007-05-22,-0.000643
2007-05-23,-0.001207
2007-05-24,-0.009703
2007-05-25,0.005453
2007-05-29,0.001570
2007-05-30,0.007984
2007-05-31,0.000255
2007-06-01,0.003737
2007-06-04,0.001849
2007-06-05,-0.005347
2007-06-06,-0.008864
2007-06-07,-0.017570
2007-06-08,0.011370
2007-06-11,0.000962
2007-06-12,-0.010682
2007-06-13,0.015184
2007-06-14,0.004816
2007-06-15,0.006527
2007-06-18,-0.001213
2007-06-19,0.001731
2007-06-20,-0.013601
2007-06-21,0.006180
2007-06-22,-0.012896
2007-06-25,-0.003208
2007-06-26,-0.003238
2007-06-27,0.009009
2007-06-28,-0.000418
2007-06-29,-0.001567
2007-07-02,0.010696
2007-07-03,0.003580
2007-07-05,0.000348
2007-07-06,0.003304
2007-07-09,0.000921
2007-07-10,-0.014185
2007-07-11,0.005721
2007-07-12,0.019055
2007-07-13,0.003101
2007-07-16,-0.001919
2007-07-17,-0.000097
2007-07-18,-0.002065
2007-07-19,0.004469
2007-07-20,-0.012221
2007-07-23,0.004869
2007-07-24,-0.019804
2007-07-25,0.004666
2007-07-26,-0.023339
2007-07-27,-0.015992
2007-07-30,0.010254
2007-07-31,-0.012647
2007-08-01,0.007243
2007-08-02,0.004359
2007-08-03,-0.026586
2007-08-06,0.024151
2007-08-07,0.006159
2007-08-08,0.014072
2007-08-09,-0.029650
2007-08-10,0.000379
2007-08-13,-0.000495
2007-08-14,-0.018157
2007-08-15,-0.013908
2007-08-16,0.003249
2007-08-17,0.024567
2007-08-20,-0.000270
2007-08-21,0.001086
2007-08-22,0.011713
2007-08-23,-0.001072
2007-08-24,0.011535
2007-08-27,-0.008504
2007-08-28,-0.023473
2007-08-29,0.021922
2007-08-30,-0.004181
2007-08-31,0.011217
2007-09-04,0.010468
2007-09-05,-0.011501
2007-09-06,0.004252
2007-09-07,-0.016908
2007-09-10,-0.001273
2007-09-11,0.013632
2007-09-12,0.000048
2007-09-13,0.008420
2007-09-14,0.000202
2007-09-17,-0.005120
2007-09-18,0.029208
2007-09-19,0.006086
2007-09-20,-0.006723
2007-09-21,0.004609
2007-09-24,-0.005256
2007-09-25,-0.000343
2007-09-26,0.005411
2007-09-27,0.003907
2007-09-28,-0.003023
2007-10-01,0.013290
2007-10-02,-0.000265
2007-10-03,-0.004552
2007-10-04,0.002111
2007-10-05,0.009560
2007-10-08,-0.003217
2007-10-09,0.008096
2007-10-10,-0.001712
2007-10-11,-0.005158
2007-10-12,0.004754
2007-10-15,-0.008381
2007-10-16,-0.006573
2007-10-17,0.001761
2007-10-18,-0.000753
2007-10-19,-0.025616
2007-10-22,0.003798
2007-10-23,0.008803
2007-10-24,-0.002441
2007-10-25,-0.000976
2007-10-26,0.013788
2007-10-29,0.003713
2007-10-30,-0.006463
2007-10-31,0.011992
2007-11-01,-0.026423
2007-11-02,0.000802
2007-11-05,-0.004955
2007-11-06,0.012049
2007-11-07,-0.029370
2007-11-08,-0.000576
2007-11-09,-0.014287
2007-11-12,-0.009988
2007-11-13,0.029093
2007-11-14,-0.007069
2007-11-15,-0.013212
2007-11-16,0.005230
2007-11-19,-0.017460
2007-11-20,0.004486
2007-11-21,-0.015927
2007-11-23,0.016891
2007-11-26,-0.023239
2007-11-27,0.014930
2007-11-28,0.028560
2007-11-29,0.000477
2007-11-30,0.007770
2007-12-03,-0.005887
2007-12-04,-0.006540
2007-12-05,0.015190
2007-12-06,0.015037
2007-12-07,-0.001778
2007-12-10,0.007510
2007-12-11,-0.025271
2007-12-12,0.006050
2007-12-13,0.001224
2007-12-14,-0.013746
2007-12-17,-0.015021
2007-12-18,0.006280
2007-12-19,-0.001361
2007-12-20,0.004900
2007-12-21,0.016670
2007-12-24,0.008077
2007-12-26,0.000809
2007-12-27,-0.014216
2007-12-28,0.001436
2007-12-31,-0.006852
2008-01-02,-0.014438
2008-01-03,0.000000
2008-01-04,-0.024552
2008-01-07,0.003223
2008-01-08,-0.018352
2008-01-09,0.013624
2008-01-10,0.007948
2008-01-11,-0.013595
2008-01-14,0.010871
2008-01-15,-0.024925
2008-01-16,-0.005612
2008-01-17,-0.029093
2008-01-18,-0.006045
2008-01-22,-0.011085
2008-01-23,0.021442
2008-01-24,0.010063
2008-01-25,-0.015872
2008-01-28,0.017556
2008-01-29,0.006152
2008-01-30,-0.004764
2008-01-31,0.016772
2008-02-01,0.012238
2008-02-04,-0.010463
2008-02-05,-0.031995
2008-02-06,-0.007624
2008-02-07,0.007886
2008-02-08,-0.004204
2008-02-11,0.005889
2008-02-12,0.007266
2008-02-13,0.013604
2008-02-14,-0.013421
2008-02-15,0.000838
2008-02-19,-0.000896
2008-02-20,0.008341
2008-02-21,-0.012867
2008-02-22,0.007881
2008-02-25,0.013813
2008-02-26,0.006918
2008-02-27,-0.000919
2008-02-28,-0.008942
2008-02-29,-0.027090
2008-03-03,0.000534
2008-03-04,-0.003448
2008-03-05,0.005238
2008-03-06,-0.022014
2008-03-07,-0.008410
2008-03-10,-0.015463
2008-03-11,0.037130
2008-03-12,-0.008996
2008-03-13,0.005127
2008-03-14,-0.020783
2008-03-17,-0.008959
2008-03-18,0.042410
2008-03-19,-0.024287
2008-03-20,0.023944
2008-03-24,0.015321
2008-03-25,0.002304
2008-03-26,-0.008766
2008-03-27,-0.011460
2008-03-28,-0.007950
2008-03-31,0.005687
2008-04-01,0.035896
2008-04-02,-0.001934
2008-04-03,0.001302
2008-04-04,0.000796
2008-04-07,0.001562
2008-04-08,-0.005100
2008-04-09,-0.008092
2008-04-10,0.004474
2008-04-11,-0.020374
2008-04-14,-0.003384
2008-04-15,0.004600
2008-04-16,0.022691
2008-04-17,0.000623
2008-04-18,0.018139
2008-04-21,-0.001554
2008-04-22,-0.008810
2008-04-23,0.002900
2008-04-24,0.006442
2008-04-25,0.006495
2008-04-28,-0.001052
2008-04-29,-0.003889
2008-04-30,-0.003846
2008-05-01,0.017141
2008-05-02,0.003236
2008-05-05,-0.004534
2008-05-06,0.007652
2008-05-07,-0.018114
2008-05-08,0.003669
2008-05-09,-0.006725
2008-05-12,0.011021
2008-05-13,-0.000385
2008-05-14,0.004006
2008-05-15,0.010585
2008-05-16,0.001250
2008-05-19,0.000898
2008-05-20,-0.009274
2008-05-21,-0.016053
2008-05-22,0.002617
2008-05-23,-0.013210
2008-05-27,0.006846
2008-05-28,0.003963
2008-05-29,0.005335
2008-05-30,0.001516
2008-06-02,-0.010504
2008-06-03,-0.005788
2008-06-04,-0.000327
2008-06-05,0.019496
2008-06-06,-0.030889
2008-06-09,0.000794
2008-06-10,-0.002438
2008-06-11,-0.016894
2008-06-12,0.003280
2008-06-13,0.015046
2008-06-16,0.000081
2008-06-17,-0.006771
2008-06-18,-0.009712
2008-06-19,0.003752
2008-06-20,-0.018543
2008-06-23,0.000053
2008-06-24,-0.002815
2008-06-25,0.005843
2008-06-26,-0.029365
2008-06-27,-0.003717
2008-06-30,0.001267
2008-07-01,0.003836
2008-07-02,-0.018204
2008-07-03,0.001094
2008-07-07,-0.008385
2008-07-08,0.017080
2008-07-09,-0.022776
2008-07-10,0.006990
2008-07-11,-0.011090
2008-07-14,-0.009028
2008-07-15,-0.010901
2008-07-16,0.025064
2008-07-17,0.012013
2008-07-18,0.000286
2008-07-21,-0.000539
2008-07-22,0.013492
2008-07-23,0.004064
2008-07-24,-0.023125
2008-07-25,0.004168
2008-07-28,-0.018597
2008-07-29,0.023356
2008-07-30,0.016672
2008-07-31,-0.013144
2008-08-01,-0.005578
2008-08-04,-0.008966
2008-08-05,0.028719
2008-08-06,0.003354
2008-08-07,-0.017934
2008-08-08,0.023893
2008-08-11,0.006943
2008-08-12,-0.012051
2008-08-13,-0.002916
2008-08-14,0.005522
2008-08-15,0.004076
2008-08-18,-0.015098
2008-08-19,-0.009315
2008-08-20,0.006197
2008-08-21,0.002495
2008-08-22,0.011333
2008-08-25,-0.019625
2008-08-26,0.003686
2008-08-27,0.007983
2008-08-28,0.014840
2008-08-29,-0.013724
2008-09-02,-0.004093
2008-09-03,-0.002035
2008-09-04,-0.029922
2008-09-05,0.004431
2008-09-08,0.020510
2008-09-09,-0.034138
2008-09-10,0.006149
2008-09-11,0.013806
2008-09-12,0.002122
2008-09-15,-0.047136
2008-09-16,0.017515
2008-09-17,-0.047133
2008-09-18,0.043342
2008-09-19,0.040257
2008-09-22,-0.038237
2008-09-23,-0.015633
2008-09-24,-0.001978
2008-09-25,0.019656
2008-09-26,0.003167
2008-09-29,-0.087897
2008-09-30,0.054203
2008-10-01,-0.004544
2008-10-02,-0.040291
2008-10-03,-0.013506
2008-10-06,-0.038518
2008-10-07,-0.057395
2008-10-08,-0.011333
2008-10-09,-0.076167
2008-10-10,-0.011759
2008-10-13,0.115800
2008-10-14,-0.005322
2008-10-15,-0.090350
2008-10-16,0.042507
2008-10-17,-0.006213
2008-10-20,0.047685
2008-10-21,-0.030800
2008-10-22,-0.061013
2008-10-23,0.012634
2008-10-24,-0.034511
2008-10-27,-0.031764
2008-10-28,0.107890
2008-10-29,-0.011079
2008-10-30,0.025804
2008-10-31,0.015365
2008-11-03,-0.002529
2008-11-04,0.040826
2008-11-05,-0.052677
2008-11-06,-0.050264
2008-11-07,0.028855
2008-11-10,-0.012653
2008-11-11,-0.022041
2008-11-12,-0.051894
2008-11-13,0.069213
2008-11-14,-0.041699
2008-11-17,-0.025810
2008-11-18,0.009838
2008-11-19,-0.061156
2008-11-20,-0.067123
2008-11-21,0.063248
2008-11-24,0.064723
2008-11-25,0.006551
2008-11-26,0.035328
2008-11-28,0.009643
2008-12-01,-0.089295
2008-12-02,0.039941
2008-12-03,0.025836
2008-12-04,-0.029308
2008-12-05,0.036499
2008-12-08,0.038387
2008-12-09,-0.023118
2008-12-10,0.011894
2008-12-11,-0.028524
2008-12-12,0.007028
2008-12-15,-0.012686
2008-12-16,0.051360
2008-12-17,-0.009593
2008-12-18,-0.021163
2008-12-19,0.002937
2008-12-22,-0.018302
2008-12-23,-0.009717
2008-12-24,0.005781
2008-12-26,0.005356
2008-12-29,-0.003873
2008-12-30,0.024407
2008-12-31,0.014158
2009-01-02,0.031608
2009-01-05,-0.004668
2009-01-06,0.007817
2009-01-07,-0.030010
2009-01-08,0.003397
2009-01-09,-0.021303
2009-01-12,-0.022564
2009-01-13,0.001758
2009-01-14,-0.033460
2009-01-15,0.001329
2009-01-16,0.007562
2009-01-20,-0.052816
2009-01-21,0.043491
2009-01-22,-0.015162
2009-01-23,0.005378
2009-01-26,0.005553
2009-01-27,0.010926
2009-01-28,0.033558
2009-01-29,-0.033120
2009-01-30,-0.022789
2009-02-02,-0.000533
2009-02-03,0.015834
2009-02-04,-0.007489
2009-02-05,0.016366
2009-02-06,0.026896
2009-02-09,0.001485
2009-02-10,-0.049121
2009-02-11,0.007955
2009-02-12,0.001739
2009-02-13,-0.009998
2009-02-17,-0.045559
2009-02-18,-0.000950
2009-02-19,-0.012024
2009-02-20,-0.011413
2009-02-23,-0.034699
2009-02-24,0.040103
2009-02-25,-0.010658
2009-02-26,-0.015780
2009-02-27,-0.023564
2009-03-02,-0.046620
2009-03-03,-0.006407
2009-03-04,0.023753
2009-03-05,-0.042532
2009-03-06,0.001216
2009-03-09,-0.010024
2009-03-10,0.063663
2009-03-11,0.002446
2009-03-12,0.040729
2009-03-13,0.007739
2009-03-16,-0.003516
2009-03-17,0.032140
2009-03-18,0.020858
2009-03-19,-0.012979
2009-03-20,-0.019769
2009-03-23,0.070758
2009-03-24,-0.020415
2009-03-25,0.009626
2009-03-26,0.023320
2009-03-27,-0.020316
2009-03-30,-0.034819
2009-03-31,0.013130
2009-04-01,0.016557
2009-04-02,0.028727
2009-04-03,0.009732
2009-04-06,-0.008332
2009-04-07,-0.023855
2009-04-08,0.011783
2009-04-09,0.038053
2009-04-13,0.002533
2009-04-14,-0.020065
2009-04-15,0.012549
2009-04-16,0.015539
2009-04-17,0.004969
2009-04-20,-0.042790
2009-04-21,0.021252
2009-04-22,-0.007682
2009-04-23,0.009922
2009-04-24,0.016797
2009-04-27,-0.010067
2009-04-28,-0.002740
2009-04-29,0.021610
2009-04-30,-0.000950
2009-05-01,0.005396
2009-05-04,0.033868
2009-05-05,-0.003792
2009-05-06,0.017404
2009-05-07,-0.013202
2009-05-08,0.024069
2009-05-11,-0.021512
2009-05-12,-0.000979
2009-05-13,-0.026895
2009-05-14,0.010352
2009-05-15,-0.011410
2009-05-18,0.030389
2009-05-19,-0.001737
2009-05-20,-0.005131
2009-05-21,-0.016758
2009-05-22,-0.001497
2009-05-26,0.026302
2009-05-27,-0.018971
2009-05-28,0.015419
2009-05-29,0.013575
2009-06-01,0.025818
2009-06-02,0.001983
2009-06-03,-0.013739
2009-06-04,0.011484
2009-06-05,-0.002515
2009-06-08,-0.001011
2009-06-09,0.003503
2009-06-10,-0.003480
2009-06-11,0.006112
2009-06-12,0.001397
2009-06-15,-0.023769
2009-06-16,-0.012720
2009-06-17,-0.001382
2009-06-18,0.008411
2009-06-19,0.003114
2009-06-22,-0.030600
2009-06-23,0.002307
2009-06-24,0.006524
2009-06-25,0.021444
2009-06-26,-0.001478
2009-06-29,0.009065
2009-06-30,-0.008531
2009-07-01,0.004362
2009-07-02,-0.029145
2009-07-06,0.002566
2009-07-07,-0.019684
2009-07-08,-0.001669
2009-07-09,0.003547
2009-07-10,-0.004022
2009-07-13,0.024934
2009-07-14,0.005316
2009-07-15,0.029630
2009-07-16,0.008642
2009-07-17,-0.000383
2009-07-20,0.011432
2009-07-21,0.003627
2009-07-22,-0.000534
2009-07-23,0.023290
2009-07-24,0.003042
2009-07-27,0.002982
2009-07-28,-0.002606
2009-07-29,-0.004563
2009-07-30,0.011896
2009-07-31,0.000740
2009-08-03,0.015342
2009-08-04,0.003012
2009-08-05,-0.002914
2009-08-06,-0.005625
2009-08-07,0.013439
2009-08-10,-0.003345
2009-08-11,-0.012660
2009-08-12,0.011525
2009-08-13,0.006880
2009-08-14,-0.008531
2009-08-17,-0.024261
2009-08-18,0.010146
2009-08-19,0.006861
2009-08-20,0.010949
2009-08-21,0.018623
2009-08-24,-0.000546
2009-08-25,0.002369
2009-08-26,0.000117
2009-08-27,0.002782
2009-08-28,-0.001988
2009-08-31,-0.008076
2009-09-01,-0.022124
2009-09-02,-0.003296
2009-09-03,0.008535
2009-09-04,0.013118
2009-09-08,0.008845
2009-09-09,0.007782
2009-09-10,0.010422
2009-09-11,-0.001350
2009-09-14,0.006339
2009-09-15,0.003135
2009-09-16,0.015324
2009-09-17,-0.003060
2009-09-18,0.002637
2009-09-21,-0.003407
2009-09-22,0.006575
2009-09-23,-0.010068
2009-09-24,-0.009511
2009-09-25,-0.006091
2009-09-28,0.017810
2009-09-29,-0.002230
2009-09-30,-0.003328
2009-10-01,-0.025760
2009-10-02,-0.004506
2009-10-05,0.014875
2009-10-06,0.013705
2009-10-07,0.002712
2009-10-08,0.007470
2009-10-09,0.005641
2009-10-12,0.004386
2009-10-13,-0.002788
2009-10-14,0.017546
2009-10-15,0.004157
2009-10-16,-0.008098
2009-10-19,0.009405
2009-10-20,-0.006239
2009-10-21,-0.008854
2009-10-22,0.010644
2009-10-23,-0.012179
2009-10-26,-0.011717
2009-10-27,-0.003318
2009-10-28,-0.019541
2009-10-29,0.022520
2009-10-30,-0.028065
2009-11-02,0.006456
2009-11-03,0.002426
2009-11-04,0.001043
2009-11-05,0.019236
2009-11-06,0.002503
2009-11-09,0.022239
2009-11-10,-0.000064
2009-11-11,0.005032
2009-11-12,-0.010259
2009-11-13,0.005739
2009-11-16,0.014468
2009-11-17,0.000919
2009-11-18,-0.000468
2009-11-19,-0.013426
2009-11-20,-0.003215
2009-11-23,0.013616
2009-11-24,-0.000533
2009-11-25,0.004504
2009-11-27,-0.017233
2009-11-30,0.003793
2009-12-01,0.012075
2009-12-02,0.000343
2009-12-03,-0.008402
2009-12-04,0.005509
2009-12-07,-0.002468
2009-12-08,-0.010252
2009-12-09,0.003672
2009-12-10,0.005840
2009-12-11,0.003683
2009-12-14,0.006959
2009-12-15,-0.005547
2009-12-16,0.001128
2009-12-17,-0.011811
2009-12-18,0.005830
2009-12-21,0.010504
2009-12-22,0.003564
2009-12-23,0.002299
2009-12-24,0.005256
2009-12-28,0.001154
2009-12-29,-0.001401
2009-12-30,0.000195
2009-12-31,-0.010050
2010-01-04,0.016043
2010-01-05,0.003116
2010-01-06,0.000546
2010-01-07,0.004001
2010-01-08,0.002882
2010-01-11,0.001747
2010-01-12,-0.009381
2010-01-13,0.008326
2010-01-14,0.002427
2010-01-15,-0.010823
2010-01-19,0.012500
2010-01-20,-0.010598
2010-01-21,-0.018945
2010-01-22,-0.022141
2010-01-25,0.004598
2010-01-26,-0.004203
2010-01-27,0.004880
2010-01-28,-0.011818
2010-01-29,-0.009829
2010-02-01,0.014266
2010-02-02,0.012973
2010-02-03,-0.005474
2010-02-04,-0.031141
2010-02-05,0.002897
2010-02-08,-0.008863
2010-02-09,0.013040
2010-02-10,-0.002233
2010-02-11,0.009680
2010-02-12,-0.002745
2010-02-16,0.018001
2010-02-17,0.004238
2010-02-18,0.006585
2010-02-19,0.002187
2010-02-22,-0.001046
2010-02-23,-0.012103
2010-02-24,0.009720
2010-02-25,-0.002081
2010-02-26,0.001405
2010-03-01,0.010159
2010-03-02,0.002330
2010-03-03,0.000429
2010-03-04,0.003736
2010-03-05,0.014008
2010-03-08,-0.000176
2010-03-09,0.001713
2010-03-10,0.004525
2010-03-11,0.004042
2010-03-12,-0.000217
2010-03-15,0.000452
2010-03-16,0.007779
2010-03-17,0.005822
2010-03-18,-0.000326
2010-03-19,-0.005087
2010-03-22,0.005095
2010-03-23,0.007171
2010-03-24,-0.005493
2010-03-25,-0.001704
2010-03-26,0.000738
2010-03-29,0.005683
2010-03-30,0.000043
2010-03-31,-0.003273
2010-04-01,0.007414
2010-04-05,0.007928
2010-04-06,0.001684
2010-04-07,-0.005877
2010-04-08,0.003374
2010-04-09,0.006684
2010-04-12,0.001767
2010-04-13,0.000685
2010-04-14,0.011150
2010-04-15,0.000843
2010-04-16,-0.016127
2010-04-19,0.004521
2010-04-20,0.008058
2010-04-21,-0.001019
2010-04-22,0.002264
2010-04-23,0.007124
2010-04-26,-0.004296
2010-04-27,-0.023382
2010-04-28,0.006463
2010-04-29,0.012943
2010-04-30,-0.016648
2010-05-03,0.013121
2010-05-04,-0.023838
2010-05-05,-0.006561
2010-05-06,-0.032378
2010-05-07,-0.015308
2010-05-10,0.043974
2010-05-11,-0.003397
2010-05-12,0.013740
2010-05-13,-0.012145
2010-05-14,-0.018800
2010-05-17,0.001109
2010-05-18,-0.014196
2010-05-19,-0.005130
2010-05-20,-0.038976
2010-05-21,0.015024
2010-05-24,-0.012908
2010-05-25,0.000354
2010-05-26,-0.005661
2010-05-27,0.032876
2010-05-28,-0.012375
2010-06-01,-0.017165
2010-06-02,0.025843
2010-06-03,0.004051
2010-06-04,-0.034411
2010-06-07,-0.013532
2010-06-08,0.010976
2010-06-09,-0.005942
2010-06-10,0.029507
2010-06-11,0.004380
2010-06-14,-0.001805
2010-06-15,0.023494
2010-06-16,-0.000556
2010-06-17,0.001283
2010-06-18,0.001317
2010-06-21,-0.003857
2010-06-22,-0.016071
2010-06-23,-0.002985
2010-06-24,-0.016803
2010-06-25,0.002859
2010-06-28,-0.002034
2010-06-29,-0.031017
2010-06-30,-0.010113
2010-07-01,-0.003240
2010-07-02,-0.004662
2010-07-06,0.005359
2010-07-07,0.031331
2010-07-08,0.009413
2010-07-09,0.007204
2010-07-12,0.000733
2010-07-13,0.015379
2010-07-14,-0.000155
2010-07-15,0.001196
2010-07-16,-0.028820
2010-07-19,0.005982
2010-07-20,0.011417
2010-07-21,-0.012820
2010-07-22,0.022513
2010-07-23,0.008220
2010-07-26,0.011200
2010-07-27,-0.001049
2010-07-28,-0.006922
2010-07-29,-0.004159
2010-07-30,0.000064
2010-08-02,0.022023
2010-08-03,-0.004796
2010-08-04,0.006051
2010-08-05,-0.001269
2010-08-06,-0.003704
2010-08-09,0.005483
2010-08-10,-0.005967
2010-08-11,-0.028179
2010-08-12,-0.005379
2010-08-13,-0.004024
2010-08-16,0.000120
2010-08-17,0.012192
2010-08-18,0.001483
2010-08-19,-0.016935
2010-08-20,-0.003663
2010-08-23,-0.004040
2010-08-24,-0.014512
2010-08-25,0.003289
2010-08-26,-0.007685
2010-08-27,0.016587
2010-08-30,-0.014719
2010-08-31,0.000391
2010-09-01,0.029505
2010-09-02,0.009081
2010-09-03,0.013219
2010-09-07,-0.011471
2010-09-08,0.006439
2010-09-09,0.004832
2010-09-10,0.004863
2010-09-13,0.011131
2010-09-14,-0.000713
2010-09-15,0.003541
2010-09-16,-0.000364
2010-09-17,0.000827
2010-09-20,0.015210
2010-09-21,-0.002564
2010-09-22,-0.004825
2010-09-23,-0.008331
2010-09-24,0.021194
2010-09-27,-0.005667
2010-09-28,0.004850
2010-09-29,-0.002588
2010-09-30,-0.003084
2010-10-01,0.004416
2010-10-04,-0.008035
2010-10-05,0.020861
2010-10-06,-0.000672
2010-10-07,-0.001647
2010-10-08,0.006122
2010-10-11,0.000146
2010-10-12,0.003819
2010-10-13,0.007121
2010-10-14,-0.003641
2010-10-15,0.002028
2010-10-18,0.007244
2010-10-19,-0.015877
2010-10-20,0.010524
2010-10-21,0.001774
2010-10-22,0.002389
2010-10-25,0.002147
2010-10-26,0.000017
2010-10-27,-0.002691
2010-10-28,0.001125
2010-10-29,-0.000439
2010-11-01,0.000947
2010-11-02,0.007759
2010-11-03,0.003678
2010-11-04,0.019283
2010-11-05,0.003923
2010-11-08,-0.002121
2010-11-09,-0.008052
2010-11-10,0.004376
2010-11-11,-0.004242
2010-11-12,-0.011808
2010-11-15,-0.001217
2010-11-16,-0.016205
2010-11-17,0.000212
2010-11-18,0.015357
2010-11-19,0.002540
2010-11-22,-0.001575
2010-11-23,-0.014284
2010-11-24,0.014923
2010-11-26,-0.007469
2010-11-29,-0.001379
2010-11-30,-0.006070
2010-12-01,0.021617
2010-12-02,0.012818
2010-12-03,0.002603
2010-12-06,-0.001298
2010-12-07,0.000515
2010-12-08,0.003702
2010-12-09,0.003843
2010-12-10,0.006002
2010-12-13,0.000048
2010-12-14,0.000911
2010-12-15,-0.005122
2010-12-16,0.006185
2010-12-17,0.000837
2010-12-20,0.002548
2010-12-21,0.006030
2010-12-22,0.003380
2010-12-23,-0.001644
2010-12-27,0.000613
2010-12-28,0.000771
2010-12-29,0.001009
2010-12-30,-0.001508
2010-12-31,-0.000191
2011-01-03,0.011315
2011-01-04,-0.001313
2011-01-05,0.005007
2011-01-06,-0.002123
2011-01-07,-0.001845
2011-01-10,-0.001376
2011-01-11,0.003725
2011-01-12,0.009008
2011-01-13,-0.001711
2011-01-14,0.007385
2011-01-18,0.001376
2011-01-19,-0.010116
2011-01-20,-0.001295
2011-01-21,0.002414
2011-01-24,0.005836
2011-01-25,0.000263
2011-01-26,0.004221
2011-01-27,0.002244
2011-01-28,-0.017852
2011-01-31,0.007663
2011-02-01,0.016694
2011-02-02,-0.002723
2011-02-03,0.002354
2011-02-04,0.002884
2011-02-07,0.006240
2011-02-08,0.004185
2011-02-09,-0.002786
2011-02-10,0.000750
2011-02-11,0.005507
2011-02-14,0.002385
2011-02-15,-0.003235
2011-02-16,0.006257
2011-02-17,0.003076
2011-02-18,0.001925
2011-02-22,-0.020529
2011-02-23,-0.006112
2011-02-24,-0.000994
2011-02-25,0.010550
2011-02-28,0.005561
2011-03-01,-0.015740
2011-03-02,0.001615
2011-03-03,0.017219
2011-03-04,-0.007378
2011-03-07,-0.008341
2011-03-08,0.008923
2011-03-09,-0.001362
2011-03-10,-0.018871
2011-03-11,0.007080
2011-03-14,-0.006049
2011-03-15,-0.011200
2011-03-16,-0.019495
2011-03-17,0.013398
2011-03-18,0.004302
2011-03-21,0.014994
2011-03-22,-0.003551
2011-03-23,0.002914
2011-03-24,0.009341
2011-03-25,0.003161
2011-03-28,-0.002748
2011-03-29,0.007060
2011-03-30,0.006685
2011-03-31,-0.001829
2011-04-01,0.004963
2011-04-04,0.000345
2011-04-05,-0.000180
2011-04-06,0.002184
2011-04-07,-0.001520
2011-04-08,-0.004004
2011-04-11,-0.002793
2011-04-12,-0.007777
2011-04-13,0.000190
2011-04-14,0.000084
2011-04-15,0.003925
2011-04-18,-0.011018
2011-04-19,0.005731
2011-04-20,0.013515
2011-04-21,0.005277
2011-04-25,-0.001593
2011-04-26,0.008980
2011-04-27,0.006250
2011-04-28,0.003555
2011-04-29,0.002301
2011-05-02,-0.001753
2011-05-03,-0.003379
2011-05-04,-0.006855
2011-05-05,-0.009070
2011-05-06,0.003820
2011-05-09,0.004544
2011-05-10,0.008074
2011-05-11,-0.011111
2011-05-12,0.004895
2011-05-13,-0.008067
2011-05-16,-0.006204
2011-05-17,-0.000369
2011-05-18,0.008804
2011-05-19,0.002178
2011-05-20,-0.007688
2011-05-23,-0.011926
2011-05-24,-0.000827
2011-05-25,0.003183
2011-05-26,0.003953
2011-05-27,0.004081
2011-05-31,0.010593
2011-06-01,-0.022785
2011-06-02,-0.001225
2011-06-03,-0.009734
2011-06-06,-0.010760
2011-06-07,-0.000956
2011-06-08,-0.004187
2011-06-09,0.007378
2011-06-10,-0.013980
2011-06-13,0.000669
2011-06-14,0.012612
2011-06-15,-0.017432
2011-06-16,0.001754
2011-06-17,0.003045
2011-06-20,0.005395
2011-06-21,0.013423
2011-06-22,-0.006468
2011-06-23,-0.002828
2011-06-24,-0.011726
2011-06-27,0.009184
2011-06-28,0.012944
2011-06-29,0.008283
2011-06-30,0.010119
2011-07-01,0.014410
2011-07-05,-0.001336
2011-07-06,0.001002
2011-07-07,0.010454
2011-07-08,-0.006961
2011-07-11,-0.018090
2011-07-12,-0.004434
2011-07-13,0.003106
2011-07-14,-0.006716
2011-07-15,0.005554
2011-07-18,-0.008130
2011-07-19,0.016309
2011-07-20,-0.000671
2011-07-21,0.013546
2011-07-22,0.000908
2011-07-25,-0.005643
2011-07-26,-0.004105
2011-07-27,-0.020309
2011-07-28,-0.003234
2011-07-29,-0.006451
2011-08-01,-0.004132
2011-08-02,-0.025557
2011-08-03,0.005016
2011-08-04,-0.047820
2011-08-05,-0.000575
2011-08-08,-0.066634
2011-08-09,0.047407
2011-08-10,-0.044152
2011-08-11,0.046290
2011-08-12,0.005262
2011-08-15,0.021785
2011-08-16,-0.009739
2011-08-17,0.000947
2011-08-18,-0.044594
2011-08-19,-0.015009
2011-08-22,0.000258
2011-08-23,0.034285
2011-08-24,0.013120
2011-08-25,-0.015566
2011-08-26,0.015122
2011-08-29,0.028280
2011-08-30,0.002347
2011-08-31,0.004922
2011-09-01,-0.011871
2011-09-02,-0.025282
2011-09-06,-0.007436
2011-09-07,0.028646
2011-09-08,-0.010612
2011-09-09,-0.026705
2011-09-12,0.006966
2011-09-13,0.009120
2011-09-14,0.013480
2011-09-15,0.017187
2011-09-16,0.005707
2011-09-19,-0.009803
2011-09-20,-0.001661
2011-09-21,-0.029390
2011-09-22,-0.031883
2011-09-23,0.006082
2011-09-26,0.023336
2011-09-27,0.010688
2011-09-28,-0.020691
2011-09-29,0.008114
2011-09-30,-0.024974
2011-10-03,-0.028451
2011-10-04,0.022488
2011-10-05,0.017866
2011-10-06,0.018304
2011-10-07,-0.008163
2011-10-10,0.034125
2011-10-11,0.000544
2011-10-12,0.009795
2011-10-13,-0.002974
2011-10-14,0.017380
2011-10-17,-0.019370
2011-10-18,0.020419
2011-10-19,-0.012649
2011-10-20,0.004554
2011-10-21,0.018809
2011-10-24,0.012873
2011-10-25,-0.020045
2011-10-26,0.010537
2011-10-27,0.034291
2011-10-28,0.000389
2011-10-31,-0.024738
2011-11-01,-0.027942
2011-11-02,0.016105
2011-11-03,0.018782
2011-11-04,-0.006280
2011-11-07,0.006296
2011-11-08,0.011736
2011-11-09,-0.036695
2011-11-10,0.008616
2011-11-11,0.019489
2011-11-14,-0.009550
2011-11-15,0.004817
2011-11-16,-0.016616
2011-11-17,-0.016800
2011-11-18,-0.000395
2011-11-21,-0.018648
2011-11-22,-0.004141
2011-11-23,-0.022095
2011-11-25,-0.002686
2011-11-28,0.029240
2011-11-29,0.002214
2011-11-30,0.043315
2011-12-01,-0.001909
2011-12-02,-0.000241
2011-12-05,0.010287
2011-12-06,0.001106
2011-12-07,0.002018
2011-12-08,-0.021142
2011-12-09,0.016883
2011-12-12,-0.014914
2011-12-13,-0.008686
2011-12-14,-0.011348
2011-12-15,0.003243
2011-12-16,0.003216
2011-12-19,-0.011733
2011-12-20,0.029825
2011-12-21,0.001950
2011-12-22,0.008266
2011-12-23,0.009035
2011-12-27,0.000079
2011-12-28,-0.012478
2011-12-29,0.010707
2011-12-30,-0.004291
2012-01-03,0.015474
2012-01-04,0.000188
2012-01-05,0.002944
2012-01-06,-0.002537
2012-01-09,0.002262
2012-01-10,0.008886
2012-01-11,0.000310
2012-01-12,0.002337
2012-01-13,-0.004948
2012-01-17,0.003553
2012-01-18,0.011108
2012-01-19,0.004939
2012-01-20,0.000669
2012-01-23,0.000471
2012-01-24,-0.001026
2012-01-25,0.008672
2012-01-26,-0.005746
2012-01-27,-0.001593
2012-01-30,-0.002522
2012-01-31,-0.000457
2012-02-01,0.008900
2012-02-02,0.001095
2012-02-03,0.014605
2012-02-06,-0.000424
2012-02-07,0.002023
2012-02-08,0.002160
2012-02-09,0.001474
2012-02-10,-0.006886
2012-02-13,0.006800
2012-02-14,-0.000940
2012-02-15,-0.005383
2012-02-16,0.011026
2012-02-17,0.002349
2012-02-21,0.000720
2012-02-22,-0.003340
2012-02-23,0.004272
2012-02-24,0.001672
2012-02-27,0.001355
2012-02-28,0.003356
2012-02-29,-0.004737
2012-03-01,0.006158
2012-03-02,-0.003246
2012-03-05,-0.003870
2012-03-06,-0.015370
2012-03-07,0.006901
2012-03-08,0.009818
2012-03-09,0.003631
2012-03-12,0.000160
2012-03-13,0.018132
2012-03-14,-0.001196
2012-03-15,0.005967
2012-03-16,0.001119
2012-03-19,0.003974
2012-03-20,-0.003001
2012-03-21,-0.001871
2012-03-22,-0.007207
2012-03-23,0.003109
2012-03-26,0.013886
2012-03-27,-0.002817
2012-03-28,-0.004942
2012-03-29,-0.001608
2012-03-30,0.003698
2012-04-02,0.007505
2012-04-03,-0.003989
2012-04-04,-0.010202
2012-04-05,-0.000629
2012-04-09,-0.011358
2012-04-10,-0.017081
2012-04-11,0.007449
2012-04-12,0.013779
2012-04-13,-0.012475
2012-04-16,-0.000504
2012-04-17,0.015487
2012-04-18,-0.004055
2012-04-19,-0.005934
2012-04-20,0.001169
2012-04-23,-0.008408
2012-04-24,0.003680
2012-04-25,0.013645
2012-04-26,0.006680
2012-04-27,0.002414
2012-04-30,-0.003884
2012-05-01,0.005658
2012-05-02,-0.002497
2012-05-03,-0.007659
2012-05-04,-0.016147
2012-05-07,0.000351
2012-05-08,-0.004279
2012-05-09,-0.006702
2012-05-10,0.002517
2012-05-11,-0.003387
2012-05-14,-0.011113
2012-05-15,-0.005746
2012-05-16,-0.004404
2012-05-17,-0.015051
2012-05-18,-0.007388
2012-05-21,0.016036
2012-05-22,0.000486
2012-05-23,0.001694
2012-05-24,0.001380
2012-05-25,-0.002166
2012-05-29,0.011079
2012-05-30,-0.014335
2012-05-31,-0.002277
2012-06-01,-0.024643
2012-06-04,0.000110
2012-06-05,0.005727
2012-06-06,0.023049
2012-06-07,-0.000106
2012-06-08,0.008114
2012-06-11,-0.012620
2012-06-12,0.011651
2012-06-13,-0.007023
2012-06-14,0.010815
2012-06-15,0.010338
2012-06-18,0.001445
2012-06-19,0.009816
2012-06-20,-0.001686
2012-06-21,-0.022262
2012-06-22,0.007175
2012-06-25,-0.015955
2012-06-26,0.004773
2012-06-27,0.008985
2012-06-28,-0.002110
2012-06-29,0.024920
2012-07-02,0.002459
2012-07-03,0.006232
2012-07-05,-0.004687
2012-07-06,-0.009433
2012-07-09,-0.001639
2012-07-10,-0.008126
2012-07-11,-0.000015
2012-07-12,-0.004987
2012-07-13,0.016497
2012-07-16,-0.002314
2012-07-17,0.007410
2012-07-18,0.006681
2012-07-19,0.002717
2012-07-20,-0.010062
2012-07-23,-0.008909
2012-07-24,-0.009041
2012-07-25,-0.000314
2012-07-26,0.016541
2012-07-27,0.019081
2012-07-30,-0.000483
2012-07-31,-0.004317
2012-08-01,-0.003030
2012-08-02,-0.007374
2012-08-03,0.019040
2012-08-06,0.002329
2012-08-07,0.005107
2012-08-08,0.000621
2012-08-09,0.000414
2012-08-10,0.002188
2012-08-13,-0.001252
2012-08-14,-0.000128
2012-08-15,0.001140
2012-08-16,0.007101
2012-08-17,0.001872
2012-08-20,-0.000021
2012-08-21,-0.003498
2012-08-22,0.000226
2012-08-23,-0.008072
2012-08-24,0.006455
2012-08-27,-0.000489
2012-08-28,-0.000808
2012-08-29,0.000844
2012-08-30,-0.007806
2012-08-31,0.005073
2012-09-04,-0.001166
2012-09-05,-0.001068
2012-09-06,0.020436
2012-09-07,0.004050
2012-09-10,-0.006148
2012-09-11,0.003135
2012-09-12,0.002093
2012-09-13,0.016310
2012-09-14,0.003959
2012-09-17,-0.003125
2012-09-18,-0.001280
2012-09-19,0.001185
2012-09-20,-0.000541
2012-09-21,-0.000075
2012-09-24,-0.002233
2012-09-25,-0.010502
2012-09-26,-0.005737
2012-09-27,0.009649
2012-09-28,-0.004478
2012-10-01,0.002652
2012-10-02,0.000872
2012-10-03,0.003624
2012-10-04,0.007174
2012-10-05,-0.000322
2012-10-08,-0.003457
2012-10-09,-0.009891
2012-10-10,-0.006188
2012-10-11,0.000195
2012-10-12,-0.002966
2012-10-15,0.008078
2012-10-16,0.010270
2012-10-17,0.004117
2012-10-18,-0.002444
2012-10-19,-0.016571
2012-10-22,0.000440
2012-10-23,-0.014444
2012-10-24,-0.003085
2012-10-25,0.002996
2012-10-26,-0.000729
2012-10-31,0.000156
2012-11-01,0.010927
2012-11-02,-0.009379
2012-11-05,0.002164
2012-11-06,0.007853
2012-11-07,-0.023705
2012-11-08,-0.012205
2012-11-09,0.001699
2012-11-12,0.000130
2012-11-13,-0.003985
2012-11-14,-0.013852
2012-11-15,-0.001594
2012-11-16,0.004840
2012-11-19,0.019862
2012-11-20,0.000663
2012-11-21,0.002320
2012-11-23,0.013026
2012-11-26,-0.002030
2012-11-27,-0.005227
2012-11-28,0.007856
2012-11-29,0.004270
2012-11-30,0.000162
2012-12-03,-0.004745
2012-12-04,-0.001710
2012-12-05,0.001585
2012-12-06,0.003307
2012-12-07,0.002921
2012-12-10,0.000338
2012-12-11,0.006549
2012-12-12,0.000448
2012-12-13,-0.006321
2012-12-14,-0.004135
2012-12-17,0.011871
2012-12-18,0.011487
2012-12-19,-0.007589
2012-12-20,0.005488
2012-12-21,-0.009379
2012-12-24,-0.002440
2012-12-26,-0.004787
2012-12-27,-0.001218
2012-12-28,-0.011050
2012-12-31,0.016942
2013-01-02,0.025403
2013-01-03,-0.002086
2013-01-04,0.004865
2013-01-07,-0.003123
2013-01-08,-0.003242
2013-01-09,0.002656
2013-01-10,0.007597
2013-01-11,-0.000048
2013-01-14,-0.000931
2013-01-15,0.001129
2013-01-16,0.000197
2013-01-17,0.005643
2013-01-18,0.003403
2013-01-22,0.004428
2013-01-23,0.001507
2013-01-24,0.000007
2013-01-25,0.005445
2013-01-28,-0.001850
2013-01-29,0.005106
2013-01-30,-0.003900
2013-01-31,-0.002563
2013-02-01,0.010053
2013-02-04,-0.011539
2013-02-05,0.010416
2013-02-06,0.000549
2013-02-07,-0.001805
2013-02-08,0.005658
2013-02-11,-0.000606
2013-02-12,0.001595
2013-02-13,0.000592
2013-02-14,0.000691
2013-02-15,-0.001045
2013-02-19,0.007337
2013-02-20,-0.012404
2013-02-21,-0.006303
2013-02-22,0.008773
2013-02-25,-0.018310
2013-02-26,0.006109
2013-02-27,0.012726
2013-02-28,-0.000864
2013-03-01,0.002324
2013-03-04,0.004611
2013-03-05,0.009566
2013-03-06,0.001085
2013-03-07,0.001816
2013-03-08,0.004481
2013-03-11,0.003249
2013-03-12,-0.002403
2013-03-13,0.001314
2013-03-14,0.005603
2013-03-15,-0.001618
2013-03-18,-0.005510
2013-03-19,-0.002423
2013-03-20,0.006697
2013-03-21,-0.008282
2013-03-22,0.007174
2013-03-25,-0.003340
2013-03-26,0.007785
2013-03-27,-0.000588
2013-03-28,0.004057
2013-04-01,-0.004474
2013-04-02,0.005172
2013-04-03,-0.010546
2013-04-04,0.004048
2013-04-05,-0.004295
2013-04-08,0.006303
2013-04-09,0.003544
2013-04-10,0.012189
2013-04-11,0.003552
2013-04-12,-0.002837
2013-04-15,-0.022966
2013-04-16,0.014307
2013-04-17,-0.014328
2013-04-18,-0.006701
2013-04-19,0.008848
2013-04-22,0.004662
2013-04-23,0.010419
2013-04-24,0.000006
2013-04-25,0.004035
2013-04-26,-0.001842
2013-04-29,0.007186
2013-04-30,0.002485
2013-05-01,-0.009308
2013-05-02,0.009408
2013-05-03,0.010535
2013-05-06,0.001908
2013-05-07,0.005230
2013-05-08,0.004139
2013-05-09,-0.003687
2013-05-10,0.004322
2013-05-13,0.000043
2013-05-14,0.010142
2013-05-15,0.005114
2013-05-16,-0.005010
2013-05-17,0.010300
2013-05-20,-0.000708
2013-05-21,0.001722
2013-05-22,-0.008274
2013-05-23,-0.002924
2013-05-24,-0.000551
2013-05-28,0.006341
2013-05-29,-0.007048
2013-05-30,0.003670
2013-05-31,-0.014307
2013-06-03,0.005936
2013-06-04,-0.005511
2013-06-05,-0.013780
2013-06-06,0.008490
2013-06-07,0.012832
2013-06-10,-0.000347
2013-06-11,-0.010153
2013-06-12,-0.008370
2013-06-13,0.014784
2013-06-14,-0.005885
2013-06-17,0.007567
2013-06-18,0.007791
2013-06-19,-0.013851
2013-06-20,-0.025010
2013-06-21,0.002670
2013-06-24,-0.012145
2013-06-25,0.009497
2013-06-26,0.009590
2013-06-27,0.006200
2013-06-28,-0.004290
2013-07-01,0.005404
2013-07-02,-0.000545
2013-07-03,0.000824
2013-07-05,0.010202
2013-07-08,0.005252
2013-07-09,0.007230
2013-07-10,0.000182
2013-07-11,0.013554
2013-07-12,0.003087
2013-07-15,0.001375
2013-07-16,-0.003709
2013-07-17,0.002774
2013-07-18,0.005033
2013-07-19,0.001610
2013-07-22,0.002033
2013-07-23,-0.001852
2013-07-24,-0.003811
2013-07-25,0.002556
2013-07-26,0.000828
2013-07-29,-0.003736
2013-07-30,0.000374
2013-07-31,-0.000136
2013-08-01,0.012541
2013-08-02,0.001640
2013-08-05,-0.001480
2013-08-06,-0.005723
2013-08-07,-0.003806
2013-08-08,0.003885
2013-08-09,-0.003570
2013-08-12,-0.001153
2013-08-13,0.002776
2013-08-14,-0.005177
2013-08-15,-0.014282
2013-08-16,-0.003305
2013-08-19,-0.005900
2013-08-20,0.003821
2013-08-21,-0.005780
2013-08-22,0.008619
2013-08-23,0.003947
2013-08-26,-0.004040
2013-08-27,-0.015874
2013-08-28,0.002748
2013-08-29,0.001963
2013-08-30,-0.003174
2013-09-03,0.004164
2013-09-04,0.008117
2013-09-05,0.001210
2013-09-06,0.000054
2013-09-09,0.009993
2013-09-10,0.007346
2013-09-11,0.003052
2013-09-12,-0.003380
2013-09-13,0.002715
2013-09-16,0.005693
2013-09-17,0.004218
2013-09-18,0.012178
2013-09-19,-0.001843
2013-09-20,-0.007217
2013-09-23,-0.004720
2013-09-24,-0.002597
2013-09-25,-0.002739
2013-09-26,0.003485
2013-09-27,-0.004074
2013-09-30,-0.006029
2013-10-01,0.007999
2013-10-02,-0.000667
2013-10-03,-0.008979
2013-10-04,0.007053
2013-10-07,-0.008506
2013-10-08,-0.012332
2013-10-09,0.000574
2013-10-10,0.021830
2013-10-11,0.006286
2013-10-14,0.004075
2013-10-15,-0.007064
2013-10-16,0.013828
2013-10-17,0.006744
2013-10-18,0.006549
2013-10-21,0.000092
2013-10-22,0.005738
2013-10-23,-0.004725
2013-10-24,0.003258
2013-10-25,0.004395
2013-10-28,0.001330
2013-10-29,0.005584
2013-10-30,-0.004876
2013-10-31,-0.003839
2013-11-01,0.002903
2013-11-04,0.003571
2013-11-05,-0.002806
2013-11-06,0.004266
2013-11-07,-0.013183
2013-11-08,0.013428
2013-11-11,0.000723
2013-11-12,-0.002370
2013-11-13,0.008095
2013-11-14,0.004837
2013-11-15,0.004222
2013-11-18,-0.003698
2013-11-19,-0.002043
2013-11-20,-0.003636
2013-11-21,0.008129
2013-11-22,0.004961
2013-11-25,-0.001263
2013-11-26,0.000150
2013-11-27,0.002485
2013-11-29,-0.000786
2013-12-02,-0.002719
2013-12-03,-0.003193
2013-12-04,-0.001304
2013-12-05,-0.004340
2013-12-06,0.011238
2013-12-09,0.001817
2013-12-10,-0.003180
2013-12-11,-0.011317
2013-12-12,-0.003771
2013-12-13,-0.000101
2013-12-16,0.006320
2013-12-17,-0.003101
2013-12-18,0.016648
2013-12-19,-0.000580
2013-12-20,0.004819
2013-12-23,0.005318
2013-12-24,0.002916
2013-12-26,0.004745
2013-12-27,-0.000337
2013-12-30,-0.000179
2013-12-31,0.003960
2014-01-02,-0.008862
2014-01-03,-0.000333
2014-01-06,-0.002512
2014-01-07,0.006082
2014-01-08,-0.000212
2014-01-09,0.000348
2014-01-10,0.002307
2014-01-13,-0.012576
2014-01-14,0.010818
2014-01-15,0.005166
2014-01-16,-0.001347
2014-01-17,-0.003895
2014-01-21,0.002774
2014-01-22,0.000575
2014-01-23,-0.008890
2014-01-24,-0.020875
2014-01-27,-0.004876
2014-01-28,0.006141
2014-01-29,-0.010209
2014-01-30,0.011267
2014-01-31,-0.006465
2014-02-03,-0.022832
2014-02-04,0.007641
2014-02-05,-0.002028
2014-02-06,0.012440
2014-02-07,0.013302
2014-02-10,0.001569
2014-02-11,0.011062
2014-02-12,-0.000269
2014-02-13,0.005810
2014-02-14,0.004809
2014-02-18,0.001158
2014-02-19,-0.006524
2014-02-20,0.006031
2014-02-21,-0.001919
2014-02-24,0.006187
2014-02-25,-0.001348
2014-02-26,0.000022
2014-02-27,0.004948
2014-02-28,0.002783
2014-03-03,-0.007379
2014-03-04,0.015268
2014-03-05,-0.000053
2014-03-06,0.001718
2014-03-07,0.000538
2014-03-10,-0.000463
2014-03-11,-0.005082
2014-03-12,0.000305
2014-03-13,-0.011701
2014-03-14,-0.002822
2014-03-17,0.009614
2014-03-18,0.007220
2014-03-19,-0.006132
2014-03-20,0.006041
2014-03-21,-0.002933
2014-03-24,-0.004865
2014-03-25,0.004404
2014-03-26,-0.007000
2014-03-27,-0.001900
2014-03-28,0.004640
2014-03-31,0.007924
2014-04-01,0.007039
2014-04-02,0.002853
2014-04-03,-0.001126
2014-04-04,-0.012537
2014-04-07,-0.010750
2014-04-08,0.003751
2014-04-09,0.010918
2014-04-10,-0.020885
2014-04-11,-0.009487
2014-04-14,0.008217
2014-04-15,0.006757
2014-04-16,0.010488
2014-04-17,0.001364
2014-04-21,0.003775
2014-04-22,0.004092
2014-04-23,-0.002213
2014-04-24,0.001717
2014-04-25,-0.008096
2014-04-28,0.003236
2014-04-29,0.004761
2014-04-30,0.002992
2014-05-01,-0.000143
2014-05-02,-0.001348
2014-05-05,0.001871
2014-05-06,-0.008988
2014-05-07,0.005616
2014-05-08,-0.001374
2014-05-09,0.001519
2014-05-12,0.009673
2014-05-13,0.000422
2014-05-14,-0.004701
2014-05-15,-0.009362
2014-05-16,0.003747
2014-05-19,0.003845
2014-05-20,-0.006498
2014-05-21,0.008116
2014-05-22,0.002362
2014-05-23,0.004248
2014-05-27,0.005988
2014-05-28,-0.001114
2014-05-29,0.005367
2014-05-30,0.001844
2014-06-02,0.000728
2014-06-03,-0.000379
2014-06-04,0.001892
2014-06-05,0.006525
2014-06-06,0.004628
2014-06-09,0.000939
2014-06-10,-0.000246
2014-06-11,-0.003537
2014-06-12,-0.007089
2014-06-13,0.003135
2014-06-16,0.000837
2014-06-17,0.002173
2014-06-18,0.007719
2014-06-19,0.001277
2014-06-20,0.001730
2014-06-23,-0.000132
2014-06-24,-0.006435
2014-06-25,0.004897
2014-06-26,-0.001179
2014-06-27,0.001911
2014-06-30,-0.000372
2014-07-01,0.006678
2014-07-02,0.000659
2014-07-03,0.005480
2014-07-07,-0.003924
2014-07-08,-0.007049
2014-07-09,0.004644
2014-07-10,-0.004131
2014-07-11,0.001471
2014-07-14,0.004844
2014-07-15,-0.001932
2014-07-16,0.004201
2014-07-17,-0.011834
2014-07-18,0.010265
2014-07-21,-0.002320
2014-07-22,0.005016
2014-07-23,0.001754
2014-07-24,0.000488
2014-07-25,-0.004849
2014-07-28,0.000288
2014-07-29,-0.004528
2014-07-30,0.000061
2014-07-31,-0.019999
2014-08-01,-0.002859
2014-08-04,0.007189
2014-08-05,-0.009685
2014-08-06,0.000016
2014-08-07,-0.005557
2014-08-08,0.011531
2014-08-11,0.002759
2014-08-12,-0.001637
2014-08-13,0.006707
2014-08-14,0.004346
2014-08-15,-0.000061
2014-08-18,0.008532
2014-08-19,0.005001
2014-08-20,0.002478
2014-08-21,0.002950
2014-08-22,-0.001993
2014-08-25,0.004788
2014-08-26,0.001051
2014-08-27,0.000050
2014-08-28,-0.001690
2014-08-29,0.003320
2014-09-02,-0.000544
2014-09-03,-0.000779
2014-09-04,-0.001534
2014-09-05,0.005036
2014-09-08,-0.003073
2014-09-09,-0.006545
2014-09-10,0.003646
2014-09-11,0.000882
2014-09-12,-0.005963
2014-09-15,-0.000710
2014-09-16,0.007484
2014-09-17,0.001296
2014-09-18,0.004891
2014-09-19,-0.000477
2014-09-22,-0.008013
2014-09-23,-0.005776
2014-09-24,0.007832
2014-09-25,-0.016169
2014-09-26,0.008576
2014-09-29,-0.002547
2014-09-30,-0.002786
2014-10-01,-0.013249
2014-10-02,0.000005
2014-10-03,0.011166
2014-10-06,-0.001565
2014-10-07,-0.015126
2014-10-08,0.017462
2014-10-09,-0.020661
2014-10-10,-0.011451
2014-10-13,-0.016468
2014-10-14,0.001579
2014-10-15,-0.008100
2014-10-16,0.000145
2014-10-17,0.012884
2014-10-20,0.009143
2014-10-21,0.019574
2014-10-22,-0.007299
2014-10-23,0.012303
2014-10-24,0.007053
2014-10-27,-0.001502
2014-10-28,0.011939
2014-10-29,-0.001385
2014-10-30,0.006230
2014-10-31,0.011731
2014-11-03,-0.000119
2014-11-04,-0.002830
2014-11-05,0.005701
2014-11-06,0.003776
2014-11-07,0.000350
2014-11-10,0.003120
2014-11-11,0.000697
2014-11-12,-0.000701
2014-11-13,0.000530
2014-11-14,0.000240
2014-11-17,0.000735
2014-11-18,0.005134
2014-11-19,-0.001501
2014-11-20,0.001967
2014-11-21,0.005237
2014-11-24,0.002864
2014-11-25,-0.001150
2014-11-26,0.002806
2014-11-28,-0.002542
2014-12-01,-0.006829
2014-12-02,0.006384
2014-12-03,0.003765
2014-12-04,-0.001162
2014-12-05,0.001665
2014-12-08,-0.007257
2014-12-09,-0.000238
2014-12-10,-0.016351
2014-12-11,0.004536
2014-12-12,-0.016214
2014-12-15,-0.006343
2014-12-16,-0.008489
2014-12-17,0.020352
2014-12-18,0.024015
2014-12-19,0.004570
2014-12-22,0.003810
2014-12-23,0.001746
2014-12-24,-0.000139
2014-12-26,0.003310
2014-12-29,0.000862
2014-12-30,-0.004889
2014-12-31,-0.010311
2015-01-02,-0.000340
2015-01-05,-0.018278
2015-01-06,-0.008893
2015-01-07,0.011630
2015-01-08,0.017888
2015-01-09,-0.008404
2015-01-12,-0.008094
2015-01-13,-0.002579
2015-01-14,-0.005813
2015-01-15,-0.009248
2015-01-16,0.013424
2015-01-20,0.001550
2015-01-21,0.004732
2015-01-22,0.015270
2015-01-23,-0.005492
2015-01-26,0.002568
2015-01-27,-0.013388
2015-01-28,-0.013496
2015-01-29,0.009535
2015-01-30,-0.012992
2015-02-02,0.012962
2015-02-03,0.014439
2015-02-04,-0.004156
2015-02-05,0.010291
2015-02-06,-0.003418
2015-02-09,-0.004247
2015-02-10,0.010676
2015-02-11,-0.000029
2015-02-12,0.009645
2015-02-13,0.004075
2015-02-17,0.001598
2015-02-18,-0.000314
2015-02-19,-0.001062
2015-02-20,0.006126
2015-02-23,-0.000303
2015-02-24,0.002759
2015-02-25,-0.000766
2015-02-26,-0.001476
2015-02-27,-0.002956
2015-03-02,0.006125
2015-03-03,-0.004539
2015-03-04,-0.004389
2015-03-05,0.001196
2015-03-06,-0.014174
2015-03-09,0.003944
2015-03-10,-0.016961
2015-03-11,-0.001918
2015-03-12,0.012601
2015-03-13,-0.006075
2015-03-16,0.013534
2015-03-17,-0.003320
2015-03-18,0.012158
2015-03-19,-0.004873
2015-03-20,0.009013
2015-03-23,-0.001746
2015-03-24,-0.006139
2015-03-25,-0.014559
2015-03-26,-0.002377
2015-03-27,0.002369
2015-03-30,0.012237
2015-03-31,-0.008796
2015-04-01,-0.003965
2015-04-02,0.003530
2015-04-06,0.006609
2015-04-07,-0.002062
2015-04-08,0.002683
2015-04-09,0.004457
2015-04-10,0.005203
2015-04-13,-0.004581
2015-04-14,0.001630
2015-04-15,0.005148
2015-04-16,-0.000778
2015-04-17,-0.011311
2015-04-20,0.009235
2015-04-21,-0.001481
2015-04-22,0.005088
2015-04-23,0.002358
2015-04-24,0.002253
2015-04-27,-0.004141
2015-04-28,0.002769
2015-04-29,-0.003740
2015-04-30,-0.010129
2015-05-01,0.010923
2015-05-04,0.002941
2015-05-05,-0.011837
2015-05-06,-0.004456
2015-05-07,0.003774
2015-05-08,0.013458
2015-05-11,-0.005090
2015-05-12,-0.002950
2015-05-13,-0.000305
2015-05-14,0.010779
2015-05-15,0.000768
2015-05-18,0.003048
2015-05-19,-0.000643
2015-05-20,-0.000931
2015-05-21,0.002338
2015-05-22,-0.002234
2015-05-26,-0.010282
2015-05-27,0.009163
2015-05-28,-0.001267
2015-05-29,-0.006318
2015-06-01,0.002059
2015-06-02,-0.001009
2015-06-03,0.002119
2015-06-04,-0.008623
2015-06-05,-0.001436
2015-06-08,-0.006474
2015-06-09,0.000418
2015-06-10,0.012042
2015-06-11,0.001739
2015-06-12,-0.006994
2015-06-15,-0.004622
2015-06-16,0.005690
2015-06-17,0.001980
2015-06-18,0.009903
2015-06-19,-0.005304
2015-06-22,0.006095
2015-06-23,0.000636
2015-06-24,-0.007353
2015-06-25,-0.002974
2015-06-26,-0.000390
2015-06-29,-0.020866
2015-06-30,0.002658
2015-07-01,0.006936
2015-07-02,-0.000308
2015-07-06,-0.003862
2015-07-07,0.006081
2015-07-08,-0.016653
2015-07-09,0.002262
2015-07-10,0.012338
2015-07-13,0.011066
2015-07-14,0.004453
2015-07-15,-0.000735
2015-07-16,0.008015
2015-07-17,0.001106
2015-07-20,0.000771
2015-07-21,-0.004262
2015-07-22,-0.002388
2015-07-23,-0.005676
2015-07-24,-0.010703
2015-07-27,-0.005775
2015-07-28,0.012386
2015-07-29,0.007319
2015-07-30,0.000028
2015-07-31,-0.002272
2015-08-03,-0.002757
2015-08-04,-0.002250
2015-08-05,0.003115
2015-08-06,-0.007753
2015-08-07,-0.002875
2015-08-10,0.012808
2015-08-11,-0.009557
2015-08-12,0.000950
2015-08-13,-0.001275
2015-08-14,0.003912
2015-08-17,0.005211
2015-08-18,-0.002626
2015-08-19,-0.008255
2015-08-20,-0.021100
2015-08-21,-0.031851
2015-08-24,-0.039414
2015-08-25,-0.013522
2015-08-26,0.039034
2015-08-27,0.024298
2015-08-28,0.000609
2015-08-31,-0.008392
2015-09-01,-0.029576
2015-09-02,0.018293
2015-09-03,0.001165
2015-09-04,-0.015330
2015-09-08,0.025083
2015-09-09,-0.013898
2015-09-10,0.005278
2015-09-11,0.004487
2015-09-14,-0.004090
2015-09-15,0.012831
2015-09-16,0.008705
2015-09-17,-0.002561
2015-09-18,-0.016164
2015-09-21,0.004566
2015-09-22,-0.012318
2015-09-23,-0.002049
2015-09-24,-0.003363
2015-09-25,-0.000466
2015-09-28,-0.025666
2015-09-29,0.001233
2015-09-30,0.019076
2015-10-01,0.001974
2015-10-02,0.014315
2015-10-05,0.018290
2015-10-06,-0.003588
2015-10-07,0.008036
2015-10-08,0.008818
2015-10-09,0.000725
2015-10-12,0.001276
2015-10-13,-0.006825
2015-10-14,-0.004716
2015-10-15,0.014853
2015-10-16,0.004570
2015-10-19,0.000271
2015-10-20,-0.001421
2015-10-21,-0.005825
2015-10-22,0.016628
2015-10-23,0.011030
2015-10-26,-0.001913
2015-10-27,-0.002554
2015-10-28,0.011840
2015-10-29,-0.000450
2015-10-30,-0.004810
2015-11-02,0.011874
2015-11-03,0.002728
2015-11-04,-0.003545
2015-11-05,-0.001132
2015-11-06,-0.000348
2015-11-09,-0.009823
2015-11-10,0.001511
2015-11-11,-0.003228
2015-11-12,-0.013990
2015-11-13,-0.011207
2015-11-16,0.014903
2015-11-17,-0.001339
2015-11-18,0.016162
2015-11-19,-0.001123
2015-11-20,0.003810
2015-11-23,-0.001235
2015-11-24,0.001222
2015-11-25,-0.000129
2015-11-27,0.000594
2015-11-30,-0.004641
2015-12-01,0.010681
2015-12-02,-0.010996
2015-12-03,-0.014374
2015-12-04,0.020526
2015-12-07,-0.006990
2015-12-08,-0.006490
2015-12-09,-0.007739
2015-12-10,0.002251
2015-12-11,-0.019423
2015-12-14,0.004756
2015-12-15,0.010619
2015-12-16,0.014515
2015-12-17,-0.015041
2015-12-18,-0.017797
2015-12-21,0.007778
2015-12-22,0.008817
2015-12-23,0.012418
2015-12-24,-0.001599
2015-12-28,-0.002179
2015-12-29,0.010630
2015-12-30,-0.007217
2015-12-31,-0.009412
2016-01-04,-0.015304
2016-01-05,0.002012
2016-01-06,-0.013115
2016-01-07,-0.023700
2016-01-08,-0.010838
2016-01-11,0.000853
2016-01-12,0.007803
2016-01-13,-0.024965
2016-01-14,0.016696
2016-01-15,-0.021599
2016-01-19,0.000532
2016-01-20,-0.011694
2016-01-21,0.005195
2016-01-22,0.020284
2016-01-25,-0.015638
2016-01-26,0.014144
2016-01-27,-0.010863
2016-01-28,0.005529
2016-01-29,0.024760
2016-02-01,-0.000443
2016-02-02,-0.018743
2016-02-03,0.004992
2016-02-04,0.001527
2016-02-05,-0.018481
2016-02-08,-0.014154
2016-02-09,-0.000664
2016-02-10,-0.000189
2016-02-11,-0.012301
2016-02-12,0.019518
2016-02-16,0.016517
2016-02-17,0.016480
2016-02-18,-0.004666
2016-02-19,-0.000026
2016-02-22,0.014454
2016-02-23,-0.012454
2016-02-24,0.004440
2016-02-25,0.011348
2016-02-26,-0.001870
2016-02-29,-0.008121
2016-03-01,0.023869
2016-03-02,0.004094
2016-03-03,0.003499
2016-03-04,0.003306
2016-03-07,0.000885
2016-03-08,-0.011240
2016-03-09,0.005052
2016-03-10,0.000156
2016-03-11,0.016396
2016-03-14,-0.001261
2016-03-15,-0.001837
2016-03-16,0.005600
2016-03-17,0.006595
2016-03-18,0.004406
2016-03-21,0.000986
2016-03-22,-0.000877
2016-03-23,-0.006386
2016-03-24,-0.000378
2016-03-28,0.000545
2016-03-29,0.008817
2016-03-30,0.004350
2016-03-31,-0.002040
2016-04-01,0.006331
2016-04-04,-0.003208
2016-04-05,-0.010145
2016-04-06,0.010508
2016-04-07,-0.011976
2016-04-08,0.002787
2016-04-11,-0.002740
2016-04-12,0.009662
2016-04-13,0.010040
2016-04-14,0.000173
2016-04-15,-0.000984
2016-04-18,0.006541
2016-04-19,0.003085
2016-04-20,0.000762
2016-04-21,-0.005194
2016-04-22,0.000048
2016-04-25,-0.001812
2016-04-26,0.001873
2016-04-27,0.001649
2016-04-28,-0.009231
2016-04-29,-0.005063
2016-05-02,0.007810
2016-05-03,-0.008677
2016-05-04,-0.005937
2016-05-05,-0.000239
2016-05-06,0.003175
2016-05-09,0.000753
2016-05-10,0.012484
2016-05-11,-0.009562
2016-05-12,-0.000170
2016-05-13,-0.008478
2016-05-16,0.009797
2016-05-17,-0.009411
2016-05-18,0.000205
2016-05-19,-0.003707
2016-05-20,0.006019
2016-05-23,-0.002085
2016-05-24,0.013681
2016-05-25,0.006975
2016-05-26,-0.000210
2016-05-27,0.004287
2016-05-31,-0.001000
2016-06-01,0.001130
2016-06-02,0.002825
2016-06-03,-0.002912
2016-06-06,0.004897
2016-06-07,0.001289
2016-06-08,0.003309
2016-06-09,-0.001718
2016-06-10,-0.009175
2016-06-13,-0.008115
2016-06-14,-0.001799
2016-06-15,-0.001841
2016-06-16,0.003133
2016-06-17,-0.003258
2016-06-20,0.005808
2016-06-21,0.002712
2016-06-22,-0.001652
2016-06-23,0.013364
2016-06-24,-0.035920
2016-06-27,-0.018097
2016-06-28,0.017770
2016-06-29,0.017033
2016-06-30,0.013565
2016-07-01,0.001949
2016-07-05,-0.006848
2016-07-06,0.005353
2016-07-07,-0.000872
2016-07-08,0.015253
2016-07-11,0.003409
2016-07-12,0.007009
2016-07-13,0.000135
2016-07-14,0.005259
2016-07-15,-0.000929
2016-07-18,0.002382
2016-07-19,-0.001435
2016-07-20,0.004270
2016-07-21,-0.003612
2016-07-22,0.004554
2016-07-25,-0.003011
2016-07-26,0.000323
2016-07-27,-0.001199
2016-07-28,0.001606
2016-07-29,0.001631
2016-08-01,-0.001270
2016-08-02,-0.006362
2016-08-03,0.003134
2016-08-04,0.000213
2016-08-05,0.008603
2016-08-08,-0.000907
2016-08-09,0.000390
2016-08-10,-0.002865
2016-08-11,0.004735
2016-08-12,-0.000796
2016-08-15,0.002793
2016-08-16,-0.005479
2016-08-17,0.001869
2016-08-18,0.002200
2016-08-19,-0.001440
2016-08-22,-0.000563
2016-08-23,0.001952
2016-08-24,-0.005240
2016-08-25,-0.001365
2016-08-26,-0.001579
2016-08-29,0.005228
2016-08-30,-0.001954
2016-08-31,-0.002376
2016-09-01,-0.000041
2016-09-02,0.004201
2016-09-06,0.002982
2016-09-07,-0.000146
2016-09-08,-0.002223
2016-09-09,-0.024522
2016-09-12,0.014677
2016-09-13,-0.014831
2016-09-14,-0.000588
2016-09-15,0.010109
2016-09-16,-0.003772
2016-09-19,-0.000019
2016-09-20,0.000299
2016-09-21,0.010917
2016-09-22,0.006500
2016-09-23,-0.005737
2016-09-26,-0.008588
2016-09-27,0.006444
2016-09-28,0.005296
2016-09-29,-0.009321
2016-09-30,0.007968
2016-10-03,-0.003261
2016-10-04,-0.004956
2016-10-05,0.004297
2016-10-06,0.000482
2016-10-07,-0.003253
2016-10-10,0.004606
2016-10-11,-0.012447
2016-10-12,0.001147
2016-10-13,-0.003099
2016-10-14,0.000202
2016-10-17,-0.003038
2016-10-18,0.006160
2016-10-19,0.002192
2016-10-20,-0.001376
2016-10-21,-0.000084
2016-10-24,0.004750
2016-10-25,-0.003798
2016-10-26,-0.001740
2016-10-27,-0.002987
2016-10-28,-0.003108
2016-10-31,-0.000122
2016-11-01,-0.006787
2016-11-02,-0.006525
2016-11-03,-0.004423
2016-11-04,-0.001666
2016-11-07,0.022224
2016-11-08,0.003772
2016-11-09,0.011077
2016-11-10,0.001951
2016-11-11,-0.001398
2016-11-14,-0.000116
2016-11-15,0.007481
2016-11-16,-0.001582
2016-11-17,0.004676
2016-11-18,-0.002387
2016-11-21,0.007461
2016-11-22,0.002165
2016-11-23,0.000808
2016-11-25,0.003914
2016-11-28,-0.005254
2016-11-29,0.001335
2016-11-30,-0.002653
2016-12-01,-0.003516
2016-12-02,0.000397
2016-12-05,0.005821
2016-12-06,0.003411
2016-12-07,0.013163
2016-12-08,0.002159
2016-12-09,0.005939
2016-12-12,-0.001137
2016-12-13,0.006540
2016-12-14,-0.008117
2016-12-15,0.003883
2016-12-16,-0.001751
2016-12-19,0.001975
2016-12-20,0.003638
2016-12-21,-0.002457
2016-12-22,-0.001863
2016-12-23,0.001252
2016-12-27,0.002248
2016-12-28,-0.008357
2016-12-29,-0.000293
2016-12-30,-0.004637
2017-01-03,0.008487
2017-01-04,0.005722
2017-01-05,-0.000771
2017-01-06,0.003517
2017-01-09,-0.003549
2017-01-10,0.000000
2017-01-11,0.002830
2017-01-12,-0.002145
2017-01-13,0.001850
2017-01-17,-0.002968
2017-01-18,0.001764
2017-01-19,-0.003609
2017-01-20,0.003366
2017-01-23,-0.002690
2017-01-24,0.006565
2017-01-25,0.008026
2017-01-26,-0.000735
2017-01-27,-0.000866
2017-01-30,-0.006010
2017-01-31,-0.000890
2017-02-01,0.000298
2017-02-02,0.000570
2017-02-03,0.007265
2017-02-06,-0.002115
2017-02-07,0.000227
2017-02-08,0.000693
2017-02-09,0.005752
2017-02-10,0.003566
2017-02-13,0.005246
2017-02-14,0.004007
2017-02-15,0.004992
2017-02-16,-0.000864
2017-02-17,0.001679
2017-02-21,0.006048
2017-02-22,-0.001082
2017-02-23,0.000419
2017-02-24,0.001493
2017-02-27,0.001018
2017-02-28,-0.002578
2017-03-01,0.013674
2017-03-02,-0.005860
2017-03-03,0.000504
2017-03-06,-0.003277
2017-03-07,-0.002913
2017-03-08,-0.002284
2017-03-09,0.000800
2017-03-10,0.003269
2017-03-13,0.000367
2017-03-14,-0.003379
2017-03-15,0.008375
2017-03-16,-0.001627
2017-03-17,-0.001314
2017-03-20,-0.002010
2017-03-21,-0.012408
2017-03-22,0.001890
2017-03-23,-0.001060
2017-03-24,-0.000844
2017-03-27,-0.001020
2017-03-28,0.007251
2017-03-29,0.001085
2017-03-30,0.002935
2017-03-31,-0.002255
2017-04-03,-0.001642
2017-04-04,0.000560
2017-04-05,-0.003055
2017-04-06,0.001929
2017-04-07,-0.000827
2017-04-10,0.000688
2017-04-11,-0.001434
2017-04-12,-0.003760
2017-04-13,-0.006815
2017-04-17,0.008613
2017-04-18,-0.002903
2017-04-19,-0.001716
2017-04-20,0.007557
2017-04-21,-0.003035
2017-04-24,0.010840
2017-04-25,0.006091
2017-04-26,-0.000486
2017-04-27,0.000553
2017-04-28,-0.001913
2017-05-01,0.001732
2017-05-02,0.001189
2017-05-03,-0.001271
2017-05-04,0.000582
2017-05-05,0.004089
2017-05-08,0.000038
2017-05-09,-0.001025
2017-05-10,0.001131
2017-05-11,-0.002163
2017-05-12,-0.001478
2017-05-15,0.004776
2017-05-16,-0.000687
2017-05-17,-0.018178
2017-05-18,0.003687
2017-05-19,0.006767
2017-05-22,0.005160
2017-05-23,0.001838
2017-05-24,0.002489
2017-05-25,0.004442
2017-05-26,0.000311
2017-05-30,-0.001205
2017-05-31,-0.000460
2017-06-01,0.007571
2017-06-02,0.003708
2017-06-05,-0.001218
2017-06-06,-0.002779
2017-06-07,0.001568
2017-06-08,0.000267
2017-06-09,-0.000830
2017-06-12,-0.000979
2017-06-13,0.004511
2017-06-14,-0.000996
2017-06-15,-0.002240
2017-06-16,0.000284
2017-06-19,0.008347
2017-06-20,-0.006697
2017-06-21,-0.000583
2017-06-22,-0.000456
2017-06-23,0.001561
2017-06-26,0.000316
2017-06-27,-0.008073
2017-06-28,0.008808
2017-06-29,-0.008600
2017-06-30,0.001533
2017-07-03,0.002311
2017-07-05,0.001453
2017-07-06,-0.009369
2017-07-07,0.006403
2017-07-10,0.000928
2017-07-11,-0.000783
2017-07-12,0.007306
2017-07-13,0.001875
2017-07-14,0.004674
2017-07-17,-0.000053
2017-07-18,0.000598
2017-07-19,0.005373
2017-07-20,-0.000154
2017-07-21,-0.000368
2017-07-24,-0.001064
2017-07-25,0.002923
2017-07-26,0.000283
2017-07-27,-0.000973
2017-07-28,-0.001341
2017-07-31,-0.000728
2017-08-01,0.002449
2017-08-02,0.000493
2017-08-03,-0.002184
2017-08-04,0.001889
2017-08-07,0.001647
2017-08-08,-0.002414
2017-08-09,-0.000364
2017-08-10,-0.014474
2017-08-11,0.001276
2017-08-14,0.010044
2017-08-15,-0.000499
2017-08-16,0.001420
2017-08-17,-0.015437
2017-08-18,-0.001835
2017-08-21,0.001163
2017-08-22,0.009941
2017-08-23,-0.003454
2017-08-24,-0.002074
2017-08-25,0.001673
2017-08-28,0.000487
2017-08-29,0.000843
2017-08-30,0.004615
2017-08-31,0.005721
2017-09-01,0.001982
2017-09-05,-0.007551
2017-09-06,0.003129
2017-09-07,-0.000178
2017-09-08,-0.001489
2017-09-11,0.010839
2017-09-12,0.003364
2017-09-13,0.000757
2017-09-14,-0.001101
2017-09-15,0.001847
2017-09-18,0.001456
2017-09-19,0.001110
2017-09-20,0.000634
2017-09-21,-0.003046
2017-09-22,0.000648
2017-09-25,-0.002222
2017-09-26,0.000072
2017-09-27,0.004085
2017-09-28,0.001205
2017-09-29,0.003705
2017-10-02,0.003874
2017-10-03,0.002159
2017-10-04,0.001247
2017-10-05,0.005647
2017-10-06,-0.001074
2017-10-09,-0.001804
2017-10-10,0.002322
2017-10-11,0.001803
2017-10-12,-0.001687
2017-10-13,0.000878
2017-10-16,0.001751
2017-10-17,0.000672
2017-10-18,0.000742
2017-10-19,0.000328
2017-10-20,0.005117
2017-10-23,-0.003972
2017-10-24,0.001618
2017-10-25,-0.004663
2017-10-26,0.001271
2017-10-27,0.008073
2017-10-30,-0.003192
2017-10-31,0.000944
2017-11-01,0.001592
2017-11-02,0.000190
2017-11-03,0.003097
2017-11-06,0.001271
2017-11-07,-0.000189
2017-11-08,0.001444
2017-11-09,-0.003762
2017-11-10,-0.000898
2017-11-13,0.000984
2017-11-14,-0.002310
2017-11-15,-0.005526
2017-11-16,0.008196
2017-11-17,-0.002626
2017-11-20,0.001276
2017-11-21,0.006541
2017-11-22,-0.000750
2017-11-24,0.002056
2017-11-27,-0.000384
2017-11-28,0.009848
2017-11-29,-0.000369
2017-11-30,0.008191
2017-12-01,-0.002024
2017-12-04,-0.001052
2017-12-05,-0.003739
2017-12-06,-0.000114
2017-12-07,0.002932
2017-12-08,0.005506
2017-12-11,0.003202
2017-12-12,0.001549
2017-12-13,-0.000473
2017-12-14,-0.004071
2017-12-15,0.008974
2017-12-18,0.005363
2017-12-19,-0.003230
2017-12-20,-0.000828
2017-12-21,0.001986
2017-12-22,-0.000458
2017-12-26,-0.001058
2017-12-27,0.000791
2017-12-28,0.001834
2017-12-29,-0.005183
2018-01-02,0.008303
2018-01-03,0.006399
2018-01-04,0.004029
2018-01-05,0.007034
2018-01-08,0.001662
2018-01-09,0.001303
2018-01-10,-0.001112
2018-01-11,0.007034
2018-01-12,0.006750
2018-01-16,-0.003524
2018-01-17,0.009415
2018-01-18,-0.001616
2018-01-19,0.004385
2018-01-22,0.008067
2018-01-23,0.002174
2018-01-24,-0.000560
2018-01-25,0.000603
2018-01-26,0.011841
2018-01-29,-0.006732
2018-01-30,-0.010899
2018-01-31,0.000489
2018-02-01,-0.000648
2018-02-02,-0.021209
2018-02-05,-0.040979
2018-02-06,0.017441
2018-02-07,-0.005002
2018-02-08,-0.037536
2018-02-09,0.014936
2018-02-12,0.013915
2018-02-13,0.002613
2018-02-14,0.013402
2018-02-15,0.012069
2018-02-16,0.000373
2018-02-20,-0.005841
2018-02-21,-0.005497
2018-02-22,0.000974
2018-02-23,0.016028
2018-02-26,0.011757
2018-02-27,-0.012707
2018-02-28,-0.011096
2018-03-01,-0.013324
2018-03-02,0.005072
2018-03-05,0.011032
2018-03-06,0.002639
2018-03-07,-0.000484
2018-03-08,0.004463
2018-03-09,0.017379
2018-03-12,-0.001274
2018-03-13,-0.006364
2018-03-14,-0.005724
2018-03-15,-0.000782
2018-03-16,0.001703
2018-03-19,-0.014204
2018-03-20,0.001482
2018-03-21,-0.001844
2018-03-22,-0.025163
2018-03-23,-0.020967
2018-03-26,0.027157
2018-03-27,-0.017276
2018-03-28,-0.002917
2018-03-29,0.013770
2018-04-02,-0.022337
2018-04-03,0.012615
2018-04-04,0.011566
2018-04-05,0.006863
2018-04-06,-0.021920
2018-04-09,0.003337
2018-04-10,0.016727
2018-04-11,-0.005525
2018-04-12,0.008251
2018-04-13,-0.002887
2018-04-16,0.008109
2018-04-17,0.010662
2018-04-18,0.000831
2018-04-19,-0.005726
2018-04-20,-0.008537
2018-04-23,0.000056
2018-04-24,-0.013381
2018-04-25,0.001837
2018-04-26,0.010434
2018-04-27,0.001114
2018-04-30,-0.008188
2018-05-01,0.002549
2018-05-02,-0.007206
2018-05-03,-0.002254
2018-05-04,0.012811
2018-05-07,0.003458
2018-05-08,-0.000266
2018-05-09,0.009682
2018-05-10,0.009371
2018-05-11,0.001708
2018-05-14,0.000884
2018-05-15,-0.006842
2018-05-16,0.004061
2018-05-17,-0.000856
2018-05-18,-0.002632
2018-05-21,0.007387
2018-05-22,-0.003136
2018-05-23,0.003248
2018-05-24,-0.002023
2018-05-25,-0.002357
2018-05-29,-0.011564
2018-05-30,0.012696
2018-05-31,-0.006880
2018-06-01,0.010849
2018-06-04,0.004480
2018-06-05,0.000703
2018-06-06,0.008567
2018-06-07,-0.000714
2018-06-08,0.003126
2018-06-11,0.001069
2018-06-12,0.001743
2018-06-13,-0.004026
2018-06-14,0.002472
2018-06-15,-0.001017
2018-06-18,-0.002126
2018-06-19,-0.004023
2018-06-20,0.001712
2018-06-21,-0.006345
2018-06-22,0.001862
2018-06-25,-0.013725
2018-06-26,0.002205
2018-06-27,-0.008604
2018-06-28,0.006179
2018-06-29,0.000758
2018-07-02,0.003068
2018-07-03,-0.004947
2018-07-05,0.008621
2018-07-06,0.008481
2018-07-09,0.008823
2018-07-10,0.003473
2018-07-11,-0.007094
2018-07-12,0.008749
2018-07-13,0.001079
2018-07-16,-0.001028
2018-07-17,0.003974
2018-07-18,0.002160
2018-07-19,-0.003953
2018-07-20,-0.000948
2018-07-23,0.001838
2018-07-24,0.004781
2018-07-25,0.009102
2018-07-26,-0.003032
2018-07-27,-0.006562
2018-07-30,-0.005754
2018-07-31,0.004885
2018-08-01,-0.001040
2018-08-02,0.004926
2018-08-03,0.004644
2018-08-06,0.003538
2018-08-07,0.002824
2018-08-08,-0.000262
2018-08-09,-0.001442
2018-08-10,-0.007114
2018-08-13,-0.004006
2018-08-14,0.006389
2018-08-15,-0.007602
2018-08-16,0.007919
2018-08-17,0.003323
2018-08-20,0.002428
2018-08-21,0.002069
2018-08-22,-0.000398
2018-08-23,-0.001691
2018-08-24,0.006199
2018-08-27,0.007670
2018-08-28,0.000269
2018-08-29,0.005701
2018-08-30,-0.004430
2018-08-31,0.000134
2018-09-04,-0.001654
2018-09-05,-0.002803
2018-09-06,-0.003652
2018-09-07,-0.002213
2018-09-10,0.001898
2018-09-11,0.003740
2018-09-12,0.000357
2018-09-13,0.005282
2018-09-14,0.000275
2018-09-17,-0.005570
2018-09-18,0.005369
2018-09-19,0.001253
2018-09-20,0.007841
2018-09-21,-0.000369
2018-09-24,-0.003516
2018-09-25,-0.001305
2018-09-26,-0.003289
2018-09-27,0.002763
2018-09-28,-0.000007
2018-10-01,0.003641
2018-10-02,-0.000397
2018-10-03,0.000711
2018-10-04,-0.008170
2018-10-05,-0.005528
2018-10-08,-0.000395
2018-10-09,-0.001418
2018-10-10,-0.032864
2018-10-11,-0.020573
2018-10-12,0.014206
2018-10-15,-0.005905
2018-10-16,0.021496
2018-10-17,-0.000253
2018-10-18,-0.014392
2018-10-19,-0.000361
2018-10-22,-0.004299
2018-10-23,-0.005512
2018-10-24,-0.030864
2018-10-25,0.018625
2018-10-26,-0.017327
2018-10-29,-0.006560
2018-10-30,0.015667
2018-10-31,0.010851
2018-11-01,0.010558
2018-11-02,-0.006317
2018-11-05,0.005600
2018-11-06,0.006259
2018-11-07,0.021209
2018-11-08,-0.002509
2018-11-09,-0.009199
2018-11-12,-0.019701
2018-11-13,-0.001482
2018-11-14,-0.007567
2018-11-15,0.010594
2018-11-16,0.002223
2018-11-19,-0.016643
2018-11-20,-0.018151
2018-11-21,0.003043
2018-11-23,-0.006555
2018-11-26,0.015532
2018-11-27,0.003262
2018-11-28,0.022974
2018-11-29,-0.002198
2018-11-30,0.008186
2018-12-03,0.010941
2018-12-04,-0.032365
2018-12-06,-0.001522
2018-12-07,-0.023320
2018-12-10,0.001762
2018-12-11,-0.000356
2018-12-12,0.005419
2018-12-13,-0.000200
2018-12-14,-0.019087
2018-12-17,-0.020773
2018-12-18,0.000086
2018-12-19,-0.015396
2018-12-20,-0.015772
2018-12-21,-0.020588
2018-12-24,-0.027112
2018-12-26,0.049594
2018-12-27,0.008563
2018-12-28,-0.001242
2018-12-31,0.008492
2019-01-02,0.001269
2019-01-03,-0.024757
2019-01-04,0.034336
2019-01-07,0.007010
2019-01-08,0.009695
2019-01-09,0.004098
2019-01-10,0.004518
2019-01-11,-0.000146
2019-01-14,-0.005258
2019-01-15,0.010722
2019-01-16,0.002222
2019-01-17,0.007591
2019-01-18,0.013183
2019-01-22,-0.014157
2019-01-23,0.002203
2019-01-24,0.001376
2019-01-25,0.008489
2019-01-28,-0.007847
2019-01-29,-0.001456
2019-01-30,0.015549
2019-01-31,0.008597
2019-02-01,0.000899
2019-02-04,0.006776
2019-02-05,0.004708
2019-02-06,-0.002224
2019-02-07,-0.009357
2019-02-08,0.000676
2019-02-11,0.000709
2019-02-12,0.012890
2019-02-13,0.003024
2019-02-14,-0.002652
2019-02-15,0.010879
2019-02-19,0.001499
2019-02-20,0.001777
2019-02-21,-0.003526
2019-02-22,0.006411
2019-02-25,0.001232
2019-02-26,-0.000790
2019-02-27,-0.000544
2019-02-28,-0.002826
2019-03-01,0.006895
2019-03-04,-0.003881
2019-03-05,-0.001131
2019-03-06,-0.006524
2019-03-07,-0.008126
2019-03-08,-0.002132
2019-03-11,0.014666
2019-03-12,0.002953
2019-03-13,0.006950
2019-03-14,-0.000868
2019-03-15,0.004985
2019-03-18,0.003706
2019-03-19,-0.000131
2019-03-20,-0.002944
2019-03-21,0.010853
2019-03-22,-0.018975
2019-03-25,-0.000839
2019-03-26,0.007183
2019-03-27,-0.004644
2019-03-28,0.003590
2019-03-29,0.006734
2019-04-01,0.011569
2019-04-02,0.000017
2019-04-03,0.002148
2019-04-04,0.002085
2019-04-05,0.004636
2019-04-08,0.001047
2019-04-09,-0.006067
2019-04-10,0.003478
2019-04-11,0.000038
2019-04-12,0.006609
2019-04-15,-0.000629
2019-04-16,0.000509
2019-04-17,-0.002274
2019-04-18,0.001579
2019-04-22,0.001012
2019-04-23,0.008841
2019-04-24,-0.002192
2019-04-25,-0.000369
2019-04-26,0.004685
2019-04-29,0.001071
2019-04-30,0.000951
2019-05-01,-0.007502
2019-05-02,-0.002124
2019-05-03,0.009638
2019-05-06,-0.004471
2019-05-07,-0.016512
2019-05-08,-0.001605
2019-05-09,-0.003021
2019-05-10,0.003720
2019-05-13,-0.024131
2019-05-14,0.008016
2019-05-15,0.005839
2019-05-16,0.008895
2019-05-17,-0.005837
2019-05-20,-0.006749
2019-05-21,0.008496
2019-05-22,-0.002824
2019-05-23,-0.011914
2019-05-24,0.001354
2019-05-28,-0.008376
2019-05-29,-0.006912
2019-05-30,0.002098
2019-05-31,-0.013195
2019-06-03,-0.002765
2019-06-04,0.021432
2019-06-05,0.008162
2019-06-06,0.006136
2019-06-07,0.010498
2019-06-10,0.004660
2019-06-11,-0.000350
2019-06-12,-0.002038
2019-06-13,0.004097
2019-06-14,-0.001612
2019-06-17,0.000932
2019-06-18,0.009717
2019-06-19,0.002985
2019-06-20,0.009472
2019-06-21,-0.001259
2019-06-24,-0.001732
2019-06-25,-0.009496
2019-06-26,-0.001234
2019-06-27,0.003823
2019-06-28,0.005757
2019-07-01,0.007672
2019-07-02,0.002928
2019-07-03,0.007672
2019-07-05,-0.001806
2019-07-08,-0.004835
2019-07-09,0.001237
2019-07-10,0.004511
2019-07-11,0.002285
2019-07-12,0.004620
2019-07-15,0.000176
2019-07-16,-0.003404
2019-07-17,-0.006531
2019-07-18,0.003582
2019-07-19,-0.006177
2019-07-22,0.002829
2019-07-23,0.006848
2019-07-24,0.004688
2019-07-25,-0.005262
2019-07-26,0.007388
2019-07-29,-0.001616
2019-07-30,-0.002579
2019-07-31,-0.010886
2019-08-01,-0.008999
2019-08-02,-0.007283
2019-08-05,-0.029778
2019-08-06,0.013017
2019-08-07,0.000767
2019-08-08,0.018762
2019-08-09,-0.006617
2019-08-12,-0.012184
2019-08-13,0.014994
2019-08-14,-0.029293
2019-08-15,0.002464
2019-08-16,0.014426
2019-08-19,0.012106
2019-08-20,-0.007915
2019-08-21,0.008247
2019-08-22,-0.000506
2019-08-23,-0.025946
2019-08-26,0.010983
2019-08-27,-0.003203
2019-08-28,0.006545
2019-08-29,0.012687
2019-08-30,0.000643
2019-09-03,-0.006899
2019-09-04,0.010842
2019-09-05,0.013010
2019-09-06,0.000911
2019-09-09,-0.000094
2019-09-10,0.000322
2019-09-11,0.007230
2019-09-12,0.002879
2019-09-13,-0.000724
2019-09-16,-0.003136
2019-09-17,0.002582
2019-09-18,0.000343
2019-09-19,0.000020
2019-09-20,-0.004896
2019-09-23,-0.000097
2019-09-24,-0.008416
2019-09-25,0.006159
2019-09-26,-0.002429
2019-09-27,-0.005316
2019-09-30,0.005048
2019-10-01,-0.012258
2019-10-02,-0.017903
2019-10-03,0.007972
2019-10-04,0.014217
2019-10-07,-0.004478
2019-10-08,-0.015561
2019-10-09,0.009105
2019-10-10,0.006416
2019-10-11,0.010939
2019-10-14,-0.001387
2019-10-15,0.009956
2019-10-16,-0.002000
2019-10-17,0.002763
2019-10-18,-0.003919
2019-10-21,0.006872
2019-10-22,-0.003569
2019-10-23,0.002847
2019-10-24,0.001920
2019-10-25,0.004073
2019-10-28,0.005581
2019-10-29,-0.000832
2019-10-30,0.003253
2019-10-31,-0.003023
2019-11-01,0.009662
2019-11-04,0.003704
2019-11-05,-0.001186
2019-11-06,0.000703
2019-11-07,0.002730
2019-11-08,0.002561
2019-11-11,-0.001962
2019-11-12,0.001565
2019-11-13,0.000712
2019-11-14,0.000837
2019-11-15,0.007695
2019-11-18,0.000503
2019-11-19,-0.000593
2019-11-20,-0.003756
2019-11-21,-0.001583
2019-11-22,0.002175
2019-11-25,0.007507
2019-11-26,0.002196
2019-11-27,0.004174
2019-11-29,-0.004011
2019-12-02,-0.008631
2019-12-03,-0.006638
2019-12-04,0.006324
2019-12-05,0.001500
2019-12-06,0.009136
2019-12-09,-0.003163
2019-12-10,-0.001097
2019-12-11,0.002908
2019-12-12,0.008575
2019-12-13,0.000073
2019-12-16,0.007148
2019-12-17,0.000335
2019-12-18,-0.000432
2019-12-19,0.004459
2019-12-20,0.004945
2019-12-23,0.000866
2019-12-24,-0.000195
2019-12-26,0.005128
2019-12-27,0.000034
2019-12-30,-0.005781
2019-12-31,0.002946
2020-01-02,0.008379
2020-01-03,-0.007060
2020-01-06,0.003533
2020-01-07,-0.002803
2020-01-08,0.004902
2020-01-09,0.006655
2020-01-10,-0.002855
2020-01-13,0.006976
2020-01-14,-0.001515
2020-01-15,0.001870
2020-01-16,0.008367
2020-01-17,0.003862
2020-01-21,-0.002652
2020-01-22,0.000289
2020-01-23,0.001141
2020-01-24,-0.009042
2020-01-27,-0.015731
2020-01-28,0.010054
2020-01-29,-0.000867
2020-01-30,0.003134
2020-01-31,-0.017706
2020-02-03,0.007255
2020-02-04,0.014980
2020-02-05,0.011251
2020-02-06,0.003326
2020-02-07,-0.005401
2020-02-10,0.007326
2020-02-11,0.001688
2020-02-12,0.006463
2020-02-13,-0.001630
2020-02-14,0.001844
2020-02-18,-0.002920
2020-02-19,0.004706
2020-02-20,-0.003816
2020-02-21,-0.010518
2020-02-24,-0.033514
2020-02-25,-0.030280
2020-02-26,-0.003779
2020-02-27,-0.044163
2020-02-28,-0.008238
2020-03-02,0.046039
2020-03-03,-0.028108
2020-03-04,0.042203
2020-03-05,-0.033922
2020-03-06,-0.017054
2020-03-09,-0.075970
2020-03-10,0.049396
2020-03-11,-0.048868
2020-03-12,-0.095113
2020-03-13,0.092871
2020-03-16,-0.119841
2020-03-17,0.059955
2020-03-18,-0.051831
2020-03-19,0.004708
2020-03-20,-0.043360
2020-03-23,-0.029294
2020-03-24,0.093828
2020-03-25,0.011535
2020-03-26,0.062414
2020-03-27,-0.033687
2020-03-30,0.033516
2020-03-31,-0.016013
2020-04-01,-0.044142
2020-04-02,0.022829
2020-04-03,-0.015137
2020-04-06,0.070331
2020-04-07,-0.001603
2020-04-08,0.034056
2020-04-09,0.014487
2020-04-13,-0.010105
2020-04-14,0.030573
2020-04-15,-0.022030
2020-04-16,0.005817
2020-04-17,0.026794
2020-04-20,-0.017881
2020-04-21,-0.030675
2020-04-22,0.022930
2020-04-23,-0.000539
2020-04-24,0.013918
2020-04-27,0.014714
2020-04-28,-0.005242
2020-04-29,0.026584
2020-04-30,-0.009212
2020-05-01,-0.028059
2020-05-04,0.004250
2020-05-05,0.009041
2020-05-06,-0.006979
2020-05-07,0.011505
2020-05-08,0.016872
2020-05-11,0.000177
2020-05-12,-0.020544
2020-05-13,-0.017463
2020-05-14,0.011525
2020-05-15,0.003926
2020-05-18,0.031501
2020-05-19,-0.010484
2020-05-20,0.016651
2020-05-21,-0.007774
2020-05-22,0.002354
2020-05-26,0.012289
2020-05-27,0.014827
2020-05-28,-0.002108
2020-05-29,0.004812
2020-06-01,0.003751
2020-06-02,0.008211
2020-06-03,0.013649
2020-06-04,-0.003369
2020-06-05,0.026212
2020-06-08,0.012042
2020-06-09,-0.007799
2020-06-10,-0.005313
2020-06-11,-0.058944
2020-06-12,0.013061
2020-06-15,0.008312
2020-06-16,0.018962
2020-06-17,-0.003600
2020-06-18,0.000594
2020-06-19,-0.005649
2020-06-22,0.006495
2020-06-23,0.004307
2020-06-24,-0.025855
2020-06-25,0.010959
2020-06-26,-0.024227
2020-06-29,0.014686
2020-06-30,0.015410
2020-07-01,0.005022
2020-07-02,0.004541
2020-07-06,0.015882
2020-07-07,-0.010819
2020-07-08,0.007828
2020-07-09,-0.005644
2020-07-10,0.010466
2020-07-13,-0.009363
2020-07-14,0.013406
2020-07-15,0.009082
2020-07-16,-0.003406
2020-07-17,0.002849
2020-07-20,0.008407
2020-07-21,0.001679
2020-07-22,0.005747
2020-07-23,-0.012320
2020-07-24,-0.006190
2020-07-27,0.007395
2020-07-28,-0.006473
2020-07-29,0.012428
2020-07-30,-0.003750
2020-07-31,0.007670
2020-08-03,0.007181
2020-08-04,0.003612
2020-08-05,0.006430
2020-08-06,0.006428
2020-08-07,0.000633
2020-08-10,0.002742
2020-08-11,-0.007969
2020-08-12,0.013997
2020-08-13,-0.002047
2020-08-14,-0.000172
2020-08-17,0.002710
2020-08-18,0.002303
2020-08-19,-0.004404
2020-08-20,0.003159
2020-08-21,0.003441
2020-08-24,0.010044
2020-08-25,0.003596
2020-08-26,0.010196
2020-08-27,0.001673
2020-08-28,0.006733
2020-08-31,-0.002195
2020-09-01,0.007525
2020-09-02,0.015366
2020-09-03,-0.035126
2020-09-04,-0.008133
2020-09-08,-0.027756
2020-09-09,0.020145
2020-09-10,-0.017585
2020-09-11,0.000533
2020-09-14,0.012742
2020-09-15,0.005219
2020-09-16,-0.004619
2020-09-17,-0.008412
2020-09-18,-0.011183
2020-09-21,-0.011571
2020-09-22,0.010518
2020-09-23,-0.023721
2020-09-24,0.002987
2020-09-25,0.015977
2020-09-28,0.016111
2020-09-29,-0.004813
2020-09-30,0.008254
2020-10-01,0.005293
2020-10-02,-0.009572
2020-10-05,0.017976
2020-10-06,-0.013988
2020-10-07,0.017406
2020-10-08,0.008007
2020-10-09,0.008791
2020-10-12,0.016419
2020-10-13,-0.006307
2020-10-14,-0.006623
2020-10-15,-0.001528
2020-10-16,0.000135
2020-10-19,-0.016330
2020-10-20,0.004727
2020-10-21,-0.002196
2020-10-22,0.005219
2020-10-23,0.003446
2020-10-26,-0.018590
2020-10-27,-0.003026
2020-10-28,-0.035288
2020-10-29,0.011947
2020-10-30,-0.012130
2020-11-02,0.012318
2020-11-03,0.017799
2020-11-04,0.022047
2020-11-05,0.019460
2020-11-06,-0.000288
2020-11-09,0.011700
2020-11-10,-0.001400
2020-11-11,0.007652
2020-11-12,-0.009979
2020-11-13,0.013610
2020-11-16,0.011648
2020-11-17,-0.004792
2020-11-18,-0.011564
2020-11-19,0.003946
2020-11-20,-0.006793
2020-11-23,0.005636
2020-11-24,0.016162
2020-11-25,-0.001584
2020-11-27,0.002397
2020-11-30,-0.004595
2020-12-01,0.011271
2020-12-02,0.001791
2020-12-03,-0.000624
2020-12-04,0.008836
2020-12-07,-0.001936
2020-12-08,0.002787
2020-12-09,-0.007949
2020-12-10,-0.001285
2020-12-11,-0.001265
2020-12-14,-0.004359
2020-12-15,0.012921
2020-12-16,0.001773
2020-12-17,0.005758
2020-12-18,-0.003511
2020-12-21,-0.003906
2020-12-22,-0.002073
2020-12-23,0.000746
2020-12-24,0.003537
2020-12-28,0.008723
2020-12-29,-0.002227
2020-12-30,0.001342
2020-12-31,0.006439
2021-01-04,-0.014755
2021-01-05,0.007083
2021-01-06,0.005710
2021-01-07,0.014847
2021-01-08,0.005492
2021-01-11,-0.006555
2021-01-12,0.000416
2021-01-13,0.002276
2021-01-14,-0.003753
2021-01-15,-0.007190
2021-01-19,0.008136
2021-01-20,0.013936
2021-01-21,0.000317
2021-01-22,-0.003011
2021-01-25,0.003616
2021-01-26,-0.001489
2021-01-27,-0.025678
2021-01-28,0.009761
2021-01-29,-0.019312
2021-02-01,0.016052
2021-02-02,0.013898
2021-02-03,0.001009
2021-02-04,0.010853
2021-02-05,0.003897
2021-02-08,0.007399
2021-02-09,-0.001113
2021-02-10,-0.000345
2021-02-11,0.001662
2021-02-12,0.004711
2021-02-16,-0.000569
2021-02-17,-0.000320
2021-02-18,-0.004416
2021-02-19,-0.001855
2021-02-22,-0.007733
2021-02-23,0.001256
2021-02-24,0.011352
2021-02-25,-0.024479
2021-02-26,-0.004750
2021-03-01,0.023791
2021-03-02,-0.008081
2021-03-03,-0.013066
2021-03-04,-0.013417
2021-03-05,0.019496
2021-03-08,-0.005359
2021-03-09,0.014155
2021-03-10,0.006030
2021-03-11,0.010395
2021-03-12,0.001015
2021-03-15,0.006492
2021-03-16,-0.001570
2021-03-17,0.002879
2021-03-18,-0.014761
2021-03-19,-0.000603
2021-03-22,0.007025
2021-03-23,-0.007631
2021-03-24,-0.005467
2021-03-25,0.005240
2021-03-26,0.016631
2021-03-29,-0.000868
2021-03-30,-0.003158
2021-03-31,0.003623
2021-04-01,0.011825
2021-04-05,0.014438
2021-04-06,-0.000974
2021-04-07,0.001475
2021-04-08,0.004221
2021-04-09,0.007720
2021-04-12,-0.000196
2021-04-13,0.003295
2021-04-14,-0.004088
2021-04-15,0.011094
2021-04-16,0.003609
2021-04-19,-0.005306
2021-04-20,-0.006802
2021-04-21,0.009306
2021-04-22,-0.009211
2021-04-23,0.010929
2021-04-26,0.001782
2021-04-27,-0.000215
2021-04-28,-0.000846
2021-04-29,0.006763
2021-04-30,-0.007195
2021-05-03,0.002748
2021-05-04,-0.006678
2021-05-05,0.000704
2021-05-06,0.008165
2021-05-07,0.007373
2021-05-10,-0.010436
2021-05-11,-0.008674
2021-05-12,-0.021449
2021-05-13,0.012173
2021-05-14,0.014918
2021-05-17,-0.002530
2021-05-18,-0.008517
2021-05-19,-0.002943
2021-05-20,0.010555
2021-05-21,-0.000784
2021-05-24,0.009911
2021-05-25,-0.002125
2021-05-26,0.001877
2021-05-27,0.001165
2021-05-28,0.000769
2021-06-01,-0.000492
2021-06-02,0.001447
2021-06-03,-0.003629
2021-06-04,0.008834
2021-06-07,-0.000797
2021-06-08,0.000175
2021-06-09,-0.001824
2021-06-10,0.004652
2021-06-11,0.001948
2021-06-14,0.001815
2021-06-15,-0.002012
2021-06-16,-0.005390
2021-06-17,-0.000436
2021-06-18,-0.013125
2021-06-21,0.014002
2021-06-22,0.005125
2021-06-23,-0.001083
2021-06-24,0.005811
2021-06-25,0.003331
2021-06-28,0.002315
2021-06-29,0.000277
2021-06-30,0.001328
2021-07-01,0.005222
2021-07-02,0.007500
2021-07-06,-0.002022
2021-07-07,0.003359
2021-07-08,-0.008561
2021-07-09,0.011278
2021-07-12,0.003451
2021-07-13,-0.003517
2021-07-14,0.001165
2021-07-15,-0.003262
2021-07-16,-0.007539
2021-07-19,-0.015870
2021-07-20,0.015163
2021-07-21,0.008242
2021-07-22,0.002017
2021-07-23,0.010145
2021-07-26,0.002382
2021-07-27,-0.004712
2021-07-28,-0.000186
2021-07-29,0.004206
2021-07-30,-0.005406
2021-08-02,-0.001843
2021-08-03,0.008203
2021-08-04,-0.004632
2021-08-05,0.006005
2021-08-06,0.001675
2021-08-09,-0.000940
2021-08-10,0.000993
2021-08-11,0.002468
2021-08-12,0.002952
2021-08-13,0.001607
2021-08-16,0.002621
2021-08-17,-0.007061
2021-08-18,-0.010748
2021-08-19,0.001257
2021-08-20,0.008142
2021-08-23,0.008524
2021-08-24,0.001496
2021-08-25,0.002220
2021-08-26,-0.005825
2021-08-27,0.008808
2021-08-30,0.004307
2021-08-31,-0.001349
2021-09-01,0.000312
2021-09-02,0.002843
2021-09-03,-0.000335
2021-09-07,-0.003395
2021-09-08,-0.001319
2021-09-09,-0.004606
2021-09-10,-0.007723
2021-09-13,0.002277
2021-09-14,-0.005747
2021-09-15,0.008474
2021-09-16,-0.001551
2021-09-17,-0.009111
2021-09-20,-0.016977
2021-09-21,-0.000812
2021-09-22,0.009520
2021-09-23,0.012135
2021-09-24,0.001461
2021-09-27,-0.002776
2021-09-28,-0.020364
2021-09-29,0.001569
2021-09-30,-0.011910
2021-10-01,0.011491
2021-10-04,-0.012986
2021-10-05,0.010524
2021-10-06,0.004103
2021-10-07,0.008298
2021-10-08,-0.001914
2021-10-11,-0.006866
2021-10-12,-0.002417
2021-10-13,0.003023
2021-10-14,0.017063
2021-10-15,0.007460
2021-10-18,0.003375
2021-10-19,0.007393
2021-10-20,0.003664
2021-10-21,0.002996
2021-10-22,-0.001073
2021-10-25,0.004748
2021-10-26,0.001820
2021-10-27,-0.005052
2021-10-28,0.009829
2021-10-29,0.001949
2021-11-01,0.001800
2021-11-02,0.003680
2021-11-03,0.006461
2021-11-04,0.004182
2021-11-05,0.003733
2021-11-08,0.000888
2021-11-09,-0.003499
2021-11-10,-0.008226
2021-11-11,0.000551
2021-11-12,0.007223
2021-11-15,-0.000011
2021-11-16,0.003865
2021-11-17,-0.002602
2021-11-18,0.003385
2021-11-19,-0.001399
2021-11-22,-0.003197
2021-11-23,0.001657
2021-11-24,0.002294
2021-11-26,-0.022725
2021-11-29,0.013200
2021-11-30,-0.018961
2021-12-01,-0.011815
2021-12-02,0.014194
2021-12-03,-0.008449
2021-12-06,0.011731
2021-12-07,0.020707
2021-12-08,0.003085
2021-12-09,-0.007181
2021-12-10,0.009549
2021-12-13,-0.009136
2021-12-14,-0.007471
2021-12-15,0.016348
2021-12-16,-0.008743
2021-12-17,-0.010288
2021-12-20,-0.011388
2021-12-21,0.017778
2021-12-22,0.010180
2021-12-23,0.006224
2021-12-27,0.013839
2021-12-28,-0.001010
2021-12-29,0.001402
2021-12-30,-0.002990
2021-12-31,-0.002626